$MeshFormat
2.2 0 8
$EndMeshFormat
$PhysicalNames
7
2 1 "TOP"
2 2 "BOTTOM"
2 3 "LEFT"
2 4 "RIGHT"
2 5 "FRONT"
2 6 "BACK"
3 7 "SOLID"
$EndPhysicalNames
$Nodes
2823
1 0 0 1
2 0 0 0
3 0 1 1
4 0 1 0
5 1 0 1
6 1 0 0
7 1 1 1
8 1 1 0
9 0 0 0.05263157894736851
10 0 0 0.105263157894737
11 0 0 0.1578947368421055
12 0 0 0.2105263157894741
13 0 0 0.2631578947368425
14 0 0 0.3157894736842109
15 0 0 0.3684210526315793
16 0 0 0.4210526315789477
17 0 0 0.4736842105263162
18 0 0 0.5263157894736845
19 0 0 0.5789473684210529
20 0 0 0.6315789473684214
21 0 0 0.6842105263157897
22 0 0 0.7368421052631581
23 0 0 0.7894736842105264
24 0 0 0.8421052631578948
25 0 0 0.8947368421052633
26 0 0 0.9473684210526317
27 0 0.05263157894736851 1
28 0 0.105263157894737 1
29 0 0.1578947368421055 1
30 0 0.2105263157894741 1
31 0 0.2631578947368425 1
32 0 0.3157894736842109 1
33 0 0.3684210526315793 1
34 0 0.4210526315789477 1
35 0 0.4736842105263162 1
36 0 0.5263157894736845 1
37 0 0.5789473684210529 1
38 0 0.6315789473684214 1
39 0 0.6842105263157897 1
40 0 0.7368421052631581 1
41 0 0.7894736842105264 1
42 0 0.8421052631578948 1
43 0 0.8947368421052633 1
44 0 0.9473684210526317 1
45 0 1 0.05263157894736851
46 0 1 0.105263157894737
47 0 1 0.1578947368421055
48 0 1 0.2105263157894741
49 0 1 0.2631578947368425
50 0 1 0.3157894736842109
51 0 1 0.3684210526315793
52 0 1 0.4210526315789477
53 0 1 0.4736842105263162
54 0 1 0.5263157894736845
55 0 1 0.5789473684210529
56 0 1 0.6315789473684214
57 0 1 0.6842105263157897
58 0 1 0.7368421052631581
59 0 1 0.7894736842105264
60 0 1 0.8421052631578948
61 0 1 0.8947368421052633
62 0 1 0.9473684210526317
63 0 0.05263157894736851 0
64 0 0.105263157894737 0
65 0 0.1578947368421055 0
66 0 0.2105263157894741 0
67 0 0.2631578947368425 0
68 0 0.3157894736842109 0
69 0 0.3684210526315793 0
70 0 0.4210526315789477 0
71 0 0.4736842105263162 0
72 0 0.5263157894736845 0
73 0 0.5789473684210529 0
74 0 0.6315789473684214 0
75 0 0.6842105263157897 0
76 0 0.7368421052631581 0
77 0 0.7894736842105264 0
78 0 0.8421052631578948 0
79 0 0.8947368421052633 0
80 0 0.9473684210526317 0
81 1 0 0.05263157894736851
82 1 0 0.105263157894737
83 1 0 0.1578947368421055
84 1 0 0.2105263157894741
85 1 0 0.2631578947368425
86 1 0 0.3157894736842109
87 1 0 0.3684210526315793
88 1 0 0.4210526315789477
89 1 0 0.4736842105263162
90 1 0 0.5263157894736845
91 1 0 0.5789473684210529
92 1 0 0.6315789473684214
93 1 0 0.6842105263157897
94 1 0 0.7368421052631581
95 1 0 0.7894736842105264
96 1 0 0.8421052631578948
97 1 0 0.8947368421052633
98 1 0 0.9473684210526317
99 1 0.05263157894736851 1
100 1 0.105263157894737 1
101 1 0.1578947368421055 1
102 1 0.2105263157894741 1
103 1 0.2631578947368425 1
104 1 0.3157894736842109 1
105 1 0.3684210526315793 1
106 1 0.4210526315789477 1
107 1 0.4736842105263162 1
108 1 0.5263157894736845 1
109 1 0.5789473684210529 1
110 1 0.6315789473684214 1
111 1 0.6842105263157897 1
112 1 0.7368421052631581 1
113 1 0.7894736842105264 1
114 1 0.8421052631578948 1
115 1 0.8947368421052633 1
116 1 0.9473684210526317 1
117 1 1 0.05263157894736851
118 1 1 0.105263157894737
119 1 1 0.1578947368421055
120 1 1 0.2105263157894741
121 1 1 0.2631578947368425
122 1 1 0.3157894736842109
123 1 1 0.3684210526315793
124 1 1 0.4210526315789477
125 1 1 0.4736842105263162
126 1 1 0.5263157894736845
127 1 1 0.5789473684210529
128 1 1 0.6315789473684214
129 1 1 0.6842105263157897
130 1 1 0.7368421052631581
131 1 1 0.7894736842105264
132 1 1 0.8421052631578948
133 1 1 0.8947368421052633
134 1 1 0.9473684210526317
135 1 0.05263157894736851 0
136 1 0.105263157894737 0
137 1 0.1578947368421055 0
138 1 0.2105263157894741 0
139 1 0.2631578947368425 0
140 1 0.3157894736842109 0
141 1 0.3684210526315793 0
142 1 0.4210526315789477 0
143 1 0.4736842105263162 0
144 1 0.5263157894736845 0
145 1 0.5789473684210529 0
146 1 0.6315789473684214 0
147 1 0.6842105263157897 0
148 1 0.7368421052631581 0
149 1 0.7894736842105264 0
150 1 0.8421052631578948 0
151 1 0.8947368421052633 0
152 1 0.9473684210526317 0
153 0.05263157894736851 0 0
154 0.105263157894737 0 0
155 0.1578947368421055 0 0
156 0.2105263157894741 0 0
157 0.2631578947368425 0 0
158 0.3157894736842109 0 0
159 0.3684210526315793 0 0
160 0.4210526315789477 0 0
161 0.4736842105263162 0 0
162 0.5263157894736845 0 0
163 0.5789473684210529 0 0
164 0.6315789473684214 0 0
165 0.6842105263157897 0 0
166 0.7368421052631581 0 0
167 0.7894736842105264 0 0
168 0.8421052631578948 0 0
169 0.8947368421052633 0 0
170 0.9473684210526317 0 0
171 0.05263157894736851 0 1
172 0.105263157894737 0 1
173 0.1578947368421055 0 1
174 0.2105263157894741 0 1
175 0.2631578947368425 0 1
176 0.3157894736842109 0 1
177 0.3684210526315793 0 1
178 0.4210526315789477 0 1
179 0.4736842105263162 0 1
180 0.5263157894736845 0 1
181 0.5789473684210529 0 1
182 0.6315789473684214 0 1
183 0.6842105263157897 0 1
184 0.7368421052631581 0 1
185 0.7894736842105264 0 1
186 0.8421052631578948 0 1
187 0.8947368421052633 0 1
188 0.9473684210526317 0 1
189 0.05263157894736851 1 0
190 0.105263157894737 1 0
191 0.1578947368421055 1 0
192 0.2105263157894741 1 0
193 0.2631578947368425 1 0
194 0.3157894736842109 1 0
195 0.3684210526315793 1 0
196 0.4210526315789477 1 0
197 0.4736842105263162 1 0
198 0.5263157894736845 1 0
199 0.5789473684210529 1 0
200 0.6315789473684214 1 0
201 0.6842105263157897 1 0
202 0.7368421052631581 1 0
203 0.7894736842105264 1 0
204 0.8421052631578948 1 0
205 0.8947368421052633 1 0
206 0.9473684210526317 1 0
207 0.05263157894736851 1 1
208 0.105263157894737 1 1
209 0.1578947368421055 1 1
210 0.2105263157894741 1 1
211 0.2631578947368425 1 1
212 0.3157894736842109 1 1
213 0.3684210526315793 1 1
214 0.4210526315789477 1 1
215 0.4736842105263162 1 1
216 0.5263157894736845 1 1
217 0.5789473684210529 1 1
218 0.6315789473684214 1 1
219 0.6842105263157897 1 1
220 0.7368421052631581 1 1
221 0.7894736842105264 1 1
222 0.8421052631578948 1 1
223 0.8947368421052633 1 1
224 0.9473684210526317 1 1
225 0 0.4992951373040887 0.501245518688587
226 0 0.2953559589424624 0.2926128075429772
227 0 0.2931506737712454 0.7050070149252661
228 0 0.7074898785425102 0.7074898785425102
229 0 0.7074898785425102 0.29251012145749
230 0 0.2186620063600577 0.4999999999999999
231 0 0.4999999999999999 0.2186620063600577
232 0 0.4995035441316783 0.7779390794211629
233 0 0.7813379936399424 0.4999999999999999
234 0 0.822417037276258 0.8315761315462546
235 0 0.1684238684537446 0.8224170372762574
236 0 0.8288634226835773 0.1711365773164228
237 0 0.1711365773164227 0.1711365773164227
238 0 0.646428538201686 0.4309920345442398
239 0 0.440402989584225 0.6414762821149005
240 0 0.3643342079015505 0.4358713050355345
241 0 0.6422165083090297 0.1539301960749615
242 0 0.1539399422937108 0.6399220026584647
243 0 0.3600779973415353 0.8460600577062893
244 0 0.8460600577062893 0.6399220026584648
245 0 0.1547821530894281 0.3592498666943514
246 0 0.63683551942681 0.8399962041124762
247 0 0.3600779973415355 0.1539399422937106
248 0 0.8414061723259132 0.3596083155985862
249 0 0.631910619392831 0.5778146327332732
250 0 0.5288998962927725 0.358291938955519
251 0 0.3187545371173125 0.5812625285011437
252 0 0.5852749391337589 0.6954890360241887
253 0 0.4102656799330056 0.2999618842172977
254 0 0.5996927714954998 0.2821529632200805
255 0 0.1115033136543036 0.5336595468536547
256 0 0.5301284191022358 0.891220796107819
257 0 0.8919132582503633 0.4666566177585061
258 0 0.5328500858370947 0.1140321954910129
259 0 0.7321159088323369 0.5995872599999877
260 0 0.7425263126429995 0.8921301042581294
261 0 0.2607349861264056 0.8909942776238233
262 0 0.8909942776238233 0.7392650138735946
263 0 0.115032894331731 0.2631253397330008
264 0 0.1122869760335258 0.7444980379773424
265 0 0.7382286550825269 0.1112297107371323
266 0 0.2577373773915313 0.1101799572253059
267 0 0.8875515495165642 0.2552247882456279
268 0 0.7426457364418654 0.3904879214736124
269 0 0.2562619756561164 0.397677966637594
270 0 0.3945096163473648 0.7421915951566951
271 0 0.5268314958174227 0.5990652161314755
272 0 0.4037898700017887 0.5189455843145447
273 0 0.9097980915560204 0.09169079413101225
274 0 0.09087116883852824 0.9123012564413925
275 0 0.09169079413101215 0.09020190844397941
276 0 0.9123012564413929 0.9091288311614717
277 0 0.4302847289125727 0.9123609444206471
278 0 0.9043537758110904 0.5612203436372845
279 0 0.4387796563627159 0.09564622418890974
280 0 0.09448509472427288 0.4401931299627111
281 0 0.2600126499325413 0.7963659511586284
282 0 0.7963659511586284 0.7399873500674587
283 0 0.7397462408465441 0.2024505836073724
284 0 0.2055270298184463 0.2577102121845173
285 0 0.6912705965754847 0.5068667378572794
286 0 0.2016357125622658 0.7183268449619208
287 0 0.7997014869153835 0.2792756830645756
288 0 0.2776646117861696 0.1959831177790736
289 0 0.722591390810164 0.8033142787149359
290 0 0.4489104627762347 0.4194743282014411
291 0 0.2412055757360751 0.6361550862780834
292 0 0.5876385709351746 0.50301749095091
293 0 0.5014663207444658 0.6967398218697565
294 0 0.6430294564529029 0.3480951927012236
295 0 0.3077765414197015 0.4983121610893242
296 0 0.5822159748387046 0.7827088860551631
297 0 0.3564388310363893 0.2382881931589451
298 0 0.8177491482008981 0.08170793412103357
299 0 0.8168864569033611 0.9194779685007286
300 0 0.9201318984028224 0.8190781058809025
301 0 0.08052203149927126 0.8168864569033601
302 0 0.1809218941190977 0.9201318984028226
303 0 0.919528935211686 0.1817898135389825
304 0 0.08170793412103365 0.182250851799102
305 0 0.1817898135389824 0.08047106478831398
306 0 0.3453547519662151 0.3518786267267455
307 0 0.07838173524744205 0.6097016383916848
308 0 0.6097016383916849 0.921618264752558
309 0 0.6077282271400828 0.07652345871864566
310 0 0.9216182647525581 0.3902983616083151
311 0 0.3529624406469382 0.6564167527570052
312 0 0.9214961739964185 0.654277338970875
313 0 0.07850382600358159 0.3457226610291249
314 0 0.344623106134893 0.07737121956516942
315 0 0.3457226610291252 0.9214961739964185
316 0 0.5461200889802993 0.4346853033717111
317 0 0.5771358914624964 0.1988918996604662
318 0 0.6522734435100671 0.2302574620970861
319 0 0.8195335952227872 0.5700205776344397
320 0 0.4329920550454017 0.8245744129480967
321 0 0.1745738339986798 0.4334909918340714
322 0 0.4355869756896221 0.1743068566117032
323 0 0.193008544032583 0.5730636424290839
324 0 0.8178812891212426 0.4319735387551651
325 0 0.6513038839858412 0.654752066764257
326 0 0.7767123556346835 0.6656980971368567
327 0 0.4874999107725149 0.2928339235025224
328 0 0.6533220938194032 0.7580077365044242
329 0 0.2208738858676376 0.3326674752277988
330 0 0.3312638760995826 0.7784867744791316
331 0 0.4577522393830704 0.5673748423093246
332 0 0.06789011191348696 0.6794563292199085
333 0 0.6794563292199086 0.9321098880865131
334 0 0.9321098880865134 0.3205436707800911
335 0 0.679876495952781 0.06846875795741147
336 0 0.3761196131242145 0.5880243529059432
337 0 0.5846322160004699 0.375119963291253
338 0 0.2575204705473005 0.5561030427025239
339 0 0.4477626072521405 0.3629413283008306
340 0 0.4344560965732205 0.2279469934903308
341 0 0.7282750461686948 0.4602349634311841
342 0 0.7803243377355565 0.3460888954734443
343 0 0.5779483911707963 0.63519817332853
344 0 0.4942277080382599 0.06120629349374583
345 0 0.05989658359082131 0.4943489685892017
346 0 0.940333563596937 0.5058275251059168
347 0 0.5015897714606619 0.9491479761987779
348 0 0.4032535165363336 0.3997472758585692
349 0 0.5380890462241541 0.8256335994080596
350 0 0.4607293729425482 0.7359802557013657
351 0 0.8479650906848027 0.5014288627536261
352 0 0.1575907015322176 0.4945759163185015
353 0 0.4870710023331949 0.161028927737893
354 0 0.7000623182354921 0.1541678152027542
355 0 0.8420716466336924 0.6970024725405979
356 0 0.1512291011130699 0.3076701460630969
357 0 0.3018307542385941 0.8427605973631033
358 0 0.7685267446176417 0.8375223837001721
359 0 0.1658448853128191 0.7747518562783091
360 0 0.2314732553823584 0.1624776162998277
361 0 0.83348249457073 0.223808015242681
362 0 0.5453189023211755 0.7391628243486685
363 0 0.05492784217939902 0.5568668965895207
364 0 0.5560068145784284 0.05519946434762703
365 0 0.5600958745943414 0.9466213023769077
366 0 0.9458400455087418 0.4433970452442426
367 0 0.763157894736842 0.9460551417177504
368 0 0.764583351577528 0.05793666921541062
369 0 0.05394485828224984 0.7631578947368419
370 0 0.05645259361362499 0.2301099696081159
371 0 0.2368421052631583 0.05394485828224964
372 0 0.9446712641691477 0.7704213605756842
373 0 0.9460551417177503 0.2368421052631583
374 0 0.2295786394243159 0.9446712641691478
375 0 0.4432325519817796 0.4809504682132627
376 0 0.6816428933875799 0.3827962671094126
377 0 0.2599719906518287 0.4571106650636393
378 0 0.4935743821637251 0.860562838220314
379 0 0.5467032388278146 0.5374923143344037
380 0 0.9488484153986231 0.6072465972999033
381 0 0.0509857089635716 0.3929553275000963
382 0 0.391539841635791 0.9499922966285599
383 0 0.3925963234294924 0.05098978368160371
384 0 0.5368474357714088 0.2680567459675053
385 0 0.0585693708120685 0.9414306291879316
386 0 0.9414306291879315 0.05856937081206864
387 0 0.05856937081206862 0.05856937081206862
388 0 0.9414306291879314 0.9414306291879314
389 0 0.6847652614243175 0.5619499651009647
390 0 0.738739036636551 0.5411027562493067
391 0 0.2897684403803947 0.3457452604487505
392 0 0.7937657704082057 0.6148006818954472
393 0 0.136056894174974 0.9523783263599106
394 0 0.9523783263599107 0.8639431058250262
395 0 0.8668597262097014 0.05193195808801644
396 0 0.9484162944446209 0.1316252152802464
397 0 0.8669207303146822 0.9481426212507358
398 0 0.131625215280246 0.05158370555537908
399 0 0.05193195808801629 0.1331402737902986
400 0 0.05185737874926442 0.8669207303146809
401 0 0.2251574682069781 0.8444002508902877
402 0 0.8444002508902879 0.7748425317930221
403 0 0.7729732586995565 0.1560653339181684
404 0 0.1589453266847799 0.2233056135773157
405 0 0.6888034483706158 0.8496185311497605
406 0 0.1496444917467638 0.6923932926071461
407 0 0.8543303726069508 0.304537396668416
408 0 0.303691670612089 0.1474108312927796
409 0 0.5853929141505206 0.1473548918957183
410 0 0.3508417519812232 0.2946142570888536
411 0 0.5636349819043668 0.3199035965221848
412 0 0.7056753637202299 0.6585910102514578
413 0 0.6508022795617604 0.2919401217027718
414 0 0.4000061352311579 0.6865484110866354
415 0 0.2997889972411016 0.6451272063799337
416 0 0.3450950874841676 0.7103243451609583
417 0 0.1371220542751866 0.5925226853699495
418 0 0.5858494991315697 0.8622460206835646
419 0 0.3123356686248793 0.4022501309133523
420 0 0.8692099390928764 0.4099914928985933
421 0 0.3589401682878701 0.4890667401186964
422 0 0.4896300922283687 0.6439755368285627
423 0 0.2943299682874309 0.9461724459634269
424 0 0.2943583576045558 0.05296907953946121
425 0 0.05615397704194709 0.2955045681379773
426 0 0.9461724459634269 0.7056700317125691
427 0 0.3837241742605821 0.7983577893043887
428 0 0.7241555901290463 0.3403196224144833
429 0 0.2030502552037329 0.3826296829519816
430 0 0.6396165654921175 0.7075599757562845
431 0 0.6374894752766833 0.5291623314422712
432 0 0.257499232307544 0.2504794470988366
433 0 0.2514550805697456 0.7367257862205661
434 0 0.7486382750955345 0.26017585354944
435 0 0.7425007676924559 0.7495205529011627
436 0 0.1978482108181353 0.6665231154733965
437 0 0.3874863541249289 0.8916076151375459
438 0 0.1134695420324377 0.3859630142872503
439 0 0.3804294936166357 0.1068711054988166
440 0 0.8929903781663509 0.6172996964793775
441 0 0.8579035339747475 0.8826319520085791
442 0 0.8521861634630328 0.1200354827868776
443 0 0.1173680479914203 0.8579035339747471
444 0 0.1200354827868779 0.1478138365369671
445 0 0.3548448809535424 0.5396859223820756
446 0 0.4958940641618569 0.449951574467526
447 0 0.3882739752953813 0.1988547690839773
448 0 0.5377210843706607 0.6600144014032374
449 0 0.792012140765021 0.1995837611081709
450 0 0.2068887169762772 0.7986953600294546
451 0 0.7974503376973215 0.7937847368263212
452 0 0.2023080969316433 0.205926946470677
453 0 0.3301218471628298 0.1953247228239332
454 0 0.5792974584994759 0.5837706261749742
455 0 0.5925025729827449 0.4577136867266217
456 0 0.4481876386372194 0.9542593058544649
457 0 0.04234269756865913 0.4456407250552117
458 0 0.4454474864611768 0.04259523982229113
459 0 0.9580294501572482 0.5551127059563703
460 0 0.3072408483944957 0.242249745362979
461 0 0.4506169886560046 0.6879022608733876
462 0 0.2475140417830948 0.6846441757065277
463 0 0.4116545351982248 0.444178953238469
464 0 0.6804831645092599 0.4624809671762277
465 0 0.1978684461472641 0.1255081015344407
466 0 0.8761998609414581 0.1986946763981124
467 0 0.671970437039197 0.807021613999425
468 0 0.7999654884608258 0.8757911760668803
469 0 0.1240558692729315 0.7999926456602682
470 0 0.7929992433848366 0.3914408931535824
471 0 0.4846174390118942 0.1107012075988171
472 0 0.110737535230034 0.4852966152665209
473 0 0.8903081499400824 0.514168427747941
474 0 0.3142572132948558 0.4514171532502447
475 0 0.7698572095486083 0.4386405091123643
476 0 0.6756784769529116 0.1129659654815899
477 0 0.5372808197497613 0.1770257131885188
478 0 0.6393021530801721 0.4817055414495917
479 0 0.4981483514778136 0.3951600854674072
480 0 0.6486561595311048 0.8933557143919633
481 0 0.8952251041176693 0.3492903650538365
482 0 0.105582463359674 0.650563232917757
483 0 0.5445315664309764 0.4820008897256511
484 0 0.3053155267317492 0.8900177808507695
485 0 0.1065351575328029 0.3102680909323842
486 0 0.8899591966050717 0.6945852578583185
487 0 0.4391878688940093 0.7736021343377922
488 0 0.7623905212675819 0.3059417656978481
489 0 0.7045876584122701 0.2379568241119022
490 0 0.1744424514278871 0.8736126463692835
491 0 0.8736126463692833 0.8255575485721126
492 0 0.624025765401976 0.1986033481677832
493 0 0.4553461542602222 0.5285614390221948
494 0 0.2171486935077123 0.4404852964564973
495 0 0.04642304329976762 0.7176872423641067
496 0 0.7176613830457302 0.04274809827322239
497 0 0.7176016996503791 0.9537685904071794
498 0 0.9535699511795332 0.2823007325345021
499 0 0.168683179490853 0.5397864206301923
500 0 0.6056837374185581 0.7398981675681527
501 0 0.1961600155376372 0.6197492261258676
502 0 0.2752613971269549 0.5974215960657675
503 0 0.7791867009273276 0.5589181339212472
504 0 0.6235187418675162 0.7915918919366665
505 0 0.6415472304709525 0.9549737482528022
506 0 0.9549737482528028 0.3584527695290464
507 0 0.04502625174719788 0.6415472304709529
508 0 0.6415472304709532 0.0450262517471977
509 0 0.8901589678735117 0.1473482721202568
510 0 0.1472780144458647 0.1099862670309014
511 0 0.2144227575363741 0.8928606576383673
512 0 0.7833054164365889 0.1101448410760312
513 0 0.8928606576383673 0.785577242463626
514 0 0.111892866993396 0.2150619317249675
515 0 0.4951977134633854 0.5557215200720105
516 0 0.6743219583950828 0.6148562815119683
517 0 0.3072901049310791 0.1017746072219284
518 0 0.2999157450885622 0.7529962476591733
519 0 0.6271199203471075 0.3902285244502642
520 0 0.3980436416904726 0.2560713295224836
521 0 0.245379346523053 0.3053881608337605
522 0 0.3955183039048716 0.3450442151793867
523 0 0.7523704780772557 0.6999358473458885
524 0 0.9636062058091784 0.8166572095740653
525 0 0.8157894736842111 0.9640309758661836
526 0 0.964030975866183 0.1842105263157899
527 0 0.03671591663772264 0.1836908117567627
528 0 0.1842105263157899 0.03596902413381652
529 0 0.8160500172464243 0.03764494424172771
530 0 0.1833427904259353 0.9636062058091784
531 0 0.03596902413381652 0.8157894736842111
532 0 0.6090484000899622 0.3195419295329943
533 0 0.6771519891192297 0.1962277048769766
534 0 0.2615236921842813 0.5106518034635105
535 0 0.2982205682780763 0.5435938715555348
536 0 0.6968007588664977 0.759462558939022
537 0 0.4786855667993253 0.8193331624230147
538 0 0.5217019091378994 0.3154140921281547
539 0 0.2314519973724252 0.5885548372778739
540 0 0.1359255606736497 0.4212531154448252
541 0 0.4049982506626194 0.1458690524404812
542 0 0.4022068581523743 0.8510778006429204
543 0 0.8532737342963023 0.5959916505667751
544 0 0.680096220705397 0.3272529366186429
545 0 0.5011509295759788 0.7377257512889266
546 0 0.3908494407826303 0.6306718482905944
547 0 0.3482769902921481 0.6160987944737251
548 0 0.5966094450102511 0.5447347847564754
549 0 0.600128962893387 0.2354692803395161
550 0 0.9644864117028206 0.3963243721184262
551 0 0.5997954924957233 0.03704424156435621
552 0 0.03566716583480779 0.6037284162483266
553 0 0.6043742118492906 0.9646426630764537
554 0 0.03603907683929405 0.3432290870426827
555 0 0.3426422016982273 0.03482062702699323
556 0 0.9649596911510376 0.6572324671948637
557 0 0.3426437000434729 0.9650764137255212
558 0 0.5412818668789281 0.7813610973082636
559 0 0.8144284038436226 0.4739472954058979
560 0 0.8157703461972197 0.6691750876655873
561 0 0.4502106648120093 0.1375104537155608
562 0 0.854177041129868 0.5451378983480615
563 0 0.2209768944083221 0.0930057598913195
564 0 0.9070848264144031 0.2199450885486292
565 0 0.6115968419495932 0.6625440722758086
566 0 0.7798449382640207 0.9079613303976473
567 0 0.09286989691938435 0.7795362549694612
568 0 0.5459496187136225 0.3936411328213797
569 0 0.7349056682551681 0.5020511143844425
570 0 0.5761422980760112 0.1028864899026278
571 0 0.619682018504646 0.1165144390460492
572 0 0.7114327542400541 0.4223989515671084
573 0 0.5458491049500316 0.2208765881478259
574 0 0.427800577348223 0.5986247228362492
575 0 0.6219952557442686 0.6220639455899651
576 0 0.3589483049467744 0.3920045707026193
577 0 0.4622572770826294 0.2068364412863561
578 0 0.4459867462452128 0.3185794243346811
579 0 0.2218083149979168 0.544693291083864
580 0 0.476678750011552 0.2524059928732225
581 0 0.6983994517061916 0.892927343706069
582 0 0.1031706012562891 0.6978601569944796
583 0 0.8971656926110907 0.3018843829740872
584 0 0.09641957898168566 0.5734962971705541
585 0 0.5714438578049579 0.9054265959802122
586 0 0.9071453769011348 0.4275858793774143
587 0 0.3405854056996799 0.1171916859984161
588 0 0.5910846886624244 0.8219187433803581
589 0 0.3203302258175738 0.3212127379518317
590 0 0.8134148141173067 0.3148989611218633
591 0 0.1955980646874696 0.3004463300728293
592 0 0.9048228158397315 0.8601280781865519
593 0 0.1398719218134481 0.9048228158397318
594 0 0.5464077946044891 0.6980487376443884
595 0 0.03853187085600637 0.906484722856555
596 0 0.9614681291439933 0.09351527714344524
597 0 0.906484722856555 0.03853187085600646
598 0 0.09351527714344517 0.03853187085600646
599 0 0.03853187085600643 0.09351527714344512
600 0 0.09351527714344486 0.9614681291439936
601 0 0.9614681291439942 0.9064847228565553
602 0 0.9064847228565553 0.961468129143994
603 0 0.3318293970509801 0.8171214790413204
604 0 0.4764564695565668 0.6009111447813226
605 0 0.1393303573319681 0.4590406896946371
606 0 0.4883332368630589 0.3405367987815192
607 0 0.4190091709764751 0.5606866066517985
608 0 0.3974441459171733 0.4792142568940295
609 0 0.8161048042413916 0.524908794677212
610 0 0.1903720991758581 0.4720024722516971
611 0 0.8785154906215645 0.6606173537015269
612 0 0.3400866586931865 0.8783884450108254
613 0 0.1186057991219303 0.3446778841080178
614 0 0.7474230774002208 0.6407023440301376
615 0 0.3235906023415002 0.6804404537599976
616 0 0.2492952583435136 0.3570005870445251
617 0 0.8494475434158462 0.4556991727285007
618 0 0.4763866013629107 0.9037553138220089
619 0 0.4430880780801769 0.8661817268020782
620 0 0.6742141927223843 0.6882536872936813
621 0 0.7954884510384166 0.6962229175842425
622 0 0.3570229369062068 0.7491452269162142
623 0 0.6794150460124789 0.2654758272852219
624 0 0.4276273553619164 0.7228431354250746
625 0 0.8302679114347483 0.3973966223800729
626 0 0.6744931623288858 0.7267708438621681
627 0 0.1842057687905998 0.3362880308903366
628 0 0.6354063688963495 0.2601840337049435
629 0 0.644902489804275 0.08389977459017879
630 0 0.3049704844820521 0.7975462099402715
631 0 0.2847004237216015 0.4267648184846972
632 0 0.1336628804953269 0.185643128816439
633 0 0.813043461276897 0.1315287273006959
634 0 0.5957491357465783 0.4143237806694927
635 0 0.1587923227293131 0.3965209801224195
636 0 0.03069004956591328 0.03069004956591328
637 0 0.03069004956591344 0.9693099504340867
638 0 0.9710835400835232 0.02891645991647707
639 0 0.9693099504340867 0.9693099504340867
640 0 0.7591660973467983 0.7849335426432523
641 0 0.2409729273035208 0.2148264166893265
642 0 0.7883516102800883 0.2417003249552135
643 0 0.2125719701463101 0.7569139973227527
644 0 0.442155137537663 0.2746332579900896
645 0 0.2659831396808164 0.1483082937468793
646 0 0.7292785661711594 0.8544151998028889
647 0 0.1652470126516734 0.7326435558289258
648 0 0.8335329502596034 0.2693448052974616
649 0 0.1655827040942169 0.2683093645865273
650 0 0.8536929251046614 0.736892871506338
651 0 0.263107128493663 0.8536929251046612
652 0 0.7377526182160298 0.1559783608663568
653 0 0.7152056725222957 0.07866984033295334
654 1 0.4982014349263494 0.4976775431797794
655 1 0.2953559589424624 0.2926128075429772
656 1 0.2925101214574899 0.7074898785425102
657 1 0.7085381973670097 0.7086622150205214
658 1 0.7074898785425102 0.29251012145749
659 1 0.2195804316629095 0.4969245206548401
660 1 0.4999999999999999 0.2186620063600577
661 1 0.4999999999999999 0.7813379936399424
662 1 0.7813379936399424 0.4999999999999999
663 1 0.822417037276258 0.8315761315462546
664 1 0.1684238684537446 0.8224170372762574
665 1 0.8288634226835773 0.1711365773164228
666 1 0.1711365773164227 0.1711365773164227
667 1 0.6406689968199711 0.4331791182774609
668 1 0.3608573585303774 0.4376305870665838
669 1 0.5680333042684915 0.6464481553007938
670 1 0.6422165083090297 0.1539301960749615
671 1 0.1543642303042658 0.639651046410383
672 1 0.3600779973415353 0.8460600577062893
673 1 0.8448466439475979 0.6352353918264299
674 1 0.1547821530894281 0.3592498666943514
675 1 0.6395907454772128 0.84033405532789
676 1 0.3600779973415355 0.1539399422937106
677 1 0.8414061723259132 0.3596083155985862
678 1 0.4177743283939521 0.6252642069364622
679 1 0.5281195633172031 0.3577571411327192
680 1 0.6811435010315828 0.5807968101250537
681 1 0.3044593825264265 0.5853099076192637
682 1 0.4102656799330056 0.2999618842172977
683 1 0.5991315916532237 0.2819797548149969
684 1 0.1091707121960928 0.5272595080305704
685 1 0.5332406236896149 0.8919545403566408
686 1 0.8886317631282378 0.4645803963519215
687 1 0.5328500858370947 0.1140321954910129
688 1 0.4004127400000126 0.7321159088323363
689 1 0.7425263126429995 0.8921301042581294
690 1 0.2607349861264056 0.8909942776238233
691 1 0.8909942776238233 0.7392650138735946
692 1 0.115032894331731 0.2631253397330008
693 1 0.1122869760335258 0.7444980379773424
694 1 0.7382286550825269 0.1112297107371323
695 1 0.2577373773915313 0.1101799572253059
696 1 0.8875515495165642 0.2552247882456279
697 1 0.742991030182377 0.3955791489814022
698 1 0.2572437723454024 0.396366856823402
699 1 0.6044208510185981 0.7429910301823764
700 1 0.3962790771417414 0.5334378543409066
701 1 0.5917833089286584 0.5253046490416747
702 1 0.9097980915560204 0.09169079413101225
703 1 0.09087116883852824 0.9123012564413925
704 1 0.09169079413101215 0.09020190844397941
705 1 0.9123012564413929 0.9091288311614717
706 1 0.4387796563627162 0.9043537758110902
707 1 0.910932055897257 0.5614896916949627
708 1 0.4387796563627159 0.09564622418890974
709 1 0.09448509472427288 0.4401931299627111
710 1 0.2600126499325413 0.7963659511586284
711 1 0.7988783927646336 0.7397612868979182
712 1 0.7397462408465441 0.2024505836073724
713 1 0.2055270298184463 0.2577102121845173
714 1 0.4912588063861877 0.6903136050934675
715 1 0.2013137098294334 0.7164228404471814
716 1 0.7997014869153835 0.2792756830645756
717 1 0.2776646117861696 0.1959831177790736
718 1 0.7207243169354246 0.799701486915383
719 1 0.4510442473788879 0.4215837668494673
720 1 0.7699803935983647 0.5902457129901324
721 1 0.4990884870793226 0.5822332857464921
722 1 0.3038694609133651 0.5013010118738794
723 1 0.6407100183150731 0.3486741755200884
724 1 0.6963034548345369 0.4975355730543067
725 1 0.5578588446278301 0.4412110026137522
726 1 0.2182487161490401 0.584738689996509
727 1 0.3564388310363893 0.2382881931589451
728 1 0.8177491482008981 0.08170793412103357
729 1 0.8168864569033611 0.9194779685007286
730 1 0.9201318984028224 0.8190781058809025
731 1 0.08052203149927126 0.8168864569033601
732 1 0.1809218941190977 0.9201318984028226
733 1 0.919528935211686 0.1817898135389825
734 1 0.08170793412103365 0.182250851799102
735 1 0.1817898135389824 0.08047106478831398
736 1 0.3453547519662151 0.3518786267267455
737 1 0.07838173524744205 0.6097016383916848
738 1 0.6097016383916849 0.921618264752558
739 1 0.6077282271400828 0.07652345871864566
740 1 0.9216182647525581 0.3902983616083151
741 1 0.6465415933889374 0.6543199078953222
742 1 0.9214961739964185 0.654277338970875
743 1 0.07850382600358159 0.3457226610291249
744 1 0.344623106134893 0.07737121956516942
745 1 0.3457226610291252 0.9214961739964185
746 1 0.5771358914624964 0.1988918996604662
747 1 0.6522734435100671 0.2302574620970861
748 1 0.4299794223655609 0.8195335952227872
749 1 0.1746178146732498 0.433525221336983
750 1 0.4355869756896221 0.1743068566117032
751 1 0.8178812891212426 0.4319735387551651
752 1 0.5680264612448347 0.8178812891212424
753 1 0.3452479332357432 0.6513038839858407
754 1 0.7717731817978604 0.6629509146385003
755 1 0.334301902863143 0.7767123556346834
756 1 0.4870579736428545 0.2929689448722159
757 1 0.241992263495576 0.6533220938194031
758 1 0.2208738858676376 0.3326674752277988
759 1 0.8322527415096734 0.5512298070182921
760 1 0.06789011191348696 0.6794563292199085
761 1 0.6794563292199086 0.9321098880865131
762 1 0.9321098880865134 0.3205436707800911
763 1 0.679876495952781 0.06846875795741147
764 1 0.6161418420105792 0.5806931060002438
765 1 0.6963424655468835 0.6313391340162354
766 1 0.4476870453477422 0.3629672684724268
767 1 0.4344560965732205 0.2279469934903308
768 1 0.539765036568816 0.7282750461686953
769 1 0.5844795505777365 0.3720491961082859
770 1 0.780345310387434 0.3463981294085627
771 1 0.6571438744014919 0.7824796151723562
772 1 0.3601555827131957 0.5797984998391943
773 1 0.4942277080382599 0.06120629349374583
774 1 0.06174137270101712 0.4942882410153081
775 1 0.9395564894548705 0.5056900560110142
776 1 0.4941619893275657 0.9403377760567611
777 1 0.399742463842073 0.3864075691878998
778 1 0.1623591232704767 0.5859612382448826
779 1 0.5558732770930408 0.5695895556686101
780 1 0.4985623992742755 0.8479686010679897
781 1 0.1585044403790105 0.5002605803624964
782 1 0.4870710023331949 0.161028927737893
783 1 0.7000623182354921 0.1541678152027542
784 1 0.8433850030108188 0.7009656575693147
785 1 0.1512291011130699 0.3076701460630969
786 1 0.3029975274594021 0.8420716466336919
787 1 0.7685267446176417 0.8375223837001721
788 1 0.1658448853128191 0.7747518562783091
789 1 0.2314732553823584 0.1624776162998277
790 1 0.83348249457073 0.223808015242681
791 1 0.2647734434344817 0.4629768200656457
792 1 0.2616442641973783 0.5425799872776146
793 1 0.7428624420923289 0.4577241002771686
794 1 0.05692326728215352 0.5595208686161773
795 1 0.5560068145784284 0.05519946434762703
796 1 0.5565947008112686 0.9458433614392153
797 1 0.9452343846642508 0.4459557728587379
798 1 0.4127764973018727 0.4671324756832599
799 1 0.763157894736842 0.9460551417177504
800 1 0.764583351577528 0.05793666921541062
801 1 0.05394485828224984 0.7631578947368419
802 1 0.05645259361362499 0.2301099696081159
803 1 0.2368421052631583 0.05394485828224964
804 1 0.9446712641691477 0.7704213605756842
805 1 0.9460551417177503 0.2368421052631583
806 1 0.2295786394243159 0.9446712641691478
807 1 0.6835305419244853 0.3917935086020905
808 1 0.7289759205258221 0.5477595880747762
809 1 0.4439917297813619 0.5721366380083449
810 1 0.9497881696966469 0.6072850755938574
811 1 0.0509857089635716 0.3929553275000963
812 1 0.3927534027000972 0.9488484153986231
813 1 0.3925963234294924 0.05098978368160371
814 1 0.5362626449064233 0.2679115900229558
815 1 0.0585693708120685 0.9414306291879316
816 1 0.9414306291879315 0.05856937081206864
817 1 0.05856937081206862 0.05856937081206862
818 1 0.9414306291879314 0.9414306291879314
819 1 0.4583854847511853 0.7386220937017615
820 1 0.4370308523952072 0.6832459963357898
821 1 0.2899086970502927 0.3455579590467231
822 1 0.3851993181045529 0.7937657704082057
823 1 0.136056894174974 0.9523783263599106
824 1 0.9523783263599107 0.8639431058250262
825 1 0.8668597262097014 0.05193195808801644
826 1 0.9484162944446209 0.1316252152802464
827 1 0.8669207303146822 0.9481426212507358
828 1 0.131625215280246 0.05158370555537908
829 1 0.05193195808801629 0.1331402737902986
830 1 0.05185737874926442 0.8669207303146809
831 1 0.2251574682069781 0.8444002508902877
832 1 0.843934666081832 0.7729732586995569
833 1 0.7729732586995565 0.1560653339181684
834 1 0.1589453266847799 0.2233056135773157
835 1 0.8364785702422445 0.4963127933926068
836 1 0.6940537813115377 0.8515262631526749
837 1 0.1481727758502732 0.6929353323422612
838 1 0.8543303726069508 0.304537396668416
839 1 0.303691670612089 0.1474108312927796
840 1 0.5853929141505206 0.1473548918957183
841 1 0.3508417519812232 0.2946142570888536
842 1 0.341408989748542 0.7056753637202295
843 1 0.6508022795617604 0.2919401217027718
844 1 0.5627976560681236 0.3195261597206919
845 1 0.5986621439067998 0.6834170440305715
846 1 0.6526605254982986 0.7099543080001338
847 1 0.3123356686248793 0.4022501309133523
848 1 0.5896951011064705 0.8695924987142472
849 1 0.868785417056247 0.4097629562366777
850 1 0.6410598317121301 0.4890667401186963
851 1 0.2943299682874309 0.9461724459634269
852 1 0.2943583576045558 0.05296907953946121
853 1 0.05615397704194709 0.2955045681379773
854 1 0.9461724459634269 0.7056700317125691
855 1 0.3595454025800316 0.4890125837368208
856 1 0.7245312426172621 0.3427192395704143
857 1 0.2032323546966278 0.3825861200983237
858 1 0.503949683018042 0.4443687808681064
859 1 0.2923927820473826 0.6396476173756591
860 1 0.5542515903486982 0.4909930899800057
861 1 0.4681105660409809 0.6306091071087321
862 1 0.257499232307544 0.2504794470988366
863 1 0.2503437653513859 0.7380675284562016
864 1 0.7486382750955345 0.26017585354944
865 1 0.7403313291115176 0.749463164692868
866 1 0.3827003035206228 0.8929903781663509
867 1 0.1134695420324377 0.3859630142872503
868 1 0.3804294936166357 0.1068711054988166
869 1 0.8941116781953236 0.6142310882991862
870 1 0.8579035339747475 0.8826319520085791
871 1 0.8521861634630328 0.1200354827868776
872 1 0.1173680479914203 0.8579035339747471
873 1 0.1200354827868779 0.1478138365369671
874 1 0.6525828972671563 0.5353103698131991
875 1 0.448668147652903 0.50931085311628
876 1 0.3882739752953813 0.1988547690839773
877 1 0.3400138572822032 0.5381853329013049
878 1 0.792012140765021 0.1995837611081709
879 1 0.2068887169762772 0.7986953600294546
880 1 0.7978597090568313 0.7933656695737201
881 1 0.2023080969316433 0.205926946470677
882 1 0.3301218471628298 0.1953247228239332
883 1 0.687120624793076 0.4474247696422275
884 1 0.4448857961055565 0.958030051937223
885 1 0.04308630159910844 0.4462466815514073
886 1 0.4454474864611768 0.04259523982229113
887 1 0.9600553430097549 0.5559455962389145
888 1 0.3072408483944957 0.242249745362979
889 1 0.8803981277724009 0.5231726510961079
890 1 0.5970936717093696 0.4647024052252525
891 1 0.1917032194488215 0.5422388686086322
892 1 0.5450004473611834 0.6815479798473343
893 1 0.1978684461472641 0.1255081015344407
894 1 0.8761998609414581 0.1986946763981124
895 1 0.3134579011139684 0.4517131849531268
896 1 0.1943018967113401 0.6718365052472048
897 1 0.8179471795821849 0.5951693845107101
898 1 0.7999654884608258 0.8757911760668803
899 1 0.1240558692729315 0.7999926456602682
900 1 0.6112363804624299 0.7907589214146883
901 1 0.7932341913974491 0.3914505732625263
902 1 0.4846174390118942 0.1107012075988171
903 1 0.1118022396360281 0.4846721847956919
904 1 0.4858315722520601 0.890308149940083
905 1 0.5291127748498085 0.6290783922835504
906 1 0.560840273602688 0.7703525849459167
907 1 0.6756784769529116 0.1129659654815899
908 1 0.5372808197497613 0.1770257131885188
909 1 0.2274332052963507 0.438561823142378
910 1 0.6503491825262798 0.8947260088561076
911 1 0.8951644581124365 0.3492577169592772
912 1 0.1037288022016494 0.6539031440781928
913 1 0.3054147421416819 0.8899591966050713
914 1 0.1065351575328029 0.3102680909323842
915 1 0.8900708765691132 0.6949222633879714
916 1 0.4831373013536575 0.5397767493255923
917 1 0.7624566254575973 0.3063932408796897
918 1 0.6908652996195219 0.7515424079808721
919 1 0.7045876584122701 0.2379568241119022
920 1 0.1744424514278871 0.8736126463692835
921 1 0.8741667783409754 0.8285264567209395
922 1 0.624025765401976 0.1986033481677832
923 1 0.4934948301843368 0.3858538691446827
924 1 0.04642304329976762 0.7176872423641067
925 1 0.7176613830457302 0.04274809827322239
926 1 0.7176016996503791 0.9537685904071794
927 1 0.9535699511795332 0.2823007325345021
928 1 0.2601018324318478 0.6056837374185582
929 1 0.7251772190508027 0.5961150089811589
930 1 0.4409965729121681 0.7791672104381959
931 1 0.1981925298104766 0.6264291817944141
932 1 0.786300730735858 0.5459834999975983
933 1 0.6415472304709525 0.9549737482528022
934 1 0.9549737482528028 0.3584527695290464
935 1 0.04502625174719788 0.6415472304709529
936 1 0.6415472304709532 0.0450262517471977
937 1 0.8901589678735117 0.1473482721202568
938 1 0.1472780144458647 0.1099862670309014
939 1 0.2144227575363741 0.8928606576383673
940 1 0.7833054164365889 0.1101448410760312
941 1 0.8928733072331153 0.7857343331858205
942 1 0.111892866993396 0.2150619317249675
943 1 0.386313606927899 0.670093098633034
944 1 0.3072901049310791 0.1017746072219284
945 1 0.6270273008657655 0.3910472816891692
946 1 0.5320346441780855 0.5320281449764556
947 1 0.3980436416904726 0.2560713295224836
948 1 0.2453993831901813 0.3053614034906136
949 1 0.3941518452712414 0.3428542757553964
950 1 0.6077299725811599 0.3204134888514673
951 1 0.3000542633139176 0.7520473556839429
952 1 0.1131044621575475 0.57612796329697
953 1 0.9636062058091784 0.8166572095740653
954 1 0.8157894736842111 0.9640309758661836
955 1 0.964030975866183 0.1842105263157899
956 1 0.03671591663772264 0.1836908117567627
957 1 0.1842105263157899 0.03596902413381652
958 1 0.8160500172464243 0.03764494424172771
959 1 0.1833427904259353 0.9636062058091784
960 1 0.03596902413381652 0.8157894736842111
961 1 0.7622674367696232 0.7054372911548272
962 1 0.6771519891192297 0.1962277048769766
963 1 0.2405879578784598 0.6968836751236747
964 1 0.8647318737721967 0.5804442567945491
965 1 0.5919055684557595 0.4161132612927589
966 1 0.5439392640261103 0.3975523877070952
967 1 0.7808229217401673 0.4293524840214382
968 1 0.1359300484975854 0.4212566082512448
969 1 0.4049982506626194 0.1458690524404812
970 1 0.4040083494332256 0.8532737342963022
971 1 0.6808190996000854 0.3310991812746018
972 1 0.7386474879405042 0.5047452688879017
973 1 0.7484098940500359 0.6312521460478295
974 1 0.6502102216892196 0.6148778982948528
975 1 0.60933560683058 0.6304271947902012
976 1 0.5993267348437998 0.2356509463049035
977 1 0.9643652795339224 0.3968361176413253
978 1 0.5997954924957233 0.03704424156435621
979 1 0.03606625085535869 0.6042592106536578
980 1 0.6036739770926761 0.9644870748889152
981 1 0.8025805078207486 0.6792994570296496
982 1 0.03603907683929405 0.3432290870426827
983 1 0.3426422016982273 0.03482062702699323
984 1 0.9650555844467543 0.6572363935513896
985 1 0.3427675328051368 0.9649596911510379
986 1 0.2625458699316921 0.5007449010349454
987 1 0.5206827421616166 0.3160902912189955
988 1 0.526052704594102 0.8144284038436225
989 1 0.3308249123344121 0.8157703461972199
990 1 0.4548606453232559 0.8541776261937324
991 1 0.4502106648120093 0.1375104537155608
992 1 0.2209768944083221 0.0930057598913195
993 1 0.9070848264144031 0.2199450885486292
994 1 0.4629160225313693 0.4662632179362072
995 1 0.6851871648182598 0.6733399686348406
996 1 0.3753898545313619 0.6209929915860691
997 1 0.7798449382640207 0.9079613303976473
998 1 0.09286989691938435 0.7795362549694612
999 1 0.4973523319265472 0.7346371846509666
1000 1 0.6897514434147745 0.5403505852668339
1001 1 0.5761422980760112 0.1028864899026278
1002 1 0.619682018504646 0.1165144390460492
1003 1 0.5457075724077283 0.2208803136601563
1004 1 0.3362495741092668 0.6121149006890992
1005 1 0.792589633466132 0.6323588345072086
1006 1 0.3589483049467744 0.3920045707026193
1007 1 0.4622572770826294 0.2068364412863561
1008 1 0.4455019092381201 0.3182449911859296
1009 1 0.476678750011552 0.2524059928732225
1010 1 0.6983994517061916 0.892927343706069
1011 1 0.102928226835406 0.698143098021852
1012 1 0.8971612723483187 0.3018820033753584
1013 1 0.7307615427399983 0.6720558916323305
1014 1 0.9081295144006699 0.4288608130580111
1015 1 0.5719740648403969 0.9075028371970948
1016 1 0.3405854056996799 0.1171916859984161
1017 1 0.3203652899850483 0.3211659126013248
1018 1 0.8135953762257987 0.3156123805752536
1019 1 0.6778781795314166 0.818510355142076
1020 1 0.195601404131991 0.3004418705156381
1021 1 0.9059917052971186 0.860474006209752
1022 1 0.1398719218134481 0.9048228158397318
1023 1 0.3020491160057165 0.5452609805381856
1024 1 0.4108395595709065 0.4252212621333349
1025 1 0.03853187085600637 0.906484722856555
1026 1 0.9614681291439933 0.09351527714344524
1027 1 0.906484722856555 0.03853187085600646
1028 1 0.09351527714344517 0.03853187085600646
1029 1 0.03853187085600643 0.09351527714344512
1030 1 0.09351527714344486 0.9614681291439936
1031 1 0.9614681291439942 0.9064847228565553
1032 1 0.9064847228565553 0.961468129143994
1033 1 0.148474817221286 0.5429621627542861
1034 1 0.1406201668338334 0.4589394323536421
1035 1 0.4750752907448937 0.816102238401045
1036 1 0.1881050119284866 0.4696846308954182
1037 1 0.8787820751438544 0.6599263480107554
1038 1 0.3393826462984735 0.8785154906215644
1039 1 0.1186057991219303 0.3446778841080178
1040 1 0.3592971411145831 0.7474062551181859
1041 1 0.8030792444355612 0.4642135902952818
1042 1 0.8476768841503333 0.4552759102333908
1043 1 0.249364197822856 0.3569189163129015
1044 1 0.5443008272714994 0.8494475434158465
1045 1 0.3117438532000538 0.674215809334396
1046 1 0.3037756696528723 0.7954422906965146
1047 1 0.5756993610105001 0.61124728080868
1048 1 0.4870906773153121 0.3389804176711615
1049 1 0.6794150460124789 0.2654758272852219
1050 1 0.6024243147491095 0.830913664940738
1051 1 0.8303267674752129 0.3981988459632388
1052 1 0.273229198574051 0.6744991798607844
1053 1 0.1842057687905998 0.3362880308903366
1054 1 0.4024535159190513 0.5874119736722982
1055 1 0.6361898191162659 0.261060822440996
1056 1 0.644902489804275 0.08389977459017879
1057 1 0.5739596610536439 0.7184431240934632
1058 1 0.1336628804953269 0.185643128816439
1059 1 0.813043461276897 0.1315287273006959
1060 1 0.2770955761409907 0.4289957596327736
1061 1 0.1588252610137989 0.3965201457589442
1062 1 0.03069004956591328 0.03069004956591328
1063 1 0.03069004956591344 0.9693099504340867
1064 1 0.9710835400835232 0.02891645991647707
1065 1 0.9693099504340867 0.9693099504340867
1066 1 0.6424688453023492 0.7505857315041863
1067 1 0.7605021096220661 0.7844685070916954
1068 1 0.2409729273035208 0.2148264166893265
1069 1 0.7883516102800883 0.2417003249552135
1070 1 0.2114769922365504 0.7574151030160465
1071 1 0.4420006751815375 0.27460002269358
1072 1 0.1231894373273261 0.6138009986334354
1073 1 0.2659831396808164 0.1483082937468793
1074 1 0.7320613860990135 0.8539757537842875
1075 1 0.165096622369547 0.7325987380922363
1076 1 0.833543917345882 0.269388137382823
1077 1 0.7141261597480668 0.4231303818757222
1078 1 0.1655831811577199 0.2683087275069286
1079 1 0.8536929251046614 0.736892871506338
1080 1 0.263107128493663 0.8536929251046612
1081 1 0.7377526182160298 0.1559783608663568
1082 1 0.7152056725222957 0.07866984033295334
1083 0.5000000000000001 0 0.4999999999999998
1084 0.2925101214574899 0 0.2925101214574899
1085 0.2947360691673533 0 0.7067790529495351
1086 0.7024917291958369 0 0.2831435769740045
1087 0.7086544977530843 0 0.7085355392272357
1088 0.2233902577460384 0 0.4991424393165027
1089 0.4994623764596068 0 0.2233919026701128
1090 0.7774584530068273 0 0.4950576843465898
1091 0.4999999999999999 0 0.7813379936399424
1092 0.8315761315462546 0 0.822417037276258
1093 0.8224170372762574 0 0.1684238684537446
1094 0.1711365773164228 0 0.8288634226835773
1095 0.168423868453745 0 0.1775829627237421
1096 0.4416260922713467 0 0.6435008783171089
1097 0.356861776320575 0 0.4302993476420949
1098 0.5654703608134382 0 0.3587812072550965
1099 0.6493280279445747 0 0.5730195648002147
1100 0.1539399422937108 0 0.6399220026584647
1101 0.6399220026584647 0 0.1539399422937108
1102 0.8436198564584801 0 0.3585466490953876
1103 0.6352353918264299 0 0.8448466439475979
1104 0.84033405532789 0 0.6395907454772128
1105 0.3647646081735699 0 0.1551533560524022
1106 0.1539399422937106 0 0.3600779973415355
1107 0.3596083155985862 0 0.8414061723259132
1108 0.6680043124621201 0 0.4400855503779867
1109 0.3363345032576202 0 0.5619625022133852
1110 0.4194312792562967 0 0.320568762596789
1111 0.5830318073262831 0 0.6868740398828147
1112 0.5353928547538992 0 0.1113574908007824
1113 0.8919545403566408 0 0.5332406236896149
1114 0.4645803963519215 0 0.8886317631282378
1115 0.1080454596433594 0 0.5332406236896149
1116 0.8921301042581294 0 0.7425263126429995
1117 0.8909942776238233 0 0.2607349861264056
1118 0.7392650138735946 0 0.8909942776238233
1119 0.1112297107371323 0 0.7382286550825269
1120 0.2631253397330008 0 0.115032894331731
1121 0.7444980379773424 0 0.1122869760335258
1122 0.1100646183325131 0 0.2579353586608382
1123 0.2552247882456279 0 0.8875515495165642
1124 0.3970459478335109 0 0.7425415661106479
1125 0.2570307561411671 0 0.3960445965467586
1126 0.7387678386787666 0 0.6019666034972045
1127 0.604420851018598 0 0.2570089698176233
1128 0.5298256958432704 0 0.6098163305126626
1129 0.4793357318575461 0 0.3983709504071727
1130 0.09169079413101225 0 0.9097980915560204
1131 0.9123012564413925 0 0.09087116883852824
1132 0.09087116883852844 0 0.08769874355860753
1133 0.9091288311614717 0 0.9123012564413929
1134 0.7466447860578943 0 0.3846076666328528
1135 0.2611838666065897 0 0.6044966279942834
1136 0.9043537758110902 0 0.4387796563627162
1137 0.5614896916949627 0 0.910932055897257
1138 0.09564622418890974 0 0.4387796563627159
1139 0.4385103083050373 0 0.08906794410274313
1140 0.7965051684358345 0 0.2606700494391194
1141 0.2034948315641655 0 0.7393299505608805
1142 0.7397612868979182 0 0.7988783927646336
1143 0.2576603361567166 0 0.2059455805685055
1144 0.2792756830645756 0 0.7997014869153835
1145 0.7207243169354247 0 0.2002985130846166
1146 0.2005805853575949 0 0.2807504053060781
1147 0.799701486915383 0 0.7207243169354246
1148 0.4178511300341533 0 0.5524178848286798
1149 0.5803281543322856 0 0.4462025074287147
1150 0.4103349340740033 0 0.2288990004971366
1151 0.5902457129901324 0 0.7699803935983647
1152 0.5022180858176559 0 0.6954828133459574
1153 0.3481445794720554 0 0.643133423765665
1154 0.6518554205279444 0 0.3568665762343354
1155 0.5024644269456937 0 0.303696545165463
1156 0.08170793412103357 0 0.8177491482008981
1157 0.9194779685007286 0 0.8168864569033611
1158 0.8190781058809025 0 0.9201318984028224
1159 0.8168864569033601 0 0.08052203149927126
1160 0.9201318984028226 0 0.1809218941190977
1161 0.1817898135389825 0 0.919528935211686
1162 0.08052203149927149 0 0.1831135430966396
1163 0.1809218941190979 0 0.07986810159717742
1164 0.6097016383916848 0 0.07838173524744205
1165 0.921618264752558 0 0.6097016383916849
1166 0.07757533907073255 0 0.6094358451476096
1167 0.3902983616083151 0 0.9216182647525581
1168 0.7089054275759841 0 0.5226001585326234
1169 0.3456800921046783 0 0.3534584066110628
1170 0.2910945724240155 0 0.477399841467377
1171 0.6543199078953222 0 0.6465415933889374
1172 0.654277338970875 0 0.9214961739964185
1173 0.07737121956516942 0 0.344623106134893
1174 0.3457226610291249 0 0.07850382600358159
1175 0.9214961739964185 0 0.3457226610291252
1176 0.8213036656424619 0 0.4292633535732356
1177 0.1783582265844799 0 0.4286047107799161
1178 0.5755105851346723 0 0.5318309513397885
1179 0.4244894148653278 0 0.4681690486602113
1180 0.5680264612448347 0 0.1821187108787579
1181 0.1821187108787582 0 0.5680264612448349
1182 0.4319735387551651 0 0.8178812891212426
1183 0.8192244742201422 0 0.5695465165290282
1184 0.6629509146385003 0 0.7717731817978604
1185 0.3314541529752871 0 0.227424125308078
1186 0.5512298070182921 0 0.8322527415096734
1187 0.4487701929817079 0 0.167747258490327
1188 0.6794563292199085 0 0.06789011191348696
1189 0.9321098880865131 0 0.6794563292199086
1190 0.06992931702090781 0 0.6766914410912703
1191 0.3205436707800911 0 0.9321098880865134
1192 0.7391092485646383 0 0.4554957405561134
1193 0.2630230709136487 0 0.5542589363857726
1194 0.407171540483906 0 0.3918181050461156
1195 0.5856439751330658 0 0.6111274068739785
1196 0.7985581716781576 0 0.3245461727555584
1197 0.2012332620970943 0 0.676021967961257
1198 0.3579860587739878 0 0.5133819104632051
1199 0.642737077179302 0 0.486959431635357
1200 0.3687301174993862 0 0.3044961239716383
1201 0.6316584193306968 0 0.6971611139542023
1202 0.6621156708509 0 0.2425954786320388
1203 0.2346198341849695 0 0.3377422239941075
1204 0.3428561255985088 0 0.7824796151723566
1205 0.7824796151723562 0 0.6571438744014919
1206 0.05966222394323891 0 0.4941619893275655
1207 0.4943079943611307 0 0.06044272730380455
1208 0.5056900560110142 0 0.9395564894548705
1209 0.9403377760567611 0 0.4941619893275657
1210 0.8479686010679897 0 0.4985623992742755
1211 0.1520313989320108 0 0.4985623992742754
1212 0.1557132905816309 0 0.7004115946195087
1213 0.7009656575693147 0 0.8433850030108188
1214 0.3075810699367555 0 0.1524263222751415
1215 0.8443984539184175 0 0.3105155584824372
1216 0.8375223837001721 0 0.7685267446176417
1217 0.7747518562783091 0 0.1658448853128191
1218 0.1624776162998277 0 0.2314732553823584
1219 0.223808015242681 0 0.83348249457073
1220 0.5440939536418992 0 0.2599370790166398
1221 0.457802330890031 0 0.7395780513503657
1222 0.5540442271412634 0 0.05476561533574976
1223 0.05428864961681852 0 0.5558521564159613
1224 0.9458433614392153 0 0.5565947008112686
1225 0.4459557728587379 0 0.9452343846642508
1226 0.3797624377815085 0 0.5945863640215998
1227 0.6105703645980886 0 0.4006160591098848
1228 0.9460551417177504 0 0.763157894736842
1229 0.05793666921541062 0 0.764583351577528
1230 0.7631578947368419 0 0.05394485828224984
1231 0.05394485828224964 0 0.2368421052631583
1232 0.2299201185109725 0 0.05618976039593124
1233 0.7704213605756842 0 0.9446712641691477
1234 0.2368421052631583 0 0.9460551417177503
1235 0.9446712641691478 0 0.2295786394243159
1236 0.4606010284940566 0 0.2605092551696618
1237 0.5481977589266025 0 0.7292237958586493
1238 0.3518545944677677 0 0.7025661221917104
1239 0.6081308660143103 0 0.3164416682436687
1240 0.6072850755938574 0 0.9497881696966469
1241 0.3927149244061428 0 0.05021183030335306
1242 0.05098978368160371 0 0.3925963234294924
1243 0.9488484153986231 0 0.3927534027000972
1244 0.4697645826609779 0 0.5955822395496393
1245 0.530116001269148 0 0.4036989293672125
1246 0.9414306291879316 0 0.0585693708120685
1247 0.05856937081206864 0 0.9414306291879315
1248 0.05856937081206862 0 0.05856937081206862
1249 0.9414306291879314 0 0.9414306291879314
1250 0.9523783263599106 0 0.136056894174974
1251 0.8639431058250262 0 0.9523783263599107
1252 0.05193195808801644 0 0.8668597262097014
1253 0.1316252152802464 0 0.9484162944446209
1254 0.05185737874926439 0 0.1330792696853187
1255 0.9481426212507358 0 0.8669207303146822
1256 0.1360568941749741 0 0.0476216736400894
1257 0.8669207303146809 0 0.05185737874926442
1258 0.8444054279473624 0 0.2251819148477594
1259 0.7729732586995569 0 0.843934666081832
1260 0.1560653339181684 0 0.7729732586995565
1261 0.2233545743881677 0 0.1572231145740139
1262 0.4963127933926068 0 0.8364785702422445
1263 0.5036578244523239 0 0.1637671164632471
1264 0.7506521110953249 0 0.5402523112110705
1265 0.2488939924791514 0 0.4583634126438332
1266 0.8515262631526749 0 0.6940537813115377
1267 0.6953058406989649 0 0.1479277282836963
1268 0.304537396668416 0 0.8543303726069508
1269 0.147961705649461 0 0.3029483459555786
1270 0.3028757424533459 0 0.4287865341138548
1271 0.6986739289979025 0 0.5659269123327914
1272 0.7092546569382533 0 0.6546459661955895
1273 0.1301057356911283 0 0.5885043948866815
1274 0.589040164287765 0 0.130110966864002
1275 0.8697603968516097 0 0.5898851080169947
1276 0.4097629562366777 0 0.868785417056247
1277 0.4703833225466499 0 0.3445109943272224
1278 0.5311337744690454 0 0.6538618865378204
1279 0.9461724459634269 0 0.2943299682874309
1280 0.05391406008440183 0 0.2951552128217965
1281 0.295477446552671 0 0.05611642943941941
1282 0.7056700317125691 0 0.9461724459634269
1283 0.1968758490556617 0 0.3829326685668689
1284 0.6932508014927736 0 0.3899999293278462
1285 0.3074047542674423 0 0.6073233065408379
1286 0.4234929913156121 0 0.6951790553244083
1287 0.2878646087112295 0 0.3437329587051157
1288 0.2504794470988366 0 0.257499232307544
1289 0.7427946359861527 0 0.2558990527042803
1290 0.2622451030257837 0 0.748177112353982
1291 0.7494618784816286 0 0.7403308860882218
1292 0.6175404972041411 0 0.2026459300310011
1293 0.8928805611611426 0 0.3843744309469519
1294 0.3857689117008133 0 0.1058883218046762
1295 0.1068711054988166 0 0.3804294936166357
1296 0.6142310882991862 0 0.8941116781953236
1297 0.8826319520085791 0 0.8579035339747475
1298 0.1200354827868776 0 0.8521861634630328
1299 0.8579035339747471 0 0.1173680479914203
1300 0.1173680479914206 0 0.1420964660252528
1301 0.6511628950774699 0 0.2968346603956853
1302 0.7991775763132473 0 0.3821463112704383
1303 0.713564286075377 0 0.3431596939015588
1304 0.2866447744782683 0 0.6559442052146087
1305 0.5016836341905641 0 0.5531032272739472
1306 0.5001961682092986 0 0.4479556591996245
1307 0.1997926106995295 0 0.7919288827078883
1308 0.7987242388963107 0 0.2070250862057491
1309 0.7933656695737201 0 0.7978597090568313
1310 0.2053842216547517 0 0.2033366417409658
1311 0.2011521772447674 0 0.6167114602636958
1312 0.5532616432748967 0 0.3146706396704701
1313 0.4892337121014712 0 0.6454881668056505
1314 0.5163965500202254 0 0.3574146845668094
1315 0.958030051937223 0 0.4448857961055565
1316 0.4440540138355149 0 0.03994450034198015
1317 0.04194683364566663 0 0.4448633562097555
1318 0.5559455962389145 0 0.9600553430097549
1319 0.4768204345375702 0 0.1196297481077408
1320 0.5231726510961079 0 0.8803981277724009
1321 0.1986946763981124 0 0.8761998609414581
1322 0.6736884006091209 0 0.1972807996325511
1323 0.1867955833082795 0 0.3328903282328337
1324 0.5951693845107101 0 0.8179471795821849
1325 0.4048658831681122 0 0.1819847564051514
1326 0.8757911760668803 0 0.7999654884608258
1327 0.1251133160626716 0 0.1993849408501731
1328 0.7999926456602682 0 0.1240558692729315
1329 0.7916210582782776 0 0.6122132135309055
1330 0.3874200812388867 0 0.7903572430028194
1331 0.1096918500599177 0 0.4858315722520596
1332 0.890308149940083 0 0.4858315722520601
1333 0.1140694124656134 0 0.6837177121977061
1334 0.4540056641148279 0 0.5140753525839384
1335 0.5454982398877793 0 0.4840621137277483
1336 0.8947499943043024 0 0.6503763263706404
1337 0.3492577169592772 0 0.8951644581124365
1338 0.6494715287877242 0 0.1055029040453916
1339 0.7741572913064801 0 0.4331420519066413
1340 0.8901292810790143 0 0.3050670926849128
1341 0.3102562340230324 0 0.1066534915694911
1342 0.6949222633879714 0 0.8900708765691132
1343 0.3147065916691329 0 0.756726662092521
1344 0.7520520427106883 0 0.6921694151943333
1345 0.8736135092121292 0 0.1744465258680173
1346 0.1710363805514086 0 0.1259710526894822
1347 0.8285264567209395 0 0.8741667783409754
1348 0.5546780479152604 0 0.5682267666247192
1349 0.4427840468395425 0 0.4258160720209973
1350 0.7176872423641067 0 0.04642304329976762
1351 0.04156234114020047 0 0.7156623438211773
1352 0.9537685904071794 0 0.7176016996503791
1353 0.2823007325345021 0 0.9535699511795332
1354 0.3930839163409647 0 0.6537075925862692
1355 0.6244720758260562 0 0.4440658314835637
1356 0.3774633491819362 0 0.5454337464116219
1357 0.4117784236907179 0 0.2768943950887994
1358 0.5962310702277434 0 0.7262491370272306
1359 0.2276637638067049 0 0.5765658479103304
1360 0.5459834999975983 0 0.786300730735858
1361 0.4540165000024019 0 0.213699269264143
1362 0.9549737482528022 0 0.6415472304709525
1363 0.3584527695290464 0 0.9549737482528028
1364 0.6415472304709529 0 0.04502625174719788
1365 0.03922877159291313 0 0.6406866733372457
1366 0.2492563782970847 0 0.6968385944793745
1367 0.7511216269869193 0 0.3021065446564228
1368 0.1473482721202568 0 0.8901589678735117
1369 0.8928615204812131 0 0.2144268319765043
1370 0.1101448410760312 0 0.7833054164365889
1371 0.7857343331858205 0 0.8928733072331153
1372 0.2136716614605295 0 0.1068569847176671
1373 0.1021404005668442 0 0.3068350604638765
1374 0.6806494555658855 0 0.6085282063956912
1375 0.3342402332004442 0 0.3973507205886524
1376 0.8166572095740653 0 0.9636062058091784
1377 0.9640309758661836 0 0.8157894736842111
1378 0.1842105263157899 0 0.964030975866183
1379 0.03596902413381652 0 0.1842105263157899
1380 0.1830639918873248 0 0.03673590712663961
1381 0.03764494424172771 0 0.8160500172464243
1382 0.9636062058091784 0 0.1833427904259353
1383 0.8157894736842111 0 0.03596902413381652
1384 0.293978026513927 0 0.2480134791185615
1385 0.7054365255528989 0 0.7622671730652804
1386 0.5727747076408989 0 0.2209783469188845
1387 0.4195557432054498 0 0.135268126227804
1388 0.5804442567945491 0 0.8647318737721967
1389 0.4288553915097044 0 0.779500761098503
1390 0.1456759360713467 0 0.4049467702491494
1391 0.8534746860729793 0 0.4038510236468233
1392 0.5047452688879017 0 0.7386474879405042
1393 0.2157510057865198 0 0.427863268907782
1394 0.5923618654006584 0 0.4897829654330322
1395 0.4030352480243204 0 0.5096570134176317
1396 0.3703298140889847 0 0.2497051433960654
1397 0.6313247038080039 0 0.7487249884473269
1398 0.7368166955322212 0 0.4949118231068415
1399 0.3046024028009519 0 0.5254186566823649
1400 0.2609150611619457 0 0.5071477996930164
1401 0.6974148619131917 0 0.4744610221549945
1402 0.6096965056244262 0 0.6493173329967989
1403 0.6305393167239172 0 0.6109664098903169
1404 0.3928973271096217 0 0.3553633650510882
1405 0.4574915052465367 0 0.3040325135717099
1406 0.4618751644713742 0 0.6793588017839711
1407 0.3968361176413253 0 0.9643652795339224
1408 0.03630869140081409 0 0.6007077961302336
1409 0.9644870748889152 0 0.6036739770926761
1410 0.603163882358675 0 0.03563472046607794
1411 0.6792993294293281 0 0.8025804638700249
1412 0.3317440895241296 0 0.1860681724532446
1413 0.3431908692313599 0 0.03592315880175888
1414 0.03491705361321167 0 0.3427235134550886
1415 0.6572363935513896 0 0.9650555844467543
1416 0.9649596911510379 0 0.3427675328051368
1417 0.3371351639796744 0 0.4692534523562487
1418 0.6628648360203253 0 0.5307465476437521
1419 0.5016554463853141 0 0.2618836955054694
1420 0.6528306809838834 0 0.4007484749164067
1421 0.4273006036601955 0 0.5988917625786456
1422 0.1867204324267108 0 0.5229384835343235
1423 0.8047392202582342 0 0.5273922245997151
1424 0.609780689275794 0 0.3585163994958194
1425 0.8545061298931242 0 0.4547150795601346
1426 0.1452959558354205 0 0.4547879301949689
1427 0.2199450885486292 0 0.9070848264144031
1428 0.3257125427826549 0 0.314318348026203
1429 0.6733197643962495 0 0.6853330119113895
1430 0.9079613303976473 0 0.7798449382640207
1431 0.09304433769791522 0 0.2221278115409464
1432 0.7795362549694612 0 0.09286989691938435
1433 0.3793182722972761 0 0.4689160696088518
1434 0.6189288486950126 0 0.5327249863808218
1435 0.6323709062005175 0 0.7926421418738931
1436 0.3688122144983226 0 0.2050996215941165
1437 0.1091239493084186 0 0.6396542791963464
1438 0.6786209049643468 0 0.3231475504913752
1439 0.4642950588057994 0 0.4712032264929542
1440 0.5336776610586873 0 0.5268439834185881
1441 0.3203450043963612 0 0.6771057010303798
1442 0.892927343706069 0 0.6983994517061916
1443 0.6979928715689537 0 0.1030396739401557
1444 0.3018820033753584 0 0.8971612723483187
1445 0.6707551189104213 0 0.7300766578591575
1446 0.3576113767246254 0 0.7516243686177848
1447 0.4288608130580111 0 0.9081295144006699
1448 0.5711391869419898 0 0.09187048559933156
1449 0.092322850175173 0 0.5715813784369734
1450 0.9075328190073382 0 0.5720079946458476
1451 0.1173226385272157 0 0.3404142101105781
1452 0.3172804182276555 0 0.8140335591874602
1453 0.818510355142076 0 0.6778781795314166
1454 0.860474006209752 0 0.9059917052971186
1455 0.9048229391029954 0 0.1398725038763239
1456 0.1394813853486512 0 0.09402235909374446
1457 0.906484722856555 0 0.03853187085600637
1458 0.09351527714344524 0 0.9614681291439933
1459 0.03853187085600646 0 0.906484722856555
1460 0.03853187085600646 0 0.09351527714344517
1461 0.09351527714344512 0 0.03853187085600643
1462 0.9614681291439936 0 0.09351527714344486
1463 0.9064847228565553 0 0.9614681291439942
1464 0.961468129143994 0 0.9064847228565553
1465 0.813355560195853 0 0.4730221322100987
1466 0.1929201813986188 0 0.4700375206645145
1467 0.6599263480107554 0 0.8787820751438544
1468 0.8818627319847385 0 0.3452031795758469
1469 0.347701976094243 0 0.116211885754916
1470 0.4618151925645447 0 0.8006849212828726
1471 0.4551510457117988 0 0.8475522317579609
1472 0.5443557807776228 0 0.1520661871263685
1473 0.5362246384551139 0 0.1982273534400189
1474 0.1505524565841543 0 0.5443008272714999
1475 0.8494475434158465 0 0.5443008272714994
1476 0.2983064130812808 0 0.2027139530111323
1477 0.7787954581773666 0 0.5720233613138451
1478 0.3429115686946566 0 0.6017513991353719
1479 0.5442626804527196 0 0.6885548507832764
1480 0.5718854829525161 0 0.3991306220765588
1481 0.2239718828223011 0 0.53801332801413
1482 0.3716733610289079 0 0.3894395373023593
1483 0.2954488502886926 0 0.3907649298732976
1484 0.7065220753068305 0 0.2362772054702431
1485 0.2537867105015122 0 0.2976930082028846
1486 0.6036322813488013 0 0.167203887516868
1487 0.8313374542442831 0 0.6029041174746799
1488 0.3966378101342494 0 0.8297203181457042
1489 0.3304524625529549 0 0.2727445568796727
1490 0.3970497353059226 0 0.429076363380105
1491 0.6024381335910838 0 0.5713160143183065
1492 0.2398940917447609 0 0.6500025711826439
1493 0.7618132894223191 0 0.3473132778433662
1494 0.1315287273006959 0 0.813043461276897
1495 0.4578407996374884 0 0.5582793290228594
1496 0.5420193698841186 0 0.4412227422643547
1497 0.03069004956591328 0 0.03069004956591328
1498 0.02891645991647707 0 0.9710835400835232
1499 0.9693099504340867 0 0.03069004956591344
1500 0.9693099504340867 0 0.9693099504340867
1501 0.7495220762840342 0 0.6424823333929977
1502 0.7242134314254894 0 0.4176409542639737
1503 0.2969714352964262 0 0.5707243645013246
1504 0.4405758438885983 0 0.3755102071383084
1505 0.5677713322264193 0 0.6468783529407569
1506 0.7844683758456505 0 0.7605020644156073
1507 0.2151183165971104 0 0.2413033128049268
1508 0.2419828374572964 0 0.7882699171606709
1509 0.7555417045437904 0 0.2150047129753029
1510 0.1552711314098492 0 0.2682768413262133
1511 0.8539757537842875 0 0.7320613860990135
1512 0.7309778569266987 0 0.1641385545616313
1513 0.269506611031662 0 0.8335655700330931
1514 0.577476828487426 0 0.2870145891871004
1515 0.1668291415270912 0 0.6032910797634191
1516 0.2679908062529789 0 0.1665840538263636
1517 0.736892871506338 0 0.8536929251046614
1518 0.8535448189443948 0 0.2665061051053481
1519 0.1566257917002742 0 0.737735864740618
1520 0.07894549011585293 0 0.7157767007540418
1521 0.5000000000000001 1 0.4999999999999998
1522 0.2925101214574899 1 0.2925101214574899
1523 0.2947360691673533 1 0.7067790529495351
1524 0.7024917291958369 1 0.2831435769740045
1525 0.7086544977530843 1 0.7085355392272357
1526 0.2233902577460384 1 0.4991424393165027
1527 0.4994623764596068 1 0.2233919026701128
1528 0.7774584530068273 1 0.4950576843465898
1529 0.4999999999999999 1 0.7813379936399424
1530 0.8315761315462546 1 0.822417037276258
1531 0.8224170372762574 1 0.1684238684537446
1532 0.1711365773164228 1 0.8288634226835773
1533 0.168423868453745 1 0.1775829627237421
1534 0.4416260922713467 1 0.6435008783171089
1535 0.356861776320575 1 0.4302993476420949
1536 0.5654703608134382 1 0.3587812072550965
1537 0.6493280279445747 1 0.5730195648002147
1538 0.1539399422937108 1 0.6399220026584647
1539 0.6399220026584647 1 0.1539399422937108
1540 0.8436198564584801 1 0.3585466490953876
1541 0.6352353918264299 1 0.8448466439475979
1542 0.84033405532789 1 0.6395907454772128
1543 0.3647646081735699 1 0.1551533560524022
1544 0.1539399422937106 1 0.3600779973415355
1545 0.3596083155985862 1 0.8414061723259132
1546 0.6680043124621201 1 0.4400855503779867
1547 0.3363345032576202 1 0.5619625022133852
1548 0.4194312792562967 1 0.320568762596789
1549 0.5830318073262831 1 0.6868740398828147
1550 0.5353928547538992 1 0.1113574908007824
1551 0.8919545403566408 1 0.5332406236896149
1552 0.4645803963519215 1 0.8886317631282378
1553 0.1080454596433594 1 0.5332406236896149
1554 0.8921301042581294 1 0.7425263126429995
1555 0.8909942776238233 1 0.2607349861264056
1556 0.7392650138735946 1 0.8909942776238233
1557 0.1112297107371323 1 0.7382286550825269
1558 0.2631253397330008 1 0.115032894331731
1559 0.7444980379773424 1 0.1122869760335258
1560 0.1100646183325131 1 0.2579353586608382
1561 0.2552247882456279 1 0.8875515495165642
1562 0.3970459478335109 1 0.7425415661106479
1563 0.2570307561411671 1 0.3960445965467586
1564 0.7387678386787666 1 0.6019666034972045
1565 0.604420851018598 1 0.2570089698176233
1566 0.5298256958432704 1 0.6098163305126626
1567 0.4793357318575461 1 0.3983709504071727
1568 0.09169079413101225 1 0.9097980915560204
1569 0.9123012564413925 1 0.09087116883852824
1570 0.09087116883852844 1 0.08769874355860753
1571 0.9091288311614717 1 0.9123012564413929
1572 0.7466447860578943 1 0.3846076666328528
1573 0.2611838666065897 1 0.6044966279942834
1574 0.9043537758110902 1 0.4387796563627162
1575 0.5614896916949627 1 0.910932055897257
1576 0.09564622418890974 1 0.4387796563627159
1577 0.4385103083050373 1 0.08906794410274313
1578 0.7965051684358345 1 0.2606700494391194
1579 0.2034948315641655 1 0.7393299505608805
1580 0.7397612868979182 1 0.7988783927646336
1581 0.2576603361567166 1 0.2059455805685055
1582 0.2792756830645756 1 0.7997014869153835
1583 0.7207243169354247 1 0.2002985130846166
1584 0.2005805853575949 1 0.2807504053060781
1585 0.799701486915383 1 0.7207243169354246
1586 0.4178511300341533 1 0.5524178848286798
1587 0.5803281543322856 1 0.4462025074287147
1588 0.4103349340740033 1 0.2288990004971366
1589 0.5902457129901324 1 0.7699803935983647
1590 0.5022180858176559 1 0.6954828133459574
1591 0.3481445794720554 1 0.643133423765665
1592 0.6518554205279444 1 0.3568665762343354
1593 0.5024644269456937 1 0.303696545165463
1594 0.08170793412103357 1 0.8177491482008981
1595 0.9194779685007286 1 0.8168864569033611
1596 0.8190781058809025 1 0.9201318984028224
1597 0.8168864569033601 1 0.08052203149927126
1598 0.9201318984028226 1 0.1809218941190977
1599 0.1817898135389825 1 0.919528935211686
1600 0.08052203149927149 1 0.1831135430966396
1601 0.1809218941190979 1 0.07986810159717742
1602 0.6097016383916848 1 0.07838173524744205
1603 0.921618264752558 1 0.6097016383916849
1604 0.07757533907073255 1 0.6094358451476096
1605 0.3902983616083151 1 0.9216182647525581
1606 0.7089054275759841 1 0.5226001585326234
1607 0.3456800921046783 1 0.3534584066110628
1608 0.2910945724240155 1 0.477399841467377
1609 0.6543199078953222 1 0.6465415933889374
1610 0.654277338970875 1 0.9214961739964185
1611 0.07737121956516942 1 0.344623106134893
1612 0.3457226610291249 1 0.07850382600358159
1613 0.9214961739964185 1 0.3457226610291252
1614 0.8213036656424619 1 0.4292633535732356
1615 0.1783582265844799 1 0.4286047107799161
1616 0.5755105851346723 1 0.5318309513397885
1617 0.4244894148653278 1 0.4681690486602113
1618 0.5680264612448347 1 0.1821187108787579
1619 0.1821187108787582 1 0.5680264612448349
1620 0.4319735387551651 1 0.8178812891212426
1621 0.8192244742201422 1 0.5695465165290282
1622 0.6629509146385003 1 0.7717731817978604
1623 0.3314541529752871 1 0.227424125308078
1624 0.5512298070182921 1 0.8322527415096734
1625 0.4487701929817079 1 0.167747258490327
1626 0.6794563292199085 1 0.06789011191348696
1627 0.9321098880865131 1 0.6794563292199086
1628 0.06992931702090781 1 0.6766914410912703
1629 0.3205436707800911 1 0.9321098880865134
1630 0.7391092485646383 1 0.4554957405561134
1631 0.2630230709136487 1 0.5542589363857726
1632 0.407171540483906 1 0.3918181050461156
1633 0.5856439751330658 1 0.6111274068739785
1634 0.7985581716781576 1 0.3245461727555584
1635 0.2012332620970943 1 0.676021967961257
1636 0.3579860587739878 1 0.5133819104632051
1637 0.642737077179302 1 0.486959431635357
1638 0.3687301174993862 1 0.3044961239716383
1639 0.6316584193306968 1 0.6971611139542023
1640 0.6621156708509 1 0.2425954786320388
1641 0.2346198341849695 1 0.3377422239941075
1642 0.3428561255985088 1 0.7824796151723566
1643 0.7824796151723562 1 0.6571438744014919
1644 0.05966222394323891 1 0.4941619893275655
1645 0.4943079943611307 1 0.06044272730380455
1646 0.5056900560110142 1 0.9395564894548705
1647 0.9403377760567611 1 0.4941619893275657
1648 0.8479686010679897 1 0.4985623992742755
1649 0.1520313989320108 1 0.4985623992742754
1650 0.1557132905816309 1 0.7004115946195087
1651 0.7009656575693147 1 0.8433850030108188
1652 0.3075810699367555 1 0.1524263222751415
1653 0.8443984539184175 1 0.3105155584824372
1654 0.8375223837001721 1 0.7685267446176417
1655 0.7747518562783091 1 0.1658448853128191
1656 0.1624776162998277 1 0.2314732553823584
1657 0.223808015242681 1 0.83348249457073
1658 0.5440939536418992 1 0.2599370790166398
1659 0.457802330890031 1 0.7395780513503657
1660 0.5540442271412634 1 0.05476561533574976
1661 0.05428864961681852 1 0.5558521564159613
1662 0.9458433614392153 1 0.5565947008112686
1663 0.4459557728587379 1 0.9452343846642508
1664 0.3797624377815085 1 0.5945863640215998
1665 0.6105703645980886 1 0.4006160591098848
1666 0.9460551417177504 1 0.763157894736842
1667 0.05793666921541062 1 0.764583351577528
1668 0.7631578947368419 1 0.05394485828224984
1669 0.05394485828224964 1 0.2368421052631583
1670 0.2299201185109725 1 0.05618976039593124
1671 0.7704213605756842 1 0.9446712641691477
1672 0.2368421052631583 1 0.9460551417177503
1673 0.9446712641691478 1 0.2295786394243159
1674 0.4606010284940566 1 0.2605092551696618
1675 0.5481977589266025 1 0.7292237958586493
1676 0.3518545944677677 1 0.7025661221917104
1677 0.6081308660143103 1 0.3164416682436687
1678 0.6072850755938574 1 0.9497881696966469
1679 0.3927149244061428 1 0.05021183030335306
1680 0.05098978368160371 1 0.3925963234294924
1681 0.9488484153986231 1 0.3927534027000972
1682 0.4697645826609779 1 0.5955822395496393
1683 0.530116001269148 1 0.4036989293672125
1684 0.9414306291879316 1 0.0585693708120685
1685 0.05856937081206864 1 0.9414306291879315
1686 0.05856937081206862 1 0.05856937081206862
1687 0.9414306291879314 1 0.9414306291879314
1688 0.9523783263599106 1 0.136056894174974
1689 0.8639431058250262 1 0.9523783263599107
1690 0.05193195808801644 1 0.8668597262097014
1691 0.1316252152802464 1 0.9484162944446209
1692 0.05185737874926439 1 0.1330792696853187
1693 0.9481426212507358 1 0.8669207303146822
1694 0.1360568941749741 1 0.0476216736400894
1695 0.8669207303146809 1 0.05185737874926442
1696 0.8444054279473624 1 0.2251819148477594
1697 0.7729732586995569 1 0.843934666081832
1698 0.1560653339181684 1 0.7729732586995565
1699 0.2233545743881677 1 0.1572231145740139
1700 0.4963127933926068 1 0.8364785702422445
1701 0.5036578244523239 1 0.1637671164632471
1702 0.7506521110953249 1 0.5402523112110705
1703 0.2488939924791514 1 0.4583634126438332
1704 0.8515262631526749 1 0.6940537813115377
1705 0.6953058406989649 1 0.1479277282836963
1706 0.304537396668416 1 0.8543303726069508
1707 0.147961705649461 1 0.3029483459555786
1708 0.3028757424533459 1 0.4287865341138548
1709 0.6986739289979025 1 0.5659269123327914
1710 0.7092546569382533 1 0.6546459661955895
1711 0.1301057356911283 1 0.5885043948866815
1712 0.589040164287765 1 0.130110966864002
1713 0.8697603968516097 1 0.5898851080169947
1714 0.4097629562366777 1 0.868785417056247
1715 0.4703833225466499 1 0.3445109943272224
1716 0.5311337744690454 1 0.6538618865378204
1717 0.9461724459634269 1 0.2943299682874309
1718 0.05391406008440183 1 0.2951552128217965
1719 0.295477446552671 1 0.05611642943941941
1720 0.7056700317125691 1 0.9461724459634269
1721 0.1968758490556617 1 0.3829326685668689
1722 0.6932508014927736 1 0.3899999293278462
1723 0.3074047542674423 1 0.6073233065408379
1724 0.4234929913156121 1 0.6951790553244083
1725 0.2878646087112295 1 0.3437329587051157
1726 0.2504794470988366 1 0.257499232307544
1727 0.7427946359861527 1 0.2558990527042803
1728 0.2622451030257837 1 0.748177112353982
1729 0.7494618784816286 1 0.7403308860882218
1730 0.6175404972041411 1 0.2026459300310011
1731 0.8928805611611426 1 0.3843744309469519
1732 0.3857689117008133 1 0.1058883218046762
1733 0.1068711054988166 1 0.3804294936166357
1734 0.6142310882991862 1 0.8941116781953236
1735 0.8826319520085791 1 0.8579035339747475
1736 0.1200354827868776 1 0.8521861634630328
1737 0.8579035339747471 1 0.1173680479914203
1738 0.1173680479914206 1 0.1420964660252528
1739 0.6511628950774699 1 0.2968346603956853
1740 0.7991775763132473 1 0.3821463112704383
1741 0.713564286075377 1 0.3431596939015588
1742 0.2866447744782683 1 0.6559442052146087
1743 0.5016836341905641 1 0.5531032272739472
1744 0.5001961682092986 1 0.4479556591996245
1745 0.1997926106995295 1 0.7919288827078883
1746 0.7987242388963107 1 0.2070250862057491
1747 0.7933656695737201 1 0.7978597090568313
1748 0.2053842216547517 1 0.2033366417409658
1749 0.2011521772447674 1 0.6167114602636958
1750 0.5532616432748967 1 0.3146706396704701
1751 0.4892337121014712 1 0.6454881668056505
1752 0.5163965500202254 1 0.3574146845668094
1753 0.958030051937223 1 0.4448857961055565
1754 0.4440540138355149 1 0.03994450034198015
1755 0.04194683364566663 1 0.4448633562097555
1756 0.5559455962389145 1 0.9600553430097549
1757 0.4768204345375702 1 0.1196297481077408
1758 0.5231726510961079 1 0.8803981277724009
1759 0.1986946763981124 1 0.8761998609414581
1760 0.6736884006091209 1 0.1972807996325511
1761 0.1867955833082795 1 0.3328903282328337
1762 0.5951693845107101 1 0.8179471795821849
1763 0.4048658831681122 1 0.1819847564051514
1764 0.8757911760668803 1 0.7999654884608258
1765 0.1251133160626716 1 0.1993849408501731
1766 0.7999926456602682 1 0.1240558692729315
1767 0.7916210582782776 1 0.6122132135309055
1768 0.3874200812388867 1 0.7903572430028194
1769 0.1096918500599177 1 0.4858315722520596
1770 0.890308149940083 1 0.4858315722520601
1771 0.1140694124656134 1 0.6837177121977061
1772 0.4540056641148279 1 0.5140753525839384
1773 0.5454982398877793 1 0.4840621137277483
1774 0.8947499943043024 1 0.6503763263706404
1775 0.3492577169592772 1 0.8951644581124365
1776 0.6494715287877242 1 0.1055029040453916
1777 0.7741572913064801 1 0.4331420519066413
1778 0.8901292810790143 1 0.3050670926849128
1779 0.3102562340230324 1 0.1066534915694911
1780 0.6949222633879714 1 0.8900708765691132
1781 0.3147065916691329 1 0.756726662092521
1782 0.7520520427106883 1 0.6921694151943333
1783 0.8736135092121292 1 0.1744465258680173
1784 0.1710363805514086 1 0.1259710526894822
1785 0.8285264567209395 1 0.8741667783409754
1786 0.5546780479152604 1 0.5682267666247192
1787 0.4427840468395425 1 0.4258160720209973
1788 0.7176872423641067 1 0.04642304329976762
1789 0.04156234114020047 1 0.7156623438211773
1790 0.9537685904071794 1 0.7176016996503791
1791 0.2823007325345021 1 0.9535699511795332
1792 0.3930839163409647 1 0.6537075925862692
1793 0.6244720758260562 1 0.4440658314835637
1794 0.3774633491819362 1 0.5454337464116219
1795 0.4117784236907179 1 0.2768943950887994
1796 0.5962310702277434 1 0.7262491370272306
1797 0.2276637638067049 1 0.5765658479103304
1798 0.5459834999975983 1 0.786300730735858
1799 0.4540165000024019 1 0.213699269264143
1800 0.9549737482528022 1 0.6415472304709525
1801 0.3584527695290464 1 0.9549737482528028
1802 0.6415472304709529 1 0.04502625174719788
1803 0.03922877159291313 1 0.6406866733372457
1804 0.2492563782970847 1 0.6968385944793745
1805 0.7511216269869193 1 0.3021065446564228
1806 0.1473482721202568 1 0.8901589678735117
1807 0.8928615204812131 1 0.2144268319765043
1808 0.1101448410760312 1 0.7833054164365889
1809 0.7857343331858205 1 0.8928733072331153
1810 0.2136716614605295 1 0.1068569847176671
1811 0.1021404005668442 1 0.3068350604638765
1812 0.6806494555658855 1 0.6085282063956912
1813 0.3342402332004442 1 0.3973507205886524
1814 0.8166572095740653 1 0.9636062058091784
1815 0.9640309758661836 1 0.8157894736842111
1816 0.1842105263157899 1 0.964030975866183
1817 0.03596902413381652 1 0.1842105263157899
1818 0.1830639918873248 1 0.03673590712663961
1819 0.03764494424172771 1 0.8160500172464243
1820 0.9636062058091784 1 0.1833427904259353
1821 0.8157894736842111 1 0.03596902413381652
1822 0.293978026513927 1 0.2480134791185615
1823 0.7054365255528989 1 0.7622671730652804
1824 0.5727747076408989 1 0.2209783469188845
1825 0.4195557432054498 1 0.135268126227804
1826 0.5804442567945491 1 0.8647318737721967
1827 0.4288553915097044 1 0.779500761098503
1828 0.1456759360713467 1 0.4049467702491494
1829 0.8534746860729793 1 0.4038510236468233
1830 0.5047452688879017 1 0.7386474879405042
1831 0.2157510057865198 1 0.427863268907782
1832 0.5923618654006584 1 0.4897829654330322
1833 0.4030352480243204 1 0.5096570134176317
1834 0.3703298140889847 1 0.2497051433960654
1835 0.6313247038080039 1 0.7487249884473269
1836 0.7368166955322212 1 0.4949118231068415
1837 0.3046024028009519 1 0.5254186566823649
1838 0.2609150611619457 1 0.5071477996930164
1839 0.6974148619131917 1 0.4744610221549945
1840 0.6096965056244262 1 0.6493173329967989
1841 0.6305393167239172 1 0.6109664098903169
1842 0.3928973271096217 1 0.3553633650510882
1843 0.4574915052465367 1 0.3040325135717099
1844 0.4618751644713742 1 0.6793588017839711
1845 0.3968361176413253 1 0.9643652795339224
1846 0.03630869140081409 1 0.6007077961302336
1847 0.9644870748889152 1 0.6036739770926761
1848 0.603163882358675 1 0.03563472046607794
1849 0.6792993294293281 1 0.8025804638700249
1850 0.3317440895241296 1 0.1860681724532446
1851 0.3431908692313599 1 0.03592315880175888
1852 0.03491705361321167 1 0.3427235134550886
1853 0.6572363935513896 1 0.9650555844467543
1854 0.9649596911510379 1 0.3427675328051368
1855 0.3371351639796744 1 0.4692534523562487
1856 0.6628648360203253 1 0.5307465476437521
1857 0.5016554463853141 1 0.2618836955054694
1858 0.6528306809838834 1 0.4007484749164067
1859 0.4273006036601955 1 0.5988917625786456
1860 0.1867204324267108 1 0.5229384835343235
1861 0.8047392202582342 1 0.5273922245997151
1862 0.609780689275794 1 0.3585163994958194
1863 0.8545061298931242 1 0.4547150795601346
1864 0.1452959558354205 1 0.4547879301949689
1865 0.2199450885486292 1 0.9070848264144031
1866 0.3257125427826549 1 0.314318348026203
1867 0.6733197643962495 1 0.6853330119113895
1868 0.9079613303976473 1 0.7798449382640207
1869 0.09304433769791522 1 0.2221278115409464
1870 0.7795362549694612 1 0.09286989691938435
1871 0.3793182722972761 1 0.4689160696088518
1872 0.6189288486950126 1 0.5327249863808218
1873 0.6323709062005175 1 0.7926421418738931
1874 0.3688122144983226 1 0.2050996215941165
1875 0.1091239493084186 1 0.6396542791963464
1876 0.6786209049643468 1 0.3231475504913752
1877 0.4642950588057994 1 0.4712032264929542
1878 0.5336776610586873 1 0.5268439834185881
1879 0.3203450043963612 1 0.6771057010303798
1880 0.892927343706069 1 0.6983994517061916
1881 0.6979928715689537 1 0.1030396739401557
1882 0.3018820033753584 1 0.8971612723483187
1883 0.6707551189104213 1 0.7300766578591575
1884 0.3576113767246254 1 0.7516243686177848
1885 0.4288608130580111 1 0.9081295144006699
1886 0.5711391869419898 1 0.09187048559933156
1887 0.092322850175173 1 0.5715813784369734
1888 0.9075328190073382 1 0.5720079946458476
1889 0.1173226385272157 1 0.3404142101105781
1890 0.3172804182276555 1 0.8140335591874602
1891 0.818510355142076 1 0.6778781795314166
1892 0.860474006209752 1 0.9059917052971186
1893 0.9048229391029954 1 0.1398725038763239
1894 0.1394813853486512 1 0.09402235909374446
1895 0.906484722856555 1 0.03853187085600637
1896 0.09351527714344524 1 0.9614681291439933
1897 0.03853187085600646 1 0.906484722856555
1898 0.03853187085600646 1 0.09351527714344517
1899 0.09351527714344512 1 0.03853187085600643
1900 0.9614681291439936 1 0.09351527714344486
1901 0.9064847228565553 1 0.9614681291439942
1902 0.961468129143994 1 0.9064847228565553
1903 0.813355560195853 1 0.4730221322100987
1904 0.1929201813986188 1 0.4700375206645145
1905 0.6599263480107554 1 0.8787820751438544
1906 0.8818627319847385 1 0.3452031795758469
1907 0.347701976094243 1 0.116211885754916
1908 0.4618151925645447 1 0.8006849212828726
1909 0.4551510457117988 1 0.8475522317579609
1910 0.5443557807776228 1 0.1520661871263685
1911 0.5362246384551139 1 0.1982273534400189
1912 0.1505524565841543 1 0.5443008272714999
1913 0.8494475434158465 1 0.5443008272714994
1914 0.2983064130812808 1 0.2027139530111323
1915 0.7787954581773666 1 0.5720233613138451
1916 0.3429115686946566 1 0.6017513991353719
1917 0.5442626804527196 1 0.6885548507832764
1918 0.5718854829525161 1 0.3991306220765588
1919 0.2239718828223011 1 0.53801332801413
1920 0.3716733610289079 1 0.3894395373023593
1921 0.2954488502886926 1 0.3907649298732976
1922 0.7065220753068305 1 0.2362772054702431
1923 0.2537867105015122 1 0.2976930082028846
1924 0.6036322813488013 1 0.167203887516868
1925 0.8313374542442831 1 0.6029041174746799
1926 0.3966378101342494 1 0.8297203181457042
1927 0.3304524625529549 1 0.2727445568796727
1928 0.3970497353059226 1 0.429076363380105
1929 0.6024381335910838 1 0.5713160143183065
1930 0.2398940917447609 1 0.6500025711826439
1931 0.7618132894223191 1 0.3473132778433662
1932 0.1315287273006959 1 0.813043461276897
1933 0.4578407996374884 1 0.5582793290228594
1934 0.5420193698841186 1 0.4412227422643547
1935 0.03069004956591328 1 0.03069004956591328
1936 0.02891645991647707 1 0.9710835400835232
1937 0.9693099504340867 1 0.03069004956591344
1938 0.9693099504340867 1 0.9693099504340867
1939 0.7495220762840342 1 0.6424823333929977
1940 0.7242134314254894 1 0.4176409542639737
1941 0.2969714352964262 1 0.5707243645013246
1942 0.4405758438885983 1 0.3755102071383084
1943 0.5677713322264193 1 0.6468783529407569
1944 0.7844683758456505 1 0.7605020644156073
1945 0.2151183165971104 1 0.2413033128049268
1946 0.2419828374572964 1 0.7882699171606709
1947 0.7555417045437904 1 0.2150047129753029
1948 0.1552711314098492 1 0.2682768413262133
1949 0.8539757537842875 1 0.7320613860990135
1950 0.7309778569266987 1 0.1641385545616313
1951 0.269506611031662 1 0.8335655700330931
1952 0.577476828487426 1 0.2870145891871004
1953 0.1668291415270912 1 0.6032910797634191
1954 0.2679908062529789 1 0.1665840538263636
1955 0.736892871506338 1 0.8536929251046614
1956 0.8535448189443948 1 0.2665061051053481
1957 0.1566257917002742 1 0.737735864740618
1958 0.07894549011585293 1 0.7157767007540418
1959 0.4982014349263494 0.4976775431797794 0
1960 0.2953559589424624 0.2926128075429772 0
1961 0.2925101214574899 0.7074898785425102 0
1962 0.7074898785425102 0.29251012145749 0
1963 0.7085381973670097 0.7086622150205214 0
1964 0.2195804316629095 0.4969245206548401 0
1965 0.4999999999999999 0.2186620063600577 0
1966 0.7813379936399424 0.4999999999999999 0
1967 0.4999999999999999 0.7813379936399424 0
1968 0.822417037276258 0.8315761315462546 0
1969 0.1684238684537446 0.8224170372762574 0
1970 0.8288634226835773 0.1711365773164228 0
1971 0.1775829627237421 0.168423868453745 0
1972 0.6406689968199711 0.4331791182774609 0
1973 0.3608573585303774 0.4376305870665838 0
1974 0.5680333042684915 0.6464481553007938 0
1975 0.6422165083090297 0.1539301960749615 0
1976 0.1543642303042658 0.639651046410383 0
1977 0.8448466439475979 0.6352353918264299 0
1978 0.3600779973415353 0.8460600577062893 0
1979 0.1539399422937106 0.3600779973415355 0
1980 0.6395907454772128 0.84033405532789 0
1981 0.3600779973415355 0.1539399422937106 0
1982 0.8414061723259132 0.3596083155985862 0
1983 0.4177743283939521 0.6252642069364622 0
1984 0.5281195633172031 0.3577571411327192 0
1985 0.6811435010315828 0.5807968101250537 0
1986 0.3044593825264265 0.5853099076192637 0
1987 0.4102656799330056 0.2999618842172977 0
1988 0.5991315916532237 0.2819797548149969 0
1989 0.1091707121960928 0.5272595080305704 0
1990 0.8886317631282378 0.4645803963519215 0
1991 0.5332406236896149 0.8919545403566408 0
1992 0.5328500858370947 0.1140321954910129 0
1993 0.4004127400000126 0.7321159088323363 0
1994 0.7425263126429995 0.8921301042581294 0
1995 0.8909942776238233 0.7392650138735946 0
1996 0.2607349861264056 0.8909942776238233 0
1997 0.1122869760335258 0.7444980379773424 0
1998 0.7382286550825269 0.1112297107371323 0
1999 0.115032894331731 0.2631253397330008 0
2000 0.2579353586608382 0.1100646183325131 0
2001 0.8875515495165642 0.2552247882456279 0
2002 0.742991030182377 0.3955791489814022 0
2003 0.2572437723454024 0.396366856823402 0
2004 0.6044208510185981 0.7429910301823764 0
2005 0.3962790771417414 0.5334378543409066 0
2006 0.5917833089286584 0.5253046490416747 0
2007 0.9097980915560204 0.09169079413101225 0
2008 0.09087116883852824 0.9123012564413925 0
2009 0.08769874355860753 0.09087116883852844 0
2010 0.9123012564413929 0.9091288311614717 0
2011 0.4387796563627162 0.9043537758110902 0
2012 0.910932055897257 0.5614896916949627 0
2013 0.4387796563627159 0.09564622418890974 0
2014 0.0956462241889097 0.4387796563627158 0
2015 0.2600126499325413 0.7963659511586284 0
2016 0.7397462408465441 0.2024505836073724 0
2017 0.7988783927646336 0.7397612868979182 0
2018 0.2055270298184463 0.2577102121845173 0
2019 0.4912588063861877 0.6903136050934675 0
2020 0.7997014869153835 0.2792756830645756 0
2021 0.2013137098294334 0.7164228404471814 0
2022 0.2776646117861696 0.1959831177790736 0
2023 0.7207243169354246 0.799701486915383 0
2024 0.4510442473788879 0.4215837668494673 0
2025 0.7699803935983647 0.5902457129901324 0
2026 0.4990884870793226 0.5822332857464921 0
2027 0.3038694609133651 0.5013010118738794 0
2028 0.6407100183150731 0.3486741755200884 0
2029 0.6963034548345369 0.4975355730543067 0
2030 0.5578588446278301 0.4412110026137522 0
2031 0.2182487161490401 0.584738689996509 0
2032 0.3564388310363893 0.2382881931589451 0
2033 0.8177491482008981 0.08170793412103357 0
2034 0.8168864569033611 0.9194779685007286 0
2035 0.9201318984028224 0.8190781058809025 0
2036 0.08052203149927126 0.8168864569033601 0
2037 0.1809218941190977 0.9201318984028226 0
2038 0.919528935211686 0.1817898135389825 0
2039 0.07986810159717742 0.1809218941190979 0
2040 0.1831135430966396 0.08052203149927149 0
2041 0.3453547519662151 0.3518786267267455 0
2042 0.07838173524744205 0.6097016383916848 0
2043 0.6097016383916849 0.921618264752558 0
2044 0.6077282271400828 0.07652345871864566 0
2045 0.9216182647525581 0.3902983616083151 0
2046 0.6465415933889374 0.6543199078953222 0
2047 0.9214961739964185 0.654277338970875 0
2048 0.07850382600358159 0.3457226610291249 0
2049 0.344623106134893 0.07737121956516942 0
2050 0.3457226610291252 0.9214961739964185 0
2051 0.5771358914624964 0.1988918996604662 0
2052 0.6522734435100671 0.2302574620970861 0
2053 0.4299794223655609 0.8195335952227872 0
2054 0.1794171759565678 0.4292911789597265 0
2055 0.4355869756896221 0.1743068566117032 0
2056 0.8178812891212426 0.4319735387551651 0
2057 0.5680264612448347 0.8178812891212424 0
2058 0.3452479332357432 0.6513038839858407 0
2059 0.7717731817978604 0.6629509146385003 0
2060 0.334301902863143 0.7767123556346834 0
2061 0.4870579736428545 0.2929689448722159 0
2062 0.241992263495576 0.6533220938194031 0
2063 0.2208738858676376 0.3326674752277988 0
2064 0.8322527415096734 0.5512298070182921 0
2065 0.06789011191348696 0.6794563292199085 0
2066 0.6794563292199086 0.9321098880865131 0
2067 0.9321098880865134 0.3205436707800911 0
2068 0.679876495952781 0.06846875795741147 0
2069 0.6161418420105792 0.5806931060002438 0
2070 0.6963424655468835 0.6313391340162354 0
2071 0.4476870453477422 0.3629672684724268 0
2072 0.4344560965732205 0.2279469934903308 0
2073 0.539765036568816 0.7282750461686953 0
2074 0.5844795505777365 0.3720491961082859 0
2075 0.780345310387434 0.3463981294085627 0
2076 0.6571438744014919 0.7824796151723562 0
2077 0.3601555827131957 0.5797984998391943 0
2078 0.4942277080382599 0.06120629349374583 0
2079 0.06174137270101712 0.4942882410153081 0
2080 0.9395564894548705 0.5056900560110142 0
2081 0.4941619893275657 0.9403377760567611 0
2082 0.399742463842073 0.3864075691878998 0
2083 0.1623591232704767 0.5859612382448826 0
2084 0.5558732770930408 0.5695895556686101 0
2085 0.4985623992742755 0.8479686010679897 0
2086 0.4870710023331949 0.161028927737893 0
2087 0.1581578068752593 0.4996348301295678 0
2088 0.7000623182354921 0.1541678152027542 0
2089 0.8433850030108188 0.7009656575693147 0
2090 0.1511431612359558 0.3077546491903606 0
2091 0.3029975274594021 0.8420716466336919 0
2092 0.7685267446176417 0.8375223837001721 0
2093 0.1658448853128191 0.7747518562783091 0
2094 0.2314732553823584 0.1624776162998277 0
2095 0.83348249457073 0.223808015242681 0
2096 0.2647734434344817 0.4629768200656457 0
2097 0.2616442641973783 0.5425799872776146 0
2098 0.7428624420923289 0.4577241002771686 0
2099 0.05692326728215352 0.5595208686161773 0
2100 0.5560068145784284 0.05519946434762703 0
2101 0.5565947008112686 0.9458433614392153 0
2102 0.9452343846642508 0.4459557728587379 0
2103 0.4127764973018727 0.4671324756832599 0
2104 0.763157894736842 0.9460551417177504 0
2105 0.764583351577528 0.05793666921541062 0
2106 0.05394485828224984 0.7631578947368419 0
2107 0.05618976039593124 0.2299201185109725 0
2108 0.2368421052631583 0.05394485828224964 0
2109 0.9446712641691477 0.7704213605756842 0
2110 0.9460551417177503 0.2368421052631583 0
2111 0.2295786394243159 0.9446712641691478 0
2112 0.6835305419244853 0.3917935086020905 0
2113 0.7289759205258221 0.5477595880747762 0
2114 0.4439917297813619 0.5721366380083449 0
2115 0.9497881696966469 0.6072850755938574 0
2116 0.05115158460137685 0.3927534027000969 0
2117 0.3925963234294924 0.05098978368160371 0
2118 0.3927534027000972 0.9488484153986231 0
2119 0.5362626449064233 0.2679115900229558 0
2120 0.0585693708120685 0.9414306291879316 0
2121 0.9414306291879315 0.05856937081206864 0
2122 0.05856937081206862 0.05856937081206862 0
2123 0.9414306291879314 0.9414306291879314 0
2124 0.4583854847511853 0.7386220937017615 0
2125 0.4370308523952072 0.6832459963357898 0
2126 0.2899086970502927 0.3455579590467231 0
2127 0.3851993181045529 0.7937657704082057 0
2128 0.9523783263599107 0.8639431058250262 0
2129 0.136056894174974 0.9523783263599106 0
2130 0.8668597262097014 0.05193195808801644 0
2131 0.9484162944446209 0.1316252152802464 0
2132 0.1330792696853187 0.05185737874926439 0
2133 0.8669207303146822 0.9481426212507358 0
2134 0.0476216736400894 0.1360568941749741 0
2135 0.05185737874926442 0.8669207303146809 0
2136 0.2251574682069781 0.8444002508902877 0
2137 0.843934666081832 0.7729732586995569 0
2138 0.7729732586995565 0.1560653339181684 0
2139 0.1571926079595781 0.223358209667162 0
2140 0.8364785702422445 0.4963127933926068 0
2141 0.6940537813115377 0.8515262631526749 0
2142 0.1481727758502732 0.6929353323422612 0
2143 0.8543303726069508 0.304537396668416 0
2144 0.3029483459555786 0.147961705649461 0
2145 0.5853929141505206 0.1473548918957183 0
2146 0.3508417519812232 0.2946142570888536 0
2147 0.341408989748542 0.7056753637202295 0
2148 0.6508022795617604 0.2919401217027718 0
2149 0.5627976560681236 0.3195261597206919 0
2150 0.5986621439067998 0.6834170440305715 0
2151 0.6526605254982986 0.7099543080001338 0
2152 0.3123356686248793 0.4022501309133523 0
2153 0.5896951011064705 0.8695924987142472 0
2154 0.868785417056247 0.4097629562366777 0
2155 0.6410598317121301 0.4890667401186963 0
2156 0.2943299682874309 0.9461724459634269 0
2157 0.2951552128217965 0.05391406008440183 0
2158 0.05611642943941941 0.295477446552671 0
2159 0.9461724459634269 0.7056700317125691 0
2160 0.3595454025800316 0.4890125837368208 0
2161 0.7245312426172621 0.3427192395704143 0
2162 0.2020087797044814 0.3808823486760345 0
2163 0.503949683018042 0.4443687808681064 0
2164 0.2923927820473826 0.6396476173756591 0
2165 0.5542515903486982 0.4909930899800057 0
2166 0.4681105660409809 0.6306091071087321 0
2167 0.257499232307544 0.2504794470988366 0
2168 0.2503437653513859 0.7380675284562016 0
2169 0.7486382750955345 0.26017585354944 0
2170 0.7403313291115176 0.749463164692868 0
2171 0.3827003035206228 0.8929903781663509 0
2172 0.1070096218336491 0.3827003035206223 0
2173 0.3804294936166357 0.1068711054988166 0
2174 0.8941116781953236 0.6142310882991862 0
2175 0.8579035339747475 0.8826319520085791 0
2176 0.8521861634630328 0.1200354827868776 0
2177 0.1173680479914203 0.8579035339747471 0
2178 0.1420964660252528 0.1173680479914206 0
2179 0.6525828972671563 0.5353103698131991 0
2180 0.448668147652903 0.50931085311628 0
2181 0.3882739752953813 0.1988547690839773 0
2182 0.3400138572822032 0.5381853329013049 0
2183 0.792012140765021 0.1995837611081709 0
2184 0.2068887169762772 0.7986953600294546 0
2185 0.7978597090568313 0.7933656695737201 0
2186 0.2032468302680668 0.2053949239161106 0
2187 0.3301218471628298 0.1953247228239332 0
2188 0.687120624793076 0.4474247696422275 0
2189 0.4448857961055565 0.958030051937223 0
2190 0.04315538766233429 0.4461625812598624 0
2191 0.4454474864611768 0.04259523982229113 0
2192 0.9600553430097549 0.5559455962389145 0
2193 0.3072408483944957 0.242249745362979 0
2194 0.8803981277724009 0.5231726510961079 0
2195 0.5970936717093696 0.4647024052252525 0
2196 0.1917032194488215 0.5422388686086322 0
2197 0.5450004473611834 0.6815479798473343 0
2198 0.8761998609414581 0.1986946763981124 0
2199 0.3134579011139684 0.4517131849531268 0
2200 0.1943018967113401 0.6718365052472048 0
2201 0.8179471795821849 0.5951693845107101 0
2202 0.7999654884608258 0.8757911760668803 0
2203 0.1993849408501731 0.1251133160626716 0
2204 0.1240558692729315 0.7999926456602682 0
2205 0.6112363804624299 0.7907589214146883 0
2206 0.7932341913974491 0.3914505732625263 0
2207 0.4846174390118942 0.1107012075988171 0
2208 0.110935749514703 0.4841696040571413 0
2209 0.4858315722520601 0.890308149940083 0
2210 0.5291127748498085 0.6290783922835504 0
2211 0.560840273602688 0.7703525849459167 0
2212 0.6756784769529116 0.1129659654815899 0
2213 0.5372808197497613 0.1770257131885188 0
2214 0.2279440319093753 0.4377135640281573 0
2215 0.6503491825262798 0.8947260088561076 0
2216 0.8951644581124365 0.3492577169592772 0
2217 0.1037288022016494 0.6539031440781928 0
2218 0.3054147421416819 0.8899591966050713 0
2219 0.1065225567695742 0.3102739461917676 0
2220 0.8900708765691132 0.6949222633879714 0
2221 0.4831373013536575 0.5397767493255923 0
2222 0.7624566254575973 0.3063932408796897 0
2223 0.6908652996195219 0.7515424079808721 0
2224 0.7045876584122701 0.2379568241119022 0
2225 0.1744424514278871 0.8736126463692835 0
2226 0.1259674209496685 0.1710368133227175 0
2227 0.8741667783409754 0.8285264567209395 0
2228 0.624025765401976 0.1986033481677832 0
2229 0.4934948301843368 0.3858538691446827 0
2230 0.04642304329976762 0.7176872423641067 0
2231 0.7176613830457302 0.04274809827322239 0
2232 0.7176016996503791 0.9537685904071794 0
2233 0.9535699511795332 0.2823007325345021 0
2234 0.2601018324318478 0.6056837374185582 0
2235 0.7251772190508027 0.5961150089811589 0
2236 0.4409965729121681 0.7791672104381959 0
2237 0.1981925298104766 0.6264291817944141 0
2238 0.786300730735858 0.5459834999975983 0
2239 0.6415472304709525 0.9549737482528022 0
2240 0.9549737482528028 0.3584527695290464 0
2241 0.04502625174719788 0.6415472304709529 0
2242 0.6415472304709532 0.0450262517471977 0
2243 0.8901589678735117 0.1473482721202568 0
2244 0.2144227575363741 0.8928606576383673 0
2245 0.7833054164365889 0.1101448410760312 0
2246 0.8928733072331153 0.7857343331858205 0
2247 0.1068501570468172 0.2136724750705901 0
2248 0.386313606927899 0.670093098633034 0
2249 0.3068350604638765 0.1021404005668442 0
2250 0.6270273008657655 0.3910472816891692 0
2251 0.5320346441780855 0.5320281449764556 0
2252 0.3980436416904726 0.2560713295224836 0
2253 0.2453993831901813 0.3053614034906136 0
2254 0.3941518452712414 0.3428542757553964 0
2255 0.6077299725811599 0.3204134888514673 0
2256 0.3000542633139176 0.7520473556839429 0
2257 0.1131044621575475 0.57612796329697 0
2258 0.9636062058091784 0.8166572095740653 0
2259 0.8157894736842111 0.9640309758661836 0
2260 0.964030975866183 0.1842105263157899 0
2261 0.03673590712663961 0.1830639918873248 0
2262 0.1842105263157899 0.03596902413381652 0
2263 0.8160500172464243 0.03764494424172771 0
2264 0.1833427904259353 0.9636062058091784 0
2265 0.03596902413381652 0.8157894736842111 0
2266 0.7622674367696232 0.7054372911548272 0
2267 0.6771519891192297 0.1962277048769766 0
2268 0.2405879578784598 0.6968836751236747 0
2269 0.8647318737721967 0.5804442567945491 0
2270 0.5919055684557595 0.4161132612927589 0
2271 0.5439392640261103 0.3975523877070952 0
2272 0.7808229217401673 0.4293524840214382 0
2273 0.1464974253460359 0.4037911997718713 0
2274 0.4049982506626194 0.1458690524404812 0
2275 0.4040083494332256 0.8532737342963022 0
2276 0.6808190996000854 0.3310991812746018 0
2277 0.7386474879405042 0.5047452688879017 0
2278 0.7484098940500359 0.6312521460478295 0
2279 0.6502102216892196 0.6148778982948528 0
2280 0.60933560683058 0.6304271947902012 0
2281 0.5993267348437998 0.2356509463049035 0
2282 0.9643652795339224 0.3968361176413253 0
2283 0.5997954924957233 0.03704424156435621 0
2284 0.03606625085535869 0.6042592106536578 0
2285 0.6036739770926761 0.9644870748889152 0
2286 0.8025805078207486 0.6792994570296496 0
2287 0.03605740941576228 0.3431963661304962 0
2288 0.3427235134550886 0.03491705361321167 0
2289 0.9650555844467543 0.6572363935513896 0
2290 0.3427675328051368 0.9649596911510379 0
2291 0.2625458699316921 0.5007449010349454 0
2292 0.5206827421616166 0.3160902912189955 0
2293 0.526052704594102 0.8144284038436225 0
2294 0.3308249123344121 0.8157703461972199 0
2295 0.4548606453232559 0.8541776261937324 0
2296 0.146837746842889 0.4546114902554533 0
2297 0.4502106648120093 0.1375104537155608 0
2298 0.9070848264144031 0.2199450885486292 0
2299 0.4629160225313693 0.4662632179362072 0
2300 0.6851871648182598 0.6733399686348406 0
2301 0.3753898545313619 0.6209929915860691 0
2302 0.7798449382640207 0.9079613303976473 0
2303 0.2221278115409464 0.09304433769791522 0
2304 0.09286989691938435 0.7795362549694612 0
2305 0.4973523319265472 0.7346371846509666 0
2306 0.6897514434147745 0.5403505852668339 0
2307 0.5761422980760112 0.1028864899026278 0
2308 0.619682018504646 0.1165144390460492 0
2309 0.5457075724077283 0.2208803136601563 0
2310 0.3362495741092668 0.6121149006890992 0
2311 0.792589633466132 0.6323588345072086 0
2312 0.3589483049467744 0.3920045707026193 0
2313 0.4622572770826294 0.2068364412863561 0
2314 0.4455019092381201 0.3182449911859296 0
2315 0.476678750011552 0.2524059928732225 0
2316 0.6983994517061916 0.892927343706069 0
2317 0.102928226835406 0.698143098021852 0
2318 0.8971612723483187 0.3018820033753584 0
2319 0.7307615427399983 0.6720558916323305 0
2320 0.9081295144006699 0.4288608130580111 0
2321 0.5719740648403969 0.9075028371970948 0
2322 0.3404142101105781 0.1173226385272157 0
2323 0.3203652899850483 0.3211659126013248 0
2324 0.8135953762257987 0.3156123805752536 0
2325 0.6778781795314166 0.818510355142076 0
2326 0.1955870808191386 0.3004559543701821 0
2327 0.9059917052971186 0.860474006209752 0
2328 0.1398719218134481 0.9048228158397318 0
2329 0.09402198850804919 0.1394814295089888 0
2330 0.3020491160057165 0.5452609805381856 0
2331 0.4108395595709065 0.4252212621333349 0
2332 0.03853187085600637 0.906484722856555 0
2333 0.9614681291439933 0.09351527714344524 0
2334 0.906484722856555 0.03853187085600646 0
2335 0.09351527714344517 0.03853187085600646 0
2336 0.03853187085600643 0.09351527714344512 0
2337 0.09351527714344486 0.9614681291439936 0
2338 0.9614681291439942 0.9064847228565553 0
2339 0.9064847228565553 0.961468129143994 0
2340 0.1484252981493215 0.5428727698638678 0
2341 0.4750752907448937 0.816102238401045 0
2342 0.187525913085531 0.4660257897901627 0
2343 0.8787820751438544 0.6599263480107554 0
2344 0.3393826462984735 0.8785154906215644 0
2345 0.1173824163206515 0.3453710487474643 0
2346 0.3592971411145831 0.7474062551181859 0
2347 0.8030792444355612 0.4642135902952818 0
2348 0.8476768841503333 0.4552759102333908 0
2349 0.2493004965008991 0.3568302151767974 0
2350 0.5443008272714994 0.8494475434158465 0
2351 0.3117438532000538 0.674215809334396 0
2352 0.3037756696528723 0.7954422906965146 0
2353 0.5756993610105001 0.61124728080868 0
2354 0.4870906773153121 0.3389804176711615 0
2355 0.6794150460124789 0.2654758272852219 0
2356 0.6024243147491095 0.830913664940738 0
2357 0.8303267674752129 0.3981988459632388 0
2358 0.273229198574051 0.6744991798607844 0
2359 0.1842057687905998 0.3362880308903366 0
2360 0.4024535159190513 0.5874119736722982 0
2361 0.6361898191162659 0.261060822440996 0
2362 0.644902489804275 0.08389977459017879 0
2363 0.5739596610536439 0.7184431240934632 0
2364 0.813043461276897 0.1315287273006959 0
2365 0.2786096855755666 0.4279249143325825 0
2366 0.03069004956591328 0.03069004956591328 0
2367 0.03069004956591344 0.9693099504340867 0
2368 0.9710835400835232 0.02891645991647707 0
2369 0.9693099504340867 0.9693099504340867 0
2370 0.6424688453023492 0.7505857315041863 0
2371 0.7605021096220661 0.7844685070916954 0
2372 0.2410413481006362 0.2147876395352036 0
2373 0.7883516102800883 0.2417003249552135 0
2374 0.2114769922365504 0.7574151030160465 0
2375 0.4420006751815375 0.27460002269358 0
2376 0.1231894373273261 0.6138009986334354 0
2377 0.2659476503412702 0.1483366371105747 0
2378 0.7320613860990135 0.8539757537842875 0
2379 0.165096622369547 0.7325987380922363 0
2380 0.833543917345882 0.269388137382823 0
2381 0.7141261597480668 0.4231303818757222 0
2382 0.1653184694555531 0.2683303250885934 0
2383 0.8536929251046614 0.736892871506338 0
2384 0.263107128493663 0.8536929251046612 0
2385 0.7377526182160298 0.1559783608663568 0
2386 0.7152056725222957 0.07866984033295334 0
2387 0.4989849514437431 0.4962081526368574 1
2388 0.2914644607727643 0.2913455022469158 1
2389 0.2831435769740045 0.7024917291958371 1
2390 0.7057350833784526 0.292557711046158 1
2391 0.7074898785425101 0.7074898785425101 1
2392 0.2233296829073178 0.4994605732386785 1
2393 0.7813379936399424 0.5 1
2394 0.4950576843465896 0.7774584530068274 1
2395 0.4999999999999999 0.2186620063600577 1
2396 0.8288634226835774 0.8288634226835774 1
2397 0.8288634226835772 0.1711365773164227 1
2398 0.1684238684537446 0.8224170372762574 1
2399 0.1711365773164227 0.1711365773164227 1
2400 0.3593310031800288 0.566820881722539 1
2401 0.440517601127065 0.3582636413130763 1
2402 0.5730195648002142 0.6493280279445743 1
2403 0.6415856880472122 0.4400797670720541 1
2404 0.8470143777527206 0.3595259207955486 1
2405 0.1539399422937108 0.6399220026584647 1
2406 0.6399220026584643 0.1539399422937106 1
2407 0.3613601322799845 0.8456776475530785 1
2408 0.6404740792044511 0.8470143777527208 1
2409 0.1551533560524022 0.3647646081735699 1
2410 0.3596083155985863 0.158593827674087 1
2411 0.8450619973697234 0.6358382138508402 1
2412 0.438959352521669 0.6661490156804283 1
2413 0.5812625285011433 0.3187545371173129 1
2414 0.6802012708619076 0.5802857529883302 1
2415 0.3187545371173128 0.4187374714988564 1
2416 0.8886317631282376 0.4645803963519212 1
2417 0.1113574908007824 0.5353928547538991 1
2418 0.5333433822414944 0.8919132582503631 1
2419 0.4666566177585054 0.1080867417496371 1
2420 0.889820042774694 0.742262622608469 1
2421 0.7382286550825272 0.8887702892628677 1
2422 0.7422626226084688 0.110179957225306 1
2423 0.115032894331731 0.2631253397330008 1
2424 0.2607349861264056 0.8909942776238233 1
2425 0.1122869760335258 0.7444980379773424 1
2426 0.2573912295188887 0.1079179335980938 1
2427 0.8887702892628677 0.2617713449174727 1
2428 0.7429910301823771 0.3955791489814025 1
2429 0.6044208510185974 0.7429910301823768 1
2430 0.3955791489814025 0.2570089698176232 1
2431 0.2570089698176232 0.604420851018598 1
2432 0.4021505653929726 0.4754869538819311 1
2433 0.5213443169618486 0.3997273513841765 1
2434 0.6039608863473166 0.5324937843529548 1
2435 0.9083092058689877 0.09020190844397943 1
2436 0.09087116883852824 0.9123012564413925 1
2437 0.09169079413101215 0.09020190844397941 1
2438 0.9097980915560209 0.9083092058689882 1
2439 0.3846076666328527 0.7466447860578944 1
2440 0.910932055897257 0.5614896916949622 1
2441 0.4401931299627112 0.9055149052757271 1
2442 0.5598068700372887 0.0944850947242728 1
2443 0.08906794410274314 0.4385103083050373 1
2444 0.7399873500674591 0.7963659511586285 1
2445 0.2606700494391194 0.7965051684358345 1
2446 0.7963659511586284 0.260012649932541 1
2447 0.2036340488413715 0.2600126499325411 1
2448 0.2002985130846166 0.7207243169354247 1
2449 0.7217130606896631 0.1958845363869059 1
2450 0.2770260622249411 0.1968440868516934 1
2451 0.8035583863076539 0.7233858814440954 1
2452 0.4475821151713195 0.5821488699658468 1
2453 0.6344078911065696 0.2409252284550177 1
2454 0.769879169796059 0.5899599005833731 1
2455 0.2288990004971367 0.4103349340740033 1
2456 0.303696545165463 0.5024644269456936 1
2457 0.3568665762343349 0.6518554205279443 1
2458 0.696303454834537 0.4975355730543065 1
2459 0.4982644305565747 0.306536456088033 1
2460 0.919528935211686 0.8182101864610182 1
2461 0.8177491482008986 0.9182920658789663 1
2462 0.08052203149927126 0.8168864569033601 1
2463 0.8182101864610178 0.08047106478831365 1
2464 0.1809218941190977 0.9201318984028226 1
2465 0.08170793412103365 0.182250851799102 1
2466 0.1817898135389824 0.08047106478831398 1
2467 0.9182920658789665 0.182250851799102 1
2468 0.07838173524744205 0.6097016383916848 1
2469 0.6095386036994891 0.9223833788229898 1
2470 0.3902983616083154 0.07838173524744201 1
2471 0.9223833788229894 0.3904613963005109 1
2472 0.522600158532623 0.7089054275759841 1
2473 0.353458406611063 0.3456800921046783 1
2474 0.6480565716961835 0.655442654251844 1
2475 0.6573091738592222 0.3527046063048103 1
2476 0.6553768938651072 0.07737121956516951 1
2477 0.9226287804348303 0.6553768938651068 1
2478 0.07850382600358159 0.3457226610291249 1
2479 0.3457226610291251 0.9214961739964186 1
2480 0.433866003851292 0.8230936132886278 1
2481 0.5635136417287467 0.1765108748849685 1
2482 0.5351180242493373 0.5742374647062344 1
2483 0.8178812891212427 0.4319735387551653 1
2484 0.1821187108787579 0.5680264612448347 1
2485 0.4319735387551652 0.1821187108787577 1
2486 0.5702311088337012 0.8192767745892364 1
2487 0.2282268182021397 0.3370490853615 1
2488 0.6680496521631183 0.780676550426909 1
2489 0.7806765504269093 0.3319503478368815 1
2490 0.5721478294026551 0.4567591208158384 1
2491 0.4567591208158381 0.4278521705973446 1
2492 0.8322527415096733 0.5512298070182926 1
2493 0.1677472584903271 0.4487701929817078 1
2494 0.7652970816047826 0.6600980497969131 1
2495 0.9300691478260943 0.3233047376381326 1
2496 0.6766952623618671 0.9300691478260948 1
2497 0.3205436707800914 0.0678901119134869 1
2498 0.06789011191348696 0.6794563292199085 1
2499 0.5601289854856277 0.2533373702819496 1
2500 0.4554957405561129 0.7391092485646387 1
2501 0.5881041428186002 0.3759879760028542 1
2502 0.3880851449614857 0.4041493601132191 1
2503 0.6205088456453306 0.5811320656626929 1
2504 0.3250150866196581 0.7989011368605907 1
2505 0.486771731992637 0.6424278610490203 1
2506 0.3036429684743873 0.3685943347871807 1
2507 0.3428561255985086 0.2175203848276436 1
2508 0.2425954786320388 0.6621156708509 1
2509 0.5056832931059165 0.05954795380463083 1
2510 0.06044272730380457 0.4943079943611307 1
2511 0.4943167068940835 0.9404520461953692 1
2512 0.9395564894548702 0.5056900560110135 1
2513 0.4990925957738143 0.8476762294316771 1
2514 0.5072482359454297 0.1625781108456857 1
2515 0.7009656575693144 0.8433850030108183 1
2516 0.8433850030108186 0.2990343424306853 1
2517 0.1566149969891816 0.2990343424306858 1
2518 0.3076259725924957 0.8443947008349404 1
2519 0.7685267446176416 0.1624776162998283 1
2520 0.8375223837001721 0.7685267446176417 1
2521 0.1658448853128191 0.7747518562783091 1
2522 0.2314732553823584 0.1624776162998277 1
2523 0.6997670108040654 0.6336749718197812 1
2524 0.2599370790166399 0.5440939536418993 1
2525 0.7430599543584627 0.4676399059511769 1
2526 0.4690433343605483 0.2679639862959237 1
2527 0.05476561533574976 0.5540442271412634 1
2528 0.4433865327077986 0.05415131873335555 1
2529 0.5558709108240348 0.9457130010457204 1
2530 0.9452343846642499 0.4459557728587367 1
2531 0.4070657014570359 0.6190733599567433 1
2532 0.9460551417177504 0.763157894736842 1
2533 0.763157894736842 0.05394485828224972 1
2534 0.05394485828224984 0.7631578947368419 1
2535 0.05645259361362499 0.2301099696081159 1
2536 0.2368421052631583 0.05394485828224964 1
2537 0.7645833515775282 0.9420633307845894 1
2538 0.9420633307845894 0.2354166484224722 1
2539 0.2295786394243159 0.9446712641691478 1
2540 0.2604666264692045 0.4605997930511466 1
2541 0.7289385971519413 0.5477141341593116 1
2542 0.3164416682436684 0.6081308660143098 1
2543 0.9499499706164198 0.6074421548644617 1
2544 0.6072017517705085 0.05082390804379845 1
2545 0.05021183030335306 0.3927149244061428 1
2546 0.3929553275000963 0.9490142910364284 1
2547 0.4045279849079942 0.5302916515730158 1
2548 0.0585693708120685 0.9414306291879316 1
2549 0.9414306291879313 0.05856937081206855 1
2550 0.05856937081206862 0.05856937081206862 1
2551 0.9414306291879314 0.9414306291879314 1
2552 0.136056894174974 0.9523783263599106 1
2553 0.9484162944446208 0.8683747847197544 1
2554 0.868374784719754 0.05158370555537893 1
2555 0.131625215280246 0.05158370555537908 1
2556 0.05193195808801629 0.1331402737902986 1
2557 0.9480680419119838 0.1331402737902986 1
2558 0.05185737874926442 0.8669207303146809 1
2559 0.8668597262097015 0.9480680419119835 1
2560 0.2251819148477594 0.8444054279473624 1
2561 0.7729732586995571 0.843934666081832 1
2562 0.8439346660818318 0.2270267413004431 1
2563 0.1586749008309121 0.2236345332556048 1
2564 0.8364785702422446 0.4963127933926067 1
2565 0.1637638772002944 0.5036577305736831 1
2566 0.5415585256869513 0.7509683618559329 1
2567 0.1479277282836963 0.6953058406989649 1
2568 0.6955950242920035 0.1467952468461665 1
2569 0.8538483256587706 0.6949589423343431 1
2570 0.3062771586670258 0.1487954254147246 1
2571 0.5663745863800859 0.6992143387912615 1
2572 0.7108061339686024 0.3449691575520957 1
2573 0.6560527220902941 0.7098023711578418 1
2574 0.6447296499632791 0.2994396418786994 1
2575 0.3472805931001099 0.2899069465377597 1
2576 0.4001827259715134 0.3133866976460868 1
2577 0.6866133023539134 0.4001827259715137 1
2578 0.130110966864002 0.589040164287765 1
2579 0.587927922358506 0.8697657584749501 1
2580 0.4099914928985933 0.130790060907124 1
2581 0.8696052895649283 0.4107762952501615 1
2582 0.4891033658381544 0.3574258091022749 1
2583 0.6462781463197947 0.4908310370651945 1
2584 0.3409176170617055 0.4669580949912692 1
2585 0.2943299682874309 0.9461724459634269 1
2586 0.05615397704194709 0.2955045681379773 1
2587 0.7056416423954447 0.05296907953946138 1
2588 0.9470309204605385 0.7056416423954444 1
2589 0.3901619311816892 0.6935569384050928 1
2590 0.7487300983187131 0.7402198323947822 1
2591 0.7363184739733246 0.2500430043490072 1
2592 0.257499232307544 0.2504794470988366 1
2593 0.2558990527042803 0.7427946359861528 1
2594 0.2026459300310011 0.6175404972041412 1
2595 0.6857012344499349 0.2446171172275221 1
2596 0.6191200595982367 0.7957269180602208 1
2597 0.7954952621873578 0.3799223924568282 1
2598 0.385054878811816 0.8945726807278772 1
2599 0.1058883218046762 0.3857689117008133 1
2600 0.6164877901321011 0.1045921468871446 1
2601 0.8961362716720289 0.616099746239859 1
2602 0.8521861634630334 0.8799645172131227 1
2603 0.8799645172131217 0.1478138365369673 1
2604 0.1173680479914203 0.8579035339747471 1
2605 0.1200354827868779 0.1478138365369671 1
2606 0.2968346603956851 0.6511628950774699 1
2607 0.3865077435931505 0.801535190194014 1
2608 0.5402332871575722 0.3529015530115092 1
2609 0.6475828972983365 0.5410793184631409 1
2610 0.3431657182460968 0.7135756703539636 1
2611 0.4488201504921087 0.5024308993073127 1
2612 0.5485652852712999 0.5259492599041291 1
2613 0.2070250862057491 0.7987242388963107 1
2614 0.792868340435093 0.7986464978170942 1
2615 0.2018754155654548 0.2064532179559395 1
2616 0.798646497817094 0.2071316595649071 1
2617 0.6124806111327318 0.1924998032082229 1
2618 0.5126208450980545 0.4432754957743505 1
2619 0.3147622723246253 0.55348673009308 1
2620 0.3575555622743051 0.5159269286341843 1
2621 0.9600877031937094 0.5559770120930349 1
2622 0.554378595451495 0.04229061280274445 1
2623 0.4456374330455058 0.9576928768993195 1
2624 0.03994450034198015 0.444054013835515 1
2625 0.6684874874383753 0.1947957775090141 1
2626 0.1196293624811989 0.4768204233615415 1
2627 0.8803981277724009 0.5231726510961074 1
2628 0.8021315538527356 0.1255081015344407 1
2629 0.8744918984655595 0.8021315538527358 1
2630 0.1986881270520064 0.1242911857618897 1
2631 0.80637941295661 0.6731874806011291 1
2632 0.1972807996325511 0.6736884006091209 1
2633 0.1819847564051515 0.4048658831681122 1
2634 0.8179109746714486 0.5952605284867971 1
2635 0.6884837143378527 0.453470688082065 1
2636 0.4504195849317648 0.3133213007066322 1
2637 0.1240558692729315 0.7999926456602682 1
2638 0.3876709142329001 0.2089638791208032 1
2639 0.5155273118069118 0.1119159940822901 1
2640 0.4858315722520598 0.890308149940083 1
2641 0.6839027056587712 0.8859391006153673 1
2642 0.8859391006153668 0.3160972943412287 1
2643 0.4878996965560372 0.5445172927212596 1
2644 0.3495389024822095 0.105221438456856 1
2645 0.1055029040453916 0.6494715287877242 1
2646 0.4313971734492068 0.7772228848410105 1
2647 0.3047230943646816 0.8901288342833622 1
2648 0.1097735124117131 0.3085213750166504 1
2649 0.3130468100248584 0.2406300630621797 1
2650 0.1744465258680173 0.8736135092121292 1
2651 0.5757530254875444 0.5643202121249115 1
2652 0.7156631080752965 0.9584373518292001 1
2653 0.04642304329976762 0.7176872423641067 1
2654 0.9584373518291998 0.2843368919247035 1
2655 0.2823947229409844 0.04623349370084044 1
2656 0.4541849105360644 0.621033467669832 1
2657 0.2765717748891345 0.411679515843985 1
2658 0.7252170027110881 0.5956895681930996 1
2659 0.7863007307358574 0.5459834999975983 1
2660 0.213699269264143 0.4540165000024018 1
2661 0.5441543933934168 0.2938450192895983 1
2662 0.9607651116557617 0.3592981009738293 1
2663 0.358452769529047 0.04502625174719754 1
2664 0.04502625174719788 0.6415472304709529 1
2665 0.640701899026171 0.9607651116557618 1
2666 0.3021857010245291 0.7511806852304226 1
2667 0.8527219855541349 0.1099862670309016 1
2668 0.1473477152030707 0.1098827877985416 1
2669 0.8900137329690991 0.8527219855541358 1
2670 0.5932724589468348 0.2729880884322533 1
2671 0.2144268319765043 0.8928615204812131 1
2672 0.7833054164365898 0.8898551589239687 1
2673 0.8898551589239687 0.2166945835634111 1
2674 0.111892866993396 0.2150619317249675 1
2675 0.8987765140449679 0.691854398763303 1
2676 0.6926371088346446 0.1017117924824784 1
2677 0.753480566051708 0.3019592172030294 1
2678 0.7001824541765038 0.7535454888672801 1
2679 0.6108673140030937 0.6827282977668376 1
2680 0.964030975866183 0.8157894736842111 1
2681 0.8160500172464246 0.9623550557582721 1
2682 0.03671591663772264 0.1836908117567627 1
2683 0.1842105263157899 0.03596902413381652 1
2684 0.1833427904259353 0.9636062058091784 1
2685 0.03596902413381652 0.8157894736842111 1
2686 0.8157894736842111 0.03596902413381638 1
2687 0.9623550557582724 0.183949982753576 1
2688 0.2381912750598025 0.296420121194579 1
2689 0.5135831607498988 0.2608256270588628 1
2690 0.7715351021851604 0.4280063887267084 1
2691 0.2209783469188845 0.5727747076408989 1
2692 0.135268126227804 0.41955574320545 1
2693 0.8647318737721975 0.5804442567945487 1
2694 0.5422247828930035 0.2135303800255018 1
2695 0.4403956215877226 0.2290324869309068 1
2696 0.5888617043324491 0.1435597032217146 1
2697 0.4110037630322652 0.8551772799512263 1
2698 0.7447479580859643 0.5097662358483138 1
2699 0.3640612176231674 0.6095109511218586 1
2700 0.4911820568245434 0.5963248474894172 1
2701 0.2503084216960658 0.3705008062725071 1
2702 0.4950451102982572 0.7368489660179977 1
2703 0.4734219542656266 0.697205513198409 1
2704 0.6512218579941875 0.6130484011248691 1
2705 0.3488832241564286 0.3882780214566902 1
2706 0.3926773126937919 0.3676518361729676 1
2707 0.6308978259179379 0.3907230424267457 1
2708 0.6134897515042146 0.6308795791551742 1
2709 0.6161804916395989 0.3481887020082937 1
2710 0.7930211065154065 0.6304488862066074 1
2711 0.3037319694419142 0.4572718478848923 1
2712 0.9636640093188578 0.3993801851814025 1
2713 0.3963222696111376 0.03551186114559902 1
2714 0.03563472046607794 0.603163882358675 1
2715 0.6007149149686805 0.9636889268730793 1
2716 0.1979146844184899 0.3209724345003281 1
2717 0.5770372805814227 0.7788404461203221 1
2718 0.6573371937303447 0.03480370094150304 1
2719 0.03592852274497711 0.3431947437435465 1
2720 0.9656780436396653 0.6575140138536723 1
2721 0.3427881373765652 0.9649766172365283 1
2722 0.5307465476437516 0.6628648360203251 1
2723 0.5415117682188834 0.4820710332663009 1
2724 0.2618574833896563 0.5016546867193544 1
2725 0.4036318515763553 0.5747305534924836 1
2726 0.5277783742458327 0.807519922449605 1
2727 0.4690301656898019 0.187726709130331 1
2728 0.9069942401086806 0.7790231055916785 1
2729 0.7790231055916782 0.0930057598913191 1
2730 0.2186778188432589 0.09165626060763676 1
2731 0.3148091497777133 0.3266497460990604 1
2732 0.7590383982449449 0.6960324102836728 1
2733 0.09286989691938435 0.7795362549694612 1
2734 0.6853130949685633 0.6744487305898139 1
2735 0.6890654450854506 0.5384653405392201 1
2736 0.5339106163317948 0.617604221719203 1
2737 0.2070811728785643 0.3680812919250034 1
2738 0.6397077146566169 0.8910343526984246 1
2739 0.89100225891642 0.3600331288651164 1
2740 0.3231480993565843 0.6786219421617403 1
2741 0.5991437301307488 0.4277488124672815 1
2742 0.4164542887755309 0.4337424527464122 1
2743 0.3016005482938077 0.1070726562939299 1
2744 0.1030396739401557 0.6979928715689537 1
2745 0.269167150655626 0.328245236384209 1
2746 0.09187048559933156 0.5711391869419898 1
2747 0.4275832512433032 0.09285246415938968 1
2748 0.5713327065625768 0.9078796363933199 1
2749 0.9076958902972825 0.428622019881293 1
2750 0.8833539704376878 0.6580203896845603 1
2751 0.6588619075029704 0.1167692063130255 1
2752 0.3172804182276551 0.1859664408125403 1
2753 0.1398725038763239 0.9048229391029954 1
2754 0.03853187085600637 0.906484722856555 1
2755 0.9614681291439936 0.09351527714344512 1
2756 0.09351527714344517 0.03853187085600646 1
2757 0.9064847228565547 0.03853187085600609 1
2758 0.03853187085600643 0.09351527714344512 1
2759 0.906484722856555 0.9614681291439939 1
2760 0.9614681291439943 0.9064847228565555 1
2761 0.09351527714344486 0.9614681291439936 1
2762 0.6693016264937972 0.8186579105431423 1
2763 0.8171686455617755 0.3314928810982337 1
2764 0.4845013333378805 0.3988290939800568 1
2765 0.5991255153939505 0.4831783533882536 1
2766 0.5431576493960342 0.138776275050561 1
2767 0.4579986317827335 0.8578958520815776 1
2768 0.4291269593828799 0.3990433062763611 1
2769 0.560955988578145 0.4184416351483164 1
2770 0.4741984105749115 0.8151444925165541 1
2771 0.1180249021169404 0.3451729686510673 1
2772 0.3408973478156206 0.8792540074791353 1
2773 0.679645010292389 0.3224177791954408 1
2774 0.4646713079749332 0.4651849769629556 1
2775 0.7999376286319984 0.4633132879442362 1
2776 0.1520660184850237 0.5443557758901465 1
2777 0.1982195406225079 0.5362244120280847 1
2778 0.8475560103844608 0.4552817951075284 1
2779 0.456352661239214 0.1524440943995381 1
2780 0.5443008272715008 0.8494475434158469 1
2781 0.3982633903486822 0.6576586836425522 1
2782 0.7518253917302676 0.3547445417581668 1
2783 0.6454162456381144 0.7517738476980287 1
2784 0.4311240831665904 0.2761426882794346 1
2785 0.7170617401131965 0.4245551193781447 1
2786 0.7281768145370959 0.6658098380166386 1
2787 0.2362772054702431 0.7065220753068304 1
2788 0.167203887516868 0.6036322813488013 1
2789 0.3967234118585226 0.1700826461555447 1
2790 0.8324990546565623 0.3955495368144258 1
2791 0.6044382924987237 0.8329459572192819 1
2792 0.5843380618822522 0.2249652908813189 1
2793 0.5772643548862794 0.6035980281802281 1
2794 0.7483965715841667 0.6275187123306608 1
2795 0.3482963832232574 0.7623674937393771 1
2796 0.6974067441132272 0.7984080027369118 1
2797 0.7981859759087782 0.3030127100255674 1
2798 0.1336488016816103 0.1856602529146422 1
2799 0.8684712726993038 0.1869565387231029 1
2800 0.8130434612768977 0.8684712726993044 1
2801 0.4423872286831256 0.542641331150332 1
2802 0.9721997625601408 0.02780023743985927 1
2803 0.03069004956591328 0.03069004956591328 1
2804 0.03069004956591344 0.9693099504340867 1
2805 0.9693099504340867 0.9693099504340867 1
2806 0.357689706676112 0.2488703792746401 1
2807 0.4191012252351069 0.7236664309865495 1
2808 0.369207562910906 0.431225392448063 1
2809 0.7600174398027089 0.2150583764096562 1
2810 0.2407568768731642 0.2150953436795529 1
2811 0.7848269286942033 0.759144939581203 1
2812 0.2150047129753029 0.7555417045437904 1
2813 0.7332861648560686 0.1501444264702565 1
2814 0.8461872846103227 0.7322835477511372 1
2815 0.268808420565207 0.1456888053993174 1
2816 0.1641385545616313 0.7309778569266987 1
2817 0.2870374973506392 0.5775331001919718 1
2818 0.158489210248299 0.2614517163379582 1
2819 0.7380387303547145 0.8431139773785367 1
2820 0.2653666232303428 0.8535869163375858 1
2821 0.8431139773785367 0.2619612696452855 1
2822 0.9210558440636236 0.284185383448802 1
2823 0.715814616551198 0.9210558440636238 1
$EndNodes
$Elements
5642
1 2 2 3 1 256 349 378
2 2 2 3 1 345 18 363
3 2 2 3 1 72 344 364
4 2 2 3 1 347 36 365
5 2 2 3 1 346 53 366
6 2 2 3 1 299 397 441
7 2 2 3 1 399 304 444
8 2 2 3 1 275 399 444
9 2 2 3 1 397 276 441
10 2 2 3 1 395 298 442
11 2 2 3 1 400 274 443
12 2 2 3 1 273 395 442
13 2 2 3 1 301 400 443
14 2 2 3 1 251 415 547
15 2 2 3 1 489 283 533
16 2 2 3 1 230 352 499
17 2 2 3 1 290 339 348
18 2 2 3 1 54 53 346
19 2 2 3 1 17 18 345
20 2 2 3 1 35 36 347
21 2 2 3 1 72 71 344
22 2 2 3 1 415 251 502
23 2 2 3 1 230 499 579
24 2 2 3 1 283 354 533
25 2 2 3 1 268 342 428
26 2 2 3 1 412 523 614
27 2 2 3 1 417 307 482
28 2 2 3 1 418 308 480
29 2 2 3 1 497 260 581
30 2 2 3 1 498 267 583
31 2 2 3 1 495 264 582
32 2 2 3 1 21 332 507
33 2 2 3 1 39 333 505
34 2 2 3 1 335 75 508
35 2 2 3 1 50 334 506
36 2 2 3 1 238 464 572
37 2 2 3 1 376 238 572
38 2 2 3 1 401 235 490
39 2 2 3 1 402 234 491
40 2 2 3 1 340 322 447
41 2 2 3 1 415 291 462
42 2 2 3 1 378 349 537
43 2 2 3 1 344 258 364
44 2 2 3 1 255 345 363
45 2 2 3 1 256 347 365
46 2 2 3 1 257 346 366
47 2 2 3 1 401 490 511
48 2 2 3 1 402 491 513
49 2 2 3 1 391 521 616
50 2 2 3 1 254 384 411
51 2 2 3 1 251 336 445
52 2 2 3 1 336 251 547
53 2 2 3 1 412 228 523
54 2 2 3 1 523 326 614
55 2 2 3 1 341 233 475
56 2 2 3 1 391 226 521
57 2 2 3 1 261 374 423
58 2 2 3 1 371 266 424
59 2 2 3 1 263 370 425
60 2 2 3 1 262 372 426
61 2 2 3 1 232 350 487
62 2 2 3 1 333 39 497
63 2 2 3 1 332 21 495
64 2 2 3 1 75 335 496
65 2 2 3 1 334 50 498
66 2 2 3 1 373 267 498
67 2 2 3 1 367 260 497
68 2 2 3 1 369 264 495
69 2 2 3 1 250 337 411
70 2 2 3 1 242 417 482
71 2 2 3 1 230 377 494
72 2 2 3 1 232 487 537
73 2 2 3 1 246 418 480
74 2 2 3 1 285 389 390
75 2 2 3 1 389 259 390
76 2 2 3 1 384 549 573
77 2 2 3 1 252 343 448
78 2 2 3 1 445 336 607
79 2 2 3 1 360 266 465
80 2 2 3 1 361 267 466
81 2 2 3 1 230 494 610
82 2 2 3 1 337 250 568
83 2 2 3 1 337 294 532
84 2 2 3 1 466 267 564
85 2 2 3 1 465 266 563
86 2 2 3 1 354 265 476
87 2 2 3 1 272 445 607
88 2 2 3 1 343 271 448
89 2 2 3 1 384 254 549
90 2 2 3 1 226 410 460
91 2 2 3 1 322 340 577
92 2 2 3 1 248 342 470
93 2 2 3 1 416 518 622
94 2 2 3 1 410 297 460
95 2 2 3 1 261 423 484
96 2 2 3 1 263 425 485
97 2 2 3 1 262 426 486
98 2 2 3 1 409 317 492
99 2 2 3 1 241 409 492
100 2 2 3 1 339 290 479
101 2 2 3 1 416 227 518
102 2 2 3 1 233 341 569
103 2 2 3 1 353 231 477
104 2 2 3 1 358 260 468
105 2 2 3 1 359 264 469
106 2 2 3 1 340 447 520
107 2 2 3 1 249 389 431
108 2 2 3 1 389 285 431
109 2 2 3 1 227 415 462
110 2 2 3 1 417 242 501
111 2 2 3 1 323 417 501
112 2 2 3 1 236 466 509
113 2 2 3 1 237 465 510
114 2 2 3 1 522 339 578
115 2 2 3 1 333 497 581
116 2 2 3 1 334 498 583
117 2 2 3 1 332 495 582
118 2 2 3 1 233 390 503
119 2 2 3 1 294 376 544
120 2 2 3 1 421 295 445
121 2 2 3 1 253 410 522
122 2 2 3 1 476 265 653
123 2 2 3 1 306 391 419
124 2 2 3 1 442 236 509
125 2 2 3 1 444 237 510
126 2 2 3 1 428 342 488
127 2 2 3 1 339 479 606
128 2 2 3 1 253 522 578
129 2 2 3 1 343 252 565
130 2 2 3 1 294 337 519
131 2 2 3 1 349 256 418
132 2 2 3 1 18 19 363
133 2 2 3 1 73 72 364
134 2 2 3 1 36 37 365
135 2 2 3 1 53 52 366
136 2 2 3 1 375 225 446
137 2 2 3 1 290 375 446
138 2 2 3 1 468 260 566
139 2 2 3 1 469 264 567
140 2 2 3 1 406 286 436
141 2 2 3 1 242 406 436
142 2 2 3 1 411 384 538
143 2 2 3 1 328 500 504
144 2 2 3 1 376 428 544
145 2 2 3 1 372 58 426
146 2 2 3 1 370 13 425
147 2 2 3 1 67 371 424
148 2 2 3 1 374 31 423
149 2 2 3 1 33 34 382
150 2 2 3 1 56 55 380
151 2 2 3 1 70 69 383
152 2 2 3 1 15 16 381
153 2 2 3 1 290 348 463
154 2 2 3 1 349 232 537
155 2 2 3 1 479 250 606
156 2 2 3 1 252 362 500
157 2 2 3 1 424 266 517
158 2 2 3 1 271 343 454
159 2 2 3 1 348 240 463
160 2 2 3 1 362 296 500
161 2 2 3 1 233 503 609
162 2 2 3 1 22 23 369
163 2 2 3 1 40 41 367
164 2 2 3 1 49 48 373
165 2 2 3 1 59 58 372
166 2 2 3 1 67 66 371
167 2 2 3 1 12 13 370
168 2 2 3 1 77 76 368
169 2 2 3 1 30 31 374
170 2 2 3 1 285 341 464
171 2 2 3 1 574 239 604
172 2 2 3 1 392 244 543
173 2 2 3 1 348 339 522
174 2 2 3 1 345 280 457
175 2 2 3 1 279 344 458
176 2 2 3 1 346 278 459
177 2 2 3 1 475 233 559
178 2 2 3 1 405 246 480
179 2 2 3 1 406 242 482
180 2 2 3 1 407 248 481
181 2 2 3 1 431 285 478
182 2 2 3 1 341 285 569
183 2 2 3 1 244 392 560
184 2 2 3 1 302 374 511
185 2 2 3 1 300 372 513
186 2 2 3 1 304 370 514
187 2 2 3 1 298 368 512
188 2 2 3 1 35 347 456
189 2 2 3 1 54 346 459
190 2 2 3 1 17 345 457
191 2 2 3 1 344 71 458
192 2 2 3 1 342 268 470
193 2 2 3 1 411 337 532
194 2 2 3 1 410 253 520
195 2 2 3 1 307 417 584
196 2 2 3 1 415 311 547
197 2 2 3 1 347 256 618
198 2 2 3 1 477 231 573
199 2 2 3 1 239 422 604
200 2 2 3 1 342 248 590
201 2 2 3 1 420 310 481
202 2 2 3 1 248 420 481
203 2 2 3 1 374 261 511
204 2 2 3 1 372 262 513
205 2 2 3 1 368 265 512
206 2 2 3 1 370 263 514
207 2 2 3 1 248 470 625
208 2 2 3 1 445 295 535
209 2 2 3 1 243 357 612
210 2 2 3 1 244 355 611
211 2 2 3 1 245 356 613
212 2 2 3 1 308 418 585
213 2 2 3 1 391 269 419
214 2 2 3 1 271 422 448
215 2 2 3 1 376 268 428
216 2 2 3 1 258 344 471
217 2 2 3 1 346 257 473
218 2 2 3 1 345 255 472
219 2 2 3 1 454 343 575
220 2 2 3 1 389 249 516
221 2 2 3 1 249 454 575
222 2 2 3 1 285 464 478
223 2 2 3 1 280 345 472
224 2 2 3 1 344 279 471
225 2 2 3 1 278 346 473
226 2 2 3 1 414 311 416
227 2 2 3 1 410 306 522
228 2 2 3 1 270 414 416
229 2 2 3 1 500 296 504
230 2 2 3 1 240 421 608
231 2 2 3 1 319 392 543
232 2 2 3 1 79 78 395
233 2 2 3 1 24 25 400
234 2 2 3 1 42 43 397
235 2 2 3 1 10 11 399
236 2 2 3 1 65 64 398
237 2 2 3 1 61 60 394
238 2 2 3 1 47 46 396
239 2 2 3 1 28 29 393
240 2 2 3 1 521 329 616
241 2 2 3 1 327 384 580
242 2 2 3 1 384 231 580
243 2 2 3 1 463 240 608
244 2 2 3 1 293 422 461
245 2 2 3 1 422 239 461
246 2 2 3 1 265 354 652
247 2 2 3 1 392 326 560
248 2 2 3 1 379 292 483
249 2 2 3 1 225 379 483
250 2 2 3 1 258 353 477
251 2 2 3 1 312 380 440
252 2 2 3 1 315 382 437
253 2 2 3 1 313 381 438
254 2 2 3 1 383 314 439
255 2 2 3 1 291 436 462
256 2 2 3 1 381 280 438
257 2 2 3 1 279 383 439
258 2 2 3 1 382 277 437
259 2 2 3 1 380 278 440
260 2 2 3 1 423 315 484
261 2 2 3 1 425 313 485
262 2 2 3 1 426 312 486
263 2 2 3 1 56 380 556
264 2 2 3 1 33 382 557
265 2 2 3 1 383 69 555
266 2 2 3 1 15 381 554
267 2 2 3 1 353 322 577
268 2 2 3 1 231 353 577
269 2 2 3 1 58 57 426
270 2 2 3 1 68 67 424
271 2 2 3 1 13 14 425
272 2 2 3 1 31 32 423
273 2 2 3 1 447 297 520
274 2 2 3 1 375 272 493
275 2 2 3 1 385 274 595
276 2 2 3 1 276 388 601
277 2 2 3 1 388 276 602
278 2 2 3 1 275 387 599
279 2 2 3 1 387 275 598
280 2 2 3 1 273 386 597
281 2 2 3 1 274 385 600
282 2 2 3 1 386 273 596
283 2 2 3 1 266 360 645
284 2 2 3 1 260 358 646
285 2 2 3 1 259 389 516
286 2 2 3 1 446 316 479
287 2 2 3 1 361 236 449
288 2 2 3 1 359 235 450
289 2 2 3 1 360 237 452
290 2 2 3 1 358 234 451
291 2 2 3 1 395 273 597
292 2 2 3 1 274 400 595
293 2 2 3 1 394 276 601
294 2 2 3 1 393 274 600
295 2 2 3 1 399 275 599
296 2 2 3 1 275 398 598
297 2 2 3 1 273 396 596
298 2 2 3 1 276 397 602
299 2 2 3 1 252 448 594
300 2 2 3 1 405 480 581
301 2 2 3 1 406 482 582
302 2 2 3 1 407 481 583
303 2 2 3 1 427 330 603
304 2 2 3 1 396 273 509
305 2 2 3 1 398 275 510
306 2 2 3 1 305 398 510
307 2 2 3 1 303 396 509
308 2 2 3 1 38 39 505
309 2 2 3 1 20 21 507
310 2 2 3 1 75 74 508
311 2 2 3 1 51 50 506
312 2 2 3 1 440 278 543
313 2 2 3 1 279 439 541
314 2 2 3 1 372 300 524
315 2 2 3 1 299 367 525
316 2 2 3 1 374 302 530
317 2 2 3 1 370 304 527
318 2 2 3 1 305 371 528
319 2 2 3 1 368 298 529
320 2 2 3 1 301 369 531
321 2 2 3 1 303 373 526
322 2 2 3 1 350 293 461
323 2 2 3 1 412 259 516
324 2 2 3 1 437 277 619
325 2 2 3 1 235 401 450
326 2 2 3 1 236 403 449
327 2 2 3 1 401 281 450
328 2 2 3 1 403 283 449
329 2 2 3 1 402 282 451
330 2 2 3 1 404 284 452
331 2 2 3 1 237 404 452
332 2 2 3 1 234 402 451
333 2 2 3 1 295 421 474
334 2 2 3 1 421 240 474
335 2 2 3 1 542 437 619
336 2 2 3 1 382 315 557
337 2 2 3 1 381 313 554
338 2 2 3 1 380 312 556
339 2 2 3 1 314 383 555
340 2 2 3 1 357 484 612
341 2 2 3 1 355 486 611
342 2 2 3 1 356 485 613
343 2 2 3 1 235 359 469
344 2 2 3 1 234 358 468
345 2 2 3 1 377 295 474
346 2 2 3 1 280 381 457
347 2 2 3 1 277 382 456
348 2 2 3 1 383 279 458
349 2 2 3 1 278 380 459
350 2 2 3 1 277 456 618
351 2 2 3 1 516 249 575
352 2 2 3 1 238 376 519
353 2 2 3 1 376 294 519
354 2 2 3 1 518 330 622
355 2 2 3 1 487 320 537
356 2 2 3 1 408 288 453
357 2 2 3 1 247 408 453
358 2 2 3 1 379 271 454
359 2 2 3 1 257 351 473
360 2 2 3 1 353 258 471
361 2 2 3 1 255 352 472
362 2 2 3 1 543 278 562
363 2 2 3 1 279 541 561
364 2 2 3 1 297 410 520
365 2 2 3 1 59 372 524
366 2 2 3 1 369 23 531
367 2 2 3 1 367 41 525
368 2 2 3 1 77 368 529
369 2 2 3 1 373 48 526
370 2 2 3 1 12 370 527
371 2 2 3 1 371 66 528
372 2 2 3 1 30 374 530
373 2 2 3 1 236 361 466
374 2 2 3 1 237 360 465
375 2 2 3 1 390 259 503
376 2 2 3 1 456 347 618
377 2 2 3 1 479 316 568
378 2 2 3 1 297 447 453
379 2 2 3 1 447 247 453
380 2 2 3 1 318 489 533
381 2 2 3 1 256 378 618
382 2 2 3 1 355 282 650
383 2 2 3 1 263 356 649
384 2 2 3 1 354 283 652
385 2 2 3 1 357 281 651
386 2 2 3 1 409 258 477
387 2 2 3 1 291 415 502
388 2 2 3 1 481 310 506
389 2 2 3 1 334 481 506
390 2 2 3 1 333 480 505
391 2 2 3 1 482 307 507
392 2 2 3 1 332 482 507
393 2 2 3 1 480 308 505
394 2 2 3 1 259 392 503
395 2 2 3 1 382 34 456
396 2 2 3 1 380 55 459
397 2 2 3 1 381 16 457
398 2 2 3 1 70 383 458
399 2 2 3 1 271 379 515
400 2 2 3 1 287 488 590
401 2 2 3 1 352 230 610
402 2 2 3 1 375 290 463
403 2 2 3 1 549 317 573
404 2 2 3 1 240 348 576
405 2 2 3 1 241 354 476
406 2 2 3 1 329 429 616
407 2 2 3 1 446 225 483
408 2 2 3 1 316 446 483
409 2 2 3 1 243 427 603
410 2 2 3 1 330 427 622
411 2 2 3 1 356 263 485
412 2 2 3 1 360 288 645
413 2 2 3 1 358 289 646
414 2 2 3 1 267 361 648
415 2 2 3 1 264 359 647
416 2 2 3 1 272 421 445
417 2 2 3 1 352 255 499
418 2 2 3 1 296 349 588
419 2 2 3 1 232 349 558
420 2 2 3 1 349 296 558
421 2 2 3 1 384 327 538
422 2 2 3 1 357 243 603
423 2 2 3 1 377 230 534
424 2 2 3 1 295 377 534
425 2 2 3 1 488 342 590
426 2 2 3 1 270 487 624
427 2 2 3 1 284 432 641
428 2 2 3 1 282 435 640
429 2 2 3 1 283 434 642
430 2 2 3 1 281 433 643
431 2 2 3 1 229 428 488
432 2 2 3 1 289 358 640
433 2 2 3 1 288 360 641
434 2 2 3 1 487 350 624
435 2 2 3 1 309 364 570
436 2 2 3 1 306 419 576
437 2 2 3 1 292 379 548
438 2 2 3 1 386 80 597
439 2 2 3 1 26 385 595
440 2 2 3 1 45 386 596
441 2 2 3 1 63 387 598
442 2 2 3 1 387 9 599
443 2 2 3 1 385 27 600
444 2 2 3 1 388 62 601
445 2 2 3 1 44 388 602
446 2 2 3 1 351 257 617
447 2 2 3 1 422 293 448
448 2 2 3 1 364 258 570
449 2 2 3 1 302 393 530
450 2 2 3 1 300 394 524
451 2 2 3 1 397 299 525
452 2 2 3 1 42 397 525
453 2 2 3 1 393 29 530
454 2 2 3 1 399 11 527
455 2 2 3 1 304 399 527
456 2 2 3 1 65 398 528
457 2 2 3 1 398 305 528
458 2 2 3 1 394 60 524
459 2 2 3 1 395 78 529
460 2 2 3 1 298 395 529
461 2 2 3 1 47 396 526
462 2 2 3 1 396 303 526
463 2 2 3 1 24 400 531
464 2 2 3 1 400 301 531
465 2 2 3 1 322 353 561
466 2 2 3 1 282 355 621
467 2 2 3 1 350 232 545
468 2 2 3 1 443 274 593
469 2 2 3 1 441 276 592
470 2 2 3 1 293 350 545
471 2 2 3 1 502 251 535
472 2 2 3 1 338 502 535
473 2 2 3 1 379 225 515
474 2 2 3 1 281 357 630
475 2 2 3 1 371 305 563
476 2 2 3 1 373 303 564
477 2 2 3 1 367 299 566
478 2 2 3 1 369 301 567
479 2 2 3 1 355 244 560
480 2 2 3 1 354 241 533
481 2 2 3 1 356 245 627
482 2 2 3 1 452 284 641
483 2 2 3 1 451 282 640
484 2 2 3 1 449 283 642
485 2 2 3 1 450 281 643
486 2 2 3 1 427 243 542
487 2 2 3 1 320 427 542
488 2 2 3 1 328 430 500
489 2 2 3 1 225 375 493
490 2 2 3 1 377 269 494
491 2 2 3 1 362 252 594
492 2 2 3 1 22 369 495
493 2 2 3 1 368 76 496
494 2 2 3 1 49 373 498
495 2 2 3 1 40 367 497
496 2 2 3 1 310 366 550
497 2 2 3 1 364 309 551
498 2 2 3 1 308 365 553
499 2 2 3 1 307 363 552
500 2 2 3 1 239 414 461
501 2 2 3 1 429 329 627
502 2 2 3 1 229 434 489
503 2 2 3 1 283 403 652
504 2 2 3 1 404 263 649
505 2 2 3 1 282 402 650
506 2 2 3 1 281 401 651
507 2 2 3 1 265 368 653
508 2 2 3 1 246 405 467
509 2 2 3 1 405 289 467
510 2 2 3 1 269 377 631
511 2 2 3 1 568 316 634
512 2 2 3 1 366 52 550
513 2 2 3 1 363 19 552
514 2 2 3 1 73 364 551
515 2 2 3 1 365 37 553
516 2 2 3 1 292 455 483
517 2 2 3 1 455 316 483
518 2 2 3 1 366 310 586
519 2 2 3 1 432 226 460
520 2 2 3 1 363 307 584
521 2 2 3 1 365 308 585
522 2 2 3 1 286 433 462
523 2 2 3 1 362 232 558
524 2 2 3 1 296 362 558
525 2 2 3 1 436 286 462
526 2 2 3 1 293 362 594
527 2 2 3 1 362 293 545
528 2 2 3 1 232 362 545
529 2 2 3 1 433 281 518
530 2 2 3 1 285 390 569
531 2 2 3 1 432 284 521
532 2 2 3 1 255 363 584
533 2 2 3 1 435 282 523
534 2 2 3 1 256 365 585
535 2 2 3 1 257 366 586
536 2 2 3 1 429 269 616
537 2 2 3 1 499 323 579
538 2 2 3 1 427 270 622
539 2 2 3 1 245 438 635
540 2 2 3 1 475 268 572
541 2 2 3 1 341 475 572
542 2 2 3 1 493 272 607
543 2 2 3 1 490 443 593
544 2 2 3 1 491 441 592
545 2 2 3 1 314 424 517
546 2 2 3 1 80 386 638
547 2 2 3 1 388 44 639
548 2 2 3 1 385 26 637
549 2 2 3 1 62 388 639
550 2 2 3 1 27 385 637
551 2 2 3 1 9 387 636
552 2 2 3 1 387 63 636
553 2 2 3 1 386 45 638
554 2 2 3 1 260 367 566
555 2 2 3 1 264 369 567
556 2 2 3 1 288 408 645
557 2 2 3 1 407 267 648
558 2 2 3 1 406 264 647
559 2 2 3 1 289 405 646
560 2 2 3 1 266 371 563
561 2 2 3 1 267 373 564
562 2 2 3 1 287 434 488
563 2 2 3 1 288 432 460
564 2 2 3 1 311 414 546
565 2 2 3 1 414 239 546
566 2 2 3 1 317 409 477
567 2 2 3 1 430 325 565
568 2 2 3 1 252 430 565
569 2 2 3 1 433 227 462
570 2 2 3 1 272 375 608
571 2 2 3 1 522 306 576
572 2 2 3 1 348 522 576
573 2 2 3 1 248 407 590
574 2 2 3 1 392 259 614
575 2 2 3 1 326 392 614
576 2 2 3 1 418 246 588
577 2 2 3 1 268 376 572
578 2 2 3 1 324 475 559
579 2 2 3 1 16 17 457
580 2 2 3 1 71 70 458
581 2 2 3 1 34 35 456
582 2 2 3 1 55 54 459
583 2 2 3 1 39 40 497
584 2 2 3 1 76 75 496
585 2 2 3 1 21 22 495
586 2 2 3 1 50 49 498
587 2 2 3 1 443 235 469
588 2 2 3 1 441 234 468
589 2 2 3 1 392 319 503
590 2 2 3 1 240 419 474
591 2 2 3 1 435 228 536
592 2 2 3 1 270 427 487
593 2 2 3 1 255 417 499
594 2 2 3 1 417 323 499
595 2 2 3 1 408 247 587
596 2 2 3 1 292 431 478
597 2 2 3 1 297 453 460
598 2 2 3 1 453 288 460
599 2 2 3 1 231 384 573
600 2 2 3 1 294 413 532
601 2 2 3 1 413 254 532
602 2 2 3 1 265 403 512
603 2 2 3 1 261 401 511
604 2 2 3 1 263 404 514
605 2 2 3 1 262 402 513
606 2 2 3 1 402 262 650
607 2 2 3 1 401 261 651
608 2 2 3 1 403 265 652
609 2 2 3 1 284 404 649
610 2 2 3 1 315 423 557
611 2 2 3 1 68 424 555
612 2 2 3 1 313 425 554
613 2 2 3 1 425 14 554
614 2 2 3 1 424 314 555
615 2 2 3 1 426 57 556
616 2 2 3 1 423 32 557
617 2 2 3 1 312 426 556
618 2 2 3 1 438 540 635
619 2 2 3 1 359 643 647
620 2 2 3 1 361 642 648
621 2 2 3 1 25 26 595
622 2 2 3 1 46 45 596
623 2 2 3 1 80 79 597
624 2 2 3 1 64 63 598
625 2 2 3 1 9 10 599
626 2 2 3 1 43 44 602
627 2 2 3 1 27 28 600
628 2 2 3 1 62 61 601
629 2 2 3 1 390 233 569
630 2 2 3 1 427 320 487
631 2 2 3 1 266 408 517
632 2 2 3 1 331 574 604
633 2 2 3 1 318 492 549
634 2 2 3 1 245 429 627
635 2 2 3 1 299 441 468
636 2 2 3 1 301 443 469
637 2 2 3 1 269 429 494
638 2 2 3 1 262 486 650
639 2 2 3 1 486 355 650
640 2 2 3 1 261 484 651
641 2 2 3 1 484 357 651
642 2 2 3 1 335 476 653
643 2 2 3 1 325 412 516
644 2 2 3 1 436 291 501
645 2 2 3 1 286 406 647
646 2 2 3 1 408 266 645
647 2 2 3 1 269 391 616
648 2 2 3 1 412 325 620
649 2 2 3 1 228 412 620
650 2 2 3 1 434 229 488
651 2 2 3 1 434 283 489
652 2 2 3 1 429 321 494
653 2 2 3 1 562 351 609
654 2 2 3 1 403 236 633
655 2 2 3 1 404 237 632
656 2 2 3 1 391 306 589
657 2 2 3 1 226 391 589
658 2 2 3 1 442 298 633
659 2 2 3 1 444 304 632
660 2 2 3 1 251 445 535
661 2 2 3 1 318 549 628
662 2 2 3 1 467 289 536
663 2 2 3 1 328 467 536
664 2 2 3 1 254 411 532
665 2 2 3 1 400 25 595
666 2 2 3 1 79 395 597
667 2 2 3 1 398 64 598
668 2 2 3 1 396 46 596
669 2 2 3 1 10 399 599
670 2 2 3 1 397 43 602
671 2 2 3 1 28 393 600
672 2 2 3 1 61 394 601
673 2 2 3 1 394 300 592
674 2 2 3 1 393 302 593
675 2 2 3 1 430 252 500
676 2 2 3 1 537 320 619
677 2 2 3 1 378 537 619
678 2 2 3 1 465 305 510
679 2 2 3 1 466 303 509
680 2 2 3 1 274 393 593
681 2 2 3 1 276 394 592
682 2 2 3 1 521 284 591
683 2 2 3 1 349 418 588
684 2 2 3 1 257 420 617
685 2 2 3 1 337 568 634
686 2 2 3 1 319 562 609
687 2 2 3 1 379 454 548
688 2 2 3 1 242 436 501
689 2 2 3 1 250 411 538
690 2 2 3 1 455 292 478
691 2 2 3 1 235 443 490
692 2 2 3 1 234 441 491
693 2 2 3 1 419 240 576
694 2 2 3 1 258 409 570
695 2 2 3 1 409 241 571
696 2 2 3 1 264 406 582
697 2 2 3 1 267 407 583
698 2 2 3 1 271 515 604
699 2 2 3 1 420 324 617
700 2 2 3 1 413 294 544
701 2 2 3 1 229 413 544
702 2 2 3 1 410 226 589
703 2 2 3 1 306 410 589
704 2 2 3 1 316 455 634
705 2 2 3 1 290 446 479
706 2 2 3 1 447 322 541
707 2 2 3 1 247 447 541
708 2 2 3 1 241 476 571
709 2 2 3 1 643 286 647
710 2 2 3 1 642 287 648
711 2 2 3 1 259 412 614
712 2 2 3 1 420 257 586
713 2 2 3 1 490 302 511
714 2 2 3 1 491 300 513
715 2 2 3 1 416 311 615
716 2 2 3 1 413 229 623
717 2 2 3 1 361 449 642
718 2 2 3 1 359 450 643
719 2 2 3 1 360 452 641
720 2 2 3 1 358 451 640
721 2 2 3 1 414 270 624
722 2 2 3 1 249 431 548
723 2 2 3 1 227 433 518
724 2 2 3 1 254 413 628
725 2 2 3 1 226 432 521
726 2 2 3 1 270 416 622
727 2 2 3 1 415 227 615
728 2 2 3 1 238 455 478
729 2 2 3 1 311 415 615
730 2 2 3 1 228 435 523
731 2 2 3 1 227 416 615
732 2 2 3 1 273 442 509
733 2 2 3 1 275 444 510
734 2 2 3 1 324 470 475
735 2 2 3 1 470 268 475
736 2 2 3 1 417 255 584
737 2 2 3 1 317 477 573
738 2 2 3 1 418 256 585
739 2 2 3 1 464 341 572
740 2 2 3 1 419 269 631
741 2 2 3 1 464 238 478
742 2 2 3 1 518 281 630
743 2 2 3 1 310 420 586
744 2 2 3 1 428 229 544
745 2 2 3 1 467 328 504
746 2 2 3 1 289 435 536
747 2 2 3 1 37 38 553
748 2 2 3 1 19 20 552
749 2 2 3 1 74 73 551
750 2 2 3 1 52 51 550
751 2 2 3 1 324 420 625
752 2 2 3 1 420 248 625
753 2 2 3 1 421 272 608
754 2 2 3 1 331 493 607
755 2 2 3 1 246 504 588
756 2 2 3 1 523 282 621
757 2 2 3 1 422 271 604
758 2 2 3 1 520 253 644
759 2 2 3 1 298 512 633
760 2 2 3 1 304 514 632
761 2 2 3 1 431 292 548
762 2 2 3 1 225 493 515
763 2 2 3 1 429 245 635
764 2 2 3 1 321 429 635
765 2 2 3 1 48 47 526
766 2 2 3 1 11 12 527
767 2 2 3 1 78 77 529
768 2 2 3 1 66 65 528
769 2 2 3 1 23 24 531
770 2 2 3 1 41 42 525
771 2 2 3 1 60 59 524
772 2 2 3 1 29 30 530
773 2 2 3 1 430 328 626
774 2 2 3 1 325 430 620
775 2 2 3 1 571 476 629
776 2 2 3 1 229 489 623
777 2 2 3 1 243 437 542
778 2 2 3 1 438 280 540
779 2 2 3 1 439 247 541
780 2 2 3 1 244 440 543
781 2 2 3 1 325 516 575
782 2 2 3 1 439 314 587
783 2 2 3 1 368 496 653
784 2 2 3 1 433 286 643
785 2 2 3 1 434 287 642
786 2 2 3 1 432 288 641
787 2 2 3 1 435 289 640
788 2 2 3 1 247 439 587
789 2 2 3 1 377 474 631
790 2 2 3 1 246 467 504
791 2 2 3 1 351 559 609
792 2 2 3 1 559 233 609
793 2 2 3 1 454 249 548
794 2 2 3 1 250 479 568
795 2 2 3 1 340 520 644
796 2 2 3 1 315 437 612
797 2 2 3 1 312 440 611
798 2 2 3 1 313 438 613
799 2 2 3 1 536 228 626
800 2 2 3 1 448 293 594
801 2 2 3 1 534 230 579
802 2 2 3 1 338 534 579
803 2 2 3 1 494 321 610
804 2 2 3 1 57 56 556
805 2 2 3 1 14 15 554
806 2 2 3 1 69 68 555
807 2 2 3 1 32 33 557
808 2 2 3 1 437 243 612
809 2 2 3 1 440 244 611
810 2 2 3 1 438 245 613
811 2 2 3 1 482 332 582
812 2 2 3 1 480 333 581
813 2 2 3 1 481 334 583
814 2 2 3 1 517 408 587
815 2 2 3 1 501 291 539
816 2 2 3 1 26 1 637
817 2 2 3 1 1 27 637
818 2 2 3 1 44 3 639
819 2 2 3 1 45 4 638
820 2 2 3 1 2 9 636
821 2 2 3 1 63 2 636
822 2 2 3 1 4 80 638
823 2 2 3 1 3 62 639
824 2 2 3 1 515 331 604
825 2 2 3 1 581 260 646
826 2 2 3 1 405 581 646
827 2 2 3 1 236 442 633
828 2 2 3 1 237 444 632
829 2 2 3 1 319 543 562
830 2 2 3 1 541 322 561
831 2 2 3 1 321 605 610
832 2 2 3 1 493 331 515
833 2 2 3 1 455 238 634
834 2 2 3 1 473 351 562
835 2 2 3 1 353 471 561
836 2 2 3 1 241 492 533
837 2 2 3 1 492 318 533
838 2 2 3 1 329 521 591
839 2 2 3 1 287 590 648
840 2 2 3 1 590 407 648
841 2 2 3 1 38 505 553
842 2 2 3 1 20 507 552
843 2 2 3 1 508 74 551
844 2 2 3 1 51 506 550
845 2 2 3 1 605 352 610
846 2 2 3 1 534 338 535
847 2 2 3 1 295 534 535
848 2 2 3 1 280 472 605
849 2 2 3 1 323 501 539
850 2 2 3 1 539 338 579
851 2 2 3 1 323 539 579
852 2 2 3 1 305 465 563
853 2 2 3 1 303 466 564
854 2 2 3 1 375 463 608
855 2 2 3 1 618 378 619
856 2 2 3 1 277 618 619
857 2 2 3 1 503 319 609
858 2 2 3 1 355 560 621
859 2 2 3 1 546 239 574
860 2 2 3 1 336 546 574
861 2 2 3 1 559 351 617
862 2 2 3 1 299 468 566
863 2 2 3 1 301 469 567
864 2 2 3 1 471 279 561
865 2 2 3 1 278 473 562
866 2 2 3 1 311 546 547
867 2 2 3 1 546 336 547
868 2 2 3 1 461 414 624
869 2 2 3 1 492 317 549
870 2 2 3 1 502 338 539
871 2 2 3 1 291 502 539
872 2 2 3 1 350 461 624
873 2 2 3 1 300 491 592
874 2 2 3 1 302 490 593
875 2 2 3 1 512 403 633
876 2 2 3 1 514 404 632
877 2 2 3 1 231 577 580
878 2 2 3 1 577 340 580
879 2 2 3 1 540 280 605
880 2 2 3 1 506 310 550
881 2 2 3 1 309 508 551
882 2 2 3 1 507 307 552
883 2 2 3 1 505 308 553
884 2 2 3 1 238 519 634
885 2 2 3 1 472 352 605
886 2 2 3 1 508 309 629
887 2 2 3 1 335 508 629
888 2 2 3 1 330 518 630
889 2 2 3 1 485 313 613
890 2 2 3 1 484 315 612
891 2 2 3 1 486 312 611
892 2 2 3 1 470 324 625
893 2 2 3 1 474 419 631
894 2 2 3 1 489 318 623
895 2 2 3 1 356 591 649
896 2 2 3 1 591 284 649
897 2 2 3 1 504 296 588
898 2 2 3 1 476 335 629
899 2 2 3 1 623 318 628
900 2 2 3 1 314 517 587
901 2 2 3 1 309 570 571
902 2 2 3 1 570 409 571
903 2 2 3 1 413 623 628
904 2 2 3 1 591 356 627
905 2 2 3 1 343 565 575
906 2 2 3 1 336 574 607
907 2 2 3 1 326 523 621
908 2 2 3 1 321 540 605
909 2 2 3 1 538 327 606
910 2 2 3 1 328 536 626
911 2 2 3 1 357 603 630
912 2 2 3 1 250 538 606
913 2 2 3 1 496 335 653
914 2 2 3 1 565 325 575
915 2 2 3 1 320 542 619
916 2 2 3 1 519 337 634
917 2 2 3 1 327 578 606
918 2 2 3 1 253 578 644
919 2 2 3 1 549 254 628
920 2 2 3 1 309 571 629
921 2 2 3 1 540 321 635
922 2 2 3 1 324 559 617
923 2 2 3 1 574 331 607
924 2 2 3 1 578 339 606
925 2 2 3 1 560 326 621
926 2 2 3 1 578 327 644
927 2 2 3 1 327 580 644
928 2 2 3 1 620 430 626
929 2 2 3 1 228 620 626
930 2 2 3 1 329 591 627
931 2 2 3 1 603 330 630
932 2 2 3 1 580 340 644
933 2 2 4 2 961 981 711
934 2 2 4 2 774 794 90
935 2 2 4 2 144 795 773
936 2 2 4 2 776 796 108
937 2 2 4 2 775 797 125
938 2 2 4 2 809 861 678
939 2 2 4 2 721 861 809
940 2 2 4 2 764 779 701
941 2 2 4 2 729 870 827
942 2 2 4 2 829 873 734
943 2 2 4 2 704 873 829
944 2 2 4 2 827 870 705
945 2 2 4 2 825 871 728
946 2 2 4 2 830 872 703
947 2 2 4 2 702 871 825
948 2 2 4 2 731 872 830
949 2 2 4 2 835 932 662
950 2 2 4 2 759 932 835
951 2 2 4 2 919 962 712
952 2 2 4 2 719 777 766
953 2 2 4 2 711 981 784
954 2 2 4 2 126 775 125
955 2 2 4 2 89 774 90
956 2 2 4 2 107 776 108
957 2 2 4 2 144 773 143
958 2 2 4 2 712 962 783
959 2 2 4 2 697 856 770
960 2 2 4 2 842 1040 951
961 2 2 4 2 779 905 721
962 2 2 4 2 926 1010 689
963 2 2 4 2 927 1012 696
964 2 2 4 2 924 1011 693
965 2 2 4 2 93 935 760
966 2 2 4 2 111 933 761
967 2 2 4 2 763 936 147
968 2 2 4 2 122 934 762
969 2 2 4 2 725 860 858
970 2 2 4 2 858 860 654
971 2 2 4 2 831 920 664
972 2 2 4 2 832 921 663
973 2 2 4 2 767 876 750
974 2 2 4 2 726 891 792
975 2 2 4 2 792 891 659
976 2 2 4 2 773 795 687
977 2 2 4 2 684 794 774
978 2 2 4 2 685 796 776
979 2 2 4 2 686 797 775
980 2 2 4 2 700 875 809
981 2 2 4 2 831 939 920
982 2 2 4 2 832 941 921
983 2 2 4 2 779 1047 905
984 2 2 4 2 821 1043 948
985 2 2 4 2 701 874 764
986 2 2 4 2 764 874 680
987 2 2 4 2 680 974 764
988 2 2 4 2 842 951 656
989 2 2 4 2 951 1040 755
990 2 2 4 2 768 906 661
991 2 2 4 2 821 948 655
992 2 2 4 2 690 851 806
993 2 2 4 2 803 852 695
994 2 2 4 2 692 853 802
995 2 2 4 2 691 854 804
996 2 2 4 2 761 926 111
997 2 2 4 2 760 924 93
998 2 2 4 2 147 925 763
999 2 2 4 2 762 927 122
1000 2 2 4 2 805 927 696
1001 2 2 4 2 799 926 689
1002 2 2 4 2 801 924 693
1003 2 2 4 2 889 964 759
1004 2 2 4 2 765 974 680
1005 2 2 4 2 741 974 765
1006 2 2 4 2 659 909 791
1007 2 2 4 2 688 820 819
1008 2 2 4 2 819 820 714
1009 2 2 4 2 814 1003 976
1010 2 2 4 2 789 893 695
1011 2 2 4 2 790 894 696
1012 2 2 4 2 681 877 772
1013 2 2 4 2 894 993 696
1014 2 2 4 2 893 992 695
1015 2 2 4 2 783 907 694
1016 2 2 4 2 772 877 700
1017 2 2 4 2 814 976 683
1018 2 2 4 2 655 888 841
1019 2 2 4 2 679 844 769
1020 2 2 4 2 750 1007 767
1021 2 2 4 2 875 916 809
1022 2 2 4 2 683 844 814
1023 2 2 4 2 677 901 770
1024 2 2 4 2 675 900 771
1025 2 2 4 2 771 1019 675
1026 2 2 4 2 841 888 727
1027 2 2 4 2 721 946 779
1028 2 2 4 2 690 913 851
1029 2 2 4 2 692 914 853
1030 2 2 4 2 691 915 854
1031 2 2 4 2 659 1036 909
1032 2 2 4 2 840 922 746
1033 2 2 4 2 670 922 840
1034 2 2 4 2 707 964 889
1035 2 2 4 2 793 1041 662
1036 2 2 4 2 661 999 768
1037 2 2 4 2 782 908 660
1038 2 2 4 2 765 995 741
1039 2 2 4 2 787 898 689
1040 2 2 4 2 788 899 693
1041 2 2 4 2 767 947 876
1042 2 2 4 2 820 861 714
1043 2 2 4 2 678 861 820
1044 2 2 4 2 967 1041 793
1045 2 2 4 2 665 937 894
1046 2 2 4 2 666 938 893
1047 2 2 4 2 949 1008 766
1048 2 2 4 2 769 950 723
1049 2 2 4 2 761 1010 926
1050 2 2 4 2 762 1012 927
1051 2 2 4 2 760 1011 924
1052 2 2 4 2 766 923 719
1053 2 2 4 2 916 946 721
1054 2 2 4 2 661 930 819
1055 2 2 4 2 723 971 807
1056 2 2 4 2 779 946 701
1057 2 2 4 2 724 874 850
1058 2 2 4 2 682 949 841
1059 2 2 4 2 861 905 714
1060 2 2 4 2 907 1082 694
1061 2 2 4 2 736 847 821
1062 2 2 4 2 700 1054 772
1063 2 2 4 2 871 937 665
1064 2 2 4 2 873 938 666
1065 2 2 4 2 856 917 770
1066 2 2 4 2 682 1008 949
1067 2 2 4 2 778 931 671
1068 2 2 4 2 726 931 778
1069 2 2 4 2 90 794 91
1070 2 2 4 2 145 795 144
1071 2 2 4 2 108 796 109
1072 2 2 4 2 125 797 124
1073 2 2 4 2 845 892 669
1074 2 2 4 2 898 997 689
1075 2 2 4 2 899 998 693
1076 2 2 4 2 714 905 892
1077 2 2 4 2 724 1000 874
1078 2 2 4 2 757 931 928
1079 2 2 4 2 807 971 856
1080 2 2 4 2 772 1004 681
1081 2 2 4 2 804 854 130
1082 2 2 4 2 802 853 85
1083 2 2 4 2 139 852 803
1084 2 2 4 2 806 851 103
1085 2 2 4 2 105 812 106
1086 2 2 4 2 128 810 127
1087 2 2 4 2 142 813 141
1088 2 2 4 2 87 811 88
1089 2 2 4 2 667 883 850
1090 2 2 4 2 850 883 724
1091 2 2 4 2 835 889 759
1092 2 2 4 2 769 966 679
1093 2 2 4 2 754 981 961
1094 2 2 4 2 681 928 792
1095 2 2 4 2 775 889 686
1096 2 2 4 2 707 889 775
1097 2 2 4 2 852 944 695
1098 2 2 4 2 792 928 726
1099 2 2 4 2 661 1035 930
1100 2 2 4 2 94 801 95
1101 2 2 4 2 112 799 113
1102 2 2 4 2 121 805 120
1103 2 2 4 2 131 804 130
1104 2 2 4 2 139 803 138
1105 2 2 4 2 84 802 85
1106 2 2 4 2 149 800 148
1107 2 2 4 2 102 806 103
1108 2 2 4 2 714 892 768
1109 2 2 4 2 822 970 672
1110 2 2 4 2 923 966 858
1111 2 2 4 2 777 949 766
1112 2 2 4 2 774 885 709
1113 2 2 4 2 776 884 706
1114 2 2 4 2 708 886 773
1115 2 2 4 2 775 887 707
1116 2 2 4 2 906 988 661
1117 2 2 4 2 858 966 725
1118 2 2 4 2 771 918 718
1119 2 2 4 2 680 929 765
1120 2 2 4 2 675 910 848
1121 2 2 4 2 836 910 675
1122 2 2 4 2 837 912 671
1123 2 2 4 2 838 911 677
1124 2 2 4 2 794 952 737
1125 2 2 4 2 768 999 714
1126 2 2 4 2 672 989 822
1127 2 2 4 2 732 939 806
1128 2 2 4 2 730 941 804
1129 2 2 4 2 734 942 802
1130 2 2 4 2 728 940 800
1131 2 2 4 2 848 910 738
1132 2 2 4 2 684 952 794
1133 2 2 4 2 107 884 776
1134 2 2 4 2 126 887 775
1135 2 2 4 2 89 885 774
1136 2 2 4 2 773 886 143
1137 2 2 4 2 798 855 668
1138 2 2 4 2 700 855 798
1139 2 2 4 2 770 901 697
1140 2 2 4 2 723 945 769
1141 2 2 4 2 841 947 682
1142 2 2 4 2 659 891 781
1143 2 2 4 2 701 946 860
1144 2 2 4 2 908 1003 660
1145 2 2 4 2 770 1018 677
1146 2 2 4 2 718 1019 771
1147 2 2 4 2 849 911 740
1148 2 2 4 2 677 911 849
1149 2 2 4 2 806 939 690
1150 2 2 4 2 804 941 691
1151 2 2 4 2 800 940 694
1152 2 2 4 2 802 942 692
1153 2 2 4 2 677 1051 901
1154 2 2 4 2 700 877 855
1155 2 2 4 2 672 1038 786
1156 2 2 4 2 673 1037 784
1157 2 2 4 2 674 1039 785
1158 2 2 4 2 821 847 698
1159 2 2 4 2 807 856 697
1160 2 2 4 2 687 902 773
1161 2 2 4 2 774 903 684
1162 2 2 4 2 776 904 685
1163 2 2 4 2 820 943 678
1164 2 2 4 2 845 1057 892
1165 2 2 4 2 709 903 774
1166 2 2 4 2 706 904 776
1167 2 2 4 2 773 902 708
1168 2 2 4 2 766 1048 923
1169 2 2 4 2 741 846 845
1170 2 2 4 2 841 949 736
1171 2 2 4 2 844 987 814
1172 2 2 4 2 845 846 699
1173 2 2 4 2 928 931 726
1174 2 2 4 2 748 970 822
1175 2 2 4 2 151 825 150
1176 2 2 4 2 96 830 97
1177 2 2 4 2 114 827 115
1178 2 2 4 2 82 829 83
1179 2 2 4 2 137 828 136
1180 2 2 4 2 133 824 132
1181 2 2 4 2 119 826 118
1182 2 2 4 2 100 823 101
1183 2 2 4 2 809 1054 700
1184 2 2 4 2 948 1043 758
1185 2 2 4 2 756 1009 814
1186 2 2 4 2 814 1009 660
1187 2 2 4 2 694 1081 783
1188 2 2 4 2 822 989 755
1189 2 2 4 2 923 1048 679
1190 2 2 4 2 687 908 782
1191 2 2 4 2 808 972 932
1192 2 2 4 2 657 918 846
1193 2 2 4 2 742 869 810
1194 2 2 4 2 745 866 812
1195 2 2 4 2 743 867 811
1196 2 2 4 2 813 868 744
1197 2 2 4 2 811 867 709
1198 2 2 4 2 708 868 813
1199 2 2 4 2 812 866 706
1200 2 2 4 2 810 869 707
1201 2 2 4 2 851 913 745
1202 2 2 4 2 853 914 743
1203 2 2 4 2 854 915 742
1204 2 2 4 2 128 984 810
1205 2 2 4 2 105 985 812
1206 2 2 4 2 813 983 141
1207 2 2 4 2 87 982 811
1208 2 2 4 2 782 1007 750
1209 2 2 4 2 660 1007 782
1210 2 2 4 2 130 854 129
1211 2 2 4 2 140 852 139
1212 2 2 4 2 85 853 86
1213 2 2 4 2 103 851 104
1214 2 2 4 2 701 890 850
1215 2 2 4 2 876 947 727
1216 2 2 4 2 807 883 667
1217 2 2 4 2 815 1025 703
1218 2 2 4 2 705 1031 818
1219 2 2 4 2 818 1032 705
1220 2 2 4 2 704 1029 817
1221 2 2 4 2 817 1028 704
1222 2 2 4 2 702 1027 816
1223 2 2 4 2 703 1030 815
1224 2 2 4 2 816 1026 702
1225 2 2 4 2 695 1073 789
1226 2 2 4 2 689 1074 787
1227 2 2 4 2 688 943 820
1228 2 2 4 2 790 878 665
1229 2 2 4 2 788 879 664
1230 2 2 4 2 789 881 666
1231 2 2 4 2 787 880 663
1232 2 2 4 2 860 890 701
1233 2 2 4 2 825 1027 702
1234 2 2 4 2 703 1025 830
1235 2 2 4 2 824 1031 705
1236 2 2 4 2 823 1030 703
1237 2 2 4 2 829 1029 704
1238 2 2 4 2 704 1028 828
1239 2 2 4 2 702 1026 826
1240 2 2 4 2 705 1032 827
1241 2 2 4 2 855 895 668
1242 2 2 4 2 836 1010 910
1243 2 2 4 2 837 1011 912
1244 2 2 4 2 838 1012 911
1245 2 2 4 2 722 895 855
1246 2 2 4 2 798 875 700
1247 2 2 4 2 844 950 769
1248 2 2 4 2 681 1023 877
1249 2 2 4 2 778 891 726
1250 2 2 4 2 673 964 869
1251 2 2 4 2 826 937 702
1252 2 2 4 2 828 938 704
1253 2 2 4 2 735 938 828
1254 2 2 4 2 733 937 826
1255 2 2 4 2 110 933 111
1256 2 2 4 2 92 935 93
1257 2 2 4 2 147 936 146
1258 2 2 4 2 123 934 122
1259 2 2 4 2 866 970 706
1260 2 2 4 2 708 969 868
1261 2 2 4 2 675 1050 900
1262 2 2 4 2 764 1047 779
1263 2 2 4 2 897 964 673
1264 2 2 4 2 943 996 678
1265 2 2 4 2 804 953 730
1266 2 2 4 2 729 954 799
1267 2 2 4 2 806 959 732
1268 2 2 4 2 802 956 734
1269 2 2 4 2 735 957 803
1270 2 2 4 2 800 958 728
1271 2 2 4 2 731 960 801
1272 2 2 4 2 733 955 805
1273 2 2 4 2 842 943 688
1274 2 2 4 2 667 945 807
1275 2 2 4 2 807 945 723
1276 2 2 4 2 664 879 831
1277 2 2 4 2 665 878 833
1278 2 2 4 2 831 879 710
1279 2 2 4 2 833 878 712
1280 2 2 4 2 832 880 711
1281 2 2 4 2 834 881 713
1282 2 2 4 2 666 881 834
1283 2 2 4 2 663 880 832
1284 2 2 4 2 808 932 720
1285 2 2 4 2 812 985 745
1286 2 2 4 2 811 982 743
1287 2 2 4 2 810 984 742
1288 2 2 4 2 744 983 813
1289 2 2 4 2 719 1024 777
1290 2 2 4 2 905 1047 669
1291 2 2 4 2 724 883 793
1292 2 2 4 2 786 1038 913
1293 2 2 4 2 784 1037 915
1294 2 2 4 2 785 1039 914
1295 2 2 4 2 664 899 788
1296 2 2 4 2 663 898 787
1297 2 2 4 2 709 885 811
1298 2 2 4 2 706 884 812
1299 2 2 4 2 813 886 708
1300 2 2 4 2 707 887 810
1301 2 2 4 2 791 895 722
1302 2 2 4 2 932 972 662
1303 2 2 4 2 839 882 717
1304 2 2 4 2 676 882 839
1305 2 2 4 2 782 902 687
1306 2 2 4 2 684 903 781
1307 2 2 4 2 685 904 780
1308 2 2 4 2 720 932 897
1309 2 2 4 2 897 932 759
1310 2 2 4 2 970 990 706
1311 2 2 4 2 708 991 969
1312 2 2 4 2 727 947 841
1313 2 2 4 2 131 953 804
1314 2 2 4 2 801 960 95
1315 2 2 4 2 799 954 113
1316 2 2 4 2 149 958 800
1317 2 2 4 2 805 955 120
1318 2 2 4 2 84 956 802
1319 2 2 4 2 803 957 138
1320 2 2 4 2 102 959 806
1321 2 2 4 2 665 894 790
1322 2 2 4 2 666 893 789
1323 2 2 4 2 819 930 688
1324 2 2 4 2 727 882 876
1325 2 2 4 2 876 882 676
1326 2 2 4 2 747 962 919
1327 2 2 4 2 784 1079 711
1328 2 2 4 2 692 1078 785
1329 2 2 4 2 783 1081 712
1330 2 2 4 2 786 1080 710
1331 2 2 4 2 840 908 687
1332 2 2 4 2 911 934 740
1333 2 2 4 2 762 934 911
1334 2 2 4 2 761 933 910
1335 2 2 4 2 912 935 737
1336 2 2 4 2 760 935 912
1337 2 2 4 2 910 933 738
1338 2 2 4 2 688 930 822
1339 2 2 4 2 812 884 106
1340 2 2 4 2 810 887 127
1341 2 2 4 2 811 885 88
1342 2 2 4 2 142 886 813
1343 2 2 4 2 716 1018 917
1344 2 2 4 2 781 1036 659
1345 2 2 4 2 976 1003 746
1346 2 2 4 2 670 907 783
1347 2 2 4 2 758 1043 857
1348 2 2 4 2 1006 1024 668
1349 2 2 4 2 777 1024 1006
1350 2 2 4 2 814 987 756
1351 2 2 4 2 785 914 692
1352 2 2 4 2 781 1033 684
1353 2 2 4 2 789 1073 717
1354 2 2 4 2 787 1074 718
1355 2 2 4 2 696 1076 790
1356 2 2 4 2 693 1075 788
1357 2 2 4 2 850 874 701
1358 2 2 4 2 917 1018 770
1359 2 2 4 2 671 1072 778
1360 2 2 4 2 713 1068 862
1361 2 2 4 2 711 1067 865
1362 2 2 4 2 712 1069 864
1363 2 2 4 2 710 1070 863
1364 2 2 4 2 850 890 667
1365 2 2 4 2 918 1066 846
1366 2 2 4 2 658 917 856
1367 2 2 4 2 718 1067 787
1368 2 2 4 2 717 1068 789
1369 2 2 4 2 697 1077 807
1370 2 2 4 2 739 1001 795
1371 2 2 4 2 736 1006 847
1372 2 2 4 2 719 994 798
1373 2 2 4 2 816 1027 152
1374 2 2 4 2 98 1025 815
1375 2 2 4 2 117 1026 816
1376 2 2 4 2 135 1028 817
1377 2 2 4 2 817 1029 81
1378 2 2 4 2 815 1030 99
1379 2 2 4 2 818 1031 134
1380 2 2 4 2 116 1032 818
1381 2 2 4 2 780 1044 685
1382 2 2 4 2 795 1001 687
1383 2 2 4 2 732 959 823
1384 2 2 4 2 730 953 824
1385 2 2 4 2 827 954 729
1386 2 2 4 2 114 954 827
1387 2 2 4 2 823 959 101
1388 2 2 4 2 829 956 83
1389 2 2 4 2 734 956 829
1390 2 2 4 2 137 957 828
1391 2 2 4 2 828 957 735
1392 2 2 4 2 824 953 132
1393 2 2 4 2 825 958 150
1394 2 2 4 2 728 958 825
1395 2 2 4 2 119 955 826
1396 2 2 4 2 826 955 733
1397 2 2 4 2 96 960 830
1398 2 2 4 2 830 960 731
1399 2 2 4 2 855 877 722
1400 2 2 4 2 750 991 782
1401 2 2 4 2 710 1046 786
1402 2 2 4 2 872 1022 703
1403 2 2 4 2 870 1021 705
1404 2 2 4 2 686 889 835
1405 2 2 4 2 803 992 735
1406 2 2 4 2 805 993 733
1407 2 2 4 2 799 997 729
1408 2 2 4 2 801 998 731
1409 2 2 4 2 808 929 680
1410 2 2 4 2 720 929 808
1411 2 2 4 2 786 989 672
1412 2 2 4 2 783 962 670
1413 2 2 4 2 784 981 673
1414 2 2 4 2 785 1053 674
1415 2 2 4 2 881 1068 713
1416 2 2 4 2 880 1067 711
1417 2 2 4 2 878 1069 712
1418 2 2 4 2 879 1070 710
1419 2 2 4 2 668 1024 798
1420 2 2 4 2 952 1033 778
1421 2 2 4 2 792 1023 681
1422 2 2 4 2 757 928 859
1423 2 2 4 2 94 924 801
1424 2 2 4 2 800 925 148
1425 2 2 4 2 121 927 805
1426 2 2 4 2 112 926 799
1427 2 2 4 2 740 977 797
1428 2 2 4 2 795 978 739
1429 2 2 4 2 738 980 796
1430 2 2 4 2 737 979 794
1431 2 2 4 2 662 972 793
1432 2 2 4 2 793 972 724
1433 2 2 4 2 684 1033 952
1434 2 2 4 2 857 1053 758
1435 2 2 4 2 658 919 864
1436 2 2 4 2 712 1081 833
1437 2 2 4 2 834 1078 692
1438 2 2 4 2 711 1079 832
1439 2 2 4 2 710 1080 831
1440 2 2 4 2 809 916 721
1441 2 2 4 2 694 1082 800
1442 2 2 4 2 837 896 715
1443 2 2 4 2 671 896 837
1444 2 2 4 2 797 977 124
1445 2 2 4 2 794 979 91
1446 2 2 4 2 145 978 795
1447 2 2 4 2 796 980 109
1448 2 2 4 2 697 967 793
1449 2 2 4 2 797 1014 740
1450 2 2 4 2 796 1015 738
1451 2 2 4 2 862 888 655
1452 2 2 4 2 798 1024 719
1453 2 2 4 2 722 1023 792
1454 2 2 4 2 722 986 791
1455 2 2 4 2 791 986 659
1456 2 2 4 2 792 986 722
1457 2 2 4 2 659 986 792
1458 2 2 4 2 714 999 819
1459 2 2 4 2 862 948 713
1460 2 2 4 2 863 951 710
1461 2 2 4 2 793 1077 697
1462 2 2 4 2 657 961 865
1463 2 2 4 2 909 1060 791
1464 2 2 4 2 698 1060 909
1465 2 2 4 2 678 1054 809
1466 2 2 4 2 685 1015 796
1467 2 2 4 2 686 1014 797
1468 2 2 4 2 857 1043 698
1469 2 2 4 2 674 1061 867
1470 2 2 4 2 920 1022 872
1471 2 2 4 2 921 1021 870
1472 2 2 4 2 744 944 852
1473 2 2 4 2 668 895 847
1474 2 2 4 2 152 1064 816
1475 2 2 4 2 818 1065 116
1476 2 2 4 2 815 1063 98
1477 2 2 4 2 134 1065 818
1478 2 2 4 2 99 1063 815
1479 2 2 4 2 81 1062 817
1480 2 2 4 2 817 1062 135
1481 2 2 4 2 816 1064 117
1482 2 2 4 2 689 997 799
1483 2 2 4 2 693 998 801
1484 2 2 4 2 717 1073 839
1485 2 2 4 2 838 1076 696
1486 2 2 4 2 837 1075 693
1487 2 2 4 2 718 1074 836
1488 2 2 4 2 725 890 860
1489 2 2 4 2 695 992 803
1490 2 2 4 2 696 993 805
1491 2 2 4 2 718 918 865
1492 2 2 4 2 716 917 864
1493 2 2 4 2 717 888 862
1494 2 2 4 2 845 975 741
1495 2 2 4 2 669 975 845
1496 2 2 4 2 746 908 840
1497 2 2 4 2 949 1006 736
1498 2 2 4 2 777 1006 949
1499 2 2 4 2 677 1018 838
1500 2 2 4 2 836 1019 718
1501 2 2 4 2 822 1040 688
1502 2 2 4 2 755 1040 822
1503 2 2 4 2 723 950 843
1504 2 2 4 2 843 950 683
1505 2 2 4 2 724 972 808
1506 2 2 4 2 808 1000 724
1507 2 2 4 2 680 1000 808
1508 2 2 4 2 752 988 906
1509 2 2 4 2 965 966 769
1510 2 2 4 2 88 885 89
1511 2 2 4 2 143 886 142
1512 2 2 4 2 106 884 107
1513 2 2 4 2 127 887 126
1514 2 2 4 2 111 926 112
1515 2 2 4 2 148 925 147
1516 2 2 4 2 93 924 94
1517 2 2 4 2 122 927 121
1518 2 2 4 2 872 899 664
1519 2 2 4 2 870 898 663
1520 2 2 4 2 822 930 748
1521 2 2 4 2 863 963 656
1522 2 2 4 2 839 1016 676
1523 2 2 4 2 727 888 882
1524 2 2 4 2 882 888 717
1525 2 2 4 2 859 1004 753
1526 2 2 4 2 681 1004 859
1527 2 2 4 2 660 1003 814
1528 2 2 4 2 694 940 833
1529 2 2 4 2 690 939 831
1530 2 2 4 2 692 942 834
1531 2 2 4 2 691 941 832
1532 2 2 4 2 832 1079 691
1533 2 2 4 2 831 1080 690
1534 2 2 4 2 833 1081 694
1535 2 2 4 2 713 1078 834
1536 2 2 4 2 745 985 851
1537 2 2 4 2 140 983 852
1538 2 2 4 2 743 982 853
1539 2 2 4 2 853 982 86
1540 2 2 4 2 852 983 744
1541 2 2 4 2 854 984 129
1542 2 2 4 2 851 985 104
1543 2 2 4 2 742 984 854
1544 2 2 4 2 725 966 965
1545 2 2 4 2 867 1061 968
1546 2 2 4 2 741 995 846
1547 2 2 4 2 788 1075 1070
1548 2 2 4 2 790 1076 1069
1549 2 2 4 2 654 994 858
1550 2 2 4 2 857 909 749
1551 2 2 4 2 698 909 857
1552 2 2 4 2 654 916 875
1553 2 2 4 2 846 995 657
1554 2 2 4 2 97 1025 98
1555 2 2 4 2 118 1026 117
1556 2 2 4 2 152 1027 151
1557 2 2 4 2 136 1028 135
1558 2 2 4 2 81 1029 82
1559 2 2 4 2 115 1032 116
1560 2 2 4 2 99 1030 100
1561 2 2 4 2 134 1031 133
1562 2 2 4 2 891 1033 781
1563 2 2 4 2 721 905 861
1564 2 2 4 2 819 999 661
1565 2 2 4 2 695 944 839
1566 2 2 4 2 747 976 922
1567 2 2 4 2 674 1053 857
1568 2 2 4 2 729 898 870
1569 2 2 4 2 731 899 872
1570 2 2 4 2 691 1079 915
1571 2 2 4 2 915 1079 784
1572 2 2 4 2 690 1080 913
1573 2 2 4 2 913 1080 786
1574 2 2 4 2 763 1082 907
1575 2 2 4 2 753 943 842
1576 2 2 4 2 719 923 858
1577 2 2 4 2 715 1075 837
1578 2 2 4 2 839 1073 695
1579 2 2 4 2 698 1043 821
1580 2 2 4 2 842 1045 753
1581 2 2 4 2 656 1045 842
1582 2 2 4 2 864 917 658
1583 2 2 4 2 865 918 657
1584 2 2 4 2 864 919 712
1585 2 2 4 2 990 1035 780
1586 2 2 4 2 833 1059 665
1587 2 2 4 2 834 1058 666
1588 2 2 4 2 821 1017 736
1589 2 2 4 2 655 1017 821
1590 2 2 4 2 871 1059 728
1591 2 2 4 2 873 1058 734
1592 2 2 4 2 747 1055 976
1593 2 2 4 2 896 963 715
1594 2 2 4 2 757 963 896
1595 2 2 4 2 830 1025 97
1596 2 2 4 2 151 1027 825
1597 2 2 4 2 828 1028 136
1598 2 2 4 2 826 1026 118
1599 2 2 4 2 82 1029 829
1600 2 2 4 2 827 1032 115
1601 2 2 4 2 100 1030 823
1602 2 2 4 2 133 1031 824
1603 2 2 4 2 824 1021 730
1604 2 2 4 2 823 1022 732
1605 2 2 4 2 859 928 681
1606 2 2 4 2 893 938 735
1607 2 2 4 2 894 937 733
1608 2 2 4 2 686 1042 849
1609 2 2 4 2 703 1022 823
1610 2 2 4 2 705 1021 824
1611 2 2 4 2 948 1020 713
1612 2 2 4 2 683 950 844
1613 2 2 4 2 748 1035 990
1614 2 2 4 2 662 1041 835
1615 2 2 4 2 835 1042 686
1616 2 2 4 2 654 946 916
1617 2 2 4 2 664 920 872
1618 2 2 4 2 663 921 870
1619 2 2 4 2 847 1006 668
1620 2 2 4 2 687 1001 840
1621 2 2 4 2 840 1002 670
1622 2 2 4 2 693 1011 837
1623 2 2 4 2 696 1012 838
1624 2 2 4 2 675 1019 836
1625 2 2 4 2 849 1042 751
1626 2 2 4 2 875 994 654
1627 2 2 4 2 892 905 669
1628 2 2 4 2 798 994 875
1629 2 2 4 2 843 971 723
1630 2 2 4 2 658 971 843
1631 2 2 4 2 892 1057 768
1632 2 2 4 2 841 1017 655
1633 2 2 4 2 736 1017 841
1634 2 2 4 2 848 1044 752
1635 2 2 4 2 685 1044 848
1636 2 2 4 2 876 969 750
1637 2 2 4 2 676 969 876
1638 2 2 4 2 679 987 844
1639 2 2 4 2 670 1002 907
1640 2 2 4 2 846 1066 699
1641 2 2 4 2 1070 1075 715
1642 2 2 4 2 1069 1076 716
1643 2 2 4 2 688 1040 842
1644 2 2 4 2 860 946 654
1645 2 2 4 2 849 1014 686
1646 2 2 4 2 699 1057 845
1647 2 2 4 2 848 1050 675
1648 2 2 4 2 657 1013 961
1649 2 2 4 2 920 939 732
1650 2 2 4 2 921 941 730
1651 2 2 4 2 843 1049 658
1652 2 2 4 2 790 1069 878
1653 2 2 4 2 788 1070 879
1654 2 2 4 2 789 1068 881
1655 2 2 4 2 787 1067 880
1656 2 2 4 2 683 1055 843
1657 2 2 4 2 655 948 862
1658 2 2 4 2 656 951 863
1659 2 2 4 2 702 937 871
1660 2 2 4 2 704 938 873
1661 2 2 4 2 900 906 699
1662 2 2 4 2 752 906 900
1663 2 2 4 2 746 1003 908
1664 2 2 4 2 847 1060 698
1665 2 2 4 2 865 961 711
1666 2 2 4 2 740 1014 849
1667 2 2 4 2 856 971 658
1668 2 2 4 2 699 1066 900
1669 2 2 4 2 900 1066 771
1670 2 2 4 2 896 931 757
1671 2 2 4 2 848 1015 685
1672 2 2 4 2 738 1015 848
1673 2 2 4 2 715 963 863
1674 2 2 4 2 109 980 110
1675 2 2 4 2 91 979 92
1676 2 2 4 2 146 978 145
1677 2 2 4 2 124 977 123
1678 2 2 4 2 751 1051 849
1679 2 2 4 2 849 1051 677
1680 2 2 4 2 753 996 943
1681 2 2 4 2 752 1050 848
1682 2 2 4 2 890 965 667
1683 2 2 4 2 768 1057 906
1684 2 2 4 2 906 1057 699
1685 2 2 4 2 951 1046 710
1686 2 2 4 2 858 994 719
1687 2 2 4 2 807 1077 883
1688 2 2 4 2 673 1005 897
1689 2 2 4 2 947 1071 682
1690 2 2 4 2 728 1059 940
1691 2 2 4 2 734 1058 942
1692 2 2 4 2 869 964 707
1693 2 2 4 2 679 966 923
1694 2 2 4 2 857 1061 674
1695 2 2 4 2 749 1061 857
1696 2 2 4 2 120 955 119
1697 2 2 4 2 83 956 84
1698 2 2 4 2 150 958 149
1699 2 2 4 2 138 957 137
1700 2 2 4 2 95 960 96
1701 2 2 4 2 113 954 114
1702 2 2 4 2 132 953 131
1703 2 2 4 2 101 959 102
1704 2 2 4 2 859 1052 757
1705 2 2 4 2 753 1045 859
1706 2 2 4 2 1002 1056 907
1707 2 2 4 2 658 1049 919
1708 2 2 4 2 672 970 866
1709 2 2 4 2 867 968 709
1710 2 2 4 2 868 969 676
1711 2 2 4 2 868 1016 744
1712 2 2 4 2 800 1082 925
1713 2 2 4 2 771 1066 918
1714 2 2 4 2 863 1070 715
1715 2 2 4 2 864 1069 716
1716 2 2 4 2 862 1068 717
1717 2 2 4 2 865 1067 718
1718 2 2 4 2 676 1016 868
1719 2 2 4 2 759 964 897
1720 2 2 4 2 671 931 896
1721 2 2 4 2 988 1035 661
1722 2 2 4 2 780 1035 988
1723 2 2 4 2 767 1071 947
1724 2 2 4 2 909 1036 749
1725 2 2 4 2 745 1038 866
1726 2 2 4 2 742 1037 869
1727 2 2 4 2 743 1039 867
1728 2 2 4 2 963 1052 656
1729 2 2 4 2 877 1023 722
1730 2 2 4 2 981 1005 673
1731 2 2 4 2 129 984 128
1732 2 2 4 2 86 982 87
1733 2 2 4 2 141 983 140
1734 2 2 4 2 104 985 105
1735 2 2 4 2 874 1000 680
1736 2 2 4 2 866 1038 672
1737 2 2 4 2 869 1037 673
1738 2 2 4 2 867 1039 674
1739 2 2 4 2 912 1011 760
1740 2 2 4 2 910 1010 761
1741 2 2 4 2 911 1012 762
1742 2 2 4 2 944 1016 839
1743 2 2 4 2 883 1077 793
1744 2 2 4 2 901 967 697
1745 2 2 4 2 98 1063 5
1746 2 2 4 2 5 1063 99
1747 2 2 4 2 116 1065 7
1748 2 2 4 2 117 1064 8
1749 2 2 4 2 6 1062 81
1750 2 2 4 2 135 1062 6
1751 2 2 4 2 8 1064 152
1752 2 2 4 2 7 1065 134
1753 2 2 4 2 897 1005 720
1754 2 2 4 2 1010 1074 689
1755 2 2 4 2 836 1074 1010
1756 2 2 4 2 665 1059 871
1757 2 2 4 2 666 1058 873
1758 2 2 4 2 748 990 970
1759 2 2 4 2 969 991 750
1760 2 2 4 2 749 1036 1034
1761 2 2 4 2 782 991 902
1762 2 2 4 2 904 990 780
1763 2 2 4 2 670 962 922
1764 2 2 4 2 922 962 747
1765 2 2 4 2 758 1020 948
1766 2 2 4 2 716 1076 1018
1767 2 2 4 2 1018 1076 838
1768 2 2 4 2 110 980 933
1769 2 2 4 2 92 979 935
1770 2 2 4 2 936 978 146
1771 2 2 4 2 123 977 934
1772 2 2 4 2 725 965 890
1773 2 2 4 2 1034 1036 781
1774 2 2 4 2 973 1013 765
1775 2 2 4 2 709 1034 903
1776 2 2 4 2 754 1013 973
1777 2 2 4 2 751 1041 967
1778 2 2 4 2 735 992 893
1779 2 2 4 2 733 993 894
1780 2 2 4 2 930 1035 748
1781 2 2 4 2 778 1033 891
1782 2 2 4 2 945 965 769
1783 2 2 4 2 751 967 901
1784 2 2 4 2 791 1060 895
1785 2 2 4 2 786 1046 989
1786 2 2 4 2 737 1072 912
1787 2 2 4 2 988 1044 780
1788 2 2 4 2 729 997 898
1789 2 2 4 2 731 998 899
1790 2 2 4 2 667 965 945
1791 2 2 4 2 706 990 904
1792 2 2 4 2 902 991 708
1793 2 2 4 2 741 975 974
1794 2 2 4 2 974 975 764
1795 2 2 4 2 778 1072 952
1796 2 2 4 2 922 976 746
1797 2 2 4 2 720 1005 973
1798 2 2 4 2 765 1013 995
1799 2 2 4 2 995 1013 657
1800 2 2 4 2 929 973 765
1801 2 2 4 2 900 1050 752
1802 2 2 4 2 730 1021 921
1803 2 2 4 2 732 1022 920
1804 2 2 4 2 720 973 929
1805 2 2 4 2 940 1059 833
1806 2 2 4 2 942 1058 834
1807 2 2 4 2 961 1013 754
1808 2 2 4 2 660 1009 1007
1809 2 2 4 2 1007 1009 767
1810 2 2 4 2 968 1034 709
1811 2 2 4 2 895 1060 847
1812 2 2 4 2 934 977 740
1813 2 2 4 2 739 978 936
1814 2 2 4 2 935 979 737
1815 2 2 4 2 933 980 738
1816 2 2 4 2 952 1072 737
1817 2 2 4 2 903 1034 781
1818 2 2 4 2 936 1056 739
1819 2 2 4 2 763 1056 936
1820 2 2 4 2 914 1039 743
1821 2 2 4 2 913 1038 745
1822 2 2 4 2 915 1037 742
1823 2 2 4 2 901 1051 751
1824 2 2 4 2 919 1049 747
1825 2 2 4 2 785 1078 1020
1826 2 2 4 2 1020 1078 713
1827 2 2 4 2 907 1056 763
1828 2 2 4 2 1049 1055 747
1829 2 2 4 2 744 1016 944
1830 2 2 4 2 975 1047 764
1831 2 2 4 2 669 1047 975
1832 2 2 4 2 739 1002 1001
1833 2 2 4 2 1001 1002 840
1834 2 2 4 2 996 1054 678
1835 2 2 4 2 772 1054 996
1836 2 2 4 2 843 1055 1049
1837 2 2 4 2 754 1005 981
1838 2 2 4 2 912 1072 671
1839 2 2 4 2 1020 1053 785
1840 2 2 4 2 996 1004 772
1841 2 2 4 2 973 1005 754
1842 2 2 4 2 755 1046 951
1843 2 2 4 2 749 1034 968
1844 2 2 4 2 757 1052 963
1845 2 2 4 2 925 1082 763
1846 2 2 4 2 753 1004 996
1847 2 2 4 2 751 1042 1041
1848 2 2 4 2 1041 1042 835
1849 2 2 4 2 679 1048 987
1850 2 2 4 2 987 1048 756
1851 2 2 4 2 682 1071 1008
1852 2 2 4 2 976 1055 683
1853 2 2 4 2 739 1056 1002
1854 2 2 4 2 756 1048 1008
1855 2 2 4 2 968 1061 749
1856 2 2 4 2 752 1044 988
1857 2 2 4 2 989 1046 755
1858 2 2 4 2 1008 1071 756
1859 2 2 4 2 756 1071 1009
1860 2 2 4 2 1008 1048 766
1861 2 2 4 2 1045 1052 859
1862 2 2 4 2 656 1052 1045
1863 2 2 4 2 758 1053 1020
1864 2 2 4 2 1009 1071 767
1865 2 2 6 3 1385 1142 1411
1866 2 2 6 3 1102 1196 1215
1867 2 2 6 3 1100 1197 1212
1868 2 2 6 3 1196 1140 1215
1869 2 2 6 3 1197 1141 1212
1870 2 2 6 3 1207 162 1222
1871 2 2 6 3 18 1206 1223
1872 2 2 6 3 1209 90 1224
1873 2 2 6 3 1208 179 1225
1874 2 2 6 3 1157 1255 1297
1875 2 2 6 3 1162 1254 1300
1876 2 2 6 3 1254 1132 1300
1877 2 2 6 3 1255 1133 1297
1878 2 2 6 3 1252 1156 1298
1879 2 2 6 3 1257 1131 1299
1880 2 2 6 3 1130 1252 1298
1881 2 2 6 3 1159 1257 1299
1882 2 2 6 3 1124 1238 1286
1883 2 2 6 3 1263 1089 1361
1884 2 2 6 3 1187 1263 1361
1885 2 2 6 3 1262 1091 1360
1886 2 2 6 3 1186 1262 1360
1887 2 2 6 3 1090 1192 1339
1888 2 2 6 3 1142 1213 1411
1889 2 2 6 3 180 179 1208
1890 2 2 6 3 89 90 1209
1891 2 2 6 3 161 162 1207
1892 2 2 6 3 18 17 1206
1893 2 2 6 3 1203 1125 1283
1894 2 2 6 3 1354 1226 1421
1895 2 2 6 3 1198 1399 1417
1896 2 2 6 3 1199 1401 1418
1897 2 2 6 3 1096 1354 1421
1898 2 2 6 3 1399 1170 1417
1899 2 2 6 3 1401 1168 1418
1900 2 2 6 3 1286 1238 1354
1901 2 2 6 3 1198 1109 1399
1902 2 2 6 3 1199 1108 1401
1903 2 2 6 3 1190 1166 1437
1904 2 2 6 3 1352 1116 1442
1905 2 2 6 3 1353 1123 1444
1906 2 2 6 3 1350 1121 1443
1907 2 2 6 3 1166 1190 1365
1908 2 2 6 3 1196 1102 1302
1909 2 2 6 3 165 1188 1364
1910 2 2 6 3 93 1189 1362
1911 2 2 6 3 1190 21 1365
1912 2 2 6 3 176 1191 1363
1913 2 2 6 3 1258 1093 1345
1914 2 2 6 3 1259 1092 1347
1915 2 2 6 3 1261 1095 1346
1916 2 2 6 3 1206 1115 1223
1917 2 2 6 3 1112 1207 1222
1918 2 2 6 3 1113 1209 1224
1919 2 2 6 3 1114 1208 1225
1920 2 2 6 3 1258 1345 1369
1921 2 2 6 3 1259 1347 1371
1922 2 2 6 3 1261 1346 1372
1923 2 2 6 3 1192 1090 1398
1924 2 2 6 3 1117 1235 1279
1925 2 2 6 3 1231 1122 1280
1926 2 2 6 3 1120 1232 1281
1927 2 2 6 3 1118 1233 1282
1928 2 2 6 3 1189 93 1352
1929 2 2 6 3 1188 165 1350
1930 2 2 6 3 21 1190 1351
1931 2 2 6 3 1191 176 1353
1932 2 2 6 3 1234 1123 1353
1933 2 2 6 3 1228 1116 1352
1934 2 2 6 3 1230 1121 1350
1935 2 2 6 3 1202 1127 1292
1936 2 2 6 3 1319 1187 1387
1937 2 2 6 3 1320 1186 1388
1938 2 2 6 3 1169 1200 1404
1939 2 2 6 3 1200 1110 1404
1940 2 2 6 3 1201 1111 1402
1941 2 2 6 3 1171 1201 1402
1942 2 2 6 3 1085 1238 1343
1943 2 2 6 3 1090 1339 1465
1944 2 2 6 3 1219 1123 1321
1945 2 2 6 3 1321 1123 1427
1946 2 2 6 3 1212 1119 1333
1947 2 2 6 3 1128 1195 1505
1948 2 2 6 3 1127 1202 1301
1949 2 2 6 3 1197 1100 1311
1950 2 2 6 3 1203 1283 1323
1951 2 2 6 3 1343 1238 1446
1952 2 2 6 3 1135 1193 1503
1953 2 2 6 3 1153 1226 1354
1954 2 2 6 3 1107 1204 1330
1955 2 2 6 3 1104 1205 1329
1956 2 2 6 3 1154 1239 1301
1957 2 2 6 3 1264 1090 1423
1958 2 2 6 3 1205 1104 1453
1959 2 2 6 3 1264 1423 1477
1960 2 2 6 3 1349 1306 1439
1961 2 2 6 3 1348 1305 1440
1962 2 2 6 3 1117 1279 1340
1963 2 2 6 3 1120 1281 1341
1964 2 2 6 3 1118 1282 1342
1965 2 2 6 3 1129 1306 1349
1966 2 2 6 3 1128 1305 1348
1967 2 2 6 3 1404 1110 1504
1968 2 2 6 3 1139 1319 1387
1969 2 2 6 3 1137 1320 1388
1970 2 2 6 3 1221 1091 1470
1971 2 2 6 3 1220 1089 1473
1972 2 2 6 3 1200 1169 1428
1973 2 2 6 3 1201 1171 1429
1974 2 2 6 3 1216 1116 1326
1975 2 2 6 3 1218 1122 1327
1976 2 2 6 3 1217 1121 1328
1977 2 2 6 3 1389 1221 1470
1978 2 2 6 3 1154 1301 1438
1979 2 2 6 3 1125 1203 1287
1980 2 2 6 3 1386 1220 1473
1981 2 2 6 3 1193 1135 1359
1982 2 2 6 3 1401 1108 1502
1983 2 2 6 3 1195 1128 1348
1984 2 2 6 3 1140 1196 1367
1985 2 2 6 3 1141 1197 1366
1986 2 2 6 3 1094 1321 1368
1987 2 2 6 3 1189 1352 1442
1988 2 2 6 3 1191 1353 1444
1989 2 2 6 3 1188 1350 1443
1990 2 2 6 3 1333 1119 1520
1991 2 2 6 3 1194 1404 1504
1992 2 2 6 3 1084 1287 1485
1993 2 2 6 3 1298 1094 1368
1994 2 2 6 3 1202 1086 1301
1995 2 2 6 3 1108 1199 1355
1996 2 2 6 3 1109 1198 1356
1997 2 2 6 3 162 163 1222
1998 2 2 6 3 19 18 1223
1999 2 2 6 3 90 91 1224
2000 2 2 6 3 179 178 1225
2001 2 2 6 3 1326 1116 1430
2002 2 2 6 3 1327 1122 1431
2003 2 2 6 3 1328 1121 1432
2004 2 2 6 3 1196 1302 1493
2005 2 2 6 3 1152 1221 1406
2006 2 2 6 3 1287 1203 1485
2007 2 2 6 3 1155 1312 1314
2008 2 2 6 3 1233 184 1282
2009 2 2 6 3 13 1231 1280
2010 2 2 6 3 1232 157 1281
2011 2 2 6 3 1235 85 1279
2012 2 2 6 3 87 88 1243
2013 2 2 6 3 182 181 1240
2014 2 2 6 3 16 15 1242
2015 2 2 6 3 159 160 1241
2016 2 2 6 3 1262 1186 1320
2017 2 2 6 3 1263 1187 1319
2018 2 2 6 3 1184 1385 1411
2019 2 2 6 3 1239 1127 1301
2020 2 2 6 3 1207 1112 1319
2021 2 2 6 3 1139 1207 1319
2022 2 2 6 3 1208 1114 1320
2023 2 2 6 3 1137 1208 1320
2024 2 2 6 3 1280 1122 1373
2025 2 2 6 3 1192 1401 1502
2026 2 2 6 3 1284 1154 1303
2027 2 2 6 3 1285 1153 1304
2028 2 2 6 3 166 167 1230
2029 2 2 6 3 94 95 1228
2030 2 2 6 3 175 174 1234
2031 2 2 6 3 185 184 1233
2032 2 2 6 3 13 12 1231
2033 2 2 6 3 23 22 1229
2034 2 2 6 3 156 157 1232
2035 2 2 6 3 84 85 1235
2036 2 2 6 3 1207 1139 1316
2037 2 2 6 3 1209 1136 1315
2038 2 2 6 3 1138 1206 1317
2039 2 2 6 3 1208 1137 1318
2040 2 2 6 3 1205 1147 1344
2041 2 2 6 3 1110 1200 1357
2042 2 2 6 3 1111 1201 1358
2043 2 2 6 3 1101 1274 1338
2044 2 2 6 3 1104 1275 1336
2045 2 2 6 3 1266 1104 1336
2046 2 2 6 3 1267 1101 1338
2047 2 2 6 3 1268 1107 1337
2048 2 2 6 3 1099 1271 1374
2049 2 2 6 3 1160 1235 1369
2050 2 2 6 3 1158 1233 1371
2051 2 2 6 3 1163 1232 1372
2052 2 2 6 3 1156 1229 1370
2053 2 2 6 3 1274 1164 1338
2054 2 2 6 3 1275 1165 1336
2055 2 2 6 3 89 1209 1315
2056 2 2 6 3 180 1208 1318
2057 2 2 6 3 161 1207 1316
2058 2 2 6 3 1206 17 1317
2059 2 2 6 3 1146 1203 1323
2060 2 2 6 3 1168 1264 1271
2061 2 2 6 3 1170 1265 1270
2062 2 2 6 3 1221 1286 1406
2063 2 2 6 3 1221 1124 1286
2064 2 2 6 3 1203 1146 1485
2065 2 2 6 3 1086 1202 1484
2066 2 2 6 3 1204 1107 1452
2067 2 2 6 3 1147 1205 1453
2068 2 2 6 3 1276 1167 1337
2069 2 2 6 3 1107 1276 1337
2070 2 2 6 3 1235 1117 1369
2071 2 2 6 3 1233 1118 1371
2072 2 2 6 3 1229 1119 1370
2073 2 2 6 3 1232 1120 1372
2074 2 2 6 3 1107 1330 1488
2075 2 2 6 3 1265 1125 1270
2076 2 2 6 3 1264 1126 1271
2077 2 2 6 3 1278 1128 1505
2078 2 2 6 3 1110 1277 1504
2079 2 2 6 3 1102 1215 1468
2080 2 2 6 3 1103 1213 1467
2081 2 2 6 3 1105 1214 1469
2082 2 2 6 3 1115 1206 1331
2083 2 2 6 3 1209 1113 1332
2084 2 2 6 3 1136 1209 1332
2085 2 2 6 3 1206 1138 1331
2086 2 2 6 3 1304 1153 1441
2087 2 2 6 3 1333 1190 1437
2088 2 2 6 3 1099 1374 1403
2089 2 2 6 3 1302 1134 1493
2090 2 2 6 3 1265 1088 1466
2091 2 2 6 3 1303 1154 1438
2092 2 2 6 3 25 24 1252
2093 2 2 6 3 168 169 1257
2094 2 2 6 3 96 97 1255
2095 2 2 6 3 11 10 1254
2096 2 2 6 3 154 155 1256
2097 2 2 6 3 187 186 1251
2098 2 2 6 3 173 172 1253
2099 2 2 6 3 82 83 1250
2100 2 2 6 3 1108 1284 1502
2101 2 2 6 3 1285 1135 1503
2102 2 2 6 3 1119 1212 1519
2103 2 2 6 3 1244 1128 1313
2104 2 2 6 3 1245 1129 1314
2105 2 2 6 3 1202 1292 1322
2106 2 2 6 3 1312 1098 1314
2107 2 2 6 3 1087 1272 1344
2108 2 2 6 3 1357 1236 1405
2109 2 2 6 3 1237 1360 1392
2110 2 2 6 3 1283 1106 1323
2111 2 2 6 3 1172 1240 1296
2112 2 2 6 3 1175 1243 1293
2113 2 2 6 3 1174 1241 1294
2114 2 2 6 3 1242 1173 1295
2115 2 2 6 3 1241 1139 1294
2116 2 2 6 3 1138 1242 1295
2117 2 2 6 3 1243 1136 1293
2118 2 2 6 3 1240 1137 1296
2119 2 2 6 3 1279 1175 1340
2120 2 2 6 3 1281 1174 1341
2121 2 2 6 3 1282 1172 1342
2122 2 2 6 3 182 1240 1415
2123 2 2 6 3 87 1243 1416
2124 2 2 6 3 1242 15 1414
2125 2 2 6 3 159 1241 1413
2126 2 2 6 3 1393 1265 1466
2127 2 2 6 3 184 183 1282
2128 2 2 6 3 14 13 1280
2129 2 2 6 3 157 158 1281
2130 2 2 6 3 85 86 1279
2131 2 2 6 3 1239 1098 1312
2132 2 2 6 3 1246 1131 1457
2133 2 2 6 3 1133 1249 1463
2134 2 2 6 3 1249 1133 1464
2135 2 2 6 3 1132 1248 1461
2136 2 2 6 3 1248 1132 1460
2137 2 2 6 3 1130 1247 1459
2138 2 2 6 3 1131 1246 1462
2139 2 2 6 3 1247 1130 1458
2140 2 2 6 3 1122 1218 1510
2141 2 2 6 3 1116 1216 1511
2142 2 2 6 3 1278 1152 1313
2143 2 2 6 3 1277 1155 1314
2144 2 2 6 3 1219 1094 1307
2145 2 2 6 3 1217 1093 1308
2146 2 2 6 3 1218 1095 1310
2147 2 2 6 3 1216 1092 1309
2148 2 2 6 3 1252 1130 1459
2149 2 2 6 3 1131 1257 1457
2150 2 2 6 3 1251 1133 1463
2151 2 2 6 3 1250 1131 1462
2152 2 2 6 3 1256 1132 1461
2153 2 2 6 3 1132 1254 1460
2154 2 2 6 3 1130 1253 1458
2155 2 2 6 3 1133 1255 1464
2156 2 2 6 3 1303 1086 1367
2157 2 2 6 3 1304 1085 1366
2158 2 2 6 3 1266 1336 1442
2159 2 2 6 3 1267 1338 1443
2160 2 2 6 3 1268 1337 1444
2161 2 2 6 3 1238 1153 1354
2162 2 2 6 3 1150 1236 1357
2163 2 2 6 3 1103 1296 1388
2164 2 2 6 3 1105 1294 1387
2165 2 2 6 3 1128 1278 1313
2166 2 2 6 3 1129 1277 1314
2167 2 2 6 3 1253 1130 1368
2168 2 2 6 3 1161 1253 1368
2169 2 2 6 3 92 93 1362
2170 2 2 6 3 164 165 1364
2171 2 2 6 3 21 20 1365
2172 2 2 6 3 177 176 1363
2173 2 2 6 3 1293 1136 1391
2174 2 2 6 3 1138 1295 1390
2175 2 2 6 3 1104 1329 1487
2176 2 2 6 3 1324 1103 1388
2177 2 2 6 3 1325 1105 1387
2178 2 2 6 3 1233 1158 1376
2179 2 2 6 3 1157 1228 1377
2180 2 2 6 3 1235 1160 1382
2181 2 2 6 3 1232 1163 1380
2182 2 2 6 3 1162 1231 1379
2183 2 2 6 3 1229 1156 1381
2184 2 2 6 3 1159 1230 1383
2185 2 2 6 3 1161 1234 1378
2186 2 2 6 3 1093 1258 1308
2187 2 2 6 3 1094 1260 1307
2188 2 2 6 3 1258 1140 1308
2189 2 2 6 3 1260 1141 1307
2190 2 2 6 3 1259 1142 1309
2191 2 2 6 3 1261 1143 1310
2192 2 2 6 3 1095 1261 1310
2193 2 2 6 3 1092 1259 1309
2194 2 2 6 3 1237 1151 1360
2195 2 2 6 3 1243 1175 1416
2196 2 2 6 3 1241 1174 1413
2197 2 2 6 3 1240 1172 1415
2198 2 2 6 3 1173 1242 1414
2199 2 2 6 3 1155 1220 1312
2200 2 2 6 3 1355 1227 1420
2201 2 2 6 3 1215 1340 1468
2202 2 2 6 3 1213 1342 1467
2203 2 2 6 3 1214 1341 1469
2204 2 2 6 3 1149 1227 1355
2205 2 2 6 3 1093 1217 1328
2206 2 2 6 3 1095 1218 1327
2207 2 2 6 3 1092 1216 1326
2208 2 2 6 3 1083 1305 1334
2209 2 2 6 3 1083 1306 1335
2210 2 2 6 3 1139 1241 1316
2211 2 2 6 3 1136 1243 1315
2212 2 2 6 3 1242 1138 1317
2213 2 2 6 3 1137 1240 1318
2214 2 2 6 3 1287 1169 1483
2215 2 2 6 3 1128 1244 1305
2216 2 2 6 3 1129 1245 1306
2217 2 2 6 3 1197 1311 1492
2218 2 2 6 3 1169 1375 1483
2219 2 2 6 3 1360 1091 1392
2220 2 2 6 3 1211 1115 1331
2221 2 2 6 3 1113 1210 1332
2222 2 2 6 3 1110 1357 1405
2223 2 2 6 3 1325 1187 1361
2224 2 2 6 3 1150 1325 1361
2225 2 2 6 3 1151 1324 1360
2226 2 2 6 3 1324 1186 1360
2227 2 2 6 3 1391 1136 1425
2228 2 2 6 3 1138 1390 1426
2229 2 2 6 3 185 1233 1376
2230 2 2 6 3 1230 167 1383
2231 2 2 6 3 1228 95 1377
2232 2 2 6 3 23 1229 1381
2233 2 2 6 3 1234 174 1378
2234 2 2 6 3 156 1232 1380
2235 2 2 6 3 1231 12 1379
2236 2 2 6 3 84 1235 1382
2237 2 2 6 3 1094 1219 1321
2238 2 2 6 3 1303 1367 1493
2239 2 2 6 3 1304 1366 1492
2240 2 2 6 3 1213 1142 1517
2241 2 2 6 3 1120 1214 1516
2242 2 2 6 3 1212 1141 1519
2243 2 2 6 3 1215 1140 1518
2244 2 2 6 3 1337 1167 1363
2245 2 2 6 3 1191 1337 1363
2246 2 2 6 3 1189 1336 1362
2247 2 2 6 3 1338 1164 1364
2248 2 2 6 3 1188 1338 1364
2249 2 2 6 3 1336 1165 1362
2250 2 2 6 3 1271 1126 1374
2251 2 2 6 3 1126 1272 1374
2252 2 2 6 3 1096 1244 1313
2253 2 2 6 3 1098 1245 1314
2254 2 2 6 3 1243 88 1315
2255 2 2 6 3 1240 181 1318
2256 2 2 6 3 1241 160 1316
2257 2 2 6 3 16 1242 1317
2258 2 2 6 3 1144 1343 1452
2259 2 2 6 3 1100 1212 1333
2260 2 2 6 3 1214 1120 1341
2261 2 2 6 3 1218 1146 1510
2262 2 2 6 3 1216 1147 1511
2263 2 2 6 3 1123 1219 1513
2264 2 2 6 3 1121 1217 1512
2265 2 2 6 3 1334 1305 1495
2266 2 2 6 3 1335 1306 1496
2267 2 2 6 3 1344 1272 1501
2268 2 2 6 3 1108 1355 1420
2269 2 2 6 3 1343 1204 1452
2270 2 2 6 3 1292 1101 1322
2271 2 2 6 3 1143 1288 1507
2272 2 2 6 3 1142 1291 1506
2273 2 2 6 3 1141 1290 1508
2274 2 2 6 3 1140 1289 1509
2275 2 2 6 3 1147 1216 1506
2276 2 2 6 3 1146 1218 1507
2277 2 2 6 3 1127 1239 1514
2278 2 2 6 3 1134 1284 1303
2279 2 2 6 3 1135 1285 1304
2280 2 2 6 3 1247 26 1459
2281 2 2 6 3 170 1246 1457
2282 2 2 6 3 171 1247 1458
2283 2 2 6 3 9 1248 1460
2284 2 2 6 3 1248 153 1461
2285 2 2 6 3 1246 81 1462
2286 2 2 6 3 1249 188 1463
2287 2 2 6 3 98 1249 1464
2288 2 2 6 3 1115 1211 1474
2289 2 2 6 3 1210 1113 1475
2290 2 2 6 3 1160 1250 1382
2291 2 2 6 3 1158 1251 1376
2292 2 2 6 3 1255 1157 1377
2293 2 2 6 3 96 1255 1377
2294 2 2 6 3 1250 83 1382
2295 2 2 6 3 1256 155 1380
2296 2 2 6 3 1163 1256 1380
2297 2 2 6 3 11 1254 1379
2298 2 2 6 3 1254 1162 1379
2299 2 2 6 3 1251 186 1376
2300 2 2 6 3 1252 24 1381
2301 2 2 6 3 1156 1252 1381
2302 2 2 6 3 173 1253 1378
2303 2 2 6 3 1253 1161 1378
2304 2 2 6 3 168 1257 1383
2305 2 2 6 3 1257 1159 1383
2306 2 2 6 3 1311 1135 1492
2307 2 2 6 3 1226 1109 1356
2308 2 2 6 3 1148 1226 1356
2309 2 2 6 3 1299 1131 1455
2310 2 2 6 3 1300 1132 1456
2311 2 2 6 3 1297 1133 1454
2312 2 2 6 3 1112 1263 1319
2313 2 2 6 3 1114 1262 1320
2314 2 2 6 3 1234 1161 1427
2315 2 2 6 3 1228 1157 1430
2316 2 2 6 3 1231 1162 1431
2317 2 2 6 3 1230 1159 1432
2318 2 2 6 3 1237 1111 1358
2319 2 2 6 3 1151 1237 1358
2320 2 2 6 3 1226 1153 1478
2321 2 2 6 3 1213 1103 1411
2322 2 2 6 3 1214 1105 1412
2323 2 2 6 3 1310 1143 1507
2324 2 2 6 3 1307 1141 1508
2325 2 2 6 3 1309 1142 1506
2326 2 2 6 3 1308 1140 1509
2327 2 2 6 3 1287 1084 1428
2328 2 2 6 3 1283 1177 1390
2329 2 2 6 3 1106 1283 1390
2330 2 2 6 3 1089 1236 1361
2331 2 2 6 3 1236 1150 1361
2332 2 2 6 3 166 1230 1350
2333 2 2 6 3 1229 22 1351
2334 2 2 6 3 175 1234 1353
2335 2 2 6 3 94 1228 1352
2336 2 2 6 3 1167 1225 1407
2337 2 2 6 3 1223 1166 1408
2338 2 2 6 3 1165 1224 1409
2339 2 2 6 3 1164 1222 1410
2340 2 2 6 3 1091 1221 1392
2341 2 2 6 3 1221 1152 1392
2342 2 2 6 3 1264 1168 1398
2343 2 2 6 3 1090 1264 1398
2344 2 2 6 3 1088 1265 1400
2345 2 2 6 3 1265 1170 1400
2346 2 2 6 3 1141 1260 1519
2347 2 2 6 3 1261 1120 1516
2348 2 2 6 3 1142 1259 1517
2349 2 2 6 3 1140 1258 1518
2350 2 2 6 3 1119 1229 1520
2351 2 2 6 3 1227 1149 1480
2352 2 2 6 3 1226 1148 1421
2353 2 2 6 3 1225 178 1407
2354 2 2 6 3 1222 163 1410
2355 2 2 6 3 19 1223 1408
2356 2 2 6 3 1224 91 1409
2357 2 2 6 3 1124 1221 1389
2358 2 2 6 3 1225 1167 1447
2359 2 2 6 3 1166 1223 1449
2360 2 2 6 3 1224 1165 1450
2361 2 2 6 3 1222 1164 1448
2362 2 2 6 3 1290 1141 1366
2363 2 2 6 3 1289 1140 1367
2364 2 2 6 3 1267 1145 1322
2365 2 2 6 3 1101 1267 1322
2366 2 2 6 3 1269 1146 1323
2367 2 2 6 3 1106 1269 1323
2368 2 2 6 3 1124 1330 1446
2369 2 2 6 3 1330 1204 1446
2370 2 2 6 3 1127 1220 1386
2371 2 2 6 3 1220 1127 1514
2372 2 2 6 3 1288 1143 1384
2373 2 2 6 3 1087 1291 1385
2374 2 2 6 3 1220 1155 1419
2375 2 2 6 3 1089 1220 1419
2376 2 2 6 3 1223 1115 1449
2377 2 2 6 3 1112 1222 1448
2378 2 2 6 3 1113 1224 1450
2379 2 2 6 3 1114 1225 1447
2380 2 2 6 3 1134 1302 1339
2381 2 2 6 3 1111 1237 1479
2382 2 2 6 3 1170 1270 1417
2383 2 2 6 3 1168 1271 1418
2384 2 2 6 3 1345 1299 1455
2385 2 2 6 3 1346 1300 1456
2386 2 2 6 3 1347 1297 1454
2387 2 2 6 3 1173 1280 1373
2388 2 2 6 3 1227 1154 1420
2389 2 2 6 3 1154 1227 1424
2390 2 2 6 3 1109 1226 1478
2391 2 2 6 3 26 1247 1498
2392 2 2 6 3 1249 98 1500
2393 2 2 6 3 1246 170 1499
2394 2 2 6 3 188 1249 1500
2395 2 2 6 3 81 1246 1499
2396 2 2 6 3 153 1248 1497
2397 2 2 6 3 1248 9 1497
2398 2 2 6 3 1247 171 1498
2399 2 2 6 3 1116 1228 1430
2400 2 2 6 3 1122 1231 1431
2401 2 2 6 3 1121 1230 1432
2402 2 2 6 3 1146 1269 1510
2403 2 2 6 3 1268 1123 1513
2404 2 2 6 3 1267 1121 1512
2405 2 2 6 3 1147 1266 1511
2406 2 2 6 3 1123 1234 1427
2407 2 2 6 3 1147 1291 1344
2408 2 2 6 3 1144 1290 1343
2409 2 2 6 3 1480 1149 1496
2410 2 2 6 3 1125 1265 1393
2411 2 2 6 3 1107 1268 1452
2412 2 2 6 3 1266 1147 1453
2413 2 2 6 3 1245 1098 1480
2414 2 2 6 3 1245 1480 1496
2415 2 2 6 3 1238 1124 1446
2416 2 2 6 3 1153 1238 1441
2417 2 2 6 3 1236 1155 1405
2418 2 2 6 3 1152 1237 1392
2419 2 2 6 3 1270 1097 1417
2420 2 2 6 3 1271 1099 1418
2421 2 2 6 3 1237 1152 1479
2422 2 2 6 3 1238 1085 1441
2423 2 2 6 3 1236 1089 1419
2424 2 2 6 3 1098 1239 1424
2425 2 2 6 3 1155 1236 1419
2426 2 2 6 3 1239 1154 1424
2427 2 2 6 3 17 16 1317
2428 2 2 6 3 160 161 1316
2429 2 2 6 3 88 89 1315
2430 2 2 6 3 181 180 1318
2431 2 2 6 3 93 94 1352
2432 2 2 6 3 22 21 1351
2433 2 2 6 3 165 166 1350
2434 2 2 6 3 176 175 1353
2435 2 2 6 3 1421 1148 1495
2436 2 2 6 3 1299 1093 1328
2437 2 2 6 3 1300 1095 1327
2438 2 2 6 3 1297 1092 1326
2439 2 2 6 3 1244 1421 1495
2440 2 2 6 3 1269 1106 1451
2441 2 2 6 3 1146 1288 1485
2442 2 2 6 3 1289 1086 1484
2443 2 2 6 3 1119 1260 1370
2444 2 2 6 3 1117 1258 1369
2445 2 2 6 3 1120 1261 1372
2446 2 2 6 3 1118 1259 1371
2447 2 2 6 3 1259 1118 1517
2448 2 2 6 3 1258 1117 1518
2449 2 2 6 3 1260 1119 1519
2450 2 2 6 3 1143 1261 1516
2451 2 2 6 3 1244 1096 1421
2452 2 2 6 3 1178 1348 1440
2453 2 2 6 3 1179 1349 1439
2454 2 2 6 3 1175 1279 1416
2455 2 2 6 3 14 1280 1414
2456 2 2 6 3 1174 1281 1413
2457 2 2 6 3 1281 158 1413
2458 2 2 6 3 1280 1173 1414
2459 2 2 6 3 1282 183 1415
2460 2 2 6 3 1279 86 1416
2461 2 2 6 3 1172 1282 1415
2462 2 2 6 3 1313 1152 1406
2463 2 2 6 3 1217 1509 1512
2464 2 2 6 3 1219 1508 1513
2465 2 2 6 3 1171 1272 1429
2466 2 2 6 3 1272 1087 1429
2467 2 2 6 3 169 170 1457
2468 2 2 6 3 172 171 1458
2469 2 2 6 3 26 25 1459
2470 2 2 6 3 10 9 1460
2471 2 2 6 3 153 154 1461
2472 2 2 6 3 97 98 1464
2473 2 2 6 3 81 82 1462
2474 2 2 6 3 188 187 1463
2475 2 2 6 3 1283 1125 1393
2476 2 2 6 3 1134 1339 1502
2477 2 2 6 3 1122 1269 1373
2478 2 2 6 3 1157 1297 1326
2479 2 2 6 3 1159 1299 1328
2480 2 2 6 3 1162 1300 1327
2481 2 2 6 3 1118 1342 1517
2482 2 2 6 3 1342 1213 1517
2483 2 2 6 3 1117 1340 1518
2484 2 2 6 3 1340 1215 1518
2485 2 2 6 3 1190 1333 1520
2486 2 2 6 3 1145 1267 1512
2487 2 2 6 3 1269 1122 1510
2488 2 2 6 3 1348 1178 1491
2489 2 2 6 3 1349 1179 1490
2490 2 2 6 3 1290 1085 1343
2491 2 2 6 3 1291 1087 1344
2492 2 2 6 3 1169 1287 1428
2493 2 2 6 3 1126 1264 1477
2494 2 2 6 3 1423 1183 1477
2495 2 2 6 3 1302 1102 1391
2496 2 2 6 3 1176 1302 1391
2497 2 2 6 3 1292 1127 1386
2498 2 2 6 3 1180 1292 1386
2499 2 2 6 3 1211 1426 1466
2500 2 2 6 3 1425 1210 1465
2501 2 2 6 3 1260 1094 1494
2502 2 2 6 3 1178 1434 1491
2503 2 2 6 3 1179 1433 1490
2504 2 2 6 3 1096 1286 1354
2505 2 2 6 3 1298 1156 1494
2506 2 2 6 3 1257 169 1457
2507 2 2 6 3 25 1252 1459
2508 2 2 6 3 1254 10 1460
2509 2 2 6 3 1253 172 1458
2510 2 2 6 3 154 1256 1461
2511 2 2 6 3 1255 97 1464
2512 2 2 6 3 82 1250 1462
2513 2 2 6 3 187 1251 1463
2514 2 2 6 3 1251 1158 1454
2515 2 2 6 3 1250 1160 1455
2516 2 2 6 3 1256 1163 1456
2517 2 2 6 3 1321 1161 1368
2518 2 2 6 3 1114 1276 1471
2519 2 2 6 3 1131 1250 1455
2520 2 2 6 3 1132 1256 1456
2521 2 2 6 3 1133 1251 1454
2522 2 2 6 3 1322 1145 1484
2523 2 2 6 3 1202 1322 1484
2524 2 2 6 3 1097 1270 1375
2525 2 2 6 3 1272 1171 1374
2526 2 2 6 3 1426 1177 1466
2527 2 2 6 3 1176 1425 1465
2528 2 2 6 3 1091 1262 1470
2529 2 2 6 3 1089 1263 1473
2530 2 2 6 3 1262 1114 1471
2531 2 2 6 3 1263 1112 1472
2532 2 2 6 3 1093 1299 1345
2533 2 2 6 3 1092 1297 1347
2534 2 2 6 3 1095 1300 1346
2535 2 2 6 3 1121 1267 1443
2536 2 2 6 3 1123 1268 1444
2537 2 2 6 3 1104 1266 1453
2538 2 2 6 3 1302 1176 1339
2539 2 2 6 3 1276 1182 1471
2540 2 2 6 3 1273 1100 1437
2541 2 2 6 3 1086 1289 1367
2542 2 2 6 3 1085 1290 1366
2543 2 2 6 3 1274 1180 1472
2544 2 2 6 3 1112 1274 1472
2545 2 2 6 3 1100 1273 1515
2546 2 2 6 3 1273 1115 1474
2547 2 2 6 3 1275 1183 1475
2548 2 2 6 3 1181 1273 1474
2549 2 2 6 3 1113 1275 1475
2550 2 2 6 3 1214 1476 1516
2551 2 2 6 3 1272 1126 1501
2552 2 2 6 3 1509 1145 1512
2553 2 2 6 3 1508 1144 1513
2554 2 2 6 3 1276 1114 1447
2555 2 2 6 3 1275 1104 1487
2556 2 2 6 3 1274 1101 1486
2557 2 2 6 3 1087 1385 1445
2558 2 2 6 3 1345 1160 1369
2559 2 2 6 3 1346 1163 1372
2560 2 2 6 3 1347 1158 1371
2561 2 2 6 3 1219 1307 1508
2562 2 2 6 3 1217 1308 1509
2563 2 2 6 3 1218 1310 1507
2564 2 2 6 3 1216 1309 1506
2565 2 2 6 3 1166 1273 1437
2566 2 2 6 3 1270 1125 1483
2567 2 2 6 3 1155 1277 1405
2568 2 2 6 3 1130 1298 1368
2569 2 2 6 3 1135 1311 1359
2570 2 2 6 3 1311 1181 1359
2571 2 2 6 3 1152 1278 1479
2572 2 2 6 3 1277 1110 1405
2573 2 2 6 3 1084 1288 1384
2574 2 2 6 3 1291 1142 1385
2575 2 2 6 3 1181 1422 1481
2576 2 2 6 3 1286 1096 1406
2577 2 2 6 3 1126 1329 1501
2578 2 2 6 3 1329 1205 1501
2579 2 2 6 3 1177 1283 1393
2580 2 2 6 3 1154 1284 1420
2581 2 2 6 3 1167 1276 1447
2582 2 2 6 3 1359 1181 1481
2583 2 2 6 3 1285 1109 1478
2584 2 2 6 3 1115 1273 1449
2585 2 2 6 3 1274 1112 1448
2586 2 2 6 3 1273 1166 1449
2587 2 2 6 3 1275 1113 1450
2588 2 2 6 3 1165 1275 1450
2589 2 2 6 3 1164 1274 1448
2590 2 2 6 3 1277 1129 1504
2591 2 2 6 3 1339 1192 1502
2592 2 2 6 3 91 92 1409
2593 2 2 6 3 163 164 1410
2594 2 2 6 3 20 19 1408
2595 2 2 6 3 178 177 1407
2596 2 2 6 3 1182 1276 1488
2597 2 2 6 3 1276 1107 1488
2598 2 2 6 3 1180 1274 1486
2599 2 2 6 3 1183 1275 1487
2600 2 2 6 3 1273 1181 1515
2601 2 2 6 3 1284 1108 1420
2602 2 2 6 3 1384 1143 1476
2603 2 2 6 3 1105 1325 1436
2604 2 2 6 3 1103 1324 1435
2605 2 2 6 3 1156 1370 1494
2606 2 2 6 3 1239 1312 1514
2607 2 2 6 3 1284 1134 1502
2608 2 2 6 3 1109 1285 1503
2609 2 2 6 3 1294 1139 1387
2610 2 2 6 3 1296 1137 1388
2611 2 2 6 3 1153 1285 1478
2612 2 2 6 3 174 173 1378
2613 2 2 6 3 24 23 1381
2614 2 2 6 3 155 156 1380
2615 2 2 6 3 12 11 1379
2616 2 2 6 3 167 168 1383
2617 2 2 6 3 95 96 1377
2618 2 2 6 3 186 185 1376
2619 2 2 6 3 83 84 1382
2620 2 2 6 3 1098 1424 1480
2621 2 2 6 3 1102 1293 1391
2622 2 2 6 3 1295 1106 1390
2623 2 2 6 3 1476 1143 1516
2624 2 2 6 3 1424 1227 1480
2625 2 2 6 3 1180 1386 1473
2626 2 2 6 3 1295 1173 1451
2627 2 2 6 3 1229 1351 1520
2628 2 2 6 3 1125 1287 1483
2629 2 2 6 3 1205 1344 1501
2630 2 2 6 3 1185 1396 1489
2631 2 2 6 3 1339 1176 1465
2632 2 2 6 3 1292 1180 1486
2633 2 2 6 3 1101 1292 1486
2634 2 2 6 3 1290 1144 1508
2635 2 2 6 3 1288 1146 1507
2636 2 2 6 3 1291 1147 1506
2637 2 2 6 3 1106 1295 1451
2638 2 2 6 3 1186 1324 1388
2639 2 2 6 3 1187 1325 1387
2640 2 2 6 3 1288 1084 1485
2641 2 2 6 3 1423 1090 1465
2642 2 2 6 3 1088 1422 1466
2643 2 2 6 3 1210 1423 1465
2644 2 2 6 3 1422 1211 1466
2645 2 2 6 3 1374 1171 1403
2646 2 2 6 3 1301 1086 1438
2647 2 2 6 3 1175 1293 1468
2648 2 2 6 3 1172 1296 1467
2649 2 2 6 3 1174 1294 1469
2650 2 2 6 3 1204 1343 1446
2651 2 2 6 3 1412 1105 1436
2652 2 2 6 3 1411 1103 1435
2653 2 2 6 3 183 182 1415
2654 2 2 6 3 15 14 1414
2655 2 2 6 3 158 159 1413
2656 2 2 6 3 86 87 1416
2657 2 2 6 3 1293 1102 1468
2658 2 2 6 3 1296 1103 1467
2659 2 2 6 3 1294 1105 1469
2660 2 2 6 3 1338 1188 1443
2661 2 2 6 3 1336 1189 1442
2662 2 2 6 3 1337 1191 1444
2663 2 2 6 3 1373 1269 1451
2664 2 2 6 3 1085 1304 1441
2665 2 2 6 3 1086 1303 1438
2666 2 2 6 3 1312 1220 1514
2667 2 2 6 3 1330 1124 1389
2668 2 2 6 3 170 6 1499
2669 2 2 6 3 171 1 1498
2670 2 2 6 3 98 5 1500
2671 2 2 6 3 6 81 1499
2672 2 2 6 3 1 26 1498
2673 2 2 6 3 9 2 1497
2674 2 2 6 3 2 153 1497
2675 2 2 6 3 5 188 1500
2676 2 2 6 3 1324 1151 1435
2677 2 2 6 3 1325 1150 1436
2678 2 2 6 3 1442 1116 1511
2679 2 2 6 3 1266 1442 1511
2680 2 2 6 3 1097 1482 1490
2681 2 2 6 3 1094 1298 1494
2682 2 2 6 3 1176 1391 1425
2683 2 2 6 3 1390 1177 1426
2684 2 2 6 3 1096 1313 1406
2685 2 2 6 3 1396 1200 1489
2686 2 2 6 3 1484 1145 1509
2687 2 2 6 3 1289 1484 1509
2688 2 2 6 3 1211 1331 1426
2689 2 2 6 3 1332 1210 1425
2690 2 2 6 3 1144 1452 1513
2691 2 2 6 3 1452 1268 1513
2692 2 2 6 3 92 1362 1409
2693 2 2 6 3 164 1364 1410
2694 2 2 6 3 1365 20 1408
2695 2 2 6 3 177 1363 1407
2696 2 2 6 3 1306 1083 1439
2697 2 2 6 3 1305 1083 1440
2698 2 2 6 3 1329 1126 1477
2699 2 2 6 3 1479 1278 1505
2700 2 2 6 3 1111 1479 1505
2701 2 2 6 3 1397 1201 1445
2702 2 2 6 3 1178 1335 1394
2703 2 2 6 3 1335 1149 1394
2704 2 2 6 3 1179 1334 1395
2705 2 2 6 3 1334 1148 1395
2706 2 2 6 3 1184 1397 1445
2707 2 2 6 3 1097 1375 1482
2708 2 2 6 3 1177 1393 1466
2709 2 2 6 3 1394 1199 1434
2710 2 2 6 3 1395 1198 1433
2711 2 2 6 3 1178 1394 1434
2712 2 2 6 3 1179 1395 1433
2713 2 2 6 3 1366 1197 1492
2714 2 2 6 3 1367 1196 1493
2715 2 2 6 3 1182 1389 1470
2716 2 2 6 3 1214 1412 1476
2717 2 2 6 3 1161 1321 1427
2718 2 2 6 3 1356 1198 1395
2719 2 2 6 3 1148 1356 1395
2720 2 2 6 3 1149 1355 1394
2721 2 2 6 3 1355 1199 1394
2722 2 2 6 3 1134 1303 1493
2723 2 2 6 3 1135 1304 1492
2724 2 2 6 3 1182 1330 1389
2725 2 2 6 3 1305 1244 1495
2726 2 2 6 3 1306 1245 1496
2727 2 2 6 3 1129 1349 1504
2728 2 2 6 3 1349 1194 1504
2729 2 2 6 3 1198 1417 1433
2730 2 2 6 3 1417 1097 1433
2731 2 2 6 3 1199 1418 1434
2732 2 2 6 3 1418 1099 1434
2733 2 2 6 3 1181 1311 1515
2734 2 2 6 3 1211 1422 1474
2735 2 2 6 3 1423 1210 1475
2736 2 2 6 3 1157 1326 1430
2737 2 2 6 3 1162 1327 1431
2738 2 2 6 3 1159 1328 1432
2739 2 2 6 3 1136 1332 1425
2740 2 2 6 3 1331 1138 1426
2741 2 2 6 3 1311 1100 1515
2742 2 2 6 3 1171 1402 1403
2743 2 2 6 3 1402 1195 1403
2744 2 2 6 3 1192 1398 1401
2745 2 2 6 3 1398 1168 1401
2746 2 2 6 3 1399 1193 1400
2747 2 2 6 3 1170 1399 1400
2748 2 2 6 3 1151 1397 1435
2749 2 2 6 3 1150 1396 1436
2750 2 2 6 3 1201 1429 1445
2751 2 2 6 3 1429 1087 1445
2752 2 2 6 3 1358 1201 1397
2753 2 2 6 3 1357 1200 1396
2754 2 2 6 3 1329 1183 1487
2755 2 2 6 3 1158 1347 1454
2756 2 2 6 3 1160 1345 1455
2757 2 2 6 3 1163 1346 1456
2758 2 2 6 3 1150 1357 1396
2759 2 2 6 3 1151 1358 1397
2760 2 2 6 3 1370 1260 1494
2761 2 2 6 3 1385 1184 1445
2762 2 2 6 3 1100 1333 1437
2763 2 2 6 3 1083 1334 1439
2764 2 2 6 3 1083 1335 1440
2765 2 2 6 3 1334 1179 1439
2766 2 2 6 3 1335 1178 1440
2767 2 2 6 3 1363 1167 1407
2768 2 2 6 3 1166 1365 1408
2769 2 2 6 3 1364 1164 1410
2770 2 2 6 3 1362 1165 1409
2771 2 2 6 3 1149 1335 1496
2772 2 2 6 3 1148 1334 1495
2773 2 2 6 3 1183 1329 1477
2774 2 2 6 3 1341 1174 1469
2775 2 2 6 3 1340 1175 1468
2776 2 2 6 3 1342 1172 1467
2777 2 2 6 3 1330 1182 1488
2778 2 2 6 3 1384 1185 1489
2779 2 2 6 3 1173 1373 1451
2780 2 2 6 3 1184 1411 1435
2781 2 2 6 3 1185 1412 1436
2782 2 2 6 3 1400 1193 1481
2783 2 2 6 3 1088 1400 1481
2784 2 2 6 3 1482 1194 1490
2785 2 2 6 3 1195 1348 1491
2786 2 2 6 3 1194 1349 1490
2787 2 2 6 3 1422 1088 1481
2788 2 2 6 3 1193 1359 1481
2789 2 2 6 3 1428 1084 1489
2790 2 2 6 3 1200 1428 1489
2791 2 2 6 3 1099 1403 1491
2792 2 2 6 3 1403 1195 1491
2793 2 2 6 3 1397 1184 1435
2794 2 2 6 3 1396 1185 1436
2795 2 2 6 3 1185 1384 1476
2796 2 2 6 3 1351 1190 1520
2797 2 2 6 3 1472 1180 1473
2798 2 2 6 3 1263 1472 1473
2799 2 2 6 3 1182 1470 1471
2800 2 2 6 3 1470 1262 1471
2801 2 2 6 3 1193 1399 1503
2802 2 2 6 3 1399 1109 1503
2803 2 2 6 3 1402 1111 1505
2804 2 2 6 3 1195 1402 1505
2805 2 2 6 3 1375 1169 1482
2806 2 2 6 3 1375 1270 1483
2807 2 2 6 3 1433 1097 1490
2808 2 2 6 3 1434 1099 1491
2809 2 2 6 3 1084 1384 1489
2810 2 2 6 3 1412 1185 1476
2811 2 2 6 3 1422 1181 1474
2812 2 2 6 3 1183 1423 1475
2813 2 2 6 3 1169 1404 1482
2814 2 2 6 3 1404 1194 1482
2815 2 2 5 4 1823 1849 1580
2816 2 2 5 4 1540 1653 1634
2817 2 2 5 4 1538 1650 1635
2818 2 2 5 4 1634 1653 1578
2819 2 2 5 4 1635 1650 1579
2820 2 2 5 4 1645 1660 198
2821 2 2 5 4 54 1661 1644
2822 2 2 5 4 1647 1662 126
2823 2 2 5 4 1646 1663 215
2824 2 2 5 4 1595 1735 1693
2825 2 2 5 4 1600 1738 1692
2826 2 2 5 4 1692 1738 1570
2827 2 2 5 4 1693 1735 1571
2828 2 2 5 4 1690 1736 1594
2829 2 2 5 4 1695 1737 1569
2830 2 2 5 4 1568 1736 1690
2831 2 2 5 4 1597 1737 1695
2832 2 2 5 4 1562 1724 1676
2833 2 2 5 4 1701 1799 1527
2834 2 2 5 4 1625 1799 1701
2835 2 2 5 4 1700 1798 1529
2836 2 2 5 4 1624 1798 1700
2837 2 2 5 4 1528 1777 1630
2838 2 2 5 4 1580 1849 1651
2839 2 2 5 4 216 1646 215
2840 2 2 5 4 125 1647 126
2841 2 2 5 4 197 1645 198
2842 2 2 5 4 54 1644 53
2843 2 2 5 4 1641 1721 1563
2844 2 2 5 4 1792 1859 1664
2845 2 2 5 4 1636 1855 1837
2846 2 2 5 4 1637 1856 1839
2847 2 2 5 4 1534 1859 1792
2848 2 2 5 4 1837 1855 1608
2849 2 2 5 4 1839 1856 1606
2850 2 2 5 4 1724 1792 1676
2851 2 2 5 4 1636 1837 1547
2852 2 2 5 4 1637 1839 1546
2853 2 2 5 4 1628 1875 1604
2854 2 2 5 4 1790 1880 1554
2855 2 2 5 4 1791 1882 1561
2856 2 2 5 4 1788 1881 1559
2857 2 2 5 4 1604 1803 1628
2858 2 2 5 4 1634 1740 1540
2859 2 2 5 4 201 1802 1626
2860 2 2 5 4 129 1800 1627
2861 2 2 5 4 1628 1803 57
2862 2 2 5 4 212 1801 1629
2863 2 2 5 4 1696 1783 1531
2864 2 2 5 4 1697 1785 1530
2865 2 2 5 4 1699 1784 1533
2866 2 2 5 4 1644 1661 1553
2867 2 2 5 4 1550 1660 1645
2868 2 2 5 4 1551 1662 1647
2869 2 2 5 4 1552 1663 1646
2870 2 2 5 4 1696 1807 1783
2871 2 2 5 4 1697 1809 1785
2872 2 2 5 4 1699 1810 1784
2873 2 2 5 4 1630 1836 1528
2874 2 2 5 4 1555 1717 1673
2875 2 2 5 4 1669 1718 1560
2876 2 2 5 4 1558 1719 1670
2877 2 2 5 4 1556 1720 1671
2878 2 2 5 4 1627 1790 129
2879 2 2 5 4 1626 1788 201
2880 2 2 5 4 57 1789 1628
2881 2 2 5 4 1629 1791 212
2882 2 2 5 4 1672 1791 1561
2883 2 2 5 4 1666 1790 1554
2884 2 2 5 4 1668 1788 1559
2885 2 2 5 4 1640 1730 1565
2886 2 2 5 4 1757 1825 1625
2887 2 2 5 4 1758 1826 1624
2888 2 2 5 4 1607 1842 1638
2889 2 2 5 4 1638 1842 1548
2890 2 2 5 4 1639 1840 1549
2891 2 2 5 4 1609 1840 1639
2892 2 2 5 4 1523 1781 1676
2893 2 2 5 4 1528 1903 1777
2894 2 2 5 4 1657 1759 1561
2895 2 2 5 4 1759 1865 1561
2896 2 2 5 4 1650 1771 1557
2897 2 2 5 4 1566 1943 1633
2898 2 2 5 4 1565 1739 1640
2899 2 2 5 4 1635 1749 1538
2900 2 2 5 4 1641 1761 1721
2901 2 2 5 4 1781 1884 1676
2902 2 2 5 4 1573 1941 1631
2903 2 2 5 4 1591 1792 1664
2904 2 2 5 4 1545 1768 1642
2905 2 2 5 4 1542 1767 1643
2906 2 2 5 4 1592 1739 1677
2907 2 2 5 4 1702 1861 1528
2908 2 2 5 4 1643 1891 1542
2909 2 2 5 4 1702 1915 1861
2910 2 2 5 4 1787 1877 1744
2911 2 2 5 4 1786 1878 1743
2912 2 2 5 4 1555 1778 1717
2913 2 2 5 4 1558 1779 1719
2914 2 2 5 4 1556 1780 1720
2915 2 2 5 4 1567 1787 1744
2916 2 2 5 4 1566 1786 1743
2917 2 2 5 4 1842 1942 1548
2918 2 2 5 4 1577 1825 1757
2919 2 2 5 4 1575 1826 1758
2920 2 2 5 4 1659 1908 1529
2921 2 2 5 4 1658 1911 1527
2922 2 2 5 4 1638 1866 1607
2923 2 2 5 4 1639 1867 1609
2924 2 2 5 4 1654 1764 1554
2925 2 2 5 4 1656 1765 1560
2926 2 2 5 4 1655 1766 1559
2927 2 2 5 4 1827 1908 1659
2928 2 2 5 4 1592 1876 1739
2929 2 2 5 4 1563 1725 1641
2930 2 2 5 4 1824 1911 1658
2931 2 2 5 4 1631 1797 1573
2932 2 2 5 4 1839 1940 1546
2933 2 2 5 4 1633 1786 1566
2934 2 2 5 4 1578 1805 1634
2935 2 2 5 4 1579 1804 1635
2936 2 2 5 4 1532 1806 1759
2937 2 2 5 4 1627 1880 1790
2938 2 2 5 4 1629 1882 1791
2939 2 2 5 4 1626 1881 1788
2940 2 2 5 4 1771 1958 1557
2941 2 2 5 4 1632 1942 1842
2942 2 2 5 4 1522 1923 1725
2943 2 2 5 4 1736 1806 1532
2944 2 2 5 4 1640 1739 1524
2945 2 2 5 4 1546 1793 1637
2946 2 2 5 4 1547 1794 1636
2947 2 2 5 4 198 1660 199
2948 2 2 5 4 55 1661 54
2949 2 2 5 4 126 1662 127
2950 2 2 5 4 215 1663 214
2951 2 2 5 4 1764 1868 1554
2952 2 2 5 4 1765 1869 1560
2953 2 2 5 4 1766 1870 1559
2954 2 2 5 4 1634 1931 1740
2955 2 2 5 4 1590 1844 1659
2956 2 2 5 4 1725 1923 1641
2957 2 2 5 4 1593 1752 1750
2958 2 2 5 4 1671 1720 220
2959 2 2 5 4 49 1718 1669
2960 2 2 5 4 1670 1719 193
2961 2 2 5 4 1673 1717 121
2962 2 2 5 4 123 1681 124
2963 2 2 5 4 218 1678 217
2964 2 2 5 4 52 1680 51
2965 2 2 5 4 195 1679 196
2966 2 2 5 4 1700 1758 1624
2967 2 2 5 4 1701 1757 1625
2968 2 2 5 4 1622 1849 1823
2969 2 2 5 4 1677 1739 1565
2970 2 2 5 4 1645 1757 1550
2971 2 2 5 4 1577 1757 1645
2972 2 2 5 4 1646 1758 1552
2973 2 2 5 4 1575 1758 1646
2974 2 2 5 4 1718 1811 1560
2975 2 2 5 4 1630 1940 1839
2976 2 2 5 4 1722 1741 1592
2977 2 2 5 4 1723 1742 1591
2978 2 2 5 4 202 1668 203
2979 2 2 5 4 130 1666 131
2980 2 2 5 4 211 1672 210
2981 2 2 5 4 221 1671 220
2982 2 2 5 4 49 1669 48
2983 2 2 5 4 59 1667 58
2984 2 2 5 4 192 1670 193
2985 2 2 5 4 120 1673 121
2986 2 2 5 4 1645 1754 1577
2987 2 2 5 4 1647 1753 1574
2988 2 2 5 4 1576 1755 1644
2989 2 2 5 4 1646 1756 1575
2990 2 2 5 4 1643 1782 1585
2991 2 2 5 4 1548 1795 1638
2992 2 2 5 4 1549 1796 1639
2993 2 2 5 4 1539 1776 1712
2994 2 2 5 4 1542 1774 1713
2995 2 2 5 4 1704 1774 1542
2996 2 2 5 4 1705 1776 1539
2997 2 2 5 4 1706 1775 1545
2998 2 2 5 4 1537 1812 1709
2999 2 2 5 4 1598 1807 1673
3000 2 2 5 4 1596 1809 1671
3001 2 2 5 4 1601 1810 1670
3002 2 2 5 4 1594 1808 1667
3003 2 2 5 4 1712 1776 1602
3004 2 2 5 4 1713 1774 1603
3005 2 2 5 4 125 1753 1647
3006 2 2 5 4 216 1756 1646
3007 2 2 5 4 197 1754 1645
3008 2 2 5 4 1644 1755 53
3009 2 2 5 4 1584 1761 1641
3010 2 2 5 4 1606 1709 1702
3011 2 2 5 4 1608 1708 1703
3012 2 2 5 4 1659 1844 1724
3013 2 2 5 4 1659 1724 1562
3014 2 2 5 4 1641 1923 1584
3015 2 2 5 4 1524 1922 1640
3016 2 2 5 4 1642 1890 1545
3017 2 2 5 4 1585 1891 1643
3018 2 2 5 4 1714 1775 1605
3019 2 2 5 4 1545 1775 1714
3020 2 2 5 4 1673 1807 1555
3021 2 2 5 4 1671 1809 1556
3022 2 2 5 4 1667 1808 1557
3023 2 2 5 4 1670 1810 1558
3024 2 2 5 4 1545 1926 1768
3025 2 2 5 4 1703 1708 1563
3026 2 2 5 4 1702 1709 1564
3027 2 2 5 4 1716 1943 1566
3028 2 2 5 4 1548 1942 1715
3029 2 2 5 4 1540 1906 1653
3030 2 2 5 4 1541 1905 1651
3031 2 2 5 4 1543 1907 1652
3032 2 2 5 4 1553 1769 1644
3033 2 2 5 4 1647 1770 1551
3034 2 2 5 4 1574 1770 1647
3035 2 2 5 4 1644 1769 1576
3036 2 2 5 4 1742 1879 1591
3037 2 2 5 4 1771 1875 1628
3038 2 2 5 4 1537 1841 1812
3039 2 2 5 4 1740 1931 1572
3040 2 2 5 4 1703 1904 1526
3041 2 2 5 4 1741 1876 1592
3042 2 2 5 4 61 1690 60
3043 2 2 5 4 204 1695 205
3044 2 2 5 4 132 1693 133
3045 2 2 5 4 47 1692 46
3046 2 2 5 4 190 1694 191
3047 2 2 5 4 223 1689 222
3048 2 2 5 4 209 1691 208
3049 2 2 5 4 118 1688 119
3050 2 2 5 4 1546 1940 1722
3051 2 2 5 4 1723 1941 1573
3052 2 2 5 4 1557 1957 1650
3053 2 2 5 4 1682 1751 1566
3054 2 2 5 4 1683 1752 1567
3055 2 2 5 4 1640 1760 1730
3056 2 2 5 4 1750 1752 1536
3057 2 2 5 4 1525 1782 1710
3058 2 2 5 4 1795 1843 1674
3059 2 2 5 4 1675 1830 1798
3060 2 2 5 4 1721 1761 1544
3061 2 2 5 4 1610 1734 1678
3062 2 2 5 4 1613 1731 1681
3063 2 2 5 4 1612 1732 1679
3064 2 2 5 4 1680 1733 1611
3065 2 2 5 4 1679 1732 1577
3066 2 2 5 4 1576 1733 1680
3067 2 2 5 4 1681 1731 1574
3068 2 2 5 4 1678 1734 1575
3069 2 2 5 4 1717 1778 1613
3070 2 2 5 4 1719 1779 1612
3071 2 2 5 4 1720 1780 1610
3072 2 2 5 4 218 1853 1678
3073 2 2 5 4 123 1854 1681
3074 2 2 5 4 1680 1852 51
3075 2 2 5 4 195 1851 1679
3076 2 2 5 4 1831 1904 1703
3077 2 2 5 4 220 1720 219
3078 2 2 5 4 50 1718 49
3079 2 2 5 4 193 1719 194
3080 2 2 5 4 121 1717 122
3081 2 2 5 4 1677 1750 1536
3082 2 2 5 4 1684 1895 1569
3083 2 2 5 4 1571 1901 1687
3084 2 2 5 4 1687 1902 1571
3085 2 2 5 4 1570 1899 1686
3086 2 2 5 4 1686 1898 1570
3087 2 2 5 4 1568 1897 1685
3088 2 2 5 4 1569 1900 1684
3089 2 2 5 4 1685 1896 1568
3090 2 2 5 4 1560 1948 1656
3091 2 2 5 4 1554 1949 1654
3092 2 2 5 4 1716 1751 1590
3093 2 2 5 4 1715 1752 1593
3094 2 2 5 4 1657 1745 1532
3095 2 2 5 4 1655 1746 1531
3096 2 2 5 4 1656 1748 1533
3097 2 2 5 4 1654 1747 1530
3098 2 2 5 4 1690 1897 1568
3099 2 2 5 4 1569 1895 1695
3100 2 2 5 4 1689 1901 1571
3101 2 2 5 4 1688 1900 1569
3102 2 2 5 4 1694 1899 1570
3103 2 2 5 4 1570 1898 1692
3104 2 2 5 4 1568 1896 1691
3105 2 2 5 4 1571 1902 1693
3106 2 2 5 4 1741 1805 1524
3107 2 2 5 4 1742 1804 1523
3108 2 2 5 4 1704 1880 1774
3109 2 2 5 4 1705 1881 1776
3110 2 2 5 4 1706 1882 1775
3111 2 2 5 4 1676 1792 1591
3112 2 2 5 4 1588 1795 1674
3113 2 2 5 4 1541 1826 1734
3114 2 2 5 4 1543 1825 1732
3115 2 2 5 4 1566 1751 1716
3116 2 2 5 4 1567 1752 1715
3117 2 2 5 4 1691 1806 1568
3118 2 2 5 4 1599 1806 1691
3119 2 2 5 4 128 1800 129
3120 2 2 5 4 200 1802 201
3121 2 2 5 4 57 1803 56
3122 2 2 5 4 213 1801 212
3123 2 2 5 4 1731 1829 1574
3124 2 2 5 4 1576 1828 1733
3125 2 2 5 4 1542 1925 1767
3126 2 2 5 4 1762 1826 1541
3127 2 2 5 4 1763 1825 1543
3128 2 2 5 4 1671 1814 1596
3129 2 2 5 4 1595 1815 1666
3130 2 2 5 4 1673 1820 1598
3131 2 2 5 4 1670 1818 1601
3132 2 2 5 4 1600 1817 1669
3133 2 2 5 4 1667 1819 1594
3134 2 2 5 4 1597 1821 1668
3135 2 2 5 4 1599 1816 1672
3136 2 2 5 4 1531 1746 1696
3137 2 2 5 4 1532 1745 1698
3138 2 2 5 4 1696 1746 1578
3139 2 2 5 4 1698 1745 1579
3140 2 2 5 4 1697 1747 1580
3141 2 2 5 4 1699 1748 1581
3142 2 2 5 4 1533 1748 1699
3143 2 2 5 4 1530 1747 1697
3144 2 2 5 4 1675 1798 1589
3145 2 2 5 4 1681 1854 1613
3146 2 2 5 4 1679 1851 1612
3147 2 2 5 4 1678 1853 1610
3148 2 2 5 4 1611 1852 1680
3149 2 2 5 4 1593 1750 1658
3150 2 2 5 4 1793 1858 1665
3151 2 2 5 4 1653 1906 1778
3152 2 2 5 4 1651 1905 1780
3153 2 2 5 4 1652 1907 1779
3154 2 2 5 4 1587 1793 1665
3155 2 2 5 4 1531 1766 1655
3156 2 2 5 4 1533 1765 1656
3157 2 2 5 4 1530 1764 1654
3158 2 2 5 4 1521 1772 1743
3159 2 2 5 4 1521 1773 1744
3160 2 2 5 4 1577 1754 1679
3161 2 2 5 4 1574 1753 1681
3162 2 2 5 4 1680 1755 1576
3163 2 2 5 4 1575 1756 1678
3164 2 2 5 4 1725 1921 1607
3165 2 2 5 4 1566 1743 1682
3166 2 2 5 4 1567 1744 1683
3167 2 2 5 4 1635 1930 1749
3168 2 2 5 4 1607 1921 1813
3169 2 2 5 4 1798 1830 1529
3170 2 2 5 4 1649 1769 1553
3171 2 2 5 4 1551 1770 1648
3172 2 2 5 4 1548 1843 1795
3173 2 2 5 4 1763 1799 1625
3174 2 2 5 4 1588 1799 1763
3175 2 2 5 4 1589 1798 1762
3176 2 2 5 4 1762 1798 1624
3177 2 2 5 4 1829 1863 1574
3178 2 2 5 4 1576 1864 1828
3179 2 2 5 4 221 1814 1671
3180 2 2 5 4 1668 1821 203
3181 2 2 5 4 1666 1815 131
3182 2 2 5 4 59 1819 1667
3183 2 2 5 4 1672 1816 210
3184 2 2 5 4 192 1818 1670
3185 2 2 5 4 1669 1817 48
3186 2 2 5 4 120 1820 1673
3187 2 2 5 4 1532 1759 1657
3188 2 2 5 4 1741 1931 1805
3189 2 2 5 4 1742 1930 1804
3190 2 2 5 4 1651 1955 1580
3191 2 2 5 4 1558 1954 1652
3192 2 2 5 4 1650 1957 1579
3193 2 2 5 4 1653 1956 1578
3194 2 2 5 4 1775 1801 1605
3195 2 2 5 4 1629 1801 1775
3196 2 2 5 4 1627 1800 1774
3197 2 2 5 4 1776 1802 1602
3198 2 2 5 4 1626 1802 1776
3199 2 2 5 4 1774 1800 1603
3200 2 2 5 4 1709 1812 1564
3201 2 2 5 4 1564 1812 1710
3202 2 2 5 4 1534 1751 1682
3203 2 2 5 4 1536 1752 1683
3204 2 2 5 4 1681 1753 124
3205 2 2 5 4 1678 1756 217
3206 2 2 5 4 1679 1754 196
3207 2 2 5 4 52 1755 1680
3208 2 2 5 4 1582 1890 1781
3209 2 2 5 4 1538 1771 1650
3210 2 2 5 4 1652 1779 1558
3211 2 2 5 4 1656 1948 1584
3212 2 2 5 4 1654 1949 1585
3213 2 2 5 4 1561 1951 1657
3214 2 2 5 4 1559 1950 1655
3215 2 2 5 4 1772 1933 1743
3216 2 2 5 4 1773 1934 1744
3217 2 2 5 4 1782 1939 1710
3218 2 2 5 4 1546 1858 1793
3219 2 2 5 4 1781 1890 1642
3220 2 2 5 4 1730 1760 1539
3221 2 2 5 4 1581 1945 1726
3222 2 2 5 4 1580 1944 1729
3223 2 2 5 4 1579 1946 1728
3224 2 2 5 4 1578 1947 1727
3225 2 2 5 4 1585 1944 1654
3226 2 2 5 4 1584 1945 1656
3227 2 2 5 4 1565 1952 1677
3228 2 2 5 4 1572 1741 1722
3229 2 2 5 4 1573 1742 1723
3230 2 2 5 4 1685 1897 62
3231 2 2 5 4 206 1895 1684
3232 2 2 5 4 207 1896 1685
3233 2 2 5 4 45 1898 1686
3234 2 2 5 4 1686 1899 189
3235 2 2 5 4 1684 1900 117
3236 2 2 5 4 1687 1901 224
3237 2 2 5 4 134 1902 1687
3238 2 2 5 4 1553 1912 1649
3239 2 2 5 4 1648 1913 1551
3240 2 2 5 4 1598 1820 1688
3241 2 2 5 4 1596 1814 1689
3242 2 2 5 4 1693 1815 1595
3243 2 2 5 4 132 1815 1693
3244 2 2 5 4 1688 1820 119
3245 2 2 5 4 1694 1818 191
3246 2 2 5 4 1601 1818 1694
3247 2 2 5 4 47 1817 1692
3248 2 2 5 4 1692 1817 1600
3249 2 2 5 4 1689 1814 222
3250 2 2 5 4 1690 1819 60
3251 2 2 5 4 1594 1819 1690
3252 2 2 5 4 209 1816 1691
3253 2 2 5 4 1691 1816 1599
3254 2 2 5 4 204 1821 1695
3255 2 2 5 4 1695 1821 1597
3256 2 2 5 4 1749 1930 1573
3257 2 2 5 4 1664 1794 1547
3258 2 2 5 4 1586 1794 1664
3259 2 2 5 4 1737 1893 1569
3260 2 2 5 4 1738 1894 1570
3261 2 2 5 4 1735 1892 1571
3262 2 2 5 4 1550 1757 1701
3263 2 2 5 4 1552 1758 1700
3264 2 2 5 4 1672 1865 1599
3265 2 2 5 4 1666 1868 1595
3266 2 2 5 4 1669 1869 1600
3267 2 2 5 4 1668 1870 1597
3268 2 2 5 4 1675 1796 1549
3269 2 2 5 4 1589 1796 1675
3270 2 2 5 4 1664 1916 1591
3271 2 2 5 4 1651 1849 1541
3272 2 2 5 4 1652 1850 1543
3273 2 2 5 4 1748 1945 1581
3274 2 2 5 4 1745 1946 1579
3275 2 2 5 4 1747 1944 1580
3276 2 2 5 4 1746 1947 1578
3277 2 2 5 4 1725 1866 1522
3278 2 2 5 4 1721 1828 1615
3279 2 2 5 4 1544 1828 1721
3280 2 2 5 4 1527 1799 1674
3281 2 2 5 4 1674 1799 1588
3282 2 2 5 4 202 1788 1668
3283 2 2 5 4 1667 1789 58
3284 2 2 5 4 211 1791 1672
3285 2 2 5 4 130 1790 1666
3286 2 2 5 4 1605 1845 1663
3287 2 2 5 4 1661 1846 1604
3288 2 2 5 4 1603 1847 1662
3289 2 2 5 4 1602 1848 1660
3290 2 2 5 4 1529 1830 1659
3291 2 2 5 4 1659 1830 1590
3292 2 2 5 4 1702 1836 1606
3293 2 2 5 4 1528 1836 1702
3294 2 2 5 4 1526 1838 1703
3295 2 2 5 4 1703 1838 1608
3296 2 2 5 4 1579 1957 1698
3297 2 2 5 4 1699 1954 1558
3298 2 2 5 4 1580 1955 1697
3299 2 2 5 4 1578 1956 1696
3300 2 2 5 4 1557 1958 1667
3301 2 2 5 4 1665 1918 1587
3302 2 2 5 4 1664 1859 1586
3303 2 2 5 4 1663 1845 214
3304 2 2 5 4 1660 1848 199
3305 2 2 5 4 55 1846 1661
3306 2 2 5 4 1662 1847 127
3307 2 2 5 4 1562 1827 1659
3308 2 2 5 4 1663 1885 1605
3309 2 2 5 4 1604 1887 1661
3310 2 2 5 4 1662 1888 1603
3311 2 2 5 4 1660 1886 1602
3312 2 2 5 4 1728 1804 1579
3313 2 2 5 4 1727 1805 1578
3314 2 2 5 4 1705 1760 1583
3315 2 2 5 4 1539 1760 1705
3316 2 2 5 4 1707 1761 1584
3317 2 2 5 4 1544 1761 1707
3318 2 2 5 4 1562 1884 1768
3319 2 2 5 4 1768 1884 1642
3320 2 2 5 4 1565 1824 1658
3321 2 2 5 4 1658 1952 1565
3322 2 2 5 4 1726 1822 1581
3323 2 2 5 4 1525 1823 1729
3324 2 2 5 4 1658 1857 1593
3325 2 2 5 4 1527 1857 1658
3326 2 2 5 4 1661 1887 1553
3327 2 2 5 4 1550 1886 1660
3328 2 2 5 4 1551 1888 1662
3329 2 2 5 4 1552 1885 1663
3330 2 2 5 4 1572 1777 1740
3331 2 2 5 4 1549 1917 1675
3332 2 2 5 4 1608 1855 1708
3333 2 2 5 4 1606 1856 1709
3334 2 2 5 4 1783 1893 1737
3335 2 2 5 4 1784 1894 1738
3336 2 2 5 4 1785 1892 1735
3337 2 2 5 4 1611 1811 1718
3338 2 2 5 4 1665 1858 1592
3339 2 2 5 4 1592 1862 1665
3340 2 2 5 4 1547 1916 1664
3341 2 2 5 4 62 1936 1685
3342 2 2 5 4 1687 1938 134
3343 2 2 5 4 1684 1937 206
3344 2 2 5 4 224 1938 1687
3345 2 2 5 4 117 1937 1684
3346 2 2 5 4 189 1935 1686
3347 2 2 5 4 1686 1935 45
3348 2 2 5 4 1685 1936 207
3349 2 2 5 4 1554 1868 1666
3350 2 2 5 4 1560 1869 1669
3351 2 2 5 4 1559 1870 1668
3352 2 2 5 4 1584 1948 1707
3353 2 2 5 4 1706 1951 1561
3354 2 2 5 4 1705 1950 1559
3355 2 2 5 4 1585 1949 1704
3356 2 2 5 4 1561 1865 1672
3357 2 2 5 4 1585 1782 1729
3358 2 2 5 4 1582 1781 1728
3359 2 2 5 4 1918 1934 1587
3360 2 2 5 4 1563 1831 1703
3361 2 2 5 4 1545 1890 1706
3362 2 2 5 4 1704 1891 1585
3363 2 2 5 4 1683 1918 1536
3364 2 2 5 4 1683 1934 1918
3365 2 2 5 4 1676 1884 1562
3366 2 2 5 4 1591 1879 1676
3367 2 2 5 4 1674 1843 1593
3368 2 2 5 4 1590 1830 1675
3369 2 2 5 4 1708 1855 1535
3370 2 2 5 4 1709 1856 1537
3371 2 2 5 4 1675 1917 1590
3372 2 2 5 4 1676 1879 1523
3373 2 2 5 4 1674 1857 1527
3374 2 2 5 4 1536 1862 1677
3375 2 2 5 4 1593 1857 1674
3376 2 2 5 4 1677 1862 1592
3377 2 2 5 4 53 1755 52
3378 2 2 5 4 196 1754 197
3379 2 2 5 4 124 1753 125
3380 2 2 5 4 217 1756 216
3381 2 2 5 4 129 1790 130
3382 2 2 5 4 58 1789 57
3383 2 2 5 4 201 1788 202
3384 2 2 5 4 212 1791 211
3385 2 2 5 4 1859 1933 1586
3386 2 2 5 4 1737 1766 1531
3387 2 2 5 4 1738 1765 1533
3388 2 2 5 4 1735 1764 1530
3389 2 2 5 4 1682 1933 1859
3390 2 2 5 4 1707 1889 1544
3391 2 2 5 4 1584 1923 1726
3392 2 2 5 4 1727 1922 1524
3393 2 2 5 4 1557 1808 1698
3394 2 2 5 4 1555 1807 1696
3395 2 2 5 4 1558 1810 1699
3396 2 2 5 4 1556 1809 1697
3397 2 2 5 4 1697 1955 1556
3398 2 2 5 4 1696 1956 1555
3399 2 2 5 4 1698 1957 1557
3400 2 2 5 4 1581 1954 1699
3401 2 2 5 4 1682 1859 1534
3402 2 2 5 4 1616 1878 1786
3403 2 2 5 4 1617 1877 1787
3404 2 2 5 4 1613 1854 1717
3405 2 2 5 4 50 1852 1718
3406 2 2 5 4 1612 1851 1719
3407 2 2 5 4 1719 1851 194
3408 2 2 5 4 1718 1852 1611
3409 2 2 5 4 1720 1853 219
3410 2 2 5 4 1717 1854 122
3411 2 2 5 4 1610 1853 1720
3412 2 2 5 4 1751 1844 1590
3413 2 2 5 4 1655 1950 1947
3414 2 2 5 4 1657 1951 1946
3415 2 2 5 4 1609 1867 1710
3416 2 2 5 4 1710 1867 1525
3417 2 2 5 4 205 1895 206
3418 2 2 5 4 208 1896 207
3419 2 2 5 4 62 1897 61
3420 2 2 5 4 46 1898 45
3421 2 2 5 4 189 1899 190
3422 2 2 5 4 133 1902 134
3423 2 2 5 4 117 1900 118
3424 2 2 5 4 224 1901 223
3425 2 2 5 4 1721 1831 1563
3426 2 2 5 4 1572 1940 1777
3427 2 2 5 4 1560 1811 1707
3428 2 2 5 4 1595 1764 1735
3429 2 2 5 4 1597 1766 1737
3430 2 2 5 4 1600 1765 1738
3431 2 2 5 4 1556 1955 1780
3432 2 2 5 4 1780 1955 1651
3433 2 2 5 4 1555 1956 1778
3434 2 2 5 4 1778 1956 1653
3435 2 2 5 4 1628 1958 1771
3436 2 2 5 4 1583 1950 1705
3437 2 2 5 4 1707 1948 1560
3438 2 2 5 4 1786 1929 1616
3439 2 2 5 4 1787 1928 1617
3440 2 2 5 4 1728 1781 1523
3441 2 2 5 4 1729 1782 1525
3442 2 2 5 4 1607 1866 1725
3443 2 2 5 4 1564 1915 1702
3444 2 2 5 4 1861 1915 1621
3445 2 2 5 4 1740 1829 1540
3446 2 2 5 4 1614 1829 1740
3447 2 2 5 4 1730 1824 1565
3448 2 2 5 4 1618 1824 1730
3449 2 2 5 4 1649 1904 1864
3450 2 2 5 4 1863 1903 1648
3451 2 2 5 4 1698 1932 1532
3452 2 2 5 4 1616 1929 1872
3453 2 2 5 4 1617 1928 1871
3454 2 2 5 4 1534 1792 1724
3455 2 2 5 4 1736 1932 1594
3456 2 2 5 4 1695 1895 205
3457 2 2 5 4 61 1897 1690
3458 2 2 5 4 1692 1898 46
3459 2 2 5 4 1691 1896 208
3460 2 2 5 4 190 1899 1694
3461 2 2 5 4 1693 1902 133
3462 2 2 5 4 118 1900 1688
3463 2 2 5 4 223 1901 1689
3464 2 2 5 4 1689 1892 1596
3465 2 2 5 4 1688 1893 1598
3466 2 2 5 4 1694 1894 1601
3467 2 2 5 4 1759 1806 1599
3468 2 2 5 4 1552 1909 1714
3469 2 2 5 4 1569 1893 1688
3470 2 2 5 4 1570 1894 1694
3471 2 2 5 4 1571 1892 1689
3472 2 2 5 4 1760 1922 1583
3473 2 2 5 4 1640 1922 1760
3474 2 2 5 4 1535 1813 1708
3475 2 2 5 4 1710 1812 1609
3476 2 2 5 4 1864 1904 1615
3477 2 2 5 4 1614 1903 1863
3478 2 2 5 4 1529 1908 1700
3479 2 2 5 4 1527 1911 1701
3480 2 2 5 4 1700 1909 1552
3481 2 2 5 4 1701 1910 1550
3482 2 2 5 4 1531 1783 1737
3483 2 2 5 4 1530 1785 1735
3484 2 2 5 4 1533 1784 1738
3485 2 2 5 4 1559 1881 1705
3486 2 2 5 4 1561 1882 1706
3487 2 2 5 4 1542 1891 1704
3488 2 2 5 4 1740 1777 1614
3489 2 2 5 4 1714 1909 1620
3490 2 2 5 4 1711 1875 1538
3491 2 2 5 4 1524 1805 1727
3492 2 2 5 4 1523 1804 1728
3493 2 2 5 4 1712 1910 1618
3494 2 2 5 4 1550 1910 1712
3495 2 2 5 4 1538 1953 1711
3496 2 2 5 4 1711 1912 1553
3497 2 2 5 4 1713 1913 1621
3498 2 2 5 4 1619 1912 1711
3499 2 2 5 4 1551 1913 1713
3500 2 2 5 4 1652 1954 1914
3501 2 2 5 4 1710 1939 1564
3502 2 2 5 4 1947 1950 1583
3503 2 2 5 4 1946 1951 1582
3504 2 2 5 4 1714 1885 1552
3505 2 2 5 4 1713 1925 1542
3506 2 2 5 4 1712 1924 1539
3507 2 2 5 4 1525 1883 1823
3508 2 2 5 4 1783 1807 1598
3509 2 2 5 4 1784 1810 1601
3510 2 2 5 4 1785 1809 1596
3511 2 2 5 4 1657 1946 1745
3512 2 2 5 4 1655 1947 1746
3513 2 2 5 4 1656 1945 1748
3514 2 2 5 4 1654 1944 1747
3515 2 2 5 4 1604 1875 1711
3516 2 2 5 4 1708 1921 1563
3517 2 2 5 4 1593 1843 1715
3518 2 2 5 4 1568 1806 1736
3519 2 2 5 4 1573 1797 1749
3520 2 2 5 4 1749 1797 1619
3521 2 2 5 4 1590 1917 1716
3522 2 2 5 4 1715 1843 1548
3523 2 2 5 4 1522 1822 1726
3524 2 2 5 4 1729 1823 1580
3525 2 2 5 4 1619 1919 1860
3526 2 2 5 4 1724 1844 1534
3527 2 2 5 4 1564 1939 1767
3528 2 2 5 4 1767 1939 1643
3529 2 2 5 4 1615 1831 1721
3530 2 2 5 4 1592 1858 1722
3531 2 2 5 4 1605 1885 1714
3532 2 2 5 4 1797 1919 1619
3533 2 2 5 4 1723 1916 1547
3534 2 2 5 4 1553 1887 1711
3535 2 2 5 4 1712 1886 1550
3536 2 2 5 4 1711 1887 1604
3537 2 2 5 4 1713 1888 1551
3538 2 2 5 4 1603 1888 1713
3539 2 2 5 4 1602 1886 1712
3540 2 2 5 4 1715 1942 1567
3541 2 2 5 4 1777 1940 1630
3542 2 2 5 4 127 1847 128
3543 2 2 5 4 199 1848 200
3544 2 2 5 4 56 1846 55
3545 2 2 5 4 214 1845 213
3546 2 2 5 4 1620 1926 1714
3547 2 2 5 4 1714 1926 1545
3548 2 2 5 4 1618 1924 1712
3549 2 2 5 4 1621 1925 1713
3550 2 2 5 4 1711 1953 1619
3551 2 2 5 4 1722 1858 1546
3552 2 2 5 4 1822 1914 1581
3553 2 2 5 4 1543 1874 1763
3554 2 2 5 4 1541 1873 1762
3555 2 2 5 4 1594 1932 1808
3556 2 2 5 4 1677 1952 1750
3557 2 2 5 4 1722 1940 1572
3558 2 2 5 4 1547 1941 1723
3559 2 2 5 4 1732 1825 1577
3560 2 2 5 4 1734 1826 1575
3561 2 2 5 4 1591 1916 1723
3562 2 2 5 4 210 1816 209
3563 2 2 5 4 60 1819 59
3564 2 2 5 4 191 1818 192
3565 2 2 5 4 48 1817 47
3566 2 2 5 4 203 1821 204
3567 2 2 5 4 131 1815 132
3568 2 2 5 4 222 1814 221
3569 2 2 5 4 119 1820 120
3570 2 2 5 4 1536 1918 1862
3571 2 2 5 4 1540 1829 1731
3572 2 2 5 4 1733 1828 1544
3573 2 2 5 4 1914 1954 1581
3574 2 2 5 4 1862 1918 1665
3575 2 2 5 4 1618 1911 1824
3576 2 2 5 4 1733 1889 1611
3577 2 2 5 4 1667 1958 1789
3578 2 2 5 4 1563 1921 1725
3579 2 2 5 4 1643 1939 1782
3580 2 2 5 4 1623 1927 1834
3581 2 2 5 4 1777 1903 1614
3582 2 2 5 4 1730 1924 1618
3583 2 2 5 4 1539 1924 1730
3584 2 2 5 4 1728 1946 1582
3585 2 2 5 4 1726 1945 1584
3586 2 2 5 4 1729 1944 1585
3587 2 2 5 4 1544 1889 1733
3588 2 2 5 4 1624 1826 1762
3589 2 2 5 4 1625 1825 1763
3590 2 2 5 4 1726 1923 1522
3591 2 2 5 4 1861 1903 1528
3592 2 2 5 4 1526 1904 1860
3593 2 2 5 4 1648 1903 1861
3594 2 2 5 4 1860 1904 1649
3595 2 2 5 4 1812 1841 1609
3596 2 2 5 4 1739 1876 1524
3597 2 2 5 4 1613 1906 1731
3598 2 2 5 4 1610 1905 1734
3599 2 2 5 4 1612 1907 1732
3600 2 2 5 4 1642 1884 1781
3601 2 2 5 4 1850 1874 1543
3602 2 2 5 4 1849 1873 1541
3603 2 2 5 4 219 1853 218
3604 2 2 5 4 51 1852 50
3605 2 2 5 4 194 1851 195
3606 2 2 5 4 122 1854 123
3607 2 2 5 4 1731 1906 1540
3608 2 2 5 4 1734 1905 1541
3609 2 2 5 4 1732 1907 1543
3610 2 2 5 4 1776 1881 1626
3611 2 2 5 4 1774 1880 1627
3612 2 2 5 4 1775 1882 1629
3613 2 2 5 4 1811 1889 1707
3614 2 2 5 4 1523 1879 1742
3615 2 2 5 4 1524 1876 1741
3616 2 2 5 4 1750 1952 1658
3617 2 2 5 4 1768 1827 1562
3618 2 2 5 4 206 1937 8
3619 2 2 5 4 207 1936 3
3620 2 2 5 4 134 1938 7
3621 2 2 5 4 8 1937 117
3622 2 2 5 4 3 1936 62
3623 2 2 5 4 45 1935 4
3624 2 2 5 4 4 1935 189
3625 2 2 5 4 7 1938 224
3626 2 2 5 4 1762 1873 1589
3627 2 2 5 4 1763 1874 1588
3628 2 2 5 4 1880 1949 1554
3629 2 2 5 4 1704 1949 1880
3630 2 2 5 4 1535 1928 1920
3631 2 2 5 4 1532 1932 1736
3632 2 2 5 4 1614 1863 1829
3633 2 2 5 4 1828 1864 1615
3634 2 2 5 4 1534 1844 1751
3635 2 2 5 4 1834 1927 1638
3636 2 2 5 4 1922 1947 1583
3637 2 2 5 4 1727 1947 1922
3638 2 2 5 4 1649 1864 1769
3639 2 2 5 4 1770 1863 1648
3640 2 2 5 4 1582 1951 1890
3641 2 2 5 4 1890 1951 1706
3642 2 2 5 4 128 1847 1800
3643 2 2 5 4 200 1848 1802
3644 2 2 5 4 1803 1846 56
3645 2 2 5 4 213 1845 1801
3646 2 2 5 4 1744 1877 1521
3647 2 2 5 4 1743 1878 1521
3648 2 2 5 4 1767 1915 1564
3649 2 2 5 4 1917 1943 1716
3650 2 2 5 4 1549 1943 1917
3651 2 2 5 4 1835 1883 1639
3652 2 2 5 4 1616 1832 1773
3653 2 2 5 4 1773 1832 1587
3654 2 2 5 4 1617 1833 1772
3655 2 2 5 4 1772 1833 1586
3656 2 2 5 4 1622 1883 1835
3657 2 2 5 4 1535 1920 1813
3658 2 2 5 4 1615 1904 1831
3659 2 2 5 4 1832 1872 1637
3660 2 2 5 4 1833 1871 1636
3661 2 2 5 4 1616 1872 1832
3662 2 2 5 4 1617 1871 1833
3663 2 2 5 4 1804 1930 1635
3664 2 2 5 4 1805 1931 1634
3665 2 2 5 4 1620 1908 1827
3666 2 2 5 4 1652 1914 1850
3667 2 2 5 4 1599 1865 1759
3668 2 2 5 4 1794 1833 1636
3669 2 2 5 4 1586 1833 1794
3670 2 2 5 4 1587 1832 1793
3671 2 2 5 4 1793 1832 1637
3672 2 2 5 4 1572 1931 1741
3673 2 2 5 4 1573 1930 1742
3674 2 2 5 4 1620 1827 1768
3675 2 2 5 4 1743 1933 1682
3676 2 2 5 4 1744 1934 1683
3677 2 2 5 4 1567 1942 1787
3678 2 2 5 4 1787 1942 1632
3679 2 2 5 4 1636 1871 1855
3680 2 2 5 4 1855 1871 1535
3681 2 2 5 4 1637 1872 1856
3682 2 2 5 4 1856 1872 1537
3683 2 2 5 4 1619 1953 1749
3684 2 2 5 4 1649 1912 1860
3685 2 2 5 4 1861 1913 1648
3686 2 2 5 4 1595 1868 1764
3687 2 2 5 4 1600 1869 1765
3688 2 2 5 4 1597 1870 1766
3689 2 2 5 4 1574 1863 1770
3690 2 2 5 4 1769 1864 1576
3691 2 2 5 4 1749 1953 1538
3692 2 2 5 4 1609 1841 1840
3693 2 2 5 4 1840 1841 1633
3694 2 2 5 4 1630 1839 1836
3695 2 2 5 4 1836 1839 1606
3696 2 2 5 4 1837 1838 1631
3697 2 2 5 4 1608 1838 1837
3698 2 2 5 4 1589 1873 1835
3699 2 2 5 4 1588 1874 1834
3700 2 2 5 4 1639 1883 1867
3701 2 2 5 4 1867 1883 1525
3702 2 2 5 4 1796 1835 1639
3703 2 2 5 4 1795 1834 1638
3704 2 2 5 4 1767 1925 1621
3705 2 2 5 4 1596 1892 1785
3706 2 2 5 4 1598 1893 1783
3707 2 2 5 4 1601 1894 1784
3708 2 2 5 4 1588 1834 1795
3709 2 2 5 4 1589 1835 1796
3710 2 2 5 4 1808 1932 1698
3711 2 2 5 4 1823 1883 1622
3712 2 2 5 4 1538 1875 1771
3713 2 2 5 4 1521 1877 1772
3714 2 2 5 4 1521 1878 1773
3715 2 2 5 4 1772 1877 1617
3716 2 2 5 4 1773 1878 1616
3717 2 2 5 4 1801 1845 1605
3718 2 2 5 4 1604 1846 1803
3719 2 2 5 4 1802 1848 1602
3720 2 2 5 4 1800 1847 1603
3721 2 2 5 4 1587 1934 1773
3722 2 2 5 4 1586 1933 1772
3723 2 2 5 4 1621 1915 1767
3724 2 2 5 4 1779 1907 1612
3725 2 2 5 4 1778 1906 1613
3726 2 2 5 4 1780 1905 1610
3727 2 2 5 4 1768 1926 1620
3728 2 2 5 4 1822 1927 1623
3729 2 2 5 4 1611 1889 1811
3730 2 2 5 4 1622 1873 1849
3731 2 2 5 4 1623 1874 1850
3732 2 2 5 4 1838 1919 1631
3733 2 2 5 4 1526 1919 1838
3734 2 2 5 4 1920 1928 1632
3735 2 2 5 4 1633 1929 1786
3736 2 2 5 4 1632 1928 1787
3737 2 2 5 4 1860 1919 1526
3738 2 2 5 4 1631 1919 1797
3739 2 2 5 4 1866 1927 1522
3740 2 2 5 4 1638 1927 1866
3741 2 2 5 4 1537 1929 1841
3742 2 2 5 4 1841 1929 1633
3743 2 2 5 4 1835 1873 1622
3744 2 2 5 4 1834 1874 1623
3745 2 2 5 4 1623 1914 1822
3746 2 2 5 4 1789 1958 1628
3747 2 2 5 4 1910 1911 1618
3748 2 2 5 4 1701 1911 1910
3749 2 2 5 4 1620 1909 1908
3750 2 2 5 4 1908 1909 1700
3751 2 2 5 4 1631 1941 1837
3752 2 2 5 4 1837 1941 1547
3753 2 2 5 4 1840 1943 1549
3754 2 2 5 4 1633 1943 1840
3755 2 2 5 4 1813 1920 1607
3756 2 2 5 4 1813 1921 1708
3757 2 2 5 4 1871 1928 1535
3758 2 2 5 4 1872 1929 1537
3759 2 2 5 4 1522 1927 1822
3760 2 2 5 4 1850 1914 1623
3761 2 2 5 4 1860 1912 1619
3762 2 2 5 4 1621 1913 1861
3763 2 2 5 4 1607 1920 1842
3764 2 2 5 4 1842 1920 1632
3765 2 2 2 5 2266 2017 2286
3766 2 2 2 5 2079 72 2099
3767 2 2 2 5 162 2078 2100
3768 2 2 2 5 2081 198 2101
3769 2 2 2 5 2080 143 2102
3770 2 2 2 5 2114 1983 2166
3771 2 2 2 5 2026 2114 2166
3772 2 2 2 5 2069 2006 2084
3773 2 2 2 5 2034 2133 2175
3774 2 2 2 5 2040 2132 2178
3775 2 2 2 5 2132 2009 2178
3776 2 2 2 5 2133 2010 2175
3777 2 2 2 5 2130 2033 2176
3778 2 2 2 5 2135 2008 2177
3779 2 2 2 5 2007 2130 2176
3780 2 2 2 5 2036 2135 2177
3781 2 2 2 5 2140 1966 2238
3782 2 2 2 5 2064 2140 2238
3783 2 2 2 5 2224 2016 2267
3784 2 2 2 5 2024 2071 2082
3785 2 2 2 5 2017 2089 2286
3786 2 2 2 5 144 143 2080
3787 2 2 2 5 71 72 2079
3788 2 2 2 5 197 198 2081
3789 2 2 2 5 162 161 2078
3790 2 2 2 5 2016 2088 2267
3791 2 2 2 5 2002 2075 2161
3792 2 2 2 5 2147 2256 2346
3793 2 2 2 5 2084 2026 2210
3794 2 2 2 5 2232 1994 2316
3795 2 2 2 5 2233 2001 2318
3796 2 2 2 5 2230 1997 2317
3797 2 2 2 5 75 2065 2241
3798 2 2 2 5 201 2066 2239
3799 2 2 2 5 2068 165 2242
3800 2 2 2 5 140 2067 2240
3801 2 2 2 5 2030 2163 2165
3802 2 2 2 5 2163 1959 2165
3803 2 2 2 5 2136 1969 2225
3804 2 2 2 5 2137 1968 2227
3805 2 2 2 5 2139 1971 2226
3806 2 2 2 5 2072 2055 2181
3807 2 2 2 5 2031 2097 2196
3808 2 2 2 5 2097 1964 2196
3809 2 2 2 5 2078 1992 2100
3810 2 2 2 5 1989 2079 2099
3811 2 2 2 5 1991 2081 2101
3812 2 2 2 5 1990 2080 2102
3813 2 2 2 5 2005 2114 2180
3814 2 2 2 5 2136 2225 2244
3815 2 2 2 5 2137 2227 2246
3816 2 2 2 5 2139 2226 2247
3817 2 2 2 5 2084 2210 2353
3818 2 2 2 5 2126 2253 2349
3819 2 2 2 5 2006 2069 2179
3820 2 2 2 5 2069 1985 2179
3821 2 2 2 5 1985 2069 2279
3822 2 2 2 5 2147 1961 2256
3823 2 2 2 5 2256 2060 2346
3824 2 2 2 5 2073 1967 2211
3825 2 2 2 5 2126 1960 2253
3826 2 2 2 5 1996 2111 2156
3827 2 2 2 5 2108 2000 2157
3828 2 2 2 5 1999 2107 2158
3829 2 2 2 5 1995 2109 2159
3830 2 2 2 5 2066 201 2232
3831 2 2 2 5 2065 75 2230
3832 2 2 2 5 165 2068 2231
3833 2 2 2 5 2067 140 2233
3834 2 2 2 5 2110 2001 2233
3835 2 2 2 5 2104 1994 2232
3836 2 2 2 5 2106 1997 2230
3837 2 2 2 5 2194 2064 2269
3838 2 2 2 5 2070 1985 2279
3839 2 2 2 5 2046 2070 2279
3840 2 2 2 5 1964 2096 2214
3841 2 2 2 5 1993 2124 2125
3842 2 2 2 5 2124 2019 2125
3843 2 2 2 5 2119 2281 2309
3844 2 2 2 5 2095 2001 2198
3845 2 2 2 5 1986 2077 2182
3846 2 2 2 5 2198 2001 2298
3847 2 2 2 5 2088 1998 2212
3848 2 2 2 5 2077 2005 2182
3849 2 2 2 5 2119 1988 2281
3850 2 2 2 5 1960 2146 2193
3851 2 2 2 5 1984 2074 2149
3852 2 2 2 5 2055 2072 2313
3853 2 2 2 5 2180 2114 2221
3854 2 2 2 5 1988 2119 2149
3855 2 2 2 5 1982 2075 2206
3856 2 2 2 5 1980 2076 2205
3857 2 2 2 5 2076 1980 2325
3858 2 2 2 5 2146 2032 2193
3859 2 2 2 5 2026 2084 2251
3860 2 2 2 5 1996 2156 2218
3861 2 2 2 5 1999 2158 2219
3862 2 2 2 5 1995 2159 2220
3863 2 2 2 5 1964 2214 2342
3864 2 2 2 5 2145 2051 2228
3865 2 2 2 5 1975 2145 2228
3866 2 2 2 5 2012 2194 2269
3867 2 2 2 5 2098 1966 2347
3868 2 2 2 5 1967 2073 2305
3869 2 2 2 5 2086 1965 2213
3870 2 2 2 5 2070 2046 2300
3871 2 2 2 5 2092 1994 2202
3872 2 2 2 5 2094 2000 2203
3873 2 2 2 5 2093 1997 2204
3874 2 2 2 5 2072 2181 2252
3875 2 2 2 5 2125 2019 2166
3876 2 2 2 5 1983 2125 2166
3877 2 2 2 5 2272 2098 2347
3878 2 2 2 5 1970 2198 2243
3879 2 2 2 5 2254 2071 2314
3880 2 2 2 5 2074 2028 2255
3881 2 2 2 5 2066 2232 2316
3882 2 2 2 5 2067 2233 2318
3883 2 2 2 5 2065 2230 2317
3884 2 2 2 5 2071 2024 2229
3885 2 2 2 5 2221 2026 2251
3886 2 2 2 5 1967 2124 2236
3887 2 2 2 5 2028 2112 2276
3888 2 2 2 5 2084 2006 2251
3889 2 2 2 5 2029 2155 2179
3890 2 2 2 5 1987 2146 2254
3891 2 2 2 5 2166 2019 2210
3892 2 2 2 5 2212 1998 2386
3893 2 2 2 5 2041 2126 2152
3894 2 2 2 5 2005 2077 2360
3895 2 2 2 5 2176 1970 2243
3896 2 2 2 5 2161 2075 2222
3897 2 2 2 5 1987 2254 2314
3898 2 2 2 5 2083 1976 2237
3899 2 2 2 5 2031 2083 2237
3900 2 2 2 5 72 73 2099
3901 2 2 2 5 163 162 2100
3902 2 2 2 5 198 199 2101
3903 2 2 2 5 143 142 2102
3904 2 2 2 5 2150 1974 2197
3905 2 2 2 5 2202 1994 2302
3906 2 2 2 5 2203 2000 2303
3907 2 2 2 5 2204 1997 2304
3908 2 2 2 5 2019 2197 2210
3909 2 2 2 5 2029 2179 2306
3910 2 2 2 5 2062 2234 2237
3911 2 2 2 5 2112 2161 2276
3912 2 2 2 5 2077 1986 2310
3913 2 2 2 5 2109 148 2159
3914 2 2 2 5 2107 67 2158
3915 2 2 2 5 157 2108 2157
3916 2 2 2 5 2111 193 2156
3917 2 2 2 5 195 196 2118
3918 2 2 2 5 146 145 2115
3919 2 2 2 5 160 159 2117
3920 2 2 2 5 69 70 2116
3921 2 2 2 5 1972 2155 2188
3922 2 2 2 5 2155 2029 2188
3923 2 2 2 5 2140 2064 2194
3924 2 2 2 5 2074 1984 2271
3925 2 2 2 5 2059 2266 2286
3926 2 2 2 5 1986 2097 2234
3927 2 2 2 5 2080 1990 2194
3928 2 2 2 5 2012 2080 2194
3929 2 2 2 5 2157 2000 2249
3930 2 2 2 5 2097 2031 2234
3931 2 2 2 5 1967 2236 2341
3932 2 2 2 5 76 77 2106
3933 2 2 2 5 139 138 2110
3934 2 2 2 5 149 148 2109
3935 2 2 2 5 202 203 2104
3936 2 2 2 5 66 67 2107
3937 2 2 2 5 157 156 2108
3938 2 2 2 5 167 166 2105
3939 2 2 2 5 192 193 2111
3940 2 2 2 5 2019 2073 2197
3941 2 2 2 5 2127 1978 2275
3942 2 2 2 5 2229 2163 2271
3943 2 2 2 5 2082 2071 2254
3944 2 2 2 5 2079 2014 2190
3945 2 2 2 5 2081 2011 2189
3946 2 2 2 5 2013 2078 2191
3947 2 2 2 5 2080 2012 2192
3948 2 2 2 5 2211 1967 2293
3949 2 2 2 5 2163 2030 2271
3950 2 2 2 5 2076 2023 2223
3951 2 2 2 5 1985 2070 2235
3952 2 2 2 5 1980 2153 2215
3953 2 2 2 5 2141 1980 2215
3954 2 2 2 5 2142 1976 2217
3955 2 2 2 5 2143 1982 2216
3956 2 2 2 5 2099 2042 2257
3957 2 2 2 5 2073 2019 2305
3958 2 2 2 5 1978 2127 2294
3959 2 2 2 5 2037 2111 2244
3960 2 2 2 5 2035 2109 2246
3961 2 2 2 5 2039 2107 2247
3962 2 2 2 5 2033 2105 2245
3963 2 2 2 5 2153 2043 2215
3964 2 2 2 5 1989 2099 2257
3965 2 2 2 5 197 2081 2189
3966 2 2 2 5 144 2080 2192
3967 2 2 2 5 71 2079 2190
3968 2 2 2 5 2078 161 2191
3969 2 2 2 5 2103 1973 2160
3970 2 2 2 5 2005 2103 2160
3971 2 2 2 5 2075 2002 2206
3972 2 2 2 5 2028 2074 2250
3973 2 2 2 5 2146 1987 2252
3974 2 2 2 5 1964 2087 2196
3975 2 2 2 5 2006 2165 2251
3976 2 2 2 5 2213 1965 2309
3977 2 2 2 5 2075 1982 2324
3978 2 2 2 5 2023 2076 2325
3979 2 2 2 5 2154 2045 2216
3980 2 2 2 5 1982 2154 2216
3981 2 2 2 5 2111 1996 2244
3982 2 2 2 5 2109 1995 2246
3983 2 2 2 5 2105 1998 2245
3984 2 2 2 5 2107 1999 2247
3985 2 2 2 5 1982 2206 2357
3986 2 2 2 5 2005 2160 2182
3987 2 2 2 5 1978 2091 2344
3988 2 2 2 5 1977 2089 2343
3989 2 2 2 5 1979 2090 2345
3990 2 2 2 5 2126 2003 2152
3991 2 2 2 5 2112 2002 2161
3992 2 2 2 5 1992 2078 2207
3993 2 2 2 5 2079 1989 2208
3994 2 2 2 5 2081 1991 2209
3995 2 2 2 5 2125 1983 2248
3996 2 2 2 5 2150 2197 2363
3997 2 2 2 5 2011 2081 2209
3998 2 2 2 5 2014 2079 2208
3999 2 2 2 5 2078 2013 2207
4000 2 2 2 5 2071 2229 2354
4001 2 2 2 5 2046 2150 2151
4002 2 2 2 5 2146 2041 2254
4003 2 2 2 5 2149 2119 2292
4004 2 2 2 5 2150 2004 2151
4005 2 2 2 5 2234 2031 2237
4006 2 2 2 5 2053 2127 2275
4007 2 2 2 5 169 168 2130
4008 2 2 2 5 78 79 2135
4009 2 2 2 5 204 205 2133
4010 2 2 2 5 64 65 2134
4011 2 2 2 5 155 154 2132
4012 2 2 2 5 151 150 2128
4013 2 2 2 5 137 136 2131
4014 2 2 2 5 190 191 2129
4015 2 2 2 5 2114 2005 2360
4016 2 2 2 5 2253 2063 2349
4017 2 2 2 5 2061 2119 2315
4018 2 2 2 5 2119 1965 2315
4019 2 2 2 5 1998 2088 2385
4020 2 2 2 5 2127 2060 2294
4021 2 2 2 5 2229 1984 2354
4022 2 2 2 5 1992 2086 2213
4023 2 2 2 5 2113 2238 2277
4024 2 2 2 5 1963 2151 2223
4025 2 2 2 5 2047 2115 2174
4026 2 2 2 5 2050 2118 2171
4027 2 2 2 5 2048 2116 2172
4028 2 2 2 5 2117 2049 2173
4029 2 2 2 5 2116 2014 2172
4030 2 2 2 5 2013 2117 2173
4031 2 2 2 5 2118 2011 2171
4032 2 2 2 5 2115 2012 2174
4033 2 2 2 5 2156 2050 2218
4034 2 2 2 5 2158 2048 2219
4035 2 2 2 5 2159 2047 2220
4036 2 2 2 5 146 2115 2289
4037 2 2 2 5 195 2118 2290
4038 2 2 2 5 2117 159 2288
4039 2 2 2 5 69 2116 2287
4040 2 2 2 5 2086 2055 2313
4041 2 2 2 5 1965 2086 2313
4042 2 2 2 5 148 147 2159
4043 2 2 2 5 158 157 2157
4044 2 2 2 5 67 68 2158
4045 2 2 2 5 193 194 2156
4046 2 2 2 5 2006 2155 2195
4047 2 2 2 5 2181 2032 2252
4048 2 2 2 5 2112 1972 2188
4049 2 2 2 5 2120 2008 2332
4050 2 2 2 5 2010 2123 2338
4051 2 2 2 5 2123 2010 2339
4052 2 2 2 5 2009 2122 2336
4053 2 2 2 5 2122 2009 2335
4054 2 2 2 5 2007 2121 2334
4055 2 2 2 5 2008 2120 2337
4056 2 2 2 5 2121 2007 2333
4057 2 2 2 5 2000 2094 2377
4058 2 2 2 5 1994 2092 2378
4059 2 2 2 5 1993 2125 2248
4060 2 2 2 5 2095 1970 2183
4061 2 2 2 5 2093 1969 2184
4062 2 2 2 5 2094 1971 2186
4063 2 2 2 5 2092 1968 2185
4064 2 2 2 5 2165 2006 2195
4065 2 2 2 5 2130 2007 2334
4066 2 2 2 5 2008 2135 2332
4067 2 2 2 5 2128 2010 2338
4068 2 2 2 5 2129 2008 2337
4069 2 2 2 5 2134 2009 2336
4070 2 2 2 5 2009 2132 2335
4071 2 2 2 5 2007 2131 2333
4072 2 2 2 5 2010 2133 2339
4073 2 2 2 5 2160 1973 2199
4074 2 2 2 5 2141 2215 2316
4075 2 2 2 5 2142 2217 2317
4076 2 2 2 5 2143 2216 2318
4077 2 2 2 5 2027 2160 2199
4078 2 2 2 5 2103 2005 2180
4079 2 2 2 5 2149 2074 2255
4080 2 2 2 5 1986 2182 2330
4081 2 2 2 5 2083 2031 2196
4082 2 2 2 5 1977 2174 2269
4083 2 2 2 5 2131 2007 2243
4084 2 2 2 5 2038 2131 2243
4085 2 2 2 5 200 201 2239
4086 2 2 2 5 74 75 2241
4087 2 2 2 5 165 164 2242
4088 2 2 2 5 141 140 2240
4089 2 2 2 5 2171 2011 2275
4090 2 2 2 5 2013 2173 2274
4091 2 2 2 5 2172 2014 2273
4092 2 2 2 5 1980 2205 2356
4093 2 2 2 5 2069 2084 2353
4094 2 2 2 5 2201 1977 2269
4095 2 2 2 5 2248 1983 2301
4096 2 2 2 5 2109 2035 2258
4097 2 2 2 5 2034 2104 2259
4098 2 2 2 5 2111 2037 2264
4099 2 2 2 5 2107 2039 2261
4100 2 2 2 5 2040 2108 2262
4101 2 2 2 5 2105 2033 2263
4102 2 2 2 5 2036 2106 2265
4103 2 2 2 5 2038 2110 2260
4104 2 2 2 5 2147 1993 2248
4105 2 2 2 5 1972 2112 2250
4106 2 2 2 5 2112 2028 2250
4107 2 2 2 5 1969 2136 2184
4108 2 2 2 5 1970 2138 2183
4109 2 2 2 5 2136 2015 2184
4110 2 2 2 5 2138 2016 2183
4111 2 2 2 5 2137 2017 2185
4112 2 2 2 5 2139 2018 2186
4113 2 2 2 5 1971 2139 2186
4114 2 2 2 5 1968 2137 2185
4115 2 2 2 5 2113 2025 2238
4116 2 2 2 5 2118 2050 2290
4117 2 2 2 5 2116 2048 2287
4118 2 2 2 5 2115 2047 2289
4119 2 2 2 5 2049 2117 2288
4120 2 2 2 5 2024 2082 2331
4121 2 2 2 5 2210 1974 2353
4122 2 2 2 5 2029 2098 2188
4123 2 2 2 5 2091 2218 2344
4124 2 2 2 5 2089 2220 2343
4125 2 2 2 5 2090 2219 2345
4126 2 2 2 5 1969 2093 2204
4127 2 2 2 5 1971 2094 2203
4128 2 2 2 5 1968 2092 2202
4129 2 2 2 5 2011 2118 2189
4130 2 2 2 5 2014 2116 2190
4131 2 2 2 5 2117 2013 2191
4132 2 2 2 5 2012 2115 2192
4133 2 2 2 5 2096 2027 2199
4134 2 2 2 5 2238 1966 2277
4135 2 2 2 5 2144 2022 2187
4136 2 2 2 5 1981 2144 2187
4137 2 2 2 5 2086 1992 2207
4138 2 2 2 5 1989 2087 2208
4139 2 2 2 5 1991 2085 2209
4140 2 2 2 5 2025 2201 2238
4141 2 2 2 5 2201 2064 2238
4142 2 2 2 5 2275 2011 2295
4143 2 2 2 5 2013 2274 2297
4144 2 2 2 5 2273 2014 2296
4145 2 2 2 5 2032 2146 2252
4146 2 2 2 5 149 2109 2258
4147 2 2 2 5 2106 77 2265
4148 2 2 2 5 2104 203 2259
4149 2 2 2 5 167 2105 2263
4150 2 2 2 5 2110 138 2260
4151 2 2 2 5 66 2107 2261
4152 2 2 2 5 2108 156 2262
4153 2 2 2 5 192 2111 2264
4154 2 2 2 5 1970 2095 2198
4155 2 2 2 5 2124 1993 2236
4156 2 2 2 5 2032 2181 2187
4157 2 2 2 5 2181 1981 2187
4158 2 2 2 5 2052 2224 2267
4159 2 2 2 5 2089 2017 2383
4160 2 2 2 5 1999 2090 2382
4161 2 2 2 5 2088 2016 2385
4162 2 2 2 5 2091 2015 2384
4163 2 2 2 5 2145 1992 2213
4164 2 2 2 5 2216 2045 2240
4165 2 2 2 5 2067 2216 2240
4166 2 2 2 5 2066 2215 2239
4167 2 2 2 5 2217 2042 2241
4168 2 2 2 5 2065 2217 2241
4169 2 2 2 5 2215 2043 2239
4170 2 2 2 5 1993 2127 2236
4171 2 2 2 5 2118 196 2189
4172 2 2 2 5 2115 145 2192
4173 2 2 2 5 2116 70 2190
4174 2 2 2 5 160 2117 2191
4175 2 2 2 5 2020 2222 2324
4176 2 2 2 5 2087 1964 2342
4177 2 2 2 5 2281 2051 2309
4178 2 2 2 5 1975 2088 2212
4179 2 2 2 5 2063 2162 2349
4180 2 2 2 5 2312 1973 2331
4181 2 2 2 5 2082 2312 2331
4182 2 2 2 5 2119 2061 2292
4183 2 2 2 5 2090 1999 2219
4184 2 2 2 5 2087 1989 2340
4185 2 2 2 5 2094 2022 2377
4186 2 2 2 5 2092 2023 2378
4187 2 2 2 5 2001 2095 2380
4188 2 2 2 5 1997 2093 2379
4189 2 2 2 5 2155 2006 2179
4190 2 2 2 5 2222 2075 2324
4191 2 2 2 5 1976 2083 2376
4192 2 2 2 5 2018 2167 2372
4193 2 2 2 5 2017 2170 2371
4194 2 2 2 5 2016 2169 2373
4195 2 2 2 5 2015 2168 2374
4196 2 2 2 5 2155 1972 2195
4197 2 2 2 5 2223 2151 2370
4198 2 2 2 5 1962 2161 2222
4199 2 2 2 5 2023 2092 2371
4200 2 2 2 5 2022 2094 2372
4201 2 2 2 5 2002 2112 2381
4202 2 2 2 5 2044 2100 2307
4203 2 2 2 5 2041 2152 2312
4204 2 2 2 5 2024 2103 2299
4205 2 2 2 5 2121 170 2334
4206 2 2 2 5 80 2120 2332
4207 2 2 2 5 135 2121 2333
4208 2 2 2 5 153 2122 2335
4209 2 2 2 5 2122 63 2336
4210 2 2 2 5 2120 189 2337
4211 2 2 2 5 2123 152 2338
4212 2 2 2 5 206 2123 2339
4213 2 2 2 5 2085 1991 2350
4214 2 2 2 5 2100 1992 2307
4215 2 2 2 5 2037 2129 2264
4216 2 2 2 5 2035 2128 2258
4217 2 2 2 5 2133 2034 2259
4218 2 2 2 5 204 2133 2259
4219 2 2 2 5 2129 191 2264
4220 2 2 2 5 2134 65 2261
4221 2 2 2 5 2039 2134 2261
4222 2 2 2 5 155 2132 2262
4223 2 2 2 5 2132 2040 2262
4224 2 2 2 5 2128 150 2258
4225 2 2 2 5 2130 168 2263
4226 2 2 2 5 2033 2130 2263
4227 2 2 2 5 137 2131 2260
4228 2 2 2 5 2131 2038 2260
4229 2 2 2 5 78 2135 2265
4230 2 2 2 5 2135 2036 2265
4231 2 2 2 5 2160 2027 2182
4232 2 2 2 5 2055 2086 2297
4233 2 2 2 5 2015 2091 2352
4234 2 2 2 5 2177 2008 2328
4235 2 2 2 5 2178 2009 2329
4236 2 2 2 5 2175 2010 2327
4237 2 2 2 5 1990 2140 2194
4238 2 2 2 5 2110 2038 2298
4239 2 2 2 5 2104 2034 2302
4240 2 2 2 5 2108 2040 2303
4241 2 2 2 5 2106 2036 2304
4242 2 2 2 5 2113 1985 2235
4243 2 2 2 5 2025 2113 2235
4244 2 2 2 5 2091 1978 2294
4245 2 2 2 5 2088 1975 2267
4246 2 2 2 5 2089 1977 2286
4247 2 2 2 5 2090 1979 2359
4248 2 2 2 5 2186 2018 2372
4249 2 2 2 5 2183 2016 2373
4250 2 2 2 5 2185 2017 2371
4251 2 2 2 5 2184 2015 2374
4252 2 2 2 5 1973 2103 2331
4253 2 2 2 5 2257 2083 2340
4254 2 2 2 5 2097 1986 2330
4255 2 2 2 5 2062 2164 2234
4256 2 2 2 5 76 2106 2230
4257 2 2 2 5 2105 166 2231
4258 2 2 2 5 139 2110 2233
4259 2 2 2 5 202 2104 2232
4260 2 2 2 5 2045 2102 2282
4261 2 2 2 5 2100 2044 2283
4262 2 2 2 5 2043 2101 2285
4263 2 2 2 5 2042 2099 2284
4264 2 2 2 5 1966 2098 2277
4265 2 2 2 5 2098 2029 2277
4266 2 2 2 5 1989 2257 2340
4267 2 2 2 5 2162 2063 2359
4268 2 2 2 5 1962 2169 2224
4269 2 2 2 5 2016 2138 2385
4270 2 2 2 5 2017 2137 2383
4271 2 2 2 5 2139 1999 2382
4272 2 2 2 5 2015 2136 2384
4273 2 2 2 5 2114 2026 2221
4274 2 2 2 5 1998 2105 2386
4275 2 2 2 5 2142 2021 2200
4276 2 2 2 5 1976 2142 2200
4277 2 2 2 5 2054 2162 2273
4278 2 2 2 5 2162 1979 2273
4279 2 2 2 5 2102 142 2282
4280 2 2 2 5 2099 73 2284
4281 2 2 2 5 163 2100 2283
4282 2 2 2 5 2101 199 2285
4283 2 2 2 5 2002 2098 2272
4284 2 2 2 5 2102 2045 2320
4285 2 2 2 5 2101 2043 2321
4286 2 2 2 5 2167 1960 2193
4287 2 2 2 5 2103 2024 2331
4288 2 2 2 5 2027 2097 2330
4289 2 2 2 5 2027 2096 2291
4290 2 2 2 5 2096 1964 2291
4291 2 2 2 5 2097 2027 2291
4292 2 2 2 5 1964 2097 2291
4293 2 2 2 5 2019 2124 2305
4294 2 2 2 5 2167 2018 2253
4295 2 2 2 5 2168 2015 2256
4296 2 2 2 5 2098 2002 2381
4297 2 2 2 5 1963 2170 2266
4298 2 2 2 5 2214 2096 2365
4299 2 2 2 5 2003 2214 2365
4300 2 2 2 5 1983 2114 2360
4301 2 2 2 5 1991 2101 2321
4302 2 2 2 5 1990 2102 2320
4303 2 2 2 5 2162 2003 2349
4304 2 2 2 5 2225 2177 2328
4305 2 2 2 5 2226 2178 2329
4306 2 2 2 5 2227 2175 2327
4307 2 2 2 5 2049 2157 2249
4308 2 2 2 5 1973 2152 2199
4309 2 2 2 5 170 2121 2368
4310 2 2 2 5 2123 206 2369
4311 2 2 2 5 2120 80 2367
4312 2 2 2 5 152 2123 2369
4313 2 2 2 5 189 2120 2367
4314 2 2 2 5 63 2122 2366
4315 2 2 2 5 2122 153 2366
4316 2 2 2 5 2121 135 2368
4317 2 2 2 5 1994 2104 2302
4318 2 2 2 5 2000 2108 2303
4319 2 2 2 5 1997 2106 2304
4320 2 2 2 5 2022 2144 2377
4321 2 2 2 5 2143 2001 2380
4322 2 2 2 5 2142 1997 2379
4323 2 2 2 5 2023 2141 2378
4324 2 2 2 5 2030 2165 2195
4325 2 2 2 5 2001 2110 2298
4326 2 2 2 5 2023 2170 2223
4327 2 2 2 5 2020 2169 2222
4328 2 2 2 5 2022 2167 2193
4329 2 2 2 5 2150 2046 2280
4330 2 2 2 5 1974 2150 2280
4331 2 2 2 5 2051 2145 2213
4332 2 2 2 5 2254 2041 2312
4333 2 2 2 5 2082 2254 2312
4334 2 2 2 5 1982 2143 2324
4335 2 2 2 5 2141 2023 2325
4336 2 2 2 5 2127 1993 2346
4337 2 2 2 5 2060 2127 2346
4338 2 2 2 5 2028 2148 2255
4339 2 2 2 5 2148 1988 2255
4340 2 2 2 5 2029 2113 2277
4341 2 2 2 5 2113 2029 2306
4342 2 2 2 5 1985 2113 2306
4343 2 2 2 5 2057 2211 2293
4344 2 2 2 5 2270 2074 2271
4345 2 2 2 5 70 71 2190
4346 2 2 2 5 161 160 2191
4347 2 2 2 5 196 197 2189
4348 2 2 2 5 145 144 2192
4349 2 2 2 5 201 202 2232
4350 2 2 2 5 166 165 2231
4351 2 2 2 5 75 76 2230
4352 2 2 2 5 140 139 2233
4353 2 2 2 5 2177 1969 2204
4354 2 2 2 5 2178 1971 2203
4355 2 2 2 5 2175 1968 2202
4356 2 2 2 5 2127 2053 2236
4357 2 2 2 5 2168 1961 2268
4358 2 2 2 5 2144 1981 2322
4359 2 2 2 5 2032 2187 2193
4360 2 2 2 5 2187 2022 2193
4361 2 2 2 5 2164 2058 2310
4362 2 2 2 5 1986 2164 2310
4363 2 2 2 5 1965 2119 2309
4364 2 2 2 5 1998 2138 2245
4365 2 2 2 5 1996 2136 2244
4366 2 2 2 5 1999 2139 2247
4367 2 2 2 5 1995 2137 2246
4368 2 2 2 5 2137 1995 2383
4369 2 2 2 5 2136 1996 2384
4370 2 2 2 5 2138 1998 2385
4371 2 2 2 5 2018 2139 2382
4372 2 2 2 5 2050 2156 2290
4373 2 2 2 5 158 2157 2288
4374 2 2 2 5 2048 2158 2287
4375 2 2 2 5 2158 68 2287
4376 2 2 2 5 2157 2049 2288
4377 2 2 2 5 2159 147 2289
4378 2 2 2 5 2156 194 2290
4379 2 2 2 5 2047 2159 2289
4380 2 2 2 5 2030 2270 2271
4381 2 2 2 5 2046 2151 2300
4382 2 2 2 5 2093 2374 2379
4383 2 2 2 5 2095 2373 2380
4384 2 2 2 5 1959 2163 2299
4385 2 2 2 5 2162 2054 2214
4386 2 2 2 5 2003 2162 2214
4387 2 2 2 5 1959 2180 2221
4388 2 2 2 5 2151 1963 2300
4389 2 2 2 5 79 80 2332
4390 2 2 2 5 136 135 2333
4391 2 2 2 5 170 169 2334
4392 2 2 2 5 154 153 2335
4393 2 2 2 5 63 64 2336
4394 2 2 2 5 205 206 2339
4395 2 2 2 5 189 190 2337
4396 2 2 2 5 152 151 2338
4397 2 2 2 5 2196 2087 2340
4398 2 2 2 5 2026 2166 2210
4399 2 2 2 5 2124 1967 2305
4400 2 2 2 5 2000 2144 2249
4401 2 2 2 5 2052 2228 2281
4402 2 2 2 5 1979 2162 2359
4403 2 2 2 5 2034 2175 2202
4404 2 2 2 5 2036 2177 2204
4405 2 2 2 5 2040 2178 2203
4406 2 2 2 5 1995 2220 2383
4407 2 2 2 5 2220 2089 2383
4408 2 2 2 5 1996 2218 2384
4409 2 2 2 5 2218 2091 2384
4410 2 2 2 5 2068 2212 2386
4411 2 2 2 5 2058 2147 2248
4412 2 2 2 5 2024 2163 2229
4413 2 2 2 5 2021 2142 2379
4414 2 2 2 5 2144 2000 2377
4415 2 2 2 5 2003 2126 2349
4416 2 2 2 5 2147 2058 2351
4417 2 2 2 5 1961 2147 2351
4418 2 2 2 5 2169 1962 2222
4419 2 2 2 5 2170 1963 2223
4420 2 2 2 5 2169 2016 2224
4421 2 2 2 5 2296 2087 2342
4422 2 2 2 5 2295 2085 2341
4423 2 2 2 5 2138 1970 2364
4424 2 2 2 5 2126 2041 2323
4425 2 2 2 5 1960 2126 2323
4426 2 2 2 5 2176 2033 2364
4427 2 2 2 5 2052 2281 2361
4428 2 2 2 5 2200 2021 2268
4429 2 2 2 5 2062 2200 2268
4430 2 2 2 5 2135 79 2332
4431 2 2 2 5 169 2130 2334
4432 2 2 2 5 2132 154 2335
4433 2 2 2 5 2131 136 2333
4434 2 2 2 5 64 2134 2336
4435 2 2 2 5 2133 205 2339
4436 2 2 2 5 190 2129 2337
4437 2 2 2 5 151 2128 2338
4438 2 2 2 5 2128 2035 2327
4439 2 2 2 5 2129 2037 2328
4440 2 2 2 5 2134 2039 2329
4441 2 2 2 5 2164 1986 2234
4442 2 2 2 5 2198 2038 2243
4443 2 2 2 5 1990 2154 2348
4444 2 2 2 5 2008 2129 2328
4445 2 2 2 5 2009 2134 2329
4446 2 2 2 5 2010 2128 2327
4447 2 2 2 5 2253 2018 2326
4448 2 2 2 5 1988 2149 2255
4449 2 2 2 5 2054 2296 2342
4450 2 2 2 5 2053 2295 2341
4451 2 2 2 5 1966 2140 2347
4452 2 2 2 5 2140 1990 2348
4453 2 2 2 5 1959 2221 2251
4454 2 2 2 5 1969 2177 2225
4455 2 2 2 5 1968 2175 2227
4456 2 2 2 5 1971 2178 2226
4457 2 2 2 5 2152 1973 2312
4458 2 2 2 5 1992 2145 2307
4459 2 2 2 5 2145 1975 2308
4460 2 2 2 5 1997 2142 2317
4461 2 2 2 5 2001 2143 2318
4462 2 2 2 5 1980 2141 2325
4463 2 2 2 5 2154 2056 2348
4464 2 2 2 5 2180 1959 2299
4465 2 2 2 5 2197 1974 2210
4466 2 2 2 5 2103 2180 2299
4467 2 2 2 5 2148 2028 2276
4468 2 2 2 5 1962 2148 2276
4469 2 2 2 5 2197 2073 2363
4470 2 2 2 5 2146 1960 2323
4471 2 2 2 5 2041 2146 2323
4472 2 2 2 5 2153 2057 2350
4473 2 2 2 5 1991 2153 2350
4474 2 2 2 5 2181 2055 2274
4475 2 2 2 5 1981 2181 2274
4476 2 2 2 5 1984 2149 2292
4477 2 2 2 5 1975 2212 2308
4478 2 2 2 5 2151 2004 2370
4479 2 2 2 5 2374 2021 2379
4480 2 2 2 5 2373 2020 2380
4481 2 2 2 5 1993 2147 2346
4482 2 2 2 5 2165 1959 2251
4483 2 2 2 5 2154 1990 2320
4484 2 2 2 5 2004 2150 2363
4485 2 2 2 5 2153 1980 2356
4486 2 2 2 5 1963 2266 2319
4487 2 2 2 5 2225 2037 2244
4488 2 2 2 5 2227 2035 2246
4489 2 2 2 5 2226 2039 2247
4490 2 2 2 5 2148 1962 2355
4491 2 2 2 5 2095 2183 2373
4492 2 2 2 5 2093 2184 2374
4493 2 2 2 5 2094 2186 2372
4494 2 2 2 5 2092 2185 2371
4495 2 2 2 5 1988 2148 2361
4496 2 2 2 5 1960 2167 2253
4497 2 2 2 5 1961 2168 2256
4498 2 2 2 5 2007 2176 2243
4499 2 2 2 5 2205 2004 2211
4500 2 2 2 5 2057 2205 2211
4501 2 2 2 5 2051 2213 2309
4502 2 2 2 5 2152 2003 2365
4503 2 2 2 5 2170 2017 2266
4504 2 2 2 5 2045 2154 2320
4505 2 2 2 5 2161 1962 2276
4506 2 2 2 5 2004 2205 2370
4507 2 2 2 5 2205 2076 2370
4508 2 2 2 5 2200 2062 2237
4509 2 2 2 5 2153 1991 2321
4510 2 2 2 5 2043 2153 2321
4511 2 2 2 5 2021 2168 2268
4512 2 2 2 5 199 200 2285
4513 2 2 2 5 73 74 2284
4514 2 2 2 5 164 163 2283
4515 2 2 2 5 142 141 2282
4516 2 2 2 5 2056 2154 2357
4517 2 2 2 5 2154 1982 2357
4518 2 2 2 5 2058 2248 2301
4519 2 2 2 5 2057 2153 2356
4520 2 2 2 5 2195 1972 2270
4521 2 2 2 5 2073 2211 2363
4522 2 2 2 5 2211 2004 2363
4523 2 2 2 5 2256 2015 2352
4524 2 2 2 5 2163 2024 2299
4525 2 2 2 5 2112 2188 2381
4526 2 2 2 5 1977 2201 2311
4527 2 2 2 5 2252 1987 2375
4528 2 2 2 5 2033 2245 2364
4529 2 2 2 5 2174 2012 2269
4530 2 2 2 5 1984 2229 2271
4531 2 2 2 5 138 137 2260
4532 2 2 2 5 65 66 2261
4533 2 2 2 5 168 167 2263
4534 2 2 2 5 156 155 2262
4535 2 2 2 5 77 78 2265
4536 2 2 2 5 150 149 2258
4537 2 2 2 5 203 204 2259
4538 2 2 2 5 191 192 2264
4539 2 2 2 5 2164 2062 2358
4540 2 2 2 5 2058 2164 2351
4541 2 2 2 5 2308 2212 2362
4542 2 2 2 5 1962 2224 2355
4543 2 2 2 5 1978 2171 2275
4544 2 2 2 5 1979 2172 2273
4545 2 2 2 5 2173 1981 2274
4546 2 2 2 5 2173 2049 2322
4547 2 2 2 5 2105 2231 2386
4548 2 2 2 5 2076 2223 2370
4549 2 2 2 5 2168 2021 2374
4550 2 2 2 5 2169 2020 2373
4551 2 2 2 5 2167 2022 2372
4552 2 2 2 5 2170 2023 2371
4553 2 2 2 5 1981 2173 2322
4554 2 2 2 5 2064 2201 2269
4555 2 2 2 5 1976 2200 2237
4556 2 2 2 5 2293 1967 2341
4557 2 2 2 5 2085 2293 2341
4558 2 2 2 5 2072 2252 2375
4559 2 2 2 5 2214 2054 2342
4560 2 2 2 5 2050 2171 2344
4561 2 2 2 5 2047 2174 2343
4562 2 2 2 5 2048 2172 2345
4563 2 2 2 5 2268 1961 2358
4564 2 2 2 5 2182 2027 2330
4565 2 2 2 5 2286 1977 2311
4566 2 2 2 5 147 146 2289
4567 2 2 2 5 68 69 2287
4568 2 2 2 5 159 158 2288
4569 2 2 2 5 194 195 2290
4570 2 2 2 5 2179 1985 2306
4571 2 2 2 5 2171 1978 2344
4572 2 2 2 5 2174 1977 2343
4573 2 2 2 5 2172 1979 2345
4574 2 2 2 5 2217 2065 2317
4575 2 2 2 5 2215 2066 2316
4576 2 2 2 5 2216 2067 2318
4577 2 2 2 5 2249 2144 2322
4578 2 2 2 5 2188 2098 2381
4579 2 2 2 5 2206 2002 2272
4580 2 2 2 5 80 4 2367
4581 2 2 2 5 4 189 2367
4582 2 2 2 5 135 6 2368
4583 2 2 2 5 206 8 2369
4584 2 2 2 5 2 63 2366
4585 2 2 2 5 153 2 2366
4586 2 2 2 5 6 170 2368
4587 2 2 2 5 8 152 2369
4588 2 2 2 5 2201 2025 2311
4589 2 2 2 5 2316 1994 2378
4590 2 2 2 5 2141 2316 2378
4591 2 2 2 5 1970 2176 2364
4592 2 2 2 5 2053 2275 2295
4593 2 2 2 5 2054 2273 2296
4594 2 2 2 5 2274 2055 2297
4595 2 2 2 5 2086 2207 2297
4596 2 2 2 5 2208 2087 2296
4597 2 2 2 5 2209 2085 2295
4598 2 2 2 5 1975 2228 2267
4599 2 2 2 5 2228 2052 2267
4600 2 2 2 5 2063 2253 2326
4601 2 2 2 5 2020 2324 2380
4602 2 2 2 5 2324 2143 2380
4603 2 2 2 5 200 2239 2285
4604 2 2 2 5 74 2241 2284
4605 2 2 2 5 2242 164 2283
4606 2 2 2 5 141 2240 2282
4607 2 2 2 5 2030 2195 2270
4608 2 2 2 5 2278 2070 2319
4609 2 2 2 5 2059 2278 2319
4610 2 2 2 5 2056 2272 2347
4611 2 2 2 5 2038 2198 2298
4612 2 2 2 5 2236 2053 2341
4613 2 2 2 5 2083 2196 2340
4614 2 2 2 5 2250 2074 2270
4615 2 2 2 5 2056 2206 2272
4616 2 2 2 5 2096 2199 2365
4617 2 2 2 5 2091 2294 2352
4618 2 2 2 5 2042 2217 2376
4619 2 2 2 5 2293 2085 2350
4620 2 2 2 5 2034 2202 2302
4621 2 2 2 5 2040 2203 2303
4622 2 2 2 5 2036 2204 2304
4623 2 2 2 5 1972 2250 2270
4624 2 2 2 5 2014 2208 2296
4625 2 2 2 5 2011 2209 2295
4626 2 2 2 5 2207 2013 2297
4627 2 2 2 5 2046 2279 2280
4628 2 2 2 5 2279 2069 2280
4629 2 2 2 5 2083 2257 2376
4630 2 2 2 5 2228 2051 2281
4631 2 2 2 5 2025 2278 2311
4632 2 2 2 5 2070 2300 2319
4633 2 2 2 5 2300 1963 2319
4634 2 2 2 5 2235 2070 2278
4635 2 2 2 5 2205 2057 2356
4636 2 2 2 5 2035 2227 2327
4637 2 2 2 5 2037 2225 2328
4638 2 2 2 5 2039 2226 2329
4639 2 2 2 5 2025 2235 2278
4640 2 2 2 5 2245 2138 2364
4641 2 2 2 5 2266 2059 2319
4642 2 2 2 5 1965 2313 2315
4643 2 2 2 5 2313 2072 2315
4644 2 2 2 5 2199 2152 2365
4645 2 2 2 5 2240 2045 2282
4646 2 2 2 5 2044 2242 2283
4647 2 2 2 5 2241 2042 2284
4648 2 2 2 5 2239 2043 2285
4649 2 2 2 5 2257 2042 2376
4650 2 2 2 5 2242 2044 2362
4651 2 2 2 5 2068 2242 2362
4652 2 2 2 5 2219 2048 2345
4653 2 2 2 5 2218 2050 2344
4654 2 2 2 5 2220 2047 2343
4655 2 2 2 5 2206 2056 2357
4656 2 2 2 5 2224 2052 2355
4657 2 2 2 5 2090 2326 2382
4658 2 2 2 5 2326 2018 2382
4659 2 2 2 5 2212 2068 2362
4660 2 2 2 5 2355 2052 2361
4661 2 2 2 5 2049 2249 2322
4662 2 2 2 5 2280 2069 2353
4663 2 2 2 5 1974 2280 2353
4664 2 2 2 5 2044 2307 2308
4665 2 2 2 5 2307 2145 2308
4666 2 2 2 5 2301 1983 2360
4667 2 2 2 5 2077 2301 2360
4668 2 2 2 5 2148 2355 2361
4669 2 2 2 5 2059 2286 2311
4670 2 2 2 5 2217 1976 2376
4671 2 2 2 5 2326 2090 2359
4672 2 2 2 5 2301 2077 2310
4673 2 2 2 5 2278 2059 2311
4674 2 2 2 5 2060 2256 2352
4675 2 2 2 5 2062 2268 2358
4676 2 2 2 5 2231 2068 2386
4677 2 2 2 5 2058 2301 2310
4678 2 2 2 5 2056 2347 2348
4679 2 2 2 5 2347 2140 2348
4680 2 2 2 5 1984 2292 2354
4681 2 2 2 5 2292 2061 2354
4682 2 2 2 5 1987 2314 2375
4683 2 2 2 5 2281 1988 2361
4684 2 2 2 5 2044 2308 2362
4685 2 2 2 5 2061 2314 2354
4686 2 2 2 5 2057 2293 2350
4687 2 2 2 5 2294 2060 2352
4688 2 2 2 5 2314 2061 2375
4689 2 2 2 5 2061 2315 2375
4690 2 2 2 5 2314 2071 2354
4691 2 2 2 5 2351 2164 2358
4692 2 2 2 5 1961 2351 2358
4693 2 2 2 5 2063 2326 2359
4694 2 2 2 5 2315 2072 2375
4695 2 2 1 6 2688 2716 2447
4696 2 2 1 6 2407 2518 2504
4697 2 2 1 6 2504 2518 2445
4698 2 2 1 6 2510 2527 36
4699 2 2 1 6 2512 2530 107
4700 2 2 1 6 2509 2528 179
4701 2 2 1 6 2511 2529 216
4702 2 2 1 6 2467 2603 2557
4703 2 2 1 6 2557 2603 2435
4704 2 2 1 6 2556 2605 2465
4705 2 2 1 6 2437 2605 2556
4706 2 2 1 6 2558 2604 2436
4707 2 2 1 6 2462 2604 2558
4708 2 2 1 6 2559 2602 2438
4709 2 2 1 6 2461 2602 2559
4710 2 2 1 6 2574 2709 2413
4711 2 2 1 6 2492 2659 2564
4712 2 2 1 6 2564 2659 2393
4713 2 2 1 6 2565 2660 2392
4714 2 2 1 6 2493 2660 2565
4715 2 2 1 6 2394 2646 2500
4716 2 2 1 6 2607 2697 2407
4717 2 2 1 6 2447 2716 2517
4718 2 2 1 6 35 2510 36
4719 2 2 1 6 108 2512 107
4720 2 2 1 6 215 2511 216
4721 2 2 1 6 180 2509 179
4722 2 2 1 6 2413 2670 2574
4723 2 2 1 6 2505 2722 2703
4724 2 2 1 6 2703 2722 2472
4725 2 2 1 6 2505 2703 2412
4726 2 2 1 6 2617 2696 2406
4727 2 2 1 6 2471 2739 2495
4728 2 2 1 6 2469 2738 2496
4729 2 2 1 6 2655 2743 2426
4730 2 2 1 6 2653 2744 2425
4731 2 2 1 6 2495 2662 2471
4732 2 2 1 6 2496 2665 2469
4733 2 2 1 6 2504 2607 2407
4734 2 2 1 6 219 2665 2496
4735 2 2 1 6 39 2664 2498
4736 2 2 1 6 104 2662 2495
4737 2 2 1 6 176 2663 2497
4738 2 2 1 6 2560 2650 2398
4739 2 2 1 6 2417 2527 2510
4740 2 2 1 6 2419 2528 2509
4741 2 2 1 6 2418 2529 2511
4742 2 2 1 6 2416 2530 2512
4743 2 2 1 6 2480 2697 2607
4744 2 2 1 6 2560 2671 2650
4745 2 2 1 6 2717 2726 2566
4746 2 2 1 6 2503 2609 2414
4747 2 2 1 6 2501 2608 2413
4748 2 2 1 6 2434 2609 2503
4749 2 2 1 6 2500 2702 2394
4750 2 2 1 6 2414 2704 2503
4751 2 2 1 6 2413 2709 2501
4752 2 2 1 6 2424 2585 2539
4753 2 2 1 6 2420 2588 2532
4754 2 2 1 6 2423 2586 2535
4755 2 2 1 6 2422 2587 2533
4756 2 2 1 6 2495 2654 104
4757 2 2 1 6 2496 2652 219
4758 2 2 1 6 2498 2653 39
4759 2 2 1 6 2497 2655 176
4760 2 2 1 6 2536 2655 2426
4761 2 2 1 6 2534 2653 2425
4762 2 2 1 6 2508 2594 2431
4763 2 2 1 6 2626 2692 2493
4764 2 2 1 6 2627 2693 2492
4765 2 2 1 6 2618 2769 2490
4766 2 2 1 6 2473 2705 2506
4767 2 2 1 6 2506 2705 2415
4768 2 2 1 6 2394 2770 2646
4769 2 2 1 6 2526 2695 2395
4770 2 2 1 6 2422 2628 2519
4771 2 2 1 6 2420 2629 2520
4772 2 2 1 6 2522 2630 2426
4773 2 2 1 6 2630 2730 2426
4774 2 2 1 6 2420 2728 2629
4775 2 2 1 6 2422 2729 2628
4776 2 2 1 6 2695 2727 2395
4777 2 2 1 6 2427 2642 2516
4778 2 2 1 6 2421 2641 2515
4779 2 2 1 6 2490 2723 2618
4780 2 2 1 6 2431 2606 2508
4781 2 2 1 6 2501 2769 2608
4782 2 2 1 6 2410 2638 2507
4783 2 2 1 6 2457 2606 2542
4784 2 2 1 6 2677 2782 2572
4785 2 2 1 6 2678 2783 2573
4786 2 2 1 6 2723 2765 2612
4787 2 2 1 6 2566 2726 2394
4788 2 2 1 6 2608 2769 2433
4789 2 2 1 6 2481 2696 2617
4790 2 2 1 6 2424 2647 2585
4791 2 2 1 6 2423 2648 2586
4792 2 2 1 6 2390 2677 2572
4793 2 2 1 6 2391 2678 2573
4794 2 2 1 6 2443 2692 2626
4795 2 2 1 6 2440 2693 2627
4796 2 2 1 6 2525 2775 2393
4797 2 2 1 6 2524 2777 2392
4798 2 2 1 6 2506 2731 2473
4799 2 2 1 6 2521 2637 2425
4800 2 2 1 6 2457 2740 2606
4801 2 2 1 6 2690 2775 2525
4802 2 2 1 6 2691 2777 2524
4803 2 2 1 6 2703 2807 2412
4804 2 2 1 6 2574 2595 2390
4805 2 2 1 6 2453 2595 2574
4806 2 2 1 6 2503 2651 2434
4807 2 2 1 6 2445 2666 2504
4808 2 2 1 6 2514 2694 2395
4809 2 2 1 6 2481 2694 2514
4810 2 2 1 6 2629 2669 2396
4811 2 2 1 6 2399 2668 2630
4812 2 2 1 6 2628 2667 2397
4813 2 2 1 6 2612 2765 2434
4814 2 2 1 6 2497 2743 2655
4815 2 2 1 6 2498 2744 2653
4816 2 2 1 6 2459 2608 2582
4817 2 2 1 6 2458 2609 2583
4818 2 2 1 6 2427 2822 2642
4819 2 2 1 6 2421 2823 2641
4820 2 2 1 6 2617 2625 2453
4821 2 2 1 6 2396 2669 2602
4822 2 2 1 6 2605 2668 2399
4823 2 2 1 6 2397 2667 2603
4824 2 2 1 6 2432 2808 2742
4825 2 2 1 6 2508 2606 2389
4826 2 2 1 6 2451 2732 2631
4827 2 2 1 6 2412 2656 2505
4828 2 2 1 6 107 2530 106
4829 2 2 1 6 179 2528 178
4830 2 2 1 6 216 2529 217
4831 2 2 1 6 36 2527 37
4832 2 2 1 6 2459 2661 2608
4833 2 2 1 6 2637 2733 2425
4834 2 2 1 6 2504 2795 2607
4835 2 2 1 6 2458 2735 2609
4836 2 2 1 6 2456 2620 2619
4837 2 2 1 6 2535 2586 31
4838 2 2 1 6 2533 2587 184
4839 2 2 1 6 2532 2588 112
4840 2 2 1 6 2539 2585 211
4841 2 2 1 6 2742 2774 2432
4842 2 2 1 6 110 2543 109
4843 2 2 1 6 33 2545 34
4844 2 2 1 6 213 2546 214
4845 2 2 1 6 182 2544 181
4846 2 2 1 6 2564 2627 2492
4847 2 2 1 6 2565 2626 2493
4848 2 2 1 6 2487 2716 2688
4849 2 2 1 6 2542 2606 2431
4850 2 2 1 6 2510 2626 2417
4851 2 2 1 6 2443 2626 2510
4852 2 2 1 6 2512 2627 2416
4853 2 2 1 6 2440 2627 2512
4854 2 2 1 6 2420 2675 2588
4855 2 2 1 6 2422 2676 2587
4856 2 2 1 6 2500 2807 2703
4857 2 2 1 6 2589 2610 2457
4858 2 2 1 6 40 2534 41
4859 2 2 1 6 185 2533 184
4860 2 2 1 6 103 2538 102
4861 2 2 1 6 113 2532 112
4862 2 2 1 6 175 2536 174
4863 2 2 1 6 30 2535 31
4864 2 2 1 6 220 2537 221
4865 2 2 1 6 210 2539 211
4866 2 2 1 6 2510 2624 2443
4867 2 2 1 6 2511 2623 2441
4868 2 2 1 6 2509 2622 2442
4869 2 2 1 6 2512 2621 2440
4870 2 2 1 6 2415 2657 2506
4871 2 2 1 6 2631 2732 2494
4872 2 2 1 6 2405 2645 2578
4873 2 2 1 6 2567 2645 2405
4874 2 2 1 6 2570 2644 2410
4875 2 2 1 6 2402 2679 2571
4876 2 2 1 6 2432 2774 2611
4877 2 2 1 6 2464 2671 2539
4878 2 2 1 6 2537 2672 2461
4879 2 2 1 6 2465 2674 2535
4880 2 2 1 6 2538 2673 2467
4881 2 2 1 6 2578 2645 2468
4882 2 2 1 6 108 2621 2512
4883 2 2 1 6 215 2623 2511
4884 2 2 1 6 180 2622 2509
4885 2 2 1 6 35 2624 2510
4886 2 2 1 6 2472 2571 2566
4887 2 2 1 6 2389 2787 2508
4888 2 2 1 6 2475 2709 2574
4889 2 2 1 6 2507 2752 2410
4890 2 2 1 6 2580 2644 2470
4891 2 2 1 6 2410 2644 2580
4892 2 2 1 6 2403 2765 2741
4893 2 2 1 6 2539 2671 2424
4894 2 2 1 6 2421 2672 2537
4895 2 2 1 6 2535 2674 2423
4896 2 2 1 6 2427 2673 2538
4897 2 2 1 6 2410 2789 2638
4898 2 2 1 6 2481 2792 2694
4899 2 2 1 6 2566 2571 2429
4900 2 2 1 6 2453 2625 2595
4901 2 2 1 6 2584 2808 2432
4902 2 2 1 6 2486 2726 2717
4903 2 2 1 6 2407 2772 2518
4904 2 2 1 6 2409 2771 2517
4905 2 2 1 6 2509 2639 2419
4906 2 2 1 6 2511 2640 2418
4907 2 2 1 6 2442 2639 2509
4908 2 2 1 6 2441 2640 2511
4909 2 2 1 6 2572 2577 2475
4910 2 2 1 6 2575 2576 2473
4911 2 2 1 6 2430 2576 2575
4912 2 2 1 6 2428 2577 2572
4913 2 2 1 6 2495 2739 2642
4914 2 2 1 6 2496 2738 2641
4915 2 2 1 6 2402 2708 2679
4916 2 2 1 6 2583 2765 2403
4917 2 2 1 6 2582 2764 2401
4918 2 2 1 6 2607 2795 2439
4919 2 2 1 6 2764 2768 2401
4920 2 2 1 6 2610 2740 2457
4921 2 2 1 6 2433 2769 2618
4922 2 2 1 6 42 2558 43
4923 2 2 1 6 115 2553 114
4924 2 2 1 6 222 2559 223
4925 2 2 1 6 28 2556 29
4926 2 2 1 6 173 2555 172
4927 2 2 1 6 101 2557 100
4928 2 2 1 6 187 2554 186
4929 2 2 1 6 208 2552 209
4930 2 2 1 6 2412 2807 2589
4931 2 2 1 6 2617 2792 2481
4932 2 2 1 6 2516 2821 2427
4933 2 2 1 6 2517 2818 2447
4934 2 2 1 6 2515 2819 2421
4935 2 2 1 6 2547 2620 2432
4936 2 2 1 6 2508 2632 2594
4937 2 2 1 6 2619 2620 2400
4938 2 2 1 6 2388 2649 2575
4939 2 2 1 6 2657 2711 2540
4940 2 2 1 6 2541 2698 2659
4941 2 2 1 6 2477 2601 2543
4942 2 2 1 6 2478 2599 2545
4943 2 2 1 6 2476 2600 2544
4944 2 2 1 6 2479 2598 2546
4945 2 2 1 6 2403 2635 2583
4946 2 2 1 6 2583 2635 2458
4947 2 2 1 6 2582 2636 2459
4948 2 2 1 6 2401 2636 2582
4949 2 2 1 6 2523 2704 2414
4950 2 2 1 6 2474 2704 2523
4951 2 2 1 6 2546 2598 2441
4952 2 2 1 6 2544 2600 2442
4953 2 2 1 6 2545 2599 2443
4954 2 2 1 6 2543 2601 2440
4955 2 2 1 6 2585 2647 2479
4956 2 2 1 6 2586 2648 2478
4957 2 2 1 6 110 2720 2543
4958 2 2 1 6 182 2718 2544
4959 2 2 1 6 33 2719 2545
4960 2 2 1 6 213 2721 2546
4961 2 2 1 6 112 2588 111
4962 2 2 1 6 184 2587 183
4963 2 2 1 6 31 2586 32
4964 2 2 1 6 211 2585 212
4965 2 2 1 6 2542 2619 2400
4966 2 2 1 6 2435 2757 2549
4967 2 2 1 6 2438 2760 2551
4968 2 2 1 6 2548 2754 2436
4969 2 2 1 6 2549 2755 2435
4970 2 2 1 6 2437 2758 2550
4971 2 2 1 6 2550 2756 2437
4972 2 2 1 6 2551 2759 2438
4973 2 2 1 6 2436 2761 2548
4974 2 2 1 6 2519 2813 2422
4975 2 2 1 6 2426 2815 2522
4976 2 2 1 6 2520 2814 2420
4977 2 2 1 6 2584 2620 2456
4978 2 2 1 6 2521 2613 2398
4979 2 2 1 6 2522 2615 2399
4980 2 2 1 6 2396 2614 2520
4981 2 2 1 6 2397 2616 2519
4982 2 2 1 6 2390 2595 2591
4983 2 2 1 6 2591 2595 2449
4984 2 2 1 6 2742 2808 2502
4985 2 2 1 6 2612 2643 2387
4986 2 2 1 6 2482 2643 2612
4987 2 2 1 6 2553 2760 2438
4988 2 2 1 6 2554 2757 2435
4989 2 2 1 6 2436 2754 2558
4990 2 2 1 6 2435 2755 2557
4991 2 2 1 6 2552 2761 2436
4992 2 2 1 6 2556 2758 2437
4993 2 2 1 6 2438 2759 2559
4994 2 2 1 6 2437 2756 2555
4995 2 2 1 6 2610 2666 2389
4996 2 2 1 6 2567 2744 2645
4997 2 2 1 6 2570 2743 2644
4998 2 2 1 6 2455 2657 2540
4999 2 2 1 6 2411 2693 2601
5000 2 2 1 6 2409 2692 2599
5001 2 2 1 6 2432 2620 2584
5002 2 2 1 6 2435 2667 2554
5003 2 2 1 6 2554 2667 2463
5004 2 2 1 6 2555 2668 2437
5005 2 2 1 6 2466 2668 2555
5006 2 2 1 6 2553 2669 2460
5007 2 2 1 6 2438 2669 2553
5008 2 2 1 6 38 2664 39
5009 2 2 1 6 218 2665 219
5010 2 2 1 6 105 2662 104
5011 2 2 1 6 177 2663 176
5012 2 2 1 6 2407 2697 2598
5013 2 2 1 6 2406 2696 2600
5014 2 2 1 6 2634 2693 2411
5015 2 2 1 6 2633 2692 2409
5016 2 2 1 6 2539 2684 2464
5017 2 2 1 6 2461 2681 2537
5018 2 2 1 6 2532 2680 2460
5019 2 2 1 6 2533 2686 2463
5020 2 2 1 6 2535 2682 2465
5021 2 2 1 6 2466 2683 2536
5022 2 2 1 6 2467 2687 2538
5023 2 2 1 6 2462 2685 2534
5024 2 2 1 6 2459 2636 2526
5025 2 2 1 6 2458 2635 2525
5026 2 2 1 6 2490 2765 2723
5027 2 2 1 6 2398 2613 2560
5028 2 2 1 6 2560 2613 2445
5029 2 2 1 6 2563 2615 2447
5030 2 2 1 6 2399 2615 2563
5031 2 2 1 6 2444 2614 2561
5032 2 2 1 6 2561 2614 2396
5033 2 2 1 6 2562 2616 2397
5034 2 2 1 6 2446 2616 2562
5035 2 2 1 6 2541 2659 2454
5036 2 2 1 6 2546 2721 2479
5037 2 2 1 6 2544 2718 2476
5038 2 2 1 6 2545 2719 2478
5039 2 2 1 6 2543 2720 2477
5040 2 2 1 6 2456 2619 2524
5041 2 2 1 6 2518 2772 2647
5042 2 2 1 6 2517 2771 2648
5043 2 2 1 6 2398 2637 2521
5044 2 2 1 6 2387 2643 2611
5045 2 2 1 6 2441 2623 2546
5046 2 2 1 6 2443 2624 2545
5047 2 2 1 6 2442 2622 2544
5048 2 2 1 6 2440 2621 2543
5049 2 2 1 6 2432 2611 2547
5050 2 2 1 6 2526 2689 2459
5051 2 2 1 6 2395 2689 2526
5052 2 2 1 6 2659 2698 2393
5053 2 2 1 6 2488 2783 2678
5054 2 2 1 6 2489 2782 2677
5055 2 2 1 6 2418 2640 2513
5056 2 2 1 6 2419 2639 2514
5057 2 2 1 6 2415 2711 2657
5058 2 2 1 6 2455 2660 2633
5059 2 2 1 6 2633 2660 2493
5060 2 2 1 6 2634 2659 2492
5061 2 2 1 6 2454 2659 2634
5062 2 2 1 6 2406 2625 2617
5063 2 2 1 6 113 2680 2532
5064 2 2 1 6 2534 2685 41
5065 2 2 1 6 2537 2681 221
5066 2 2 1 6 185 2686 2533
5067 2 2 1 6 2538 2687 102
5068 2 2 1 6 30 2682 2535
5069 2 2 1 6 2536 2683 174
5070 2 2 1 6 210 2684 2539
5071 2 2 1 6 2520 2629 2396
5072 2 2 1 6 2519 2628 2397
5073 2 2 1 6 2399 2630 2522
5074 2 2 1 6 2610 2795 2666
5075 2 2 1 6 2446 2821 2516
5076 2 2 1 6 2423 2818 2517
5077 2 2 1 6 2518 2820 2445
5078 2 2 1 6 2444 2819 2515
5079 2 2 1 6 2644 2663 2470
5080 2 2 1 6 2497 2663 2644
5081 2 2 1 6 2645 2664 2468
5082 2 2 1 6 2498 2664 2645
5083 2 2 1 6 2571 2679 2429
5084 2 2 1 6 2429 2679 2573
5085 2 2 1 6 2400 2620 2547
5086 2 2 1 6 2543 2621 109
5087 2 2 1 6 2545 2624 34
5088 2 2 1 6 2544 2622 181
5089 2 2 1 6 2546 2623 214
5090 2 2 1 6 2450 2752 2649
5091 2 2 1 6 2449 2625 2568
5092 2 2 1 6 2568 2625 2406
5093 2 2 1 6 2515 2641 2408
5094 2 2 1 6 2516 2642 2404
5095 2 2 1 6 2517 2648 2423
5096 2 2 1 6 2522 2815 2450
5097 2 2 1 6 2449 2813 2519
5098 2 2 1 6 2451 2814 2520
5099 2 2 1 6 2425 2816 2521
5100 2 2 1 6 2582 2608 2433
5101 2 2 1 6 2583 2609 2434
5102 2 2 1 6 2643 2801 2611
5103 2 2 1 6 2404 2763 2516
5104 2 2 1 6 2408 2762 2515
5105 2 2 1 6 2649 2806 2575
5106 2 2 1 6 2649 2752 2507
5107 2 2 1 6 2594 2632 2405
5108 2 2 1 6 2591 2809 2446
5109 2 2 1 6 2590 2811 2444
5110 2 2 1 6 2447 2810 2592
5111 2 2 1 6 2445 2812 2593
5112 2 2 1 6 2514 2766 2481
5113 2 2 1 6 2450 2810 2522
5114 2 2 1 6 2519 2809 2449
5115 2 2 1 6 2520 2811 2451
5116 2 2 1 6 2431 2817 2542
5117 2 2 1 6 2608 2661 2413
5118 2 2 1 6 2439 2610 2589
5119 2 2 1 6 2549 2757 188
5120 2 2 1 6 44 2754 2548
5121 2 2 1 6 224 2759 2551
5122 2 2 1 6 171 2756 2550
5123 2 2 1 6 99 2755 2549
5124 2 2 1 6 2550 2758 27
5125 2 2 1 6 2548 2761 207
5126 2 2 1 6 2551 2760 116
5127 2 2 1 6 2513 2780 2418
5128 2 2 1 6 2514 2779 2419
5129 2 2 1 6 2464 2684 2552
5130 2 2 1 6 2552 2684 209
5131 2 2 1 6 222 2681 2559
5132 2 2 1 6 2556 2682 29
5133 2 2 1 6 2465 2682 2556
5134 2 2 1 6 2553 2680 114
5135 2 2 1 6 173 2683 2555
5136 2 2 1 6 2555 2683 2466
5137 2 2 1 6 2557 2687 2467
5138 2 2 1 6 101 2687 2557
5139 2 2 1 6 2460 2680 2553
5140 2 2 1 6 2463 2686 2554
5141 2 2 1 6 2554 2686 186
5142 2 2 1 6 42 2685 2558
5143 2 2 1 6 2558 2685 2462
5144 2 2 1 6 2559 2681 2461
5145 2 2 1 6 2414 2658 2523
5146 2 2 1 6 2395 2727 2514
5147 2 2 1 6 2452 2656 2531
5148 2 2 1 6 2531 2656 2412
5149 2 2 1 6 2604 2753 2436
5150 2 2 1 6 2417 2626 2565
5151 2 2 1 6 2416 2627 2564
5152 2 2 1 6 2516 2797 2446
5153 2 2 1 6 2515 2796 2444
5154 2 2 1 6 2460 2728 2532
5155 2 2 1 6 2536 2730 2466
5156 2 2 1 6 2463 2729 2533
5157 2 2 1 6 2534 2733 2462
5158 2 2 1 6 2574 2670 2453
5159 2 2 1 6 2412 2781 2531
5160 2 2 1 6 2517 2716 2409
5161 2 2 1 6 2446 2809 2616
5162 2 2 1 6 2444 2811 2614
5163 2 2 1 6 2615 2810 2447
5164 2 2 1 6 2613 2812 2445
5165 2 2 1 6 2454 2658 2541
5166 2 2 1 6 2541 2658 2414
5167 2 2 1 6 2392 2660 2540
5168 2 2 1 6 2540 2660 2455
5169 2 2 1 6 103 2654 2538
5170 2 2 1 6 40 2653 2534
5171 2 2 1 6 175 2655 2536
5172 2 2 1 6 220 2652 2537
5173 2 2 1 6 2468 2714 2527
5174 2 2 1 6 2470 2713 2528
5175 2 2 1 6 2469 2715 2529
5176 2 2 1 6 2471 2712 2530
5177 2 2 1 6 2523 2734 2474
5178 2 2 1 6 2393 2698 2525
5179 2 2 1 6 2525 2698 2458
5180 2 2 1 6 2566 2702 2472
5181 2 2 1 6 2394 2702 2566
5182 2 2 1 6 2562 2821 2446
5183 2 2 1 6 2563 2818 2423
5184 2 2 1 6 2445 2820 2560
5185 2 2 1 6 2561 2819 2444
5186 2 2 1 6 2537 2823 2421
5187 2 2 1 6 2538 2822 2427
5188 2 2 1 6 2531 2725 2452
5189 2 2 1 6 2529 2715 217
5190 2 2 1 6 2530 2712 106
5191 2 2 1 6 2527 2714 37
5192 2 2 1 6 2528 2713 178
5193 2 2 1 6 2527 2746 2468
5194 2 2 1 6 2530 2749 2471
5195 2 2 1 6 2528 2747 2470
5196 2 2 1 6 2529 2748 2469
5197 2 2 1 6 2569 2631 2411
5198 2 2 1 6 2451 2631 2569
5199 2 2 1 6 2593 2666 2445
5200 2 2 1 6 2567 2632 2448
5201 2 2 1 6 2405 2632 2567
5202 2 2 1 6 2431 2691 2524
5203 2 2 1 6 2444 2678 2590
5204 2 2 1 6 2446 2677 2591
5205 2 2 1 6 2661 2670 2413
5206 2 2 1 6 2499 2670 2661
5207 2 2 1 6 2524 2817 2431
5208 2 2 1 6 2388 2688 2592
5209 2 2 1 6 2392 2724 2524
5210 2 2 1 6 2524 2724 2456
5211 2 2 1 6 2417 2746 2527
5212 2 2 1 6 2418 2748 2529
5213 2 2 1 6 2419 2747 2528
5214 2 2 1 6 2416 2749 2530
5215 2 2 1 6 2689 2694 2499
5216 2 2 1 6 2439 2646 2607
5217 2 2 1 6 2472 2722 2571
5218 2 2 1 6 2650 2753 2604
5219 2 2 1 6 2587 2676 2476
5220 2 2 1 6 2588 2675 2477
5221 2 2 1 6 2457 2699 2531
5222 2 2 1 6 2531 2781 2457
5223 2 2 1 6 2400 2699 2542
5224 2 2 1 6 2542 2699 2457
5225 2 2 1 6 2577 2707 2475
5226 2 2 1 6 2576 2706 2473
5227 2 2 1 6 2596 2762 2408
5228 2 2 1 6 2597 2763 2404
5229 2 2 1 6 2549 2802 99
5230 2 2 1 6 2551 2805 224
5231 2 2 1 6 2548 2804 44
5232 2 2 1 6 116 2805 2551
5233 2 2 1 6 188 2802 2549
5234 2 2 1 6 207 2804 2548
5235 2 2 1 6 27 2803 2550
5236 2 2 1 6 2550 2803 171
5237 2 2 1 6 2576 2636 2401
5238 2 2 1 6 2577 2635 2403
5239 2 2 1 6 2595 2625 2449
5240 2 2 1 6 2425 2733 2534
5241 2 2 1 6 2450 2815 2570
5242 2 2 1 6 2568 2813 2449
5243 2 2 1 6 2567 2816 2425
5244 2 2 1 6 2569 2814 2451
5245 2 2 1 6 2532 2728 2420
5246 2 2 1 6 2533 2729 2422
5247 2 2 1 6 2426 2730 2536
5248 2 2 1 6 2450 2649 2592
5249 2 2 1 6 2403 2707 2577
5250 2 2 1 6 2401 2706 2576
5251 2 2 1 6 2410 2752 2570
5252 2 2 1 6 2488 2762 2596
5253 2 2 1 6 2489 2763 2597
5254 2 2 1 6 2540 2711 2456
5255 2 2 1 6 2458 2698 2541
5256 2 2 1 6 2571 2722 2402
5257 2 2 1 6 2541 2735 2458
5258 2 2 1 6 2414 2735 2541
5259 2 2 1 6 2456 2724 2540
5260 2 2 1 6 2540 2724 2392
5261 2 2 1 6 109 2621 108
5262 2 2 1 6 214 2623 215
5263 2 2 1 6 34 2624 35
5264 2 2 1 6 181 2622 180
5265 2 2 1 6 176 2655 175
5266 2 2 1 6 219 2652 220
5267 2 2 1 6 39 2653 40
5268 2 2 1 6 104 2654 103
5269 2 2 1 6 2725 2801 2452
5270 2 2 1 6 2604 2637 2398
5271 2 2 1 6 2547 2801 2725
5272 2 2 1 6 2411 2750 2569
5273 2 2 1 6 2406 2751 2568
5274 2 2 1 6 2590 2732 2451
5275 2 2 1 6 2593 2787 2389
5276 2 2 1 6 2561 2672 2421
5277 2 2 1 6 2424 2671 2560
5278 2 2 1 6 2562 2673 2427
5279 2 2 1 6 2423 2674 2563
5280 2 2 1 6 2560 2820 2424
5281 2 2 1 6 2421 2819 2561
5282 2 2 1 6 2447 2818 2563
5283 2 2 1 6 2427 2821 2562
5284 2 2 1 6 2547 2725 2400
5285 2 2 1 6 2479 2721 2585
5286 2 2 1 6 2587 2718 183
5287 2 2 1 6 2588 2720 111
5288 2 2 1 6 2476 2718 2587
5289 2 2 1 6 2478 2719 2586
5290 2 2 1 6 2586 2719 32
5291 2 2 1 6 2585 2721 212
5292 2 2 1 6 2477 2720 2588
5293 2 2 1 6 2521 2816 2812
5294 2 2 1 6 2395 2694 2689
5295 2 2 1 6 2491 2774 2742
5296 2 2 1 6 2485 2727 2695
5297 2 2 1 6 2575 2731 2388
5298 2 2 1 6 2473 2731 2575
5299 2 2 1 6 43 2754 44
5300 2 2 1 6 172 2756 171
5301 2 2 1 6 100 2755 99
5302 2 2 1 6 27 2758 28
5303 2 2 1 6 188 2757 187
5304 2 2 1 6 207 2761 208
5305 2 2 1 6 223 2759 224
5306 2 2 1 6 116 2760 115
5307 2 2 1 6 2439 2807 2646
5308 2 2 1 6 2568 2676 2422
5309 2 2 1 6 2569 2675 2420
5310 2 2 1 6 2462 2637 2604
5311 2 2 1 6 2424 2820 2647
5312 2 2 1 6 2647 2820 2518
5313 2 2 1 6 2474 2734 2573
5314 2 2 1 6 2573 2734 2391
5315 2 2 1 6 2641 2823 2496
5316 2 2 1 6 2642 2822 2495
5317 2 2 1 6 2695 2784 2430
5318 2 2 1 6 2420 2814 2569
5319 2 2 1 6 2422 2813 2568
5320 2 2 1 6 2448 2816 2567
5321 2 2 1 6 2651 2793 2482
5322 2 2 1 6 2592 2649 2388
5323 2 2 1 6 2594 2691 2431
5324 2 2 1 6 2484 2691 2594
5325 2 2 1 6 2396 2800 2561
5326 2 2 1 6 2563 2798 2399
5327 2 2 1 6 2397 2799 2562
5328 2 2 1 6 2482 2793 2736
5329 2 2 1 6 2526 2784 2695
5330 2 2 1 6 2741 2765 2490
5331 2 2 1 6 2467 2799 2603
5332 2 2 1 6 2605 2798 2465
5333 2 2 1 6 2461 2800 2602
5334 2 2 1 6 2558 2754 43
5335 2 2 1 6 2559 2759 223
5336 2 2 1 6 115 2760 2553
5337 2 2 1 6 187 2757 2554
5338 2 2 1 6 2555 2756 172
5339 2 2 1 6 28 2758 2556
5340 2 2 1 6 2557 2755 100
5341 2 2 1 6 208 2761 2552
5342 2 2 1 6 2552 2753 2464
5343 2 2 1 6 2460 2669 2629
5344 2 2 1 6 2630 2668 2466
5345 2 2 1 6 2463 2667 2628
5346 2 2 1 6 2416 2778 2581
5347 2 2 1 6 2436 2753 2552
5348 2 2 1 6 2523 2794 2786
5349 2 2 1 6 2419 2779 2580
5350 2 2 1 6 2418 2780 2579
5351 2 2 1 6 2632 2787 2448
5352 2 2 1 6 2508 2787 2632
5353 2 2 1 6 2573 2679 2474
5354 2 2 1 6 2429 2717 2566
5355 2 2 1 6 2393 2775 2564
5356 2 2 1 6 2565 2776 2417
5357 2 2 1 6 2392 2777 2565
5358 2 2 1 6 2564 2778 2416
5359 2 2 1 6 2597 2782 2489
5360 2 2 1 6 2428 2782 2597
5361 2 2 1 6 2596 2783 2488
5362 2 2 1 6 2429 2783 2596
5363 2 2 1 6 2597 2690 2428
5364 2 2 1 6 2483 2690 2597
5365 2 2 1 6 2398 2650 2604
5366 2 2 1 6 2425 2744 2567
5367 2 2 1 6 2570 2752 2450
5368 2 2 1 6 2607 2646 2480
5369 2 2 1 6 2612 2651 2482
5370 2 2 1 6 2434 2651 2612
5371 2 2 1 6 2581 2778 2483
5372 2 2 1 6 2580 2779 2485
5373 2 2 1 6 2579 2780 2486
5374 2 2 1 6 2389 2666 2593
5375 2 2 1 6 2578 2776 2484
5376 2 2 1 6 2417 2776 2578
5377 2 2 1 6 2525 2785 2690
5378 2 2 1 6 2690 2785 2428
5379 2 2 1 6 2575 2806 2430
5380 2 2 1 6 2786 2794 2494
5381 2 2 1 6 2812 2816 2448
5382 2 2 1 6 2580 2747 2419
5383 2 2 1 6 2581 2749 2416
5384 2 2 1 6 2579 2748 2418
5385 2 2 1 6 2578 2788 2405
5386 2 2 1 6 2388 2745 2688
5387 2 2 1 6 2650 2671 2464
5388 2 2 1 6 2618 2764 2433
5389 2 2 1 6 2491 2764 2618
5390 2 2 1 6 2521 2812 2613
5391 2 2 1 6 2522 2810 2615
5392 2 2 1 6 2616 2809 2519
5393 2 2 1 6 2614 2811 2520
5394 2 2 1 6 2591 2677 2390
5395 2 2 1 6 2590 2678 2391
5396 2 2 1 6 2572 2782 2428
5397 2 2 1 6 2573 2783 2429
5398 2 2 1 6 2408 2738 2579
5399 2 2 1 6 2579 2738 2469
5400 2 2 1 6 2404 2739 2581
5401 2 2 1 6 2581 2739 2471
5402 2 2 1 6 2428 2785 2577
5403 2 2 1 6 2430 2784 2576
5404 2 2 1 6 2572 2773 2390
5405 2 2 1 6 2390 2773 2574
5406 2 2 1 6 2475 2773 2572
5407 2 2 1 6 2574 2773 2475
5408 2 2 1 6 2456 2711 2584
5409 2 2 1 6 2603 2667 2435
5410 2 2 1 6 2437 2668 2605
5411 2 2 1 6 2602 2669 2438
5412 2 2 1 6 2584 2711 2415
5413 2 2 1 6 2592 2688 2447
5414 2 2 1 6 2631 2710 2411
5415 2 2 1 6 2411 2710 2634
5416 2 2 1 6 2638 2806 2507
5417 2 2 1 6 2430 2806 2638
5418 2 2 1 6 2446 2797 2677
5419 2 2 1 6 2444 2796 2678
5420 2 2 1 6 2469 2748 2579
5421 2 2 1 6 2470 2747 2580
5422 2 2 1 6 2471 2749 2581
5423 2 2 1 6 2457 2781 2589
5424 2 2 1 6 2578 2746 2417
5425 2 2 1 6 2468 2746 2578
5426 2 2 1 6 2415 2808 2584
5427 2 2 1 6 2646 2807 2500
5428 2 2 1 6 37 2714 38
5429 2 2 1 6 106 2712 105
5430 2 2 1 6 217 2715 218
5431 2 2 1 6 178 2713 177
5432 2 2 1 6 2580 2789 2410
5433 2 2 1 6 2485 2789 2580
5434 2 2 1 6 2579 2791 2408
5435 2 2 1 6 2581 2790 2404
5436 2 2 1 6 2486 2791 2579
5437 2 2 1 6 2483 2790 2581
5438 2 2 1 6 2484 2788 2578
5439 2 2 1 6 2433 2764 2582
5440 2 2 1 6 2434 2765 2583
5441 2 2 1 6 2409 2737 2633
5442 2 2 1 6 2673 2799 2467
5443 2 2 1 6 2465 2798 2674
5444 2 2 1 6 2672 2800 2461
5445 2 2 1 6 2694 2792 2499
5446 2 2 1 6 2542 2817 2619
5447 2 2 1 6 2589 2807 2439
5448 2 2 1 6 2599 2692 2443
5449 2 2 1 6 2601 2693 2440
5450 2 2 1 6 2491 2768 2764
5451 2 2 1 6 2589 2781 2412
5452 2 2 1 6 2391 2732 2590
5453 2 2 1 6 2408 2791 2596
5454 2 2 1 6 2404 2790 2597
5455 2 2 1 6 221 2681 222
5456 2 2 1 6 114 2680 113
5457 2 2 1 6 29 2682 30
5458 2 2 1 6 174 2683 173
5459 2 2 1 6 41 2685 42
5460 2 2 1 6 102 2687 101
5461 2 2 1 6 186 2686 185
5462 2 2 1 6 209 2684 210
5463 2 2 1 6 2596 2717 2429
5464 2 2 1 6 2486 2717 2596
5465 2 2 1 6 2618 2723 2387
5466 2 2 1 6 2600 2696 2442
5467 2 2 1 6 2598 2697 2441
5468 2 2 1 6 2661 2689 2499
5469 2 2 1 6 2484 2777 2691
5470 2 2 1 6 2483 2775 2690
5471 2 2 1 6 2477 2750 2601
5472 2 2 1 6 2476 2751 2600
5473 2 2 1 6 2654 2822 2538
5474 2 2 1 6 2652 2823 2537
5475 2 2 1 6 2507 2806 2649
5476 2 2 1 6 2646 2770 2480
5477 2 2 1 6 2594 2788 2484
5478 2 2 1 6 2405 2788 2594
5479 2 2 1 6 2449 2809 2591
5480 2 2 1 6 2592 2810 2450
5481 2 2 1 6 2451 2811 2590
5482 2 2 1 6 2601 2750 2411
5483 2 2 1 6 2600 2751 2406
5484 2 2 1 6 2492 2693 2634
5485 2 2 1 6 2493 2692 2633
5486 2 2 1 6 2513 2770 2726
5487 2 2 1 6 2726 2770 2394
5488 2 2 1 6 2679 2708 2474
5489 2 2 1 6 2606 2740 2389
5490 2 2 1 6 2478 2771 2599
5491 2 2 1 6 2479 2772 2598
5492 2 2 1 6 2611 2774 2387
5493 2 2 1 6 2634 2710 2454
5494 2 2 1 6 2597 2790 2483
5495 2 2 1 6 2596 2791 2486
5496 2 2 1 6 2716 2737 2409
5497 2 2 1 6 111 2720 110
5498 2 2 1 6 183 2718 182
5499 2 2 1 6 32 2719 33
5500 2 2 1 6 212 2721 213
5501 2 2 1 6 2609 2735 2414
5502 2 2 1 6 2598 2772 2407
5503 2 2 1 6 2599 2771 2409
5504 2 2 1 6 2645 2744 2498
5505 2 2 1 6 2644 2743 2497
5506 2 2 1 6 2569 2750 2675
5507 2 2 1 6 2568 2751 2676
5508 2 2 1 6 2389 2740 2610
5509 2 2 1 6 2387 2774 2618
5510 2 2 1 6 2619 2817 2524
5511 2 2 1 6 2638 2695 2430
5512 2 2 1 6 44 2804 3
5513 2 2 1 6 3 2804 207
5514 2 2 1 6 224 2805 7
5515 2 2 1 6 99 2802 5
5516 2 2 1 6 1 2803 27
5517 2 2 1 6 171 2803 1
5518 2 2 1 6 5 2802 188
5519 2 2 1 6 7 2805 116
5520 2 2 1 6 2633 2737 2455
5521 2 2 1 6 2387 2723 2612
5522 2 2 1 6 2570 2815 2743
5523 2 2 1 6 2743 2815 2426
5524 2 2 1 6 2602 2800 2396
5525 2 2 1 6 2399 2798 2605
5526 2 2 1 6 2603 2799 2397
5527 2 2 1 6 2636 2784 2526
5528 2 2 1 6 2635 2785 2525
5529 2 2 1 6 2480 2770 2767
5530 2 2 1 6 2787 2812 2448
5531 2 2 1 6 2593 2812 2787
5532 2 2 1 6 2706 2768 2502
5533 2 2 1 6 105 2712 2662
5534 2 2 1 6 38 2714 2664
5535 2 2 1 6 177 2713 2663
5536 2 2 1 6 218 2715 2665
5537 2 2 1 6 2767 2770 2513
5538 2 2 1 6 2701 2745 2506
5539 2 2 1 6 2442 2766 2639
5540 2 2 1 6 2441 2767 2640
5541 2 2 1 6 2643 2700 2452
5542 2 2 1 6 2482 2700 2643
5543 2 2 1 6 2487 2745 2701
5544 2 2 1 6 2482 2736 2700
5545 2 2 1 6 2700 2736 2505
5546 2 2 1 6 2666 2795 2504
5547 2 2 1 6 2628 2729 2463
5548 2 2 1 6 2466 2730 2630
5549 2 2 1 6 2629 2728 2460
5550 2 2 1 6 2699 2725 2531
5551 2 2 1 6 2400 2725 2699
5552 2 2 1 6 2452 2700 2656
5553 2 2 1 6 2656 2700 2505
5554 2 2 1 6 2439 2795 2610
5555 2 2 1 6 2658 2794 2523
5556 2 2 1 6 2485 2695 2638
5557 2 2 1 6 2494 2710 2631
5558 2 2 1 6 2611 2801 2547
5559 2 2 1 6 2401 2768 2706
5560 2 2 1 6 2459 2689 2661
5561 2 2 1 6 2618 2774 2491
5562 2 2 1 6 2505 2736 2722
5563 2 2 1 6 2722 2736 2402
5564 2 2 1 6 2453 2792 2617
5565 2 2 1 6 2726 2780 2513
5566 2 2 1 6 2727 2779 2514
5567 2 2 1 6 2462 2733 2637
5568 2 2 1 6 2403 2741 2707
5569 2 2 1 6 2707 2741 2501
5570 2 2 1 6 2474 2708 2704
5571 2 2 1 6 2501 2709 2707
5572 2 2 1 6 2707 2709 2475
5573 2 2 1 6 2473 2706 2705
5574 2 2 1 6 2705 2706 2502
5575 2 2 1 6 2704 2708 2503
5576 2 2 1 6 2702 2703 2472
5577 2 2 1 6 2500 2703 2702
5578 2 2 1 6 2455 2737 2701
5579 2 2 1 6 2731 2745 2388
5580 2 2 1 6 2506 2745 2731
5581 2 2 1 6 2657 2701 2506
5582 2 2 1 6 2464 2753 2650
5583 2 2 1 6 2455 2701 2657
5584 2 2 1 6 2561 2800 2672
5585 2 2 1 6 2562 2799 2673
5586 2 2 1 6 2674 2798 2563
5587 2 2 1 6 2688 2745 2487
5588 2 2 1 6 2641 2738 2408
5589 2 2 1 6 2642 2739 2404
5590 2 2 1 6 2696 2766 2442
5591 2 2 1 6 2697 2767 2441
5592 2 2 1 6 2710 2794 2454
5593 2 2 1 6 2662 2712 2471
5594 2 2 1 6 2663 2713 2470
5595 2 2 1 6 2664 2714 2468
5596 2 2 1 6 2665 2715 2469
5597 2 2 1 6 2499 2792 2670
5598 2 2 1 6 2670 2792 2453
5599 2 2 1 6 2639 2766 2514
5600 2 2 1 6 2640 2767 2513
5601 2 2 1 6 2452 2801 2643
5602 2 2 1 6 2577 2785 2635
5603 2 2 1 6 2576 2784 2636
5604 2 2 1 6 2677 2797 2489
5605 2 2 1 6 2678 2796 2488
5606 2 2 1 6 2647 2772 2479
5607 2 2 1 6 2648 2771 2478
5608 2 2 1 6 2638 2789 2485
5609 2 2 1 6 2676 2751 2476
5610 2 2 1 6 2675 2750 2477
5611 2 2 1 6 2487 2737 2716
5612 2 2 1 6 2503 2793 2651
5613 2 2 1 6 2402 2793 2708
5614 2 2 1 6 2708 2793 2503
5615 2 2 1 6 2701 2737 2487
5616 2 2 1 6 2741 2769 2501
5617 2 2 1 6 2502 2768 2742
5618 2 2 1 6 2480 2767 2697
5619 2 2 1 6 2481 2766 2696
5620 2 2 1 6 2454 2794 2658
5621 2 2 1 6 2762 2796 2515
5622 2 2 1 6 2763 2797 2516
5623 2 2 1 6 2496 2823 2652
5624 2 2 1 6 2495 2822 2654
5625 2 2 1 6 2776 2777 2484
5626 2 2 1 6 2483 2778 2775
5627 2 2 1 6 2565 2777 2776
5628 2 2 1 6 2775 2778 2564
5629 2 2 1 6 2494 2794 2710
5630 2 2 1 6 2705 2808 2415
5631 2 2 1 6 2502 2808 2705
5632 2 2 1 6 2736 2793 2402
5633 2 2 1 6 2485 2779 2727
5634 2 2 1 6 2486 2780 2726
5635 2 2 1 6 2732 2786 2494
5636 2 2 1 6 2490 2769 2741
5637 2 2 1 6 2742 2768 2491
5638 2 2 1 6 2391 2786 2732
5639 2 2 1 6 2523 2786 2734
5640 2 2 1 6 2734 2786 2391
5641 2 2 1 6 2489 2797 2763
5642 2 2 1 6 2488 2796 2762
$EndElements
