$MeshFormat
2.2 0 8
$EndMeshFormat
$PhysicalNames
5
1 1 "TOP"
1 2 "LEFT"
1 3 "RIGHT"
1 4 "BOTTOM"
2 5 "FLUID"
$EndPhysicalNames
$Nodes
1293
1 0 0 0
2 1 0 0
3 1 1 0
4 0 1 0
5 0.03225806451612893 0 0
6 0.06451612903225784 0 0
7 0.09677419354838676 0 0
8 0.1290322580645157 0 0
9 0.1612903225806446 0 0
10 0.1935483870967735 0 0
11 0.2258064516129024 0 0
12 0.2580645161290314 0 0
13 0.2903225806451603 0 0
14 0.3225806451612892 0 0
15 0.3548387096774182 0 0
16 0.387096774193547 0 0
17 0.4193548387096759 0 0
18 0.4516129032258049 0 0
19 0.4838709677419338 0 0
20 0.5161290322580627 0 0
21 0.5483870967741918 0 0
22 0.580645161290321 0 0
23 0.6129032258064502 0 0
24 0.6451612903225793 0 0
25 0.6774193548387084 0 0
26 0.7096774193548376 0 0
27 0.7419354838709667 0 0
28 0.7741935483870959 0 0
29 0.8064516129032251 0 0
30 0.8387096774193542 0 0
31 0.8709677419354833 0 0
32 0.9032258064516125 0 0
33 0.9354838709677417 0 0
34 0.9677419354838708 0 0
35 1 0.03225806451612893 0
36 1 0.06451612903225784 0
37 1 0.09677419354838676 0
38 1 0.1290322580645157 0
39 1 0.1612903225806446 0
40 1 0.1935483870967735 0
41 1 0.2258064516129024 0
42 1 0.2580645161290314 0
43 1 0.2903225806451603 0
44 1 0.3225806451612892 0
45 1 0.3548387096774182 0
46 1 0.387096774193547 0
47 1 0.4193548387096759 0
48 1 0.4516129032258049 0
49 1 0.4838709677419338 0
50 1 0.5161290322580627 0
51 1 0.5483870967741918 0
52 1 0.580645161290321 0
53 1 0.6129032258064502 0
54 1 0.6451612903225793 0
55 1 0.6774193548387084 0
56 1 0.7096774193548376 0
57 1 0.7419354838709667 0
58 1 0.7741935483870959 0
59 1 0.8064516129032251 0
60 1 0.8387096774193542 0
61 1 0.8709677419354833 0
62 1 0.9032258064516125 0
63 1 0.9354838709677417 0
64 1 0.9677419354838708 0
65 0.9677419354838711 1 0
66 0.9354838709677422 1 0
67 0.9032258064516132 1 0
68 0.8709677419354843 1 0
69 0.8387096774193554 1 0
70 0.8064516129032264 1 0
71 0.7741935483870975 1 0
72 0.7419354838709686 1 0
73 0.7096774193548396 1 0
74 0.6774193548387109 1 0
75 0.6451612903225818 1 0
76 0.612903225806453 1 0
77 0.5806451612903241 1 0
78 0.5483870967741951 1 0
79 0.5161290322580663 1 0
80 0.4838709677419373 1 0
81 0.4516129032258082 1 0
82 0.419354838709679 1 0
83 0.3870967741935498 1 0
84 0.3548387096774207 1 0
85 0.3225806451612916 1 0
86 0.2903225806451624 1 0
87 0.2580645161290333 1 0
88 0.2258064516129041 1 0
89 0.1935483870967749 1 0
90 0.1612903225806458 1 0
91 0.1290322580645167 1 0
92 0.09677419354838745 1 0
93 0.06451612903225834 1 0
94 0.03225806451612923 1 0
95 0 0.9677419354838711 0
96 0 0.9354838709677422 0
97 0 0.9032258064516132 0
98 0 0.8709677419354843 0
99 0 0.8387096774193554 0
100 0 0.8064516129032264 0
101 0 0.7741935483870975 0
102 0 0.7419354838709686 0
103 0 0.7096774193548396 0
104 0 0.6774193548387109 0
105 0 0.6451612903225818 0
106 0 0.612903225806453 0
107 0 0.5806451612903241 0
108 0 0.5483870967741951 0
109 0 0.5161290322580663 0
110 0 0.4838709677419373 0
111 0 0.4516129032258082 0
112 0 0.419354838709679 0
113 0 0.3870967741935498 0
114 0 0.3548387096774207 0
115 0 0.3225806451612916 0
116 0 0.2903225806451624 0
117 0 0.2580645161290333 0
118 0 0.2258064516129041 0
119 0 0.1935483870967749 0
120 0 0.1612903225806458 0
121 0 0.1290322580645167 0
122 0 0.09677419354838745 0
123 0 0.06451612903225834 0
124 0 0.03225806451612923 0
125 0.4999999999999983 0.5000000000000019 0
126 0.7037374950865648 0.2899719462369993 0
127 0.7053217497749564 0.6995046403336243 0
128 0.2904795440149844 0.2963479626680666 0
129 0.2926221671205729 0.7063577150729695 0
130 0.5030083219592983 0.7785763788353017 0
131 0.2225507450194443 0.5024728466697672 0
132 0.7762472957920838 0.4975312885643901 0
133 0.4974965548280141 0.2222078102693406 0
134 0.8262512315615047 0.1691749866129821 0
135 0.8281719106384831 0.8294703193360365 0
136 0.1702008368366414 0.1754988230133271 0
137 0.1712861167499469 0.8273668807220097 0
138 0.5667254063914187 0.3596139694412749 0
139 0.6411054325162873 0.5657436743369963 0
140 0.3649150406357924 0.431548695620189 0
141 0.4333439900984616 0.6396171319537135 0
142 0.8458717081835212 0.3601921820615648 0
143 0.6398078179384348 0.8458717081835214 0
144 0.3601921820615644 0.1541282918164785 0
145 0.6398078179384353 0.1541282918164787 0
146 0.1541282918164784 0.639807817938435 0
147 0.1541282918164786 0.3601921820615652 0
148 0.8458717081835216 0.6398078179384354 0
149 0.360192182061565 0.8458717081835216 0
150 0.6657605379325575 0.4360993746854959 0
151 0.5629571548212897 0.6630819751240331 0
152 0.4439947976302236 0.3320881445055926 0
153 0.3331738550779404 0.563289825897054 0
154 0.5367044543531467 0.8886209283443989 0
155 0.1101245697078394 0.537526264423981 0
156 0.8911429937643491 0.4611727200395414 0
157 0.466733716997506 0.1125509570695883 0
158 0.7370311094149758 0.8900025388112927 0
159 0.1099974611887072 0.7370311094149761 0
160 0.8900521842227656 0.2605773187067711 0
161 0.2578233678462224 0.1081773802483232 0
162 0.2582578343239005 0.8884894527491698 0
163 0.1065541208364064 0.2551387721469051 0
164 0.8918036764335606 0.7351230271771492 0
165 0.7452737397023077 0.1081570832796263 0
166 0.6037047945395487 0.2562495615852262 0
167 0.7428397630609783 0.6040794918276031 0
168 0.2583820701708008 0.3946120741618335 0
169 0.3967073266905361 0.7413150785919357 0
170 0.903737180337475 0.1006172030508896 0
171 0.8995640137734242 0.9005484381899864 0
172 0.1006172030508896 0.09626281966252492 0
173 0.09945156181001313 0.8995640137734247 0
174 0.6196947503291796 0.747706179985434 0
175 0.2518397613306352 0.6167898380114356 0
176 0.7487220991030853 0.3837928610016471 0
177 0.3863799027567695 0.2511252952993879 0
178 0.5616716544504047 0.09509348682866609 0
179 0.9050208128034115 0.5624365765322891 0
180 0.09497918719658827 0.4375634234677108 0
181 0.4375634234677106 0.905020812803412 0
182 0.7954161293186809 0.2677549690570525 0
183 0.26342425229941 0.2022269402025773 0
184 0.73657574770059 0.7977730597974225 0
185 0.2022269402025769 0.7365757477005911 0
186 0.725042213621534 0.1988014333858156 0
187 0.1988700339568119 0.2788244709650563 0
188 0.8003375264032342 0.7222257663921855 0
189 0.2777742336078151 0.8003375264032351 0
190 0.5741753318330552 0.4479957867710314 0
191 0.4927487870117714 0.4107770425009961 0
192 0.5522493856522523 0.5756049167448496 0
193 0.4239277944502929 0.549893211303117 0
194 0.6417105341004878 0.6519626014262893 0
195 0.3503026844617458 0.6431775959722241 0
196 0.6540239360753768 0.3535007405034422 0
197 0.3577574130277466 0.3487531007931866 0
198 0.0835962102981358 0.8210723058242697 0
199 0.8210723058242695 0.9164037897018642 0
200 0.1783932718160933 0.9231151220301397 0
201 0.9200882003652529 0.1823758753982656 0
202 0.1781127718189843 0.07592611927964976 0
203 0.08254258391630304 0.1818369659466243 0
204 0.9231151220301398 0.8216067281839068 0
205 0.8181630340533759 0.08254258391630287 0
206 0.5136645591642042 0.2987834716462204 0
207 0.7012165283537795 0.5136645591642048 0
208 0.4863354408357944 0.7012165283537796 0
209 0.2996786826794953 0.48451677758286 0
210 0.6086828307038923 0.9182142300538711 0
211 0.9182142522595311 0.3912792396362902 0
212 0.08178574774046876 0.6087207603637094 0
213 0.3913171692961065 0.08178576994612879 0
214 0.07901492850211977 0.3395028310105953 0
215 0.6604971689894049 0.07901492850212 0
216 0.3395028310105948 0.9209850714978801 0
217 0.9211998510663753 0.6585661728640326 0
218 0.1747865949278544 0.435633219025083 0
219 0.5633221382977471 0.1769201431701196 0
220 0.4404559711024408 0.8204195351758963 0
221 0.8204195351758959 0.5595440288975595 0
222 0.4267238551900072 0.4748840111192297 0
223 0.5693332221211269 0.8180107211162051 0
224 0.8190245589294476 0.4305622411914204 0
225 0.4322344184555775 0.1820858494191745 0
226 0.1820858494191744 0.5677655815444221 0
227 0.07097519969621835 0.679176484940048 0
228 0.6791764849400477 0.9290248003037815 0
229 0.9290248003037818 0.3208235150599515 0
230 0.3208235150599514 0.07097519969621802 0
231 0.4843229908430495 0.588348972166131 0
232 0.620370624298641 0.4983244341630213 0
233 0.4213552859452007 0.4005596159938768 0
234 0.7336389009964935 0.44950758258267 0
235 0.4489575265407948 0.265957837093645 0
236 0.5504088657842505 0.7341740543588732 0
237 0.2679941133448588 0.5528275296788037 0
238 0.2129148968725441 0.6717134223647883 0
239 0.6728718546950081 0.7922166696709562 0
240 0.3271281453049913 0.2077833303290435 0
241 0.7870851031274559 0.328286577635213 0
242 0.3661178684560701 0.5003293355945632 0
243 0.6669169322768269 0.2397566643793459 0
244 0.7813201201163891 0.656550887282328 0
245 0.2411499243103685 0.3325639600663329 0
246 0.3429165462894755 0.7821703285576276 0
247 0.5630244501186665 0.5107919438153292 0
248 0.5037785043690138 0.06168110339720712 0
249 0.9383188966027927 0.5037785043690141 0
250 0.06168110339720706 0.4962214956309857 0
251 0.4962214956309855 0.9383188966027929 0
252 0.8405926745296001 0.5121107022723294 0
253 0.5043435622553647 0.1596525812700572 0
254 0.1596525812700577 0.4956564377446355 0
255 0.4928652134868092 0.8368133481980325 0
256 0.1612694348407177 0.7038901274690974 0
257 0.7038901274690968 0.8387305651592821 0
258 0.2961098725309028 0.1612694348407173 0
259 0.8419249939319859 0.2995626180705781 0
260 0.2341971809140081 0.8376476840458819 0
261 0.1618717951144168 0.2332557664434394 0
262 0.8366938756078972 0.7657301632516373 0
263 0.7657406744352724 0.1632990697588934 0
264 0.6470227573525948 0.2971038737862885 0
265 0.6103929952741834 0.4008327572228472 0
266 0.598667661945345 0.6116563240985634 0
267 0.3827090066687199 0.5935608001858802 0
268 0.9415187554616087 0.6084829992291033 0
269 0.607984011332884 0.05910272285601692 0
270 0.3915170007708964 0.941518755461609 0
271 0.05848124453839088 0.391517000770897 0
272 0.7022873065090544 0.647727858395633 0
273 0.3920365835122703 0.6833872882118421 0
274 0.3196537285549361 0.3927525691719719 0
275 0.507278323610416 0.642594668051396 0
276 0.9434871480888245 0.0607283809980006 0
277 0.9434871480888247 0.9392716190019994 0
278 0.06072838099800049 0.05651285191117539 0
279 0.06072838099800054 0.9434871480888249 0
280 0.06450802309960557 0.7671869328275575 0
281 0.7671869328275572 0.9354919769003945 0
282 0.9436700516807734 0.2337483046212223 0
283 0.2337483046212221 0.05632994831922644 0
284 0.2340573912624761 0.9407904429287748 0
285 0.940790442928775 0.765942608737524 0
286 0.05293663926173919 0.2349530880849528 0
287 0.7650469119150474 0.05293663926173908 0
288 0.5529372576667219 0.9414633308125873 0
289 0.9463055362504645 0.4499572461240498 0
290 0.05369446374953524 0.5500427538759498 0
291 0.4470627423332771 0.05853666918741263 0
292 0.8456279718131479 0.2282810865522126 0
293 0.7729059956513059 0.8437277005029162 0
294 0.2273695161440204 0.1562918848737492 0
295 0.1562722994970833 0.7729059956513065 0
296 0.7001748803557498 0.1517268906673893 0
297 0.1498125376261589 0.2980408146573683 0
298 0.8500305813581419 0.6971921408888738 0
299 0.3033243374435958 0.8468869655754585 0
300 0.4530327327668335 0.7478879310957891 0
301 0.2489640543820197 0.4516662167449365 0
302 0.7416667522977287 0.5483510742804363 0
303 0.5097797338802836 0.3557291441573554 0
304 0.5701327314922858 0.3030848078117265 0
305 0.6967804332481813 0.5712290758421422 0
306 0.5474530676739172 0.2494886986157634 0
307 0.9458142158724703 0.1348458143780086 0
308 0.8723309672305348 0.9425541007733096 0
309 0.1348458143780086 0.0541857841275295 0
310 0.05744589922669024 0.8723309672305348 0
311 0.0540722381586255 0.1298230844215513 0
312 0.8701769155784489 0.0540722381586255 0
313 0.9451681958573267 0.865758265447273 0
314 0.1342417345527269 0.945168195857327 0
315 0.202357577358424 0.3875343641979674 0
316 0.6957890517747631 0.3929222472157836 0
317 0.6517219321357891 0.7026335287945698 0
318 0.3455203952321463 0.2929798723728199 0
319 0.3093033738356791 0.6058828553453764 0
320 0.3437447276620974 0.71726779742932 0
321 0.6151606330298782 0.2021448025162638 0
322 0.8685466103371419 0.411408365362583 0
323 0.4132255744578449 0.1304876578304252 0
324 0.586970808384465 0.8690905909327948 0
325 0.1319911371606376 0.588727457919598 0
326 0.7421362820480821 0.2499594432817387 0
327 0.2499800751745657 0.257841372783402 0
328 0.2565352063792706 0.7485000159789894 0
329 0.7485000159789879 0.743464793620729 0
330 0.7128537938848862 0.05470952725655065 0
331 0.05470952725655065 0.2871462061151138 0
332 0.9466291628800425 0.7125055834326118 0
333 0.2871462061151135 0.9452904727434495 0
334 0.5228571407576345 0.4519100229669175 0
335 0.8501397537253985 0.1186223875918232 0
336 0.1186223875918229 0.1498602462746011 0
337 0.8518770312740939 0.8801167295461978 0
338 0.1198832704538021 0.8518770312740942 0
339 0.2910180413488346 0.3457485103094811 0
340 0.2825427428461236 0.6564663798949394 0
341 0.5974102356335416 0.7020306510674472 0
342 0.4016964538699919 0.2990900353680114 0
343 0.7126191170730504 0.3423166352004313 0
344 0.3931618013333312 0.7967148209459205 0
345 0.7951729973860109 0.6059006629505498 0
346 0.7892372708864759 0.2100422276713288 0
347 0.2097727933931932 0.2105972531374 0
348 0.7899577723286721 0.7892372708864765 0
349 0.210762729113523 0.7899577723286733 0
350 0.1148713253398101 0.3933586630557777 0
351 0.8889390612148608 0.6106459009088295 0
352 0.6066413369442224 0.1148713253398104 0
353 0.3933586630557774 0.88512867466019 0
354 0.616578314920075 0.8007486902002403 0
355 0.198975337206394 0.6158416801051041 0
356 0.3834216850799244 0.1992513097997593 0
357 0.8007182568336897 0.3849478799455456 0
358 0.5479828664866269 0.4072789586343914 0
359 0.511940174114164 0.5473016528516931 0
360 0.4737515713047566 0.4557740427420387 0
361 0.1908967724042889 0.3274753761520339 0
362 0.6725267667445636 0.1908752171123098 0
363 0.9524978496705478 0.5609469250854133 0
364 0.5609247294681844 0.04905700994300721 0
365 0.4390530749145861 0.9524978496705481 0
366 0.04750215032945199 0.4390530749145868 0
367 0.5931762390846158 0.5522412970200149 0
368 0.609274792662445 0.333609261031474 0
369 0.4375565419912729 0.6968795255274941 0
370 0.3026819676641757 0.4360738468835773 0
371 0.8734600727299968 0.8031622717963988 0
372 0.1981912110652404 0.8737772171386545 0
373 0.665428413555794 0.608481493872604 0
374 0.126360155309085 0.1981148902942087 0
375 0.801885109705791 0.1263601553090846 0
376 0.4881281791080095 0.8869735264349703 0
377 0.1130264735650295 0.4881281791080098 0
378 0.8869735264349705 0.5118718208919901 0
379 0.5118718208919901 0.1130264735650293 0
380 0.4567632079240047 0.5177221631069513 0
381 0.1183713099003986 0.6717840269388652 0
382 0.3282159730611347 0.1183713099003982 0
383 0.6717840269388649 0.8816286900996013 0
384 0.8808489208444404 0.3240736929379467 0
385 0.3046935206311444 0.7542207980626543 0
386 0.7541541459212768 0.6942776217181368 0
387 0.04686813840873033 0.7202782708368292 0
388 0.7202782708368289 0.9531318615912698 0
389 0.9531318615912698 0.2797217291631705 0
390 0.2797217291631703 0.04686813840873005 0
391 0.8707684330585117 0.1864592938387616 0
392 0.1877015577898046 0.1284086864348482 0
393 0.5464205971276921 0.6236936297874723 0
394 0.5806486263595361 0.7756991205821802 0
395 0.2277839625723341 0.5761285669993519 0
396 0.773480533897799 0.425973920110044 0
397 0.4193513736404629 0.224300879417819 0
398 0.3770552374921667 0.5454578834172699 0
399 0.6401362293479824 0.9539531461778916 0
400 0.04604685382210816 0.6401362293479831 0
401 0.9539531461778918 0.3598637706520167 0
402 0.3598637706520165 0.0460468538221081 0
403 0.4002128323259484 0.3568162178032574 0
404 0.7533398805484588 0.2961428785977626 0
405 0.7027590885322647 0.7530102265947431 0
406 0.295737020802094 0.2468609634421715 0
407 0.2461969336038224 0.7009662430091795 0
408 0.6220393058104776 0.4524108929758773 0
409 0.459841001521108 0.3753181243675358 0
410 0.435790539122543 0.5930746927338028 0
411 0.8106480087636039 0.8714653933350214 0
412 0.1285346066649783 0.8106480087636043 0
413 0.8934033193915421 0.1454590237495878 0
414 0.1454590237495876 0.1065966806084578 0
415 0.8909106581123372 0.8550378591416513 0
416 0.1449621408583484 0.8909106581123376 0
417 0.3726885164478619 0.3899696136404957 0
418 0.6588699864346891 0.5323030719842414 0
419 0.6678496596712677 0.4815595357654485 0
420 0.5663865997699613 0.2242259266192534 0
421 0.2211405939598685 0.4334920013975507 0
422 0.03982492939043375 0.8209738326560863 0
423 0.8209738326560863 0.9601750706095664 0
424 0.9553067177410592 0.1794761484605385 0
425 0.1781062305318805 0.04196435376413388 0
426 0.1779885693785157 0.9584182459254058 0
427 0.958418245925406 0.8220114306214843 0
428 0.03982492939043347 0.1790261673439149 0
429 0.8209738326560854 0.03982492939043331 0
430 0.3323189762482066 0.685505190545712 0
431 0.5960475948113341 0.6476421541383345 0
432 0.3887133174466453 0.6340308280516964 0
433 0.4094679222022107 0.5123676811743904 0
434 0.4933451528952799 0.2577440043599514 0
435 0.4699248617137642 0.3106305169123068 0
436 0.7385992155517374 0.4928880463144978 0
437 0.3033307491922199 0.5288613277195985 0
438 0.5066567106314367 0.7401558369067913 0
439 0.2600026813902313 0.506733359281351 0
440 0.5288613277195978 0.6966692508077794 0
441 0.4032258064516114 0.03934177309776837 0
442 0.9606582269022317 0.4032258064516114 0
443 0.5967741935483886 0.9606582269022317 0
444 0.0393417730977681 0.5967741935483886 0
445 0.396417192396735 0.4436981374707303 0
446 0.7916994028194891 0.5375449622617039 0
447 0.4632511888945869 0.7921143099331004 0
448 0.3324036051929375 0.4721603672332779 0
449 0.6483537339041646 0.4039146943727486 0
450 0.4635141536946384 0.1540290161433218 0
451 0.8134507046762836 0.4738586718740093 0
452 0.5332791136249011 0.8477768279558076 0
453 0.1540290161433216 0.5364858463053617 0
454 0.6972188309014342 0.1062059314163267 0
455 0.1046029874339335 0.3024112034821489 0
456 0.8795913032971716 0.6650914149019314 0
457 0.3027811690985653 0.8937940685836743 0
458 0.9018712346458224 0.2184801260272088 0
459 0.2211276605911185 0.1004381167494209 0
460 0.548854245689956 0.1367695094849364 0
461 0.8635260062168355 0.5514995053409194 0
462 0.1367695094849364 0.4511457543100441 0
463 0.4485004946590806 0.8635260062168357 0
464 0.9587911061151688 0.644768099797953 0
465 0.644768099797953 0.04120889388483118 0
466 0.3552319002020466 0.958791106115169 0
467 0.0412088938848309 0.3552319002020473 0
468 0.342099398917647 0.2541507405592307 0
469 0.6578521752924281 0.747475140351549 0
470 0.4674056364416148 0.6641714587272975 0
471 0.1473934870267587 0.3962780606290099 0
472 0.396352930438583 0.8527145067976046 0
473 0.8485096404647529 0.5960862212564197 0
474 0.6037150007387603 0.1473857176633599 0
475 0.6766360482039235 0.3262347417354106 0
476 0.9032535723539957 0.778555269529621 0
477 0.2214447304703794 0.9032535723539956 0
478 0.4535897608098947 0.5465143168353689 0
479 0.09692083591302658 0.7788069121172707 0
480 0.7788069121172705 0.9030791640869733 0
481 0.09768738455349946 0.2216259883196839 0
482 0.7783919083834785 0.09775692859952256 0
483 0.7431579365081529 0.6445832073795068 0
484 0.107413694634207 0.6376771623018472 0
485 0.8945260258666213 0.367995770080397 0
486 0.63732630753705 0.8926159790355421 0
487 0.362673692462949 0.1073840209644575 0
488 0.9592867983593778 0.09525395121798069 0
489 0.04071320164062225 0.9047460487820195 0
490 0.09525395121798053 0.0407132016406222 0
491 0.9047460487820195 0.9592867983593778 0
492 0.04071320164062209 0.09525395121798086 0
493 0.09525395121798058 0.959286798359378 0
494 0.9047460487820191 0.04071320164062203 0
495 0.959286798359378 0.9047460487820196 0
496 0.8204449100300493 0.6710432672027002 0
497 0.3286261559210691 0.8202390842435076 0
498 0.4640852912282387 0.2125848729378411 0
499 0.2126256985033299 0.5359110660929255 0
500 0.5359748131512023 0.7875084829079493 0
501 0.1278407855576519 0.3415942722468484 0
502 0.337964854660272 0.880313341184219 0
503 0.6584054507329488 0.1278381150524132 0
504 0.8964663051748206 0.7055627763287569 0
505 0.1015658622619248 0.5759121565856326 0
506 0.8994871703614939 0.4236349663619358 0
507 0.5431366063235716 0.3356775444205191 0
508 0.527953421213241 0.19088077563433 0
509 0.1908807756343304 0.4720465787867592 0
510 0.4245108092753592 0.0942741532209927 0
511 0.5720245490391045 0.9026417210386457 0
512 0.8574840903891101 0.4588359571183958 0
513 0.3234828443436113 0.3250967148239676 0
514 0.4499841945042292 0.4393225938886589 0
515 0.3438793257180441 0.5947288410243253 0
516 0.7045081473914865 0.2542260817950877 0
517 0.6798474741231546 0.6794385357001935 0
518 0.6076948470673935 0.292344506459781 0
519 0.7696548459461259 0.4611708094106725 0
520 0.253917259619195 0.2954247410969791 0
521 0.7044996151630837 0.6091210009081252 0
522 0.4782286120417134 0.04075432092580211 0
523 0.9600527133138439 0.4787110293401756 0
524 0.521771387958286 0.9592456790741977 0
525 0.03994728668615599 0.5212889706598242 0
526 0.2483024086686481 0.654147107714944 0
527 0.7526384760215314 0.3456177259404158 0
528 0.4648548791486878 0.6305525405971536 0
529 0.5931595301075903 0.4900567083932635 0
530 0.5313058533717152 0.4837638831472861 0
531 0.7745114262725165 0.5783497364392834 0
532 0.4196290527665688 0.767369494704131 0
533 0.705251720893696 0.4749478189283427 0
534 0.7251810152270208 0.4111164121092293 0
535 0.2993940788993285 0.5719161546219652 0
536 0.6029551198912367 0.8346584662551546 0
537 0.3971576051332931 0.1649501903890363 0
538 0.2447446134568096 0.7843901820456962 0
539 0.7843901820456943 0.7552553865431904 0
540 0.2144861014344321 0.247889797150551 0
541 0.7552553865431896 0.2156098179543076 0
542 0.2702429522247455 0.8343532513131826 0
543 0.145236369956888 0.2638202232981235 0
544 0.8353519446285355 0.7305778166505604 0
545 0.7307164022304999 0.1648171919634127 0
546 0.5151090152907198 0.5954161542884009 0
547 0.1464837528402119 0.738811748504328 0
548 0.7388117485043275 0.8535162471597879 0
549 0.2606739916063626 0.1463552235679302 0
550 0.8334149746076471 0.2632426239883778 0
551 0.6713409810248175 0.8235490458125306 0
552 0.70194561469551 0.8094141665541961 0
553 0.1914456772547168 0.7014396608315564 0
554 0.1755328445748091 0.6711237331872277 0
555 0.8250545065109752 0.3292122475334046 0
556 0.809289714979338 0.2976512428300286 0
557 0.3286590189751817 0.176450954187469 0
558 0.2980543853044896 0.1905858334458035 0
559 0.09769804046399139 0.7027781823229489 0
560 0.7027781823229485 0.9023019595360083 0
561 0.9019340724648967 0.2972882176238497 0
562 0.2968490402236033 0.09801091890495839 0
563 0.4765500541026847 0.3434797690641832 0
564 0.3772374138898389 0.4654080176707405 0
565 0.1682712875771719 0.6040313186968629 0
566 0.832044633760196 0.3962169027481968 0
567 0.234226280707901 0.3693992250998096 0
568 0.6325337815835702 0.2380501352380791 0
569 0.3637194479683167 0.7522938837746416 0
570 0.6927182069210479 0.9643387539781481 0
571 0.03566124602185194 0.692718206921048 0
572 0.9643387539781482 0.3072817930789515 0
573 0.3072817930789514 0.03566124602185167 0
574 0.3302251436033935 0.5046945290049161 0
575 0.6247173681727198 0.5352514940296201 0
576 0.466578077094505 0.9676759727176855 0
577 0.9676759727176852 0.5334219229054947 0
578 0.5334187521030335 0.03254615008425116 0
579 0.03232402728231459 0.4665780770945052 0
580 0.6840283943319641 0.03730137375818909 0
581 0.03730137375818898 0.3159716056680361 0
582 0.9637622391099574 0.682639048647219 0
583 0.3159716056680357 0.9626986262418111 0
584 0.9280549666289164 0.3558847664842986 0
585 0.3551298882046369 0.07221790037633175 0
586 0.6448701117953621 0.9277820996236679 0
587 0.0722221362997732 0.6449256524274503 0
588 0.5851236962490722 0.7313985276907877 0
589 0.5591428632844277 0.6999834497745365 0
590 0.414491378979611 0.269021470386327 0
591 0.4369047562236317 0.2980620756611617 0
592 0.4735413027167054 0.07755382326391191 0
593 0.9235096168641415 0.4733106201301469 0
594 0.07689617148326333 0.5264447477138582 0
595 0.5260307219182103 0.9222818326652598 0
596 0.6767143827228366 0.2734274979634921 0
597 0.868273654916312 0.08818404471462515 0
598 0.8528685166381893 0.9084462369636419 0
599 0.08818404471462493 0.131726345083688 0
600 0.09155376303635809 0.8528685166381895 0
601 0.7234268314799905 0.6758982892289346 0
602 0.5443705854247611 0.542280860497324 0
603 0.8090389768327504 0.6369621115209755 0
604 0.362504227816504 0.8110514460139535 0
605 0.4861542790744035 0.1867350168012807 0
606 0.1867989768538797 0.5138400140620873 0
607 0.5138569669442344 0.8127685517424839 0
608 0.2567373906784284 0.5826821590033373 0
609 0.7013025864846644 0.4385742075637632 0
610 0.7907552408412253 0.969503749734796 0
611 0.209246944964024 0.02963358592139276 0
612 0.9699765671507776 0.2094426475252609 0
613 0.03049625026520408 0.7907552408412255 0
614 0.02776863403160273 0.2071790281800515 0
615 0.2069028432103548 0.9710842598978763 0
616 0.7928209718199486 0.02776863403160251 0
617 0.9710842598978765 0.7930971567896452 0
618 0.5998122154566422 0.3631348238520788 0
619 0.8614443744886172 0.835298581047403 0
620 0.1649770814728434 0.8611420973750132 0
621 0.5217354181757571 0.3890794354043214 0
622 0.635713776122293 0.6001784015575267 0
623 0.962040196223989 0.9615383475231762 0
624 0.9620401962239887 0.03846165247682354 0
625 0.03846165247682348 0.03795980377601116 0
626 0.03846165247682359 0.9620401962239892 0
627 0.8601396780711323 0.156260288428816 0
628 0.156402932353668 0.1397653210643617 0
629 0.7388851590192687 0.03760217861423065 0
630 0.03760217861423076 0.2611148409807315 0
631 0.9618104133294725 0.7389503359681023 0
632 0.2610082104066269 0.9616510454560686 0
633 0.9124595943225022 0.6284215665866424 0
634 0.3710434844506192 0.912990729681313 0
635 0.6289201461691896 0.08705456757215835 0
636 0.08700927031868677 0.3710434844506196 0
637 0.1315780730831264 0.2300429812202834 0
638 0.7717499052665056 0.1320767308309012 0
639 0.2320211687907492 0.8745342764997711 0
640 0.8738232582336657 0.7681486625214751 0
641 0.358355057690544 0.6722451536513308 0
642 0.3591018570749942 0.2290761381050146 0
643 0.6423549694761599 0.7756959199420344 0
644 0.5773769952267968 0.4184980769138974 0
645 0.7338729155965162 0.9267375786374825 0
646 0.07326242136251743 0.7338729155965165 0
647 0.2628934990225721 0.07530285084904559 0
648 0.9246971491509544 0.2628934990225723 0
649 0.3243192670566264 0.3569880037063773 0
650 0.07435422584003853 0.2617047381429974 0
651 0.9244388963301349 0.7376056836230953 0
652 0.2623943163769046 0.9244388963301348 0
653 0.7383131585601652 0.07442376988606175 0
654 0.285894985132044 0.3788015036079988 0
655 0.6874221207974757 0.3614393092344684 0
656 0.3747221928047926 0.31701161901831 0
657 0.6250270021306199 0.6838810016524463 0
658 0.3121572198491315 0.6411695196164127 0
659 0.6922069362243874 0.2178964211020546 0
660 0.7861548497935389 0.6901961045443992 0
661 0.3098038954556011 0.7861548497935392 0
662 0.968588298496921 0.5903855427669317 0
663 0.5903843781921778 0.03187398427725396 0
664 0.4096144572330678 0.9685882984969212 0
665 0.03141170150307898 0.4096144572330687 0
666 0.9276819562486103 0.5411563199282446 0
667 0.5399725306562386 0.0727482463859509 0
668 0.458843680071755 0.9276819562486104 0
669 0.07231804375138962 0.4588436800717553 0
670 0.2167269671340686 0.3079818490743892 0
671 0.8206400415921555 0.5317746156958504 0
672 0.4678850676368438 0.8188117350151374 0
673 0.6294260331679987 0.2687886435739382 0
674 0.3280435798751007 0.4209481656278671 0
675 0.4210576493777595 0.6731626718377 0
676 0.8779791701113884 0.5797534810993934 0
677 0.5747587412131906 0.1202538119115041 0
678 0.1202385933016926 0.4251309929705073 0
679 0.4247637944217372 0.8798190509163268 0
680 0.715015386235675 0.5436811284972743 0
681 0.3793926240643421 0.7149758041328214 0
682 0.7264940044106201 0.5758096013228949 0
683 0.5434841780131225 0.2823976282509804 0
684 0.5749385871473733 0.271234293560449 0
685 0.2231046570978856 0.4677187393948384 0
686 0.5815244684414413 0.5807139366181703 0
687 0.5961273990927026 0.518110257085959 0
688 0.1833441948372505 0.3566629805741803 0
689 0.455660432138452 0.4053989715209492 0
690 0.6435300266026555 0.1832747516504506 0
691 0.6794936533214755 0.7253263622141579 0
692 0.3125852685822148 0.2713287759416365 0
693 0.5320531260343148 0.2228796913157239 0
694 0.7700115655582723 0.6272138064838639 0
695 0.3524798823760427 0.533505177494587 0
696 0.5733076713766431 0.6325079887865739 0
697 0.7963577306245896 0.1784836405295405 0
698 0.1812407488678917 0.2057336071131559 0
699 0.2032489314251368 0.8232859208009828 0
700 0.822999321603898 0.7974162590654429 0
701 0.4257213354163902 0.7312818198744309 0
702 0.2704197220790399 0.4276678649052607 0
703 0.2689364674262413 0.6842247765829969 0
704 0.7287688028653546 0.3162311075025779 0
705 0.03375054101543962 0.7503447904463367 0
706 0.7503447904463365 0.9662494589845605 0
707 0.9687179434267807 0.2522850484999646 0
708 0.2522850484999644 0.03128205657321914 0
709 0.8098192596248165 0.2356430611435085 0
710 0.8238874237014537 0.2003841346379362 0
711 0.232252592893426 0.1904059710872087 0
712 0.2018636447999275 0.1821129301063115 0
713 0.767748420026106 0.8095697138128817 0
714 0.7979916291312813 0.8195314140920159 0
715 0.1802253762677415 0.7977469879475663 0
716 0.1900484909238724 0.767546474501382 0
717 0.589224635129826 0.08734462739052273 0
718 0.4090305962882124 0.9139379127545217 0
719 0.9141435370960818 0.5921103880722158 0
720 0.08607032213376675 0.4090830532237513 0
721 0.5680418298688742 0.9718792163113383 0
722 0.02776785326316022 0.5678308602048238 0
723 0.9722321467368397 0.4321691397951761 0
724 0.4319581701311256 0.02812078368866155 0
725 0.6400905361169467 0.3284535546291557 0
726 0.9268963070857251 0.08427857769932967 0
727 0.08427857769932945 0.07310369291427465 0
728 0.9243684802608925 0.9114855898369725 0
729 0.08851441016302763 0.9243684802608927 0
730 0.670854307792327 0.6426985651226083 0
731 0.2197684449053458 0.6360560147086984 0
732 0.7799911748213502 0.3662470321883772 0
733 0.7627094184114543 0.876262733755113 0
734 0.1237372662448867 0.7627094184114546 0
735 0.4929066176684993 0.1293750471302348 0
736 0.868289580301145 0.4906884567911081 0
737 0.1304441793173257 0.5096330602292994 0
738 0.5075142682085342 0.8702532554569302 0
739 0.5062185985592174 0.6728156553503868 0
740 0.4858770497274437 0.5266101815040014 0
741 0.861207232677107 0.274701797480402 0
742 0.5302713247054892 0.7562039758412231 0
743 0.240948217832858 0.5308050019656844 0
744 0.4694030421626087 0.2451005041825098 0
745 0.5219063134380753 0.4225031259404501 0
746 0.9724055634079891 0.8491857140847259 0
747 0.8492615706326283 0.02838357475907471 0
748 0.1508142859152741 0.9724055634079891 0
749 0.02838357475907483 0.1507384293673718 0
750 0.02886552634022699 0.8495692922972129 0
751 0.8495692922972129 0.9711344736597731 0
752 0.9724617618632123 0.1509683243256663 0
753 0.1491693842096152 0.02701423905688294 0
754 0.4105497077982864 0.57483742324289 0
755 0.4714352900507159 0.4912075212959793 0
756 0.4152143691310251 0.614772342515038 0
757 0.1780934008101991 0.2574577200449329 0
758 0.263379074522005 0.3574029227418041 0
759 0.2730581395099949 0.324505822582463 0
760 0.1316679250063555 0.5600950517300918 0
761 0.8955601860280383 0.9293882136018471 0
762 0.0698730708230591 0.1057715239346769 0
763 0.8942284760653232 0.06987307082305944 0
764 0.07061178639815274 0.8955601860280381 0
765 0.6695570870046388 0.5569958803697341 0
766 0.8735555694985477 0.2353624898363553 0
767 0.2353624898363551 0.126444430501452 0
768 0.2225957883501163 0.75934674209467 0
769 0.2401342591970569 0.2233696807309641 0
770 0.7593803996821227 0.7773405791060092 0
771 0.7767679297327666 0.2416498765158753 0
772 0.3121624892512959 0.7282565481518684 0
773 0.6221108134950998 0.7173979517376784 0
774 0.2809069881802278 0.6265751820198566 0
775 0.7203953133328211 0.3728675317836626 0
776 0.3810139565467274 0.2818752467806022 0
777 0.6327409196182006 0.429049637674526 0
778 0.3621009342230613 0.5688861523986607 0
779 0.0686157882275345 0.8029318946554902 0
780 0.2026612505444582 0.9324299828888537 0
781 0.9324299828888539 0.797338749455542 0
782 0.80293189465549 0.9313842117724656 0
783 0.06627898648315023 0.2030677490109578 0
784 0.7969338489089676 0.06628519577297354 0
785 0.2078286028786713 0.06988458765924682 0
786 0.935907994663708 0.2084865052293637 0
787 0.5236155521560456 0.5178875883268437 0
788 0.611528361774443 0.5774635439370223 0
789 0.1302237224383438 0.7045599299128427 0
790 0.7045599299128424 0.869776277561656 0
791 0.2944346434068974 0.1299511004763938 0
792 0.7265623404875339 0.826179015847643 0
793 0.272878373376787 0.1742866597372892 0
794 0.1744278558917456 0.7269758818013187 0
795 0.4103057154708758 0.3296141240200032 0
796 0.4299758771104246 0.3593153200423941 0
797 0.4781473624252326 0.7582565177538954 0
798 0.2695732936759396 0.4793513494701317 0
799 0.7577670954290346 0.5247412053203143 0
800 0.4900152544339676 0.3787925968497682 0
801 0.1587864708354755 0.3287273809808799 0
802 0.1792102531116738 0.3017338300927186 0
803 0.6996712389762489 0.1789905558708971 0
804 0.6709799209915149 0.1591373654645626 0
805 0.5337345513807338 0.6503721719574722 0
806 0.4583756112069381 0.715606027030291 0
807 0.6234745539253396 0.6319019813283655 0
808 0.6304227215237301 0.3766938000670418 0
809 0.9145938506032385 0.1269527591664319 0
810 0.126952759166432 0.08540614939676139 0
811 0.9185050293490453 0.8479053657582702 0
812 0.1520946342417295 0.9185050293490455 0
813 0.7194102596390998 0.1300593414266966 0
814 0.8667507354875787 0.7195570136377014 0
815 0.2834549094010474 0.8711564906515294 0
816 0.7693896320240139 0.7201143533484389 0
817 0.279885646651561 0.7693896320240148 0
818 0.5796966539266486 0.333834014236293 0
819 0.3637806137136539 0.6180919708630478 0
820 0.9717941375426831 0.067279053770543 0
821 0.06727905377054305 0.02820586245731682 0
822 0.02990617799582812 0.9327636719007474 0
823 0.9327636719007477 0.9700938220041717 0
824 0.9327636719007476 0.02990617799582795 0
825 0.0299061779958279 0.06723632809925278 0
826 0.9717941375426833 0.9327209462294572 0
827 0.06727905377054333 0.9717941375426834 0
828 0.5484341846653328 0.4355016317821905 0
829 0.8208123765492904 0.7016211826336718 0
830 0.2983379983466045 0.8198300622275032 0
831 0.433680934969196 0.1522336845918876 0
832 0.5604730758528447 0.8706545515085632 0
833 0.3547549394218339 0.1932787993791112 0
834 0.6449014593423636 0.8103149243040888 0
835 0.8101867650017407 0.5014591426105787 0
836 0.5376668131503101 0.3662578697045066 0
837 0.652824249583721 0.2135276887266973 0
838 0.5760741091722026 0.3888796465697112 0
839 0.2277749889671741 0.2779878630589575 0
840 0.4996020667868447 0.4703338805545259 0
841 0.5046666660822107 0.3231146593404299 0
842 0.7230351131202877 0.2281309278348914 0
843 0.7504607934526344 0.1864989597564164 0
844 0.8133612485931419 0.74986768465405 0
845 0.2502819379541405 0.8133522716176689 0
846 0.8151663318780725 0.3596214285834453 0
847 0.1848491341686234 0.6405380886799089 0
848 0.2129565916191757 0.3463821129273174 0
849 0.4922041938070083 0.6176706610278402 0
850 0.9706976801922084 0.622642448374585 0
851 0.6226164096162042 0.0293587421886643 0
852 0.02930231980779169 0.3773575516254154 0
853 0.3773575516254148 0.9706976801922086 0
854 0.3906211302828474 0.4112079123171201 0
855 0.872753613159863 0.4374150180867089 0
856 0.6877907414418072 0.07509602380796621 0
857 0.07486703181048143 0.3121564063272763 0
858 0.3122092585581924 0.9249039761920341 0
859 0.1732146080580211 0.4090702244166221 0
860 0.7658612426790425 0.2716353678987563 0
861 0.2711917666848433 0.235048605335566 0
862 0.2361976097194297 0.7263501546114945 0
863 0.7266545717965835 0.7636596448896852 0
864 0.5934277328423235 0.1763330061637512 0
865 0.1592441752692054 0.4618938674812112 0
866 0.5379817702953164 0.1594981691075701 0
867 0.2941793422460162 0.4084760040597515 0
868 0.4087458795341516 0.7070032723475878 0
869 0.06480207066482735 0.5828063425546202 0
870 0.5834920989975727 0.9345909749187586 0
871 0.9352370883397321 0.4171768163578702 0
872 0.4165079010024263 0.0654090250812418 0
873 0.2269343524014379 0.403193464566347 0
874 0.5662134752167016 0.4759203572856148 0
875 0.8758636317672752 0.6376589317463704 0
876 0.6731936580701292 0.8530693746877021 0
877 0.8560251356215193 0.3273484259292549 0
878 0.3269356151731584 0.1475223353960353 0
879 0.1468907934014333 0.6731842328376921 0
880 0.3321025353138267 0.8537517641048693 0
881 0.8260094638859621 0.138780965174047 0
882 0.1389757141987989 0.1742663783990921 0
883 0.7347883050560283 0.7154471672079845 0
884 0.2858767653392307 0.7367841038183736 0
885 0.1726331727638641 0.8942280630336867 0
886 0.892887017945513 0.8272296349662212 0
887 0.8249755145894034 0.1102944915000649 0
888 0.110225104242066 0.1754350383799693 0
889 0.411030743028606 0.8250797019157017 0
890 0.823056754655928 0.5890962732250055 0
891 0.5974109977319023 0.2278516309281443 0
892 0.350045914438927 0.3770006964635492 0
893 0.6387238855201859 0.4759936259975938 0
894 0.921455115329854 0.1533817178664341 0
895 0.1211998953320362 0.9139224342593942 0
896 0.9139224342593939 0.8788001046679638 0
897 0.152757856326153 0.07911165648397511 0
898 0.4971605704705505 0.4392512625799666 0
899 0.8525508184607576 0.6678746969985397 0
900 0.8364024524995446 0.8593392976799649 0
901 0.1408081449780678 0.8362442657809623 0
902 0.4004342277724962 0.4824028586470329 0
903 0.6174745439463114 0.8647558582812824 0
904 0.3825517407362423 0.1351750010220687 0
905 0.3840057285435918 0.7684230584440918 0
906 0.5170949331362362 0.2694374596805679 0
907 0.2789818224796495 0.2671420702113037 0
908 0.7311761001787599 0.2773321219757983 0
909 0.06165035275322994 0.8366244682169639 0
910 0.8366244682169637 0.9383496472467701 0
911 0.8378249227562252 0.06436427871362616 0
912 0.06436339167222282 0.1621753055180499 0
913 0.1890929679240266 0.2309868287778958 0
914 0.8728215949660924 0.3011022075410761 0
915 0.8460591933050595 0.428981328067305 0
916 0.7980281026290323 0.4488752749418763 0
917 0.6589134766897649 0.975201615906331 0
918 0.3410865233102346 0.02479838409366875 0
919 0.9752016159063313 0.3410865233102346 0
920 0.02479838409366875 0.658913476689765 0
921 0.6043517624617134 0.7744300908963676 0
922 0.5895867449139529 0.799535752180853 0
923 0.2257307437681615 0.6038855200686986 0
924 0.7979782673878141 0.4121343847196956 0
925 0.2015299594180442 0.5885510151907449 0
926 0.7758129975043107 0.3965453187820696 0
927 0.4111050499339026 0.2008741514718685 0
928 0.3951154547430819 0.2253107861899534 0
929 0.6042663915883169 0.8902205391208726 0
930 0.3952704692458723 0.1092687440685857 0
931 0.6779940795912924 0.4133499632296072 0
932 0.8287494756122818 0.8901568897689811 0
933 0.1095043300804669 0.8285956080310348 0
934 0.9317127049031085 0.2932426394838418 0
935 0.7061552757433677 0.9332703428734208 0
936 0.2931978254634084 0.06828168197136625 0
937 0.06672965712657908 0.7061552757433678 0
938 0.1109055038079808 0.60512470758569 0
939 0.8617777918301921 0.3831814507569554 0
940 0.8895988534237371 0.395640417930309 0
941 0.1371127869401247 0.6178788839651073 0
942 0.3329630449230175 0.7560568853645626 0
943 0.8800398041648361 0.120492835053621 0
944 0.1204990236176242 0.1199560742510798 0
945 0.8793315233450201 0.8849076210111677 0
946 0.1150923789888321 0.8793315233450204 0
947 0.6038482257933784 0.4322465150356753 0
948 0.9274411475756613 0.6881058037188421 0
949 0.5016656966028462 0.02379861996588728 0
950 0.9762013800341129 0.5016656966028462 0
951 0.4983343033971536 0.9762013800341127 0
952 0.02379861996588711 0.4983343033971538 0
953 0.1536090430613322 0.5714210512392672 0
954 0.5705414541949683 0.8444308317388995 0
955 0.4403976709104777 0.1252545633474151 0
956 0.7283514060182077 0.519592352897039 0
957 0.2437845748694567 0.4850638810102568 0
958 0.3769510354656999 0.02611116098486149 0
959 0.9738888390151386 0.3769510354657 0
960 0.02611116098486144 0.6230489645343 0
961 0.6230489645342996 0.9738888390151386 0
962 0.3628076219972333 0.8762773753216715 0
963 0.6314751747539278 0.1213511858007063 0
964 0.1213453762365672 0.3685175610739685 0
965 0.117769045555105 0.9749757545133184 0
966 0.9749757545133182 0.8822309544448945 0
967 0.02463380291166445 0.1203243833239616 0
968 0.8796756166760384 0.02463380291166439 0
969 0.02540492544150785 0.8801679713393731 0
970 0.8801679713393731 0.9745950745584921 0
971 0.1177690455551041 0.02502424548668114 0
972 0.9749757545133189 0.1177690455551043 0
973 0.5912074692592154 0.6761598027160456 0
974 0.4930286856527816 0.09769222196847749 0
975 0.9025961135545425 0.4920751332216014 0
976 0.506185170138939 0.9034354302997236 0
977 0.09633472586277925 0.5067442747868137 0
978 0.3107563702515027 0.4605000755988786 0
979 0.1230893212994174 0.2846691423812117 0
980 0.5431297930495576 0.8183675202439189 0
981 0.1810550445527938 0.5404673087730753 0
982 0.4595326912269242 0.1810550445527936 0
983 0.3049757149446232 0.6759539744599039 0
984 0.5663670850848657 0.6050502857592757 0
985 0.2984049932445814 0.3195468386121136 0
986 0.8920615516877612 0.1720360794886042 0
987 0.1720360794886037 0.1079384483122386 0
988 0.4587090622840214 0.576599689012632 0
989 0.7791985873780142 0.299109974867143 0
990 0.2959751778240126 0.2201579023982799 0
991 0.7020772401797154 0.7796411760955092 0
992 0.2210112065955153 0.7015764939054479 0
993 0.7979555977226078 0.5726479763160681 0
994 0.4291251993302223 0.7952835399870737 0
995 0.7574376892207226 0.6691521104251474 0
996 0.5779788093725405 0.2458100222617672 0
997 0.7070076864955874 0.02690182323373796 0
998 0.02690182323373796 0.2929923135044122 0
999 0.9730981767662621 0.7070076864955878 0
1000 0.2929923135044123 0.9730981767662623 0
1001 0.3515293127305903 0.4068094830046047 0
1002 0.6191282422304105 0.1726533139620608 0
1003 0.6881152038514846 0.5376165089090659 0
1004 0.1711081846281646 0.3815521344618106 0
1005 0.8305197285945498 0.6159450739834829 0
1006 0.3838396001392692 0.8272962369048236 0
1007 0.5664810701073568 0.5549830901131828 0
1008 0.461813618591676 0.6903879877519923 0
1009 0.4750848175207117 0.864300974590229 0
1010 0.1367448370654004 0.4786572555178371 0
1011 0.5227476051556048 0.1350304761043714 0
1012 0.8646035831195259 0.525444955939085 0
1013 0.321437658382748 0.5839544192221802 0
1014 0.6630304965746088 0.5822315631566264 0
1015 0.5627520235655817 0.02269542886090248 0
1016 0.9777524241770308 0.5627573297644705 0
1017 0.02224757582296916 0.4372426702355296 0
1018 0.4372426702355292 0.977752424177031 0
1019 0.7231961553103173 0.626377889627717 0
1020 0.5029906064753108 0.5744345582660388 0
1021 0.5550854436864422 0.2021354684929755 0
1022 0.2009035460235898 0.4466417465986912 0
1023 0.678582153261269 0.4579222573096252 0
1024 0.4299676402229925 0.5249626711896478 0
1025 0.4881733517843546 0.8078168647448112 0
1026 0.4314109414830652 0.4979856309610837 0
1027 0.2390237953945061 0.6800951848438206 0
1028 0.7607959133332105 0.3194181107225182 0
1029 0.1493813774936636 0.4292445305794558 0
1030 0.4291887162407979 0.8469432647208949 0
1031 0.5705451643656145 0.1511562152946212 0
1032 0.8480574115275767 0.5705359396162664 0
1033 0.4734916826223386 0.4299643884273298 0
1034 0.3805631336599725 0.6598492987910545 0
1035 0.6539340138011634 0.6736478877953527 0
1036 0.4041178405134026 0.3812228899480575 0
1037 0.2439834862862091 0.4224352445381193 0
1038 0.3845663329302941 0.5185739873252886 0
1039 0.3337793297827387 0.6211813371956225 0
1040 0.7687583892377271 0.6011615705623572 0
1041 0.3828321690504888 0.3423422456940003 0
1042 0.6659446367192763 0.381216442292218 0
1043 0.6819269789326601 0.2993112807829154 0
1044 0.07204290427975563 0.4305054019122525 0
1045 0.9279570957202438 0.5694945980877473 0
1046 0.4305054019122524 0.9279570957202441 0
1047 0.5825981941136107 0.06187343655138799 0
1048 0.678786525212934 0.7617324889237582 0
1049 0.3203154965482473 0.2384417416345178 0
1050 0.7021114762047358 0.3171658634478741 0
1051 0.5147061875796396 0.2420484038991573 0
1052 0.2809060966623693 0.4550274794343084 0
1053 0.8053592222759489 0.8477136877316372 0
1054 0.152396423785658 0.8051579126394874 0
1055 0.6264548179996866 0.8238075120152504 0
1056 0.3735451820003129 0.1761924879847492 0
1057 0.02373445091312132 0.236137501912238 0
1058 0.7638624980877622 0.0237344509131211 0
1059 0.9754731130236647 0.7635542410427221 0
1060 0.2364415289955157 0.9754568509957664 0
1061 0.7490504760998313 0.4294352624817973 0
1062 0.7961986575134774 0.151475740329019 0
1063 0.151738911989832 0.2063038846696476 0
1064 0.8490194537428672 0.7912735851491103 0
1065 0.1906401494032446 0.846261842426478 0
1066 0.3393919040157705 0.9794759526313004 0
1067 0.6606080959842293 0.02052404736869995 0
1068 0.9794759526312999 0.6606080959842289 0
1069 0.02052404736869978 0.339391904015771 0
1070 0.8388250317233981 0.4798515450440037 0
1071 0.4908956128852267 0.2869730555867817 0
1072 0.5268688942903276 0.7222415219462984 0
1073 0.2878024488856979 0.5077039159560766 0
1074 0.0232559850892044 0.7229908342860044 0
1075 0.2775351335032555 0.02276228820076021 0
1076 0.9772377117992397 0.2775351335032556 0
1077 0.7229908342860043 0.9767440149107958 0
1078 0.8490956411516262 0.2023233112268286 0
1079 0.1909734128022026 0.1538736739396068 0
1080 0.1085589288672925 0.4602830267229447 0
1081 0.8881389239316007 0.5405276141325023 0
1082 0.4594060294382898 0.8899256587700242 0
1083 0.5396235280632337 0.1083939802837812 0
1084 0.0552418043006932 0.6161751992329753 0
1085 0.3838325951787496 0.05515208055140675 0
1086 0.9442827443683268 0.3835585288414411 0
1087 0.6161674048212497 0.9448479194485931 0
1088 0.6267248403670281 0.3510784360166385 0
1089 0.7191404759451212 0.09316113887589661 0
1090 0.08969620241280474 0.2838710780992756 0
1091 0.2821402911554891 0.9072664723064022 0
1092 0.7465781962547371 0.139681883451906 0
1093 0.4502041921652776 0.469306032482955 0
1094 0.8608846980782476 0.7438273366477046 0
1095 0.2547431283262688 0.8594161343077183 0
1096 0.6867406213960201 0.1292716711178409 0
1097 0.8742675168820051 0.6885775303925503 0
1098 0.127465747572049 0.3135314046655139 0
1099 0.4023052913902596 0.5390998397269836 0
1100 0.6671870227068546 0.9066707057197203 0
1101 0.09333607619891771 0.6672683017862319 0
1102 0.3327384218024551 0.09339186996847282 0
1103 0.9044335884976177 0.3338593487213577 0
1104 0.6502213724288572 0.5040043022478001 0
1105 0.3140946090835077 0.3010600328837209 0
1106 0.2386079317820409 0.08236015401602831 0
1107 0.9176398459839719 0.2386079317820413 0
1108 0.6764659072895991 0.5085069469255631 0
1109 0.6481667933928347 0.6269219931182567 0
1110 0.4427878139576004 0.6163778963064059 0
1111 0.5979267039538102 0.4618181260275259 0
1112 0.1315024089745446 0.6494841901583557 0
1113 0.6494453641717268 0.8685943469073949 0
1114 0.3505627344291594 0.1314328589124244 0
1115 0.663162901938841 0.950060083197964 0
1116 0.04994076398672415 0.6631740100652589 0
1117 0.950114656599014 0.3369880737170906 0
1118 0.3368370980611581 0.04993991680203569 0
1119 0.5271088798353614 0.5678039784012685 0
1120 0.5219851631862438 0.6224506025982773 0
1121 0.4823153713312328 0.9128894003576181 0
1122 0.08701973874066471 0.4823901371544593 0
1123 0.9113976836513948 0.5176890066114856 0
1124 0.517548927664187 0.0876115674050183 0
1125 0.3779424476340626 0.3660174607237578 0
1126 0.2265917141619157 0.8098766183045485 0
1127 0.8096382612485713 0.7726579064665928 0
1128 0.773437596940715 0.1903853762372265 0
1129 0.8985723478120512 0.6528090494168336 0
1130 0.6852174587286346 0.5933168578605289 0
1131 0.09923251242117215 0.1967244728337122 0
1132 0.8033194095736814 0.09924732268585001 0
1133 0.3162046223469307 0.8728669427678716 0
1134 0.4372713171276787 0.2384346478637505 0
1135 0.2394917156392531 0.5561337848114479 0
1136 0.5625452455582162 0.7618438843361286 0
1137 0.1946647273320071 0.905360791489066 0
1138 0.9050291535896999 0.8055785307863379 0
1139 0.8047073223240651 0.895872908351529 0
1140 0.1040706282900454 0.8046816777271909 0
1141 0.872689641088685 0.3495863248002117 0
1142 0.3869440355144987 0.5643684197943368 0
1143 0.4837825631975152 0.727273186269014 0
1144 0.4086213080256729 0.6505239688195843 0
1145 0.08683107789200917 0.8799310414030415 0
1146 0.8799310414030413 0.9131689221079906 0
1147 0.9435224313139814 0.841293500819132 0
1148 0.1587064991808679 0.9435224313139814 0
1149 0.5635364075255986 0.7934942468945392 0
1150 0.4372633569354641 0.2065559076105412 0
1151 0.2074287050174882 0.5608262205686613 0
1152 0.9189064901624573 0.4463841431198725 0
1153 0.08148858747290993 0.5533279474754966 0
1154 0.8590678987661418 0.252083028254301 0
1155 0.2668271893467204 0.7156213700275287 0
1156 0.7139799136197441 0.7306384379984603 0
1157 0.2106676498222942 0.1304145823705307 0
1158 0.3685845556779715 0.7835198257838656 0
1159 0.2140129689139032 0.8541616211763252 0
1160 0.09278750242740796 0.1602067802405865 0
1161 0.839875376008143 0.09280155728728845 0
1162 0.1958503758414291 0.1025398355648759 0
1163 0.8925507384575708 0.1943397493562383 0
1164 0.8482368839975953 0.8136392024064633 0
1165 0.5766103378410357 0.534056833298839 0
1166 0.1685389594324732 0.7515884640681456 0
1167 0.7515884640681449 0.8314610405675262 0
1168 0.248411535931855 0.1685389594324741 0
1169 0.05911386646738859 0.9193161163028982 0
1170 0.05840321674756099 0.08051300985965659 0
1171 0.9194869901403434 0.0584032167475611 0
1172 0.9193161163028983 0.9408861335326116 0
1173 0.9385006676817841 0.1096882428196343 0
1174 0.1096882428196343 0.06149933231821586 0
1175 0.9394902335357943 0.8905874332480642 0
1176 0.1094125667519362 0.9394902335357946 0
1177 0.4533453947665074 0.09060684948747982 0
1178 0.5469242457442959 0.9137519532152228 0
1179 0.7477998949757644 0.4703981582203761 0
1180 0.339211487047979 0.4521847897202822 0
1181 0.7917202339454394 0.4770507967038768 0
1182 0.5530824213239834 0.3834774677074486 0
1183 0.66404825355903 0.05346485136323875 0
1184 0.3359517464409696 0.9465351486367614 0
1185 0.05344537925460879 0.3359472522036476 0
1186 0.9468596013425665 0.6637927025783255 0
1187 0.2827441251530427 0.6011248998523896 0
1188 0.6160448537780489 0.4758539251171898 0
1189 0.02279136566956602 0.5409755168785791 0
1190 0.540975516878579 0.9772086343304341 0
1191 0.9772086343304341 0.4590244831214205 0
1192 0.4590244831214205 0.02279136566956597 0
1193 0.9430252022343697 0.1602095760857826 0
1194 0.1585984114529283 0.05564043054243428 0
1195 0.3171648150453592 0.7026682451319548 0
1196 0.4543943982193336 0.3521119877197675 0
1197 0.7549895274801768 0.9088380471630046 0
1198 0.0911619528369958 0.754989527480177 0
1199 0.5410079847409324 0.5985400364067861 0
1200 0.5369958899502794 0.674729358355407 0
1201 0.3478397851701747 0.32661687296931 0
1202 0.9084675554850795 0.7552978097525965 0
1203 0.2447021902474034 0.908467555485079 0
1204 0.5937976575477194 0.3128860457943207 0
1205 0.1677223664407599 0.2800328801973095 0
1206 0.5908337169733691 0.7570841447663901 0
1207 0.4105218854495208 0.2416386158314475 0
1208 0.3237675940701039 0.5380218373266138 0
1209 0.5459017183334748 0.4602292729251218 0
1210 0.9389918680921752 0.6322322332703103 0
1211 0.3677677667296899 0.9389918680921752 0
1212 0.6322322332703096 0.06100813190782478 0
1213 0.06100813190782417 0.3677677667296902 0
1214 0.2905897521560705 0.547023374349808 0
1215 0.08058496594799747 0.2392589644185739 0
1216 0.7607410355814264 0.08058496594799741 0
1217 0.458996713441114 0.8418024773195043 0
1218 0.8429732086935983 0.5418182912936683 0
1219 0.9184320014518967 0.7147377648753099 0
1220 0.6736690182436043 0.1023759612094474 0
1221 0.101770096372709 0.3263058036220622 0
1222 0.9002153575135605 0.6761871395994992 0
1223 0.3262169066124241 0.8993390504776103 0
1224 0.7014621194474924 0.4147129415663313 0
1225 0.3623328365286321 0.6973161882655488 0
1226 0.4440525996651157 0.6613010525259729 0
1227 0.4349893825992107 0.5702124096907292 0
1228 0.9429929421051508 0.5848980515037387 0
1229 0.4152183754718146 0.9429719600294817 0
1230 0.05702888026524167 0.4152237282203395 0
1231 0.5644881510109805 0.07319381656482532 0
1232 0.8722449314375378 0.2108743428062675 0
1233 0.8495748441247413 0.1798286582532861 0
1234 0.8643975469895537 0.614510437875302 0
1235 0.4631115798604851 0.6037707419739943 0
1236 0.4224080583755695 0.4491208046655499 0
1237 0.8288119469420552 0.4534941697061684 0
1238 0.6481837146140345 0.4530096733102433 0
1239 0.4227410489405057 0.4248846726428142 0
1240 0.7882882962232368 0.8700853322891041 0
1241 0.1299210543964752 0.7882612778621256 0
1242 0.4386590995390965 0.3849824084768446 0
1243 0.8652136972702087 0.8620665483890171 0
1244 0.1379938952078797 0.8651479167227538 0
1245 0.4686693947889288 0.2802382033282799 0
1246 0.2726829142527643 0.5274116224730084 0
1247 0.5085616589320924 0.7079513806122802 0
1248 0.01747214630557925 0.8222451823494756 0
1249 0.8222451823494756 0.9825278536944206 0
1250 0.1778545074090553 0.01821257340455168 0
1251 0.9795490093510099 0.1789451659977768 0
1252 0.01663980012962435 0.1774193548387104 0
1253 0.8225806451612896 0.01663980012962391 0
1254 0.9822747093368039 0.8223293598851954 0
1255 0.1776706401148046 0.9822747093368037 0
1256 0.6447823896417147 0.7283521295746421 0
1257 0.3632734156370532 0.262023188238757 0
1258 0.5352706656390355 0.3075268954448941 0
1259 0.7540456187545437 0.5767548392627959 0
1260 0.7183547177043552 0.500273194326021 0
1261 0.4857070002957661 0.6455359340321087 0
1262 0.6195761181494199 0.312879448340204 0
1263 0.6532907159723349 0.2618432133451695 0
1264 0.486301972589824 0.5580468260544191 0
1265 0.7542232506271683 0.407806916446419 0
1266 0.3550155629531591 0.4787640709370773 0
1267 0.9818932137466909 0.01810678625330875 0
1268 0.01810678625330858 0.9818932137466917 0
1269 0.01810678625330847 0.01810678625330875 0
1270 0.9818932137466911 0.9818932137466909 0
1271 0.5967741935483886 0.9836353406632852 0
1272 0.4032258064516115 0.01636465933671477 0
1273 0.9836353406632852 0.4032258064516115 0
1274 0.01636465933671444 0.5967741935483886 0
1275 0.702720840471789 0.6756423309145964 0
1276 0.5541049936765896 0.6424139414138879 0
1277 0.103396091397547 0.3493927904808188 0
1278 0.3475071397462286 0.8979811136325389 0
1279 0.6505933917778151 0.1035269516273691 0
1280 0.3316219306388503 0.6636102868491167 0
1281 0.5840044525532637 0.2018866785976776 0
1282 0.0162572156211096 0.9516129032258066 0
1283 0.98374278437889 0.04838709677419334 0
1284 0.04838709677419334 0.01625721562110977 0
1285 0.01625721562110966 0.04838709677419378 0
1286 0.9837427843788903 0.9516129032258063 0
1287 0.9516129032258062 0.01625721562110982 0
1288 0.04838709677419373 0.9837427843788906 0
1289 0.9516129032258067 0.98374278437889 0
1290 0.7698014750206315 0.5546248763665983 0
1291 0.4486371072366888 0.7721823586947979 0
1292 0.1998895454548659 0.4192608367003769 0
1293 0.617271001790956 0.6588653192413541 0
$EndNodes
$Elements
2584
1 1 2 4 1 1 5
2 1 2 4 1 5 6
3 1 2 4 1 6 7
4 1 2 4 1 7 8
5 1 2 4 1 8 9
6 1 2 4 1 9 10
7 1 2 4 1 10 11
8 1 2 4 1 11 12
9 1 2 4 1 12 13
10 1 2 4 1 13 14
11 1 2 4 1 14 15
12 1 2 4 1 15 16
13 1 2 4 1 16 17
14 1 2 4 1 17 18
15 1 2 4 1 18 19
16 1 2 4 1 19 20
17 1 2 4 1 20 21
18 1 2 4 1 21 22
19 1 2 4 1 22 23
20 1 2 4 1 23 24
21 1 2 4 1 24 25
22 1 2 4 1 25 26
23 1 2 4 1 26 27
24 1 2 4 1 27 28
25 1 2 4 1 28 29
26 1 2 4 1 29 30
27 1 2 4 1 30 31
28 1 2 4 1 31 32
29 1 2 4 1 32 33
30 1 2 4 1 33 34
31 1 2 4 1 34 2
32 1 2 3 2 2 35
33 1 2 3 2 35 36
34 1 2 3 2 36 37
35 1 2 3 2 37 38
36 1 2 3 2 38 39
37 1 2 3 2 39 40
38 1 2 3 2 40 41
39 1 2 3 2 41 42
40 1 2 3 2 42 43
41 1 2 3 2 43 44
42 1 2 3 2 44 45
43 1 2 3 2 45 46
44 1 2 3 2 46 47
45 1 2 3 2 47 48
46 1 2 3 2 48 49
47 1 2 3 2 49 50
48 1 2 3 2 50 51
49 1 2 3 2 51 52
50 1 2 3 2 52 53
51 1 2 3 2 53 54
52 1 2 3 2 54 55
53 1 2 3 2 55 56
54 1 2 3 2 56 57
55 1 2 3 2 57 58
56 1 2 3 2 58 59
57 1 2 3 2 59 60
58 1 2 3 2 60 61
59 1 2 3 2 61 62
60 1 2 3 2 62 63
61 1 2 3 2 63 64
62 1 2 3 2 64 3
63 1 2 1 3 3 65
64 1 2 1 3 65 66
65 1 2 1 3 66 67
66 1 2 1 3 67 68
67 1 2 1 3 68 69
68 1 2 1 3 69 70
69 1 2 1 3 70 71
70 1 2 1 3 71 72
71 1 2 1 3 72 73
72 1 2 1 3 73 74
73 1 2 1 3 74 75
74 1 2 1 3 75 76
75 1 2 1 3 76 77
76 1 2 1 3 77 78
77 1 2 1 3 78 79
78 1 2 1 3 79 80
79 1 2 1 3 80 81
80 1 2 1 3 81 82
81 1 2 1 3 82 83
82 1 2 1 3 83 84
83 1 2 1 3 84 85
84 1 2 1 3 85 86
85 1 2 1 3 86 87
86 1 2 1 3 87 88
87 1 2 1 3 88 89
88 1 2 1 3 89 90
89 1 2 1 3 90 91
90 1 2 1 3 91 92
91 1 2 1 3 92 93
92 1 2 1 3 93 94
93 1 2 1 3 94 4
94 1 2 2 4 4 95
95 1 2 2 4 95 96
96 1 2 2 4 96 97
97 1 2 2 4 97 98
98 1 2 2 4 98 99
99 1 2 2 4 99 100
100 1 2 2 4 100 101
101 1 2 2 4 101 102
102 1 2 2 4 102 103
103 1 2 2 4 103 104
104 1 2 2 4 104 105
105 1 2 2 4 105 106
106 1 2 2 4 106 107
107 1 2 2 4 107 108
108 1 2 2 4 108 109
109 1 2 2 4 109 110
110 1 2 2 4 110 111
111 1 2 2 4 111 112
112 1 2 2 4 112 113
113 1 2 2 4 113 114
114 1 2 2 4 114 115
115 1 2 2 4 115 116
116 1 2 2 4 116 117
117 1 2 2 4 117 118
118 1 2 2 4 118 119
119 1 2 2 4 119 120
120 1 2 2 4 120 121
121 1 2 2 4 121 122
122 1 2 2 4 122 123
123 1 2 2 4 123 124
124 1 2 2 4 124 1
125 2 2 5 1 521 730 373
126 2 2 5 1 139 575 418
127 2 2 5 1 272 730 521
128 2 2 5 1 132 835 446
129 2 2 5 1 255 607 452
130 2 2 5 1 254 606 453
131 2 2 5 1 253 605 450
132 2 2 5 1 436 1179 132
133 2 2 5 1 259 556 550
134 2 2 5 1 550 556 182
135 2 2 5 1 306 693 420
136 2 2 5 1 193 1024 478
137 2 2 5 1 478 1024 380
138 2 2 5 1 383 876 790
139 2 2 5 1 381 879 789
140 2 2 5 1 382 878 791
141 2 2 5 1 301 685 421
142 2 2 5 1 647 708 390
143 2 2 5 1 646 705 387
144 2 2 5 1 283 708 647
145 2 2 5 1 282 707 648
146 2 2 5 1 645 706 388
147 2 2 5 1 281 706 645
148 2 2 5 1 280 705 646
149 2 2 5 1 648 707 389
150 2 2 5 1 71 706 610
151 2 2 5 1 101 705 613
152 2 2 5 1 41 707 612
153 2 2 5 1 11 708 611
154 2 2 5 1 139 788 575
155 2 2 5 1 127 691 517
156 2 2 5 1 517 691 317
157 2 2 5 1 526 774 340
158 2 2 5 1 175 774 526
159 2 2 5 1 527 775 343
160 2 2 5 1 176 775 527
161 2 2 5 1 508 605 253
162 2 2 5 1 133 605 508
163 2 2 5 1 131 606 509
164 2 2 5 1 509 606 254
165 2 2 5 1 575 788 367
166 2 2 5 1 169 701 532
167 2 2 5 1 501 801 147
168 2 2 5 1 503 804 145
169 2 2 5 1 435 563 152
170 2 2 5 1 566 846 142
171 2 2 5 1 608 923 395
172 2 2 5 1 649 654 339
173 2 2 5 1 445 564 140
174 2 2 5 1 201 786 458
175 2 2 5 1 304 684 518
176 2 2 5 1 692 907 406
177 2 2 5 1 305 682 521
178 2 2 5 1 521 682 167
179 2 2 5 1 518 684 166
180 2 2 5 1 446 799 132
181 2 2 5 1 447 797 130
182 2 2 5 1 629 997 27
183 2 2 5 1 632 1000 87
184 2 2 5 1 630 998 117
185 2 2 5 1 631 999 57
186 2 2 5 1 164 814 504
187 2 2 5 1 152 591 435
188 2 2 5 1 140 854 445
189 2 2 5 1 532 905 169
190 2 2 5 1 448 574 209
191 2 2 5 1 175 923 608
192 2 2 5 1 458 1163 201
193 2 2 5 1 445 902 564
194 2 2 5 1 445 1236 902
195 2 2 5 1 62 826 495
196 2 2 5 1 488 820 37
197 2 2 5 1 491 823 67
198 2 2 5 1 32 824 494
199 2 2 5 1 490 821 7
200 2 2 5 1 489 822 97
201 2 2 5 1 122 825 492
202 2 2 5 1 92 827 493
203 2 2 5 1 207 1108 533
204 2 2 5 1 140 1001 854
205 2 2 5 1 151 696 431
206 2 2 5 1 973 1293 657
207 2 2 5 1 132 1179 519
208 2 2 5 1 561 914 160
209 2 2 5 1 274 654 649
210 2 2 5 1 571 1074 103
211 2 2 5 1 573 1075 13
212 2 2 5 1 572 1076 43
213 2 2 5 1 570 1077 73
214 2 2 5 1 27 997 26
215 2 2 5 1 57 999 56
216 2 2 5 1 87 1000 86
217 2 2 5 1 117 998 116
218 2 2 5 1 533 1108 419
219 2 2 5 1 160 914 741
220 2 2 5 1 128 907 692
221 2 2 5 1 341 973 657
222 2 2 5 1 535 1214 1208
223 2 2 5 1 430 1225 320
224 2 2 5 1 535 1208 153
225 2 2 5 1 150 777 449
226 2 2 5 1 553 992 185
227 2 2 5 1 552 991 184
228 2 2 5 1 558 990 183
229 2 2 5 1 556 989 182
230 2 2 5 1 470 739 208
231 2 2 5 1 554 847 238
232 2 2 5 1 555 846 241
233 2 2 5 1 434 744 133
234 2 2 5 1 439 743 131
235 2 2 5 1 438 742 130
236 2 2 5 1 350 964 471
237 2 2 5 1 471 964 147
238 2 2 5 1 472 962 149
239 2 2 5 1 353 962 472
240 2 2 5 1 474 963 145
241 2 2 5 1 352 963 474
242 2 2 5 1 505 760 325
243 2 2 5 1 564 1266 1180
244 2 2 5 1 524 595 288
245 2 2 5 1 250 594 525
246 2 2 5 1 525 594 290
247 2 2 5 1 249 593 523
248 2 2 5 1 522 592 291
249 2 2 5 1 251 595 524
250 2 2 5 1 248 592 522
251 2 2 5 1 523 593 289
252 2 2 5 1 104 571 103
253 2 2 5 1 74 570 73
254 2 2 5 1 44 572 43
255 2 2 5 1 14 573 13
256 2 2 5 1 238 847 731
257 2 2 5 1 241 846 732
258 2 2 5 1 431 973 151
259 2 2 5 1 185 992 862
260 2 2 5 1 184 991 863
261 2 2 5 1 183 990 861
262 2 2 5 1 182 989 860
263 2 2 5 1 357 846 566
264 2 2 5 1 713 770 348
265 2 2 5 1 709 771 346
266 2 2 5 1 711 769 347
267 2 2 5 1 716 768 349
268 2 2 5 1 564 1180 140
269 2 2 5 1 497 661 246
270 2 2 5 1 496 660 244
271 2 2 5 1 418 765 139
272 2 2 5 1 658 1280 983
273 2 2 5 1 459 1162 785
274 2 2 5 1 285 781 476
275 2 2 5 1 284 780 477
276 2 2 5 1 563 800 409
277 2 2 5 1 532 701 300
278 2 2 5 1 333 858 583
279 2 2 5 1 330 856 580
280 2 2 5 1 331 857 581
281 2 2 5 1 133 1051 434
282 2 2 5 1 371 640 476
283 2 2 5 1 372 639 477
284 2 2 5 1 380 755 740
285 2 2 5 1 483 601 272
286 2 2 5 1 469 643 174
287 2 2 5 1 484 587 212
288 2 2 5 1 485 584 211
289 2 2 5 1 486 586 210
290 2 2 5 1 487 585 213
291 2 2 5 1 480 782 281
292 2 2 5 1 479 779 280
293 2 2 5 1 658 983 340
294 2 2 5 1 315 848 567
295 2 2 5 1 789 879 256
296 2 2 5 1 790 876 257
297 2 2 5 1 791 878 258
298 2 2 5 1 131 957 439
299 2 2 5 1 196 725 475
300 2 2 5 1 475 725 264
301 2 2 5 1 159 646 559
302 2 2 5 1 158 645 560
303 2 2 5 1 160 648 561
304 2 2 5 1 161 647 562
305 2 2 5 1 501 1098 801
306 2 2 5 1 574 1073 209
307 2 2 5 1 503 1096 804
308 2 2 5 1 437 1073 574
309 2 2 5 1 226 925 565
310 2 2 5 1 517 730 272
311 2 2 5 1 526 731 175
312 2 2 5 1 527 732 176
313 2 2 5 1 155 760 505
314 2 2 5 1 856 1183 580
315 2 2 5 1 857 1185 581
316 2 2 5 1 858 1184 583
317 2 2 5 1 136 1063 882
318 2 2 5 1 134 1062 881
319 2 2 5 1 854 1001 417
320 2 2 5 1 382 1102 487
321 2 2 5 1 383 1100 486
322 2 2 5 1 381 1101 484
323 2 2 5 1 475 655 196
324 2 2 5 1 343 655 475
325 2 2 5 1 201 1193 424
326 2 2 5 1 202 1194 425
327 2 2 5 1 374 637 481
328 2 2 5 1 375 638 482
329 2 2 5 1 256 554 553
330 2 2 5 1 551 552 257
331 2 2 5 1 553 554 238
332 2 2 5 1 239 552 551
333 2 2 5 1 557 558 258
334 2 2 5 1 240 558 557
335 2 2 5 1 555 556 259
336 2 2 5 1 241 556 555
337 2 2 5 1 528 1226 141
338 2 2 5 1 470 1226 528
339 2 2 5 1 344 905 532
340 2 2 5 1 485 1141 1103
341 2 2 5 1 785 1106 459
342 2 2 5 1 786 1107 458
343 2 2 5 1 863 1156 329
344 2 2 5 1 862 1155 328
345 2 2 5 1 126 596 516
346 2 2 5 1 187 757 540
347 2 2 5 1 420 996 306
348 2 2 5 1 424 786 201
349 2 2 5 1 425 785 202
350 2 2 5 1 200 780 426
351 2 2 5 1 204 781 427
352 2 2 5 1 603 694 345
353 2 2 5 1 244 694 603
354 2 2 5 1 421 1037 301
355 2 2 5 1 154 832 511
356 2 2 5 1 511 832 324
357 2 2 5 1 740 787 359
358 2 2 5 1 454 1089 813
359 2 2 5 1 457 1091 815
360 2 2 5 1 320 681 569
361 2 2 5 1 569 681 169
362 2 2 5 1 223 922 536
363 2 2 5 1 225 927 537
364 2 2 5 1 740 755 125
365 2 2 5 1 431 696 266
366 2 2 5 1 1103 1141 384
367 2 2 5 1 435 1071 841
368 2 2 5 1 779 909 422
369 2 2 5 1 782 910 423
370 2 2 5 1 429 911 784
371 2 2 5 1 428 912 783
372 2 2 5 1 156 736 512
373 2 2 5 1 198 909 779
374 2 2 5 1 199 910 782
375 2 2 5 1 784 911 205
376 2 2 5 1 783 912 203
377 2 2 5 1 813 1096 454
378 2 2 5 1 688 848 315
379 2 2 5 1 157 735 450
380 2 2 5 1 450 735 253
381 2 2 5 1 155 737 453
382 2 2 5 1 154 738 452
383 2 2 5 1 452 738 255
384 2 2 5 1 453 737 254
385 2 2 5 1 266 807 431
386 2 2 5 1 226 953 453
387 2 2 5 1 432 1034 195
388 2 2 5 1 272 1275 517
389 2 2 5 1 386 883 601
390 2 2 5 1 601 883 127
391 2 2 5 1 447 672 220
392 2 2 5 1 446 671 221
393 2 2 5 1 209 978 448
394 2 2 5 1 234 1179 533
395 2 2 5 1 533 1179 436
396 2 2 5 1 426 1148 200
397 2 2 5 1 427 1147 204
398 2 2 5 1 446 835 671
399 2 2 5 1 244 603 496
400 2 2 5 1 496 603 148
401 2 2 5 1 246 604 497
402 2 2 5 1 497 604 149
403 2 2 5 1 589 1072 440
404 2 2 5 1 507 818 138
405 2 2 5 1 320 942 772
406 2 2 5 1 320 1195 430
407 2 2 5 1 236 1072 589
408 2 2 5 1 383 790 560
409 2 2 5 1 381 789 559
410 2 2 5 1 382 791 562
411 2 2 5 1 321 837 568
412 2 2 5 1 569 942 320
413 2 2 5 1 267 756 432
414 2 2 5 1 486 1113 383
415 2 2 5 1 484 1112 381
416 2 2 5 1 487 1114 382
417 2 2 5 1 519 1061 396
418 2 2 5 1 234 1061 519
419 2 2 5 1 432 819 267
420 2 2 5 1 195 819 432
421 2 2 5 1 567 758 168
422 2 2 5 1 689 800 191
423 2 2 5 1 168 758 654
424 2 2 5 1 724 872 441
425 2 2 5 1 723 871 442
426 2 2 5 1 721 870 443
427 2 2 5 1 722 869 444
428 2 2 5 1 636 964 350
429 2 2 5 1 635 963 352
430 2 2 5 1 634 962 353
431 2 2 5 1 285 651 631
432 2 2 5 1 632 652 333
433 2 2 5 1 631 651 332
434 2 2 5 1 284 652 632
435 2 2 5 1 286 650 630
436 2 2 5 1 630 650 331
437 2 2 5 1 287 653 629
438 2 2 5 1 629 653 330
439 2 2 5 1 409 800 689
440 2 2 5 1 533 1260 207
441 2 2 5 1 636 1277 964
442 2 2 5 1 635 1279 963
443 2 2 5 1 634 1278 962
444 2 2 5 1 814 1097 504
445 2 2 5 1 517 1035 730
446 2 2 5 1 132 799 436
447 2 2 5 1 130 797 438
448 2 2 5 1 477 1137 372
449 2 2 5 1 476 1138 371
450 2 2 5 1 245 670 520
451 2 2 5 1 498 605 133
452 2 2 5 1 499 606 131
453 2 2 5 1 500 607 130
454 2 2 5 1 453 981 226
455 2 2 5 1 537 831 225
456 2 2 5 1 471 678 350
457 2 2 5 1 474 677 352
458 2 2 5 1 472 679 353
459 2 2 5 1 303 800 563
460 2 2 5 1 409 1196 563
461 2 2 5 1 450 955 157
462 2 2 5 1 133 744 498
463 2 2 5 1 130 742 500
464 2 2 5 1 131 743 499
465 2 2 5 1 243 659 516
466 2 2 5 1 813 1089 165
467 2 2 5 1 815 1091 162
468 2 2 5 1 452 980 954
469 2 2 5 1 166 673 518
470 2 2 5 1 518 673 264
471 2 2 5 1 304 818 507
472 2 2 5 1 449 931 150
473 2 2 5 1 781 1138 476
474 2 2 5 1 780 1137 477
475 2 2 5 1 954 980 223
476 2 2 5 1 572 934 389
477 2 2 5 1 228 935 570
478 2 2 5 1 229 934 572
479 2 2 5 1 570 935 388
480 2 2 5 1 573 936 390
481 2 2 5 1 230 936 573
482 2 2 5 1 571 937 387
483 2 2 5 1 227 937 571
484 2 2 5 1 785 1162 202
485 2 2 5 1 513 649 339
486 2 2 5 1 481 637 163
487 2 2 5 1 482 638 165
488 2 2 5 1 291 872 724
489 2 2 5 1 289 871 723
490 2 2 5 1 288 870 721
491 2 2 5 1 290 869 722
492 2 2 5 1 264 1262 518
493 2 2 5 1 167 694 483
494 2 2 5 1 784 1132 482
495 2 2 5 1 783 1131 481
496 2 2 5 1 873 1292 315
497 2 2 5 1 24 1067 851
498 2 2 5 1 114 1069 852
499 2 2 5 1 84 1066 853
500 2 2 5 1 54 1068 850
501 2 2 5 1 296 1096 813
502 2 2 5 1 265 808 449
503 2 2 5 1 419 1238 1023
504 2 2 5 1 695 778 153
505 2 2 5 1 398 778 695
506 2 2 5 1 380 740 478
507 2 2 5 1 516 596 243
508 2 2 5 1 480 1139 782
509 2 2 5 1 479 1140 779
510 2 2 5 1 208 1008 470
511 2 2 5 1 893 1238 419
512 2 2 5 1 138 818 618
513 2 2 5 1 618 818 368
514 2 2 5 1 530 840 334
515 2 2 5 1 125 840 530
516 2 2 5 1 221 993 446
517 2 2 5 1 220 994 447
518 2 2 5 1 731 923 175
519 2 2 5 1 732 926 176
520 2 2 5 1 480 1240 1139
521 2 2 5 1 479 1241 1140
522 2 2 5 1 335 943 627
523 2 2 5 1 627 943 413
524 2 2 5 1 628 944 414
525 2 2 5 1 336 944 628
526 2 2 5 1 815 1133 457
527 2 2 5 1 481 1131 374
528 2 2 5 1 482 1132 375
529 2 2 5 1 610 706 281
530 2 2 5 1 613 705 280
531 2 2 5 1 612 707 282
532 2 2 5 1 611 708 283
533 2 2 5 1 902 1038 242
534 2 2 5 1 138 836 507
535 2 2 5 1 449 777 265
536 2 2 5 1 130 1025 447
537 2 2 5 1 536 922 354
538 2 2 5 1 537 927 356
539 2 2 5 1 144 833 557
540 2 2 5 1 143 834 551
541 2 2 5 1 318 692 468
542 2 2 5 1 469 1048 643
543 2 2 5 1 643 1048 239
544 2 2 5 1 642 1049 240
545 2 2 5 1 468 1049 642
546 2 2 5 1 364 667 578
547 2 2 5 1 578 667 248
548 2 2 5 1 363 666 577
549 2 2 5 1 577 666 249
550 2 2 5 1 579 669 250
551 2 2 5 1 366 669 579
552 2 2 5 1 365 668 576
553 2 2 5 1 576 668 251
554 2 2 5 1 63 826 62
555 2 2 5 1 67 823 66
556 2 2 5 1 33 824 32
557 2 2 5 1 37 820 36
558 2 2 5 1 7 821 6
559 2 2 5 1 97 822 96
560 2 2 5 1 93 827 92
561 2 2 5 1 123 825 122
562 2 2 5 1 1180 1266 448
563 2 2 5 1 511 1178 154
564 2 2 5 1 421 1292 873
565 2 2 5 1 21 578 20
566 2 2 5 1 51 577 50
567 2 2 5 1 111 579 110
568 2 2 5 1 81 576 80
569 2 2 5 1 453 760 155
570 2 2 5 1 852 1069 467
571 2 2 5 1 851 1067 465
572 2 2 5 1 853 1066 466
573 2 2 5 1 850 1068 464
574 2 2 5 1 690 837 321
575 2 2 5 1 533 609 234
576 2 2 5 1 841 1071 206
577 2 2 5 1 125 787 740
578 2 2 5 1 128 759 520
579 2 2 5 1 21 1015 578
580 2 2 5 1 51 1016 577
581 2 2 5 1 111 1017 579
582 2 2 5 1 81 1018 576
583 2 2 5 1 149 1006 472
584 2 2 5 1 452 832 154
585 2 2 5 1 160 766 458
586 2 2 5 1 161 767 459
587 2 2 5 1 565 847 146
588 2 2 5 1 355 847 565
589 2 2 5 1 475 1050 343
590 2 2 5 1 325 938 505
591 2 2 5 1 322 940 506
592 2 2 5 1 689 1239 233
593 2 2 5 1 507 836 303
594 2 2 5 1 588 773 174
595 2 2 5 1 341 773 588
596 2 2 5 1 534 775 176
597 2 2 5 1 316 775 534
598 2 2 5 1 342 776 590
599 2 2 5 1 590 776 177
600 2 2 5 1 506 855 322
601 2 2 5 1 1026 1093 755
602 2 2 5 1 343 704 527
603 2 2 5 1 340 703 526
604 2 2 5 1 485 1103 584
605 2 2 5 1 487 1102 585
606 2 2 5 1 486 1100 586
607 2 2 5 1 484 1101 587
608 2 2 5 1 458 1107 160
609 2 2 5 1 459 1106 161
610 2 2 5 1 351 719 633
611 2 2 5 1 633 719 268
612 2 2 5 1 352 717 635
613 2 2 5 1 635 717 269
614 2 2 5 1 634 718 270
615 2 2 5 1 353 718 634
616 2 2 5 1 350 720 636
617 2 2 5 1 636 720 271
618 2 2 5 1 380 1026 755
619 2 2 5 1 482 1216 784
620 2 2 5 1 481 1215 783
621 2 2 5 1 565 925 355
622 2 2 5 1 182 771 709
623 2 2 5 1 184 770 713
624 2 2 5 1 185 768 716
625 2 2 5 1 183 769 711
626 2 2 5 1 523 950 249
627 2 2 5 1 522 949 248
628 2 2 5 1 524 951 251
629 2 2 5 1 525 952 250
630 2 2 5 1 147 1004 471
631 2 2 5 1 145 1002 474
632 2 2 5 1 247 787 530
633 2 2 5 1 543 637 261
634 2 2 5 1 163 637 543
635 2 2 5 1 390 1075 573
636 2 2 5 1 387 1074 571
637 2 2 5 1 389 1076 572
638 2 2 5 1 388 1077 570
639 2 2 5 1 348 770 539
640 2 2 5 1 349 768 538
641 2 2 5 1 346 771 541
642 2 2 5 1 347 769 540
643 2 2 5 1 514 1239 689
644 2 2 5 1 698 1063 136
645 2 2 5 1 697 1062 134
646 2 2 5 1 641 1225 430
647 2 2 5 1 435 841 563
648 2 2 5 1 575 1104 418
649 2 2 5 1 232 1104 575
650 2 2 5 1 323 831 537
651 2 2 5 1 483 694 244
652 2 2 5 1 733 1240 480
653 2 2 5 1 734 1241 479
654 2 2 5 1 338 946 600
655 2 2 5 1 337 945 598
656 2 2 5 1 72 706 71
657 2 2 5 1 102 705 101
658 2 2 5 1 42 707 41
659 2 2 5 1 12 708 11
660 2 2 5 1 264 1043 475
661 2 2 5 1 468 1257 318
662 2 2 5 1 174 1256 469
663 2 2 5 1 757 913 540
664 2 2 5 1 342 795 656
665 2 2 5 1 497 830 661
666 2 2 5 1 496 829 660
667 2 2 5 1 483 1019 167
668 2 2 5 1 204 1138 781
669 2 2 5 1 200 1137 780
670 2 2 5 1 303 841 507
671 2 2 5 1 431 1293 973
672 2 2 5 1 446 1290 799
673 2 2 5 1 447 1291 797
674 2 2 5 1 511 929 210
675 2 2 5 1 510 930 213
676 2 2 5 1 678 720 350
677 2 2 5 1 677 717 352
678 2 2 5 1 679 718 353
679 2 2 5 1 676 719 351
680 2 2 5 1 144 1056 833
681 2 2 5 1 143 1055 834
682 2 2 5 1 152 795 591
683 2 2 5 1 591 795 342
684 2 2 5 1 405 1156 863
685 2 2 5 1 407 1155 862
686 2 2 5 1 518 1204 304
687 2 2 5 1 141 1144 756
688 2 2 5 1 478 1227 193
689 2 2 5 1 477 1203 284
690 2 2 5 1 476 1202 285
691 2 2 5 1 234 609 534
692 2 2 5 1 535 608 237
693 2 2 5 1 205 1132 784
694 2 2 5 1 203 1131 783
695 2 2 5 1 488 726 276
696 2 2 5 1 490 727 278
697 2 2 5 1 277 728 495
698 2 2 5 1 279 729 493
699 2 2 5 1 433 1038 902
700 2 2 5 1 633 875 351
701 2 2 5 1 232 687 529
702 2 2 5 1 528 1261 470
703 2 2 5 1 299 1133 815
704 2 2 5 1 249 975 593
705 2 2 5 1 251 976 595
706 2 2 5 1 248 974 592
707 2 2 5 1 250 977 594
708 2 2 5 1 538 817 189
709 2 2 5 1 328 817 538
710 2 2 5 1 539 816 188
711 2 2 5 1 329 816 539
712 2 2 5 1 244 995 483
713 2 2 5 1 235 591 590
714 2 2 5 1 588 589 341
715 2 2 5 1 590 591 342
716 2 2 5 1 236 589 588
717 2 2 5 1 779 1140 198
718 2 2 5 1 782 1139 199
719 2 2 5 1 497 880 299
720 2 2 5 1 149 880 497
721 2 2 5 1 280 1198 479
722 2 2 5 1 281 1197 480
723 2 2 5 1 648 934 561
724 2 2 5 1 646 937 559
725 2 2 5 1 645 935 560
726 2 2 5 1 647 936 562
727 2 2 5 1 1139 1240 411
728 2 2 5 1 1140 1241 412
729 2 2 5 1 163 1215 481
730 2 2 5 1 165 1216 482
731 2 2 5 1 659 803 186
732 2 2 5 1 362 803 659
733 2 2 5 1 179 719 676
734 2 2 5 1 180 720 678
735 2 2 5 1 178 717 677
736 2 2 5 1 181 718 679
737 2 2 5 1 491 970 308
738 2 2 5 1 489 969 310
739 2 2 5 1 311 967 492
740 2 2 5 1 312 968 494
741 2 2 5 1 308 761 491
742 2 2 5 1 492 762 311
743 2 2 5 1 310 764 489
744 2 2 5 1 494 763 312
745 2 2 5 1 509 685 131
746 2 2 5 1 300 1291 532
747 2 2 5 1 946 1145 600
748 2 2 5 1 945 1146 598
749 2 2 5 1 505 938 212
750 2 2 5 1 506 940 211
751 2 2 5 1 369 1226 1008
752 2 2 5 1 470 1261 739
753 2 2 5 1 406 1049 692
754 2 2 5 1 405 1048 691
755 2 2 5 1 396 924 916
756 2 2 5 1 250 952 579
757 2 2 5 1 248 949 578
758 2 2 5 1 249 950 577
759 2 2 5 1 251 951 576
760 2 2 5 1 156 855 506
761 2 2 5 1 272 1019 483
762 2 2 5 1 142 939 566
763 2 2 5 1 795 1041 656
764 2 2 5 1 754 1142 1099
765 2 2 5 1 508 693 133
766 2 2 5 1 323 930 510
767 2 2 5 1 324 929 511
768 2 2 5 1 170 1173 809
769 2 2 5 1 172 1174 810
770 2 2 5 1 550 709 292
771 2 2 5 1 182 709 550
772 2 2 5 1 247 874 529
773 2 2 5 1 726 1173 170
774 2 2 5 1 727 1174 172
775 2 2 5 1 115 998 581
776 2 2 5 1 55 999 582
777 2 2 5 1 25 997 580
778 2 2 5 1 85 1000 583
779 2 2 5 1 1012 1218 252
780 2 2 5 1 1009 1217 255
781 2 2 5 1 565 953 226
782 2 2 5 1 516 908 126
783 2 2 5 1 326 908 516
784 2 2 5 1 97 969 489
785 2 2 5 1 67 970 491
786 2 2 5 1 7 971 490
787 2 2 5 1 37 972 488
788 2 2 5 1 492 967 122
789 2 2 5 1 495 966 62
790 2 2 5 1 494 968 32
791 2 2 5 1 493 965 92
792 2 2 5 1 212 938 484
793 2 2 5 1 211 940 485
794 2 2 5 1 504 1219 164
795 2 2 5 1 276 820 488
796 2 2 5 1 278 821 490
797 2 2 5 1 495 826 277
798 2 2 5 1 493 827 279
799 2 2 5 1 670 802 187
800 2 2 5 1 361 802 670
801 2 2 5 1 530 874 247
802 2 2 5 1 210 870 511
803 2 2 5 1 213 872 510
804 2 2 5 1 210 929 486
805 2 2 5 1 213 930 487
806 2 2 5 1 396 916 519
807 2 2 5 1 564 902 242
808 2 2 5 1 754 1099 193
809 2 2 5 1 151 1276 696
810 2 2 5 1 633 1129 875
811 2 2 5 1 513 1201 649
812 2 2 5 1 649 1201 197
813 2 2 5 1 23 663 22
814 2 2 5 1 53 662 52
815 2 2 5 1 113 665 112
816 2 2 5 1 83 664 82
817 2 2 5 1 298 829 496
818 2 2 5 1 299 830 497
819 2 2 5 1 675 1226 369
820 2 2 5 1 283 1106 785
821 2 2 5 1 282 1107 786
822 2 2 5 1 327 839 540
823 2 2 5 1 540 839 187
824 2 2 5 1 423 910 751
825 2 2 5 1 422 909 750
826 2 2 5 1 749 912 428
827 2 2 5 1 747 911 429
828 2 2 5 1 370 1180 978
829 2 2 5 1 326 842 541
830 2 2 5 1 541 842 186
831 2 2 5 1 148 899 496
832 2 2 5 1 496 899 298
833 2 2 5 1 602 787 247
834 2 2 5 1 370 867 674
835 2 2 5 1 252 1218 671
836 2 2 5 1 255 1217 672
837 2 2 5 1 360 1093 514
838 2 2 5 1 659 837 362
839 2 2 5 1 674 1180 370
840 2 2 5 1 243 837 659
841 2 2 5 1 249 1123 975
842 2 2 5 1 251 1121 976
843 2 2 5 1 250 1122 977
844 2 2 5 1 248 1124 974
845 2 2 5 1 784 1216 287
846 2 2 5 1 783 1215 286
847 2 2 5 1 548 733 158
848 2 2 5 1 547 734 159
849 2 2 5 1 295 734 547
850 2 2 5 1 293 733 548
851 2 2 5 1 332 948 582
852 2 2 5 1 520 907 128
853 2 2 5 1 327 907 520
854 2 2 5 1 212 869 505
855 2 2 5 1 211 871 506
856 2 2 5 1 461 1081 676
857 2 2 5 1 676 1081 179
858 2 2 5 1 462 1080 678
859 2 2 5 1 678 1080 180
860 2 2 5 1 463 1082 679
861 2 2 5 1 679 1082 181
862 2 2 5 1 460 1083 677
863 2 2 5 1 677 1083 178
864 2 2 5 1 652 1091 333
865 2 2 5 1 650 1090 331
866 2 2 5 1 653 1089 330
867 2 2 5 1 147 964 501
868 2 2 5 1 145 963 503
869 2 2 5 1 588 1206 1136
870 2 2 5 1 590 1207 1134
871 2 2 5 1 508 866 219
872 2 2 5 1 509 865 218
873 2 2 5 1 578 1015 364
874 2 2 5 1 577 1016 363
875 2 2 5 1 579 1017 366
876 2 2 5 1 576 1018 365
877 2 2 5 1 674 867 274
878 2 2 5 1 902 1236 222
879 2 2 5 1 333 1091 858
880 2 2 5 1 331 1090 857
881 2 2 5 1 330 1089 856
882 2 2 5 1 590 1134 235
883 2 2 5 1 588 1136 236
884 2 2 5 1 693 1021 420
885 2 2 5 1 575 687 232
886 2 2 5 1 519 1181 132
887 2 2 5 1 607 980 452
888 2 2 5 1 606 981 453
889 2 2 5 1 605 982 450
890 2 2 5 1 506 1152 156
891 2 2 5 1 505 1153 155
892 2 2 5 1 796 1242 1036
893 2 2 5 1 685 1022 421
894 2 2 5 1 436 1260 533
895 2 2 5 1 983 1280 430
896 2 2 5 1 224 924 566
897 2 2 5 1 566 924 357
898 2 2 5 1 367 687 575
899 2 2 5 1 519 1179 234
900 2 2 5 1 395 1135 608
901 2 2 5 1 510 955 323
902 2 2 5 1 1082 1121 668
903 2 2 5 1 1083 1124 667
904 2 2 5 1 1080 1122 669
905 2 2 5 1 1081 1123 666
906 2 2 5 1 507 1258 304
907 2 2 5 1 218 1022 509
908 2 2 5 1 511 870 288
909 2 2 5 1 510 872 291
910 2 2 5 1 56 999 55
911 2 2 5 1 116 998 115
912 2 2 5 1 26 997 25
913 2 2 5 1 86 1000 85
914 2 2 5 1 219 1021 508
915 2 2 5 1 529 687 247
916 2 2 5 1 536 954 223
917 2 2 5 1 373 1130 521
918 2 2 5 1 730 1035 194
919 2 2 5 1 599 912 311
920 2 2 5 1 597 911 312
921 2 2 5 1 152 796 795
922 2 2 5 1 795 796 403
923 2 2 5 1 288 1190 524
924 2 2 5 1 291 1192 522
925 2 2 5 1 289 1191 523
926 2 2 5 1 290 1189 525
927 2 2 5 1 434 1245 744
928 2 2 5 1 440 1200 589
929 2 2 5 1 756 1110 141
930 2 2 5 1 456 899 875
931 2 2 5 1 875 899 148
932 2 2 5 1 181 1082 668
933 2 2 5 1 180 1080 669
934 2 2 5 1 178 1083 667
935 2 2 5 1 179 1081 666
936 2 2 5 1 45 959 919
937 2 2 5 1 75 961 917
938 2 2 5 1 15 958 918
939 2 2 5 1 105 960 920
940 2 2 5 1 242 695 574
941 2 2 5 1 291 1177 510
942 2 2 5 1 288 1178 511
943 2 2 5 1 515 778 267
944 2 2 5 1 153 778 515
945 2 2 5 1 756 1144 432
946 2 2 5 1 751 910 308
947 2 2 5 1 750 909 310
948 2 2 5 1 311 912 749
949 2 2 5 1 312 911 747
950 2 2 5 1 254 865 509
951 2 2 5 1 253 866 508
952 2 2 5 1 589 1200 151
953 2 2 5 1 1157 1162 459
954 2 2 5 1 300 1143 797
955 2 2 5 1 587 1084 212
956 2 2 5 1 584 1086 211
957 2 2 5 1 585 1085 213
958 2 2 5 1 586 1087 210
959 2 2 5 1 517 1275 127
960 2 2 5 1 209 1052 978
961 2 2 5 1 172 762 727
962 2 2 5 1 729 764 173
963 2 2 5 1 170 763 726
964 2 2 5 1 728 761 171
965 2 2 5 1 549 767 161
966 2 2 5 1 294 767 549
967 2 2 5 1 691 1156 405
968 2 2 5 1 688 801 361
969 2 2 5 1 147 801 688
970 2 2 5 1 41 612 40
971 2 2 5 1 11 611 10
972 2 2 5 1 101 613 100
973 2 2 5 1 71 610 70
974 2 2 5 1 89 615 88
975 2 2 5 1 119 614 118
976 2 2 5 1 29 616 28
977 2 2 5 1 59 617 58
978 2 2 5 1 245 848 670
979 2 2 5 1 670 848 361
980 2 2 5 1 267 819 515
981 2 2 5 1 512 855 156
982 2 2 5 1 145 804 690
983 2 2 5 1 690 804 362
984 2 2 5 1 238 731 526
985 2 2 5 1 241 732 527
986 2 2 5 1 880 962 502
987 2 2 5 1 149 962 880
988 2 2 5 1 736 1070 512
989 2 2 5 1 520 759 245
990 2 2 5 1 568 673 166
991 2 2 5 1 619 1243 900
992 2 2 5 1 620 1244 901
993 2 2 5 1 401 1086 584
994 2 2 5 1 402 1085 585
995 2 2 5 1 400 1084 587
996 2 2 5 1 399 1087 586
997 2 2 5 1 1023 1238 150
998 2 2 5 1 219 1281 1021
999 2 2 5 1 513 1105 318
1000 2 2 5 1 369 868 675
1001 2 2 5 1 675 868 273
1002 2 2 5 1 644 828 358
1003 2 2 5 1 190 828 644
1004 2 2 5 1 126 908 704
1005 2 2 5 1 704 908 404
1006 2 2 5 1 359 787 602
1007 2 2 5 1 545 803 296
1008 2 2 5 1 186 803 545
1009 2 2 5 1 177 1257 642
1010 2 2 5 1 1208 1214 437
1011 2 2 5 1 597 763 170
1012 2 2 5 1 599 762 172
1013 2 2 5 1 312 763 597
1014 2 2 5 1 311 762 599
1015 2 2 5 1 339 985 513
1016 2 2 5 1 318 1201 513
1017 2 2 5 1 521 1130 305
1018 2 2 5 1 369 806 701
1019 2 2 5 1 701 806 300
1020 2 2 5 1 655 775 316
1021 2 2 5 1 343 775 655
1022 2 2 5 1 656 776 342
1023 2 2 5 1 318 776 656
1024 2 2 5 1 657 773 341
1025 2 2 5 1 317 773 657
1026 2 2 5 1 340 774 658
1027 2 2 5 1 658 774 319
1028 2 2 5 1 514 1033 360
1029 2 2 5 1 661 830 189
1030 2 2 5 1 660 829 188
1031 2 2 5 1 516 842 326
1032 2 2 5 1 114 852 113
1033 2 2 5 1 24 851 23
1034 2 2 5 1 54 850 53
1035 2 2 5 1 84 853 83
1036 2 2 5 1 806 1143 300
1037 2 2 5 1 275 805 739
1038 2 2 5 1 897 1194 202
1039 2 2 5 1 894 1193 201
1040 2 2 5 1 620 901 137
1041 2 2 5 1 619 900 135
1042 2 2 5 1 257 792 548
1043 2 2 5 1 256 794 547
1044 2 2 5 1 258 793 549
1045 2 2 5 1 670 839 520
1046 2 2 5 1 448 1266 574
1047 2 2 5 1 574 1266 242
1048 2 2 5 1 23 851 663
1049 2 2 5 1 113 852 665
1050 2 2 5 1 53 850 662
1051 2 2 5 1 83 853 664
1052 2 2 5 1 860 908 326
1053 2 2 5 1 861 907 327
1054 2 2 5 1 643 921 174
1055 2 2 5 1 642 928 177
1056 2 2 5 1 158 790 548
1057 2 2 5 1 159 789 547
1058 2 2 5 1 161 791 549
1059 2 2 5 1 534 1224 316
1060 2 2 5 1 744 1245 235
1061 2 2 5 1 150 1238 777
1062 2 2 5 1 521 1019 272
1063 2 2 5 1 895 946 416
1064 2 2 5 1 896 945 415
1065 2 2 5 1 552 792 257
1066 2 2 5 1 553 794 256
1067 2 2 5 1 558 793 258
1068 2 2 5 1 515 1013 153
1069 2 2 5 1 189 845 538
1070 2 2 5 1 188 844 539
1071 2 2 5 1 186 843 541
1072 2 2 5 1 515 1039 319
1073 2 2 5 1 698 712 347
1074 2 2 5 1 136 712 698
1075 2 2 5 1 137 715 699
1076 2 2 5 1 134 710 697
1077 2 2 5 1 700 714 348
1078 2 2 5 1 697 710 346
1079 2 2 5 1 699 715 349
1080 2 2 5 1 135 714 700
1081 2 2 5 1 237 1214 535
1082 2 2 5 1 542 845 189
1083 2 2 5 1 545 843 186
1084 2 2 5 1 544 844 188
1085 2 2 5 1 916 924 224
1086 2 2 5 1 559 1101 381
1087 2 2 5 1 560 1100 383
1088 2 2 5 1 228 1100 560
1089 2 2 5 1 561 1103 384
1090 2 2 5 1 227 1101 559
1091 2 2 5 1 229 1103 561
1092 2 2 5 1 562 1102 382
1093 2 2 5 1 230 1102 562
1094 2 2 5 1 559 789 159
1095 2 2 5 1 560 790 158
1096 2 2 5 1 562 791 161
1097 2 2 5 1 520 839 327
1098 2 2 5 1 319 1013 515
1099 2 2 5 1 640 1202 476
1100 2 2 5 1 164 1202 640
1101 2 2 5 1 162 1203 639
1102 2 2 5 1 639 1203 477
1103 2 2 5 1 661 942 246
1104 2 2 5 1 385 942 661
1105 2 2 5 1 255 1025 607
1106 2 2 5 1 554 879 146
1107 2 2 5 1 551 876 143
1108 2 2 5 1 557 878 144
1109 2 2 5 1 259 877 555
1110 2 2 5 1 569 1158 246
1111 2 2 5 1 530 787 125
1112 2 2 5 1 681 868 169
1113 2 2 5 1 948 1186 582
1114 2 2 5 1 189 830 542
1115 2 2 5 1 542 830 299
1116 2 2 5 1 544 829 298
1117 2 2 5 1 188 829 544
1118 2 2 5 1 1093 1236 514
1119 2 2 5 1 551 834 239
1120 2 2 5 1 557 833 240
1121 2 2 5 1 865 1029 218
1122 2 2 5 1 866 1031 219
1123 2 2 5 1 841 1258 507
1124 2 2 5 1 550 741 259
1125 2 2 5 1 798 1052 209
1126 2 2 5 1 317 1035 517
1127 2 2 5 1 591 1245 435
1128 2 2 5 1 261 757 543
1129 2 2 5 1 259 914 877
1130 2 2 5 1 528 1235 849
1131 2 2 5 1 849 1235 231
1132 2 2 5 1 538 768 328
1133 2 2 5 1 540 769 327
1134 2 2 5 1 539 770 329
1135 2 2 5 1 541 771 326
1136 2 2 5 1 739 1261 275
1137 2 2 5 1 264 1263 596
1138 2 2 5 1 450 982 831
1139 2 2 5 1 831 982 225
1140 2 2 5 1 169 868 701
1141 2 2 5 1 882 1063 374
1142 2 2 5 1 881 1062 375
1143 2 2 5 1 659 842 516
1144 2 2 5 1 642 1257 468
1145 2 2 5 1 235 1245 591
1146 2 2 5 1 523 1191 49
1147 2 2 5 1 522 1192 19
1148 2 2 5 1 525 1189 109
1149 2 2 5 1 524 1190 79
1150 2 2 5 1 1036 1242 233
1151 2 2 5 1 345 1005 603
1152 2 2 5 1 344 1006 604
1153 2 2 5 1 358 838 644
1154 2 2 5 1 812 885 200
1155 2 2 5 1 416 885 812
1156 2 2 5 1 415 886 811
1157 2 2 5 1 811 886 204
1158 2 2 5 1 141 1110 528
1159 2 2 5 1 729 1169 764
1160 2 2 5 1 762 1170 727
1161 2 2 5 1 763 1171 726
1162 2 2 5 1 728 1172 761
1163 2 2 5 1 796 1036 403
1164 2 2 5 1 586 1115 399
1165 2 2 5 1 584 1117 401
1166 2 2 5 1 228 1115 586
1167 2 2 5 1 229 1117 584
1168 2 2 5 1 230 1118 585
1169 2 2 5 1 585 1118 402
1170 2 2 5 1 587 1116 400
1171 2 2 5 1 227 1116 587
1172 2 2 5 1 167 1019 521
1173 2 2 5 1 266 788 622
1174 2 2 5 1 692 1049 468
1175 2 2 5 1 691 1048 469
1176 2 2 5 1 531 993 345
1177 2 2 5 1 532 994 344
1178 2 2 5 1 483 995 601
1179 2 2 5 1 215 1212 1183
1180 2 2 5 1 216 1211 1184
1181 2 2 5 1 214 1213 1185
1182 2 2 5 1 217 1210 1186
1183 2 2 5 1 453 953 760
1184 2 2 5 1 654 867 168
1185 2 2 5 1 19 949 522
1186 2 2 5 1 49 950 523
1187 2 2 5 1 109 952 525
1188 2 2 5 1 79 951 524
1189 2 2 5 1 462 1029 865
1190 2 2 5 1 460 1031 866
1191 2 2 5 1 672 1025 255
1192 2 2 5 1 265 838 618
1193 2 2 5 1 168 873 567
1194 2 2 5 1 567 873 315
1195 2 2 5 1 704 1028 527
1196 2 2 5 1 703 1027 526
1197 2 2 5 1 548 790 257
1198 2 2 5 1 547 789 256
1199 2 2 5 1 549 791 258
1200 2 2 5 1 243 1263 568
1201 2 2 5 1 608 1135 237
1202 2 2 5 1 274 1001 674
1203 2 2 5 1 355 923 731
1204 2 2 5 1 357 926 732
1205 2 2 5 1 298 814 544
1206 2 2 5 1 299 815 542
1207 2 2 5 1 296 813 545
1208 2 2 5 1 190 1111 874
1209 2 2 5 1 874 1111 529
1210 2 2 5 1 404 908 860
1211 2 2 5 1 406 907 861
1212 2 2 5 1 612 1251 40
1213 2 2 5 1 611 1250 10
1214 2 2 5 1 613 1248 100
1215 2 2 5 1 610 1249 70
1216 2 2 5 1 89 1255 615
1217 2 2 5 1 119 1252 614
1218 2 2 5 1 29 1253 616
1219 2 2 5 1 59 1254 617
1220 2 2 5 1 242 1038 695
1221 2 2 5 1 526 1027 238
1222 2 2 5 1 527 1028 241
1223 2 2 5 1 805 1200 739
1224 2 2 5 1 171 896 728
1225 2 2 5 1 173 895 729
1226 2 2 5 1 324 954 536
1227 2 2 5 1 319 1187 535
1228 2 2 5 1 273 1144 675
1229 2 2 5 1 185 794 553
1230 2 2 5 1 183 793 558
1231 2 2 5 1 184 792 552
1232 2 2 5 1 371 1064 640
1233 2 2 5 1 128 985 759
1234 2 2 5 1 897 987 414
1235 2 2 5 1 894 986 413
1236 2 2 5 1 245 758 567
1237 2 2 5 1 197 892 649
1238 2 2 5 1 612 786 424
1239 2 2 5 1 611 785 425
1240 2 2 5 1 613 779 422
1241 2 2 5 1 610 782 423
1242 2 2 5 1 426 780 615
1243 2 2 5 1 428 783 614
1244 2 2 5 1 429 784 616
1245 2 2 5 1 427 781 617
1246 2 2 5 1 633 1210 217
1247 2 2 5 1 636 1213 214
1248 2 2 5 1 635 1212 215
1249 2 2 5 1 634 1211 216
1250 2 2 5 1 546 849 231
1251 2 2 5 1 993 1290 446
1252 2 2 5 1 994 1291 447
1253 2 2 5 1 529 1188 232
1254 2 2 5 1 931 1042 316
1255 2 2 5 1 859 1029 471
1256 2 2 5 1 680 682 305
1257 2 2 5 1 302 682 680
1258 2 2 5 1 1034 1144 273
1259 2 2 5 1 673 1263 264
1260 2 2 5 1 173 946 895
1261 2 2 5 1 171 945 896
1262 2 2 5 1 263 843 545
1263 2 2 5 1 260 845 542
1264 2 2 5 1 262 844 544
1265 2 2 5 1 808 1042 449
1266 2 2 5 1 599 1160 912
1267 2 2 5 1 597 1161 911
1268 2 2 5 1 628 987 392
1269 2 2 5 1 627 986 391
1270 2 2 5 1 166 891 568
1271 2 2 5 1 568 891 321
1272 2 2 5 1 143 903 536
1273 2 2 5 1 144 904 537
1274 2 2 5 1 638 1092 165
1275 2 2 5 1 640 1094 164
1276 2 2 5 1 639 1095 162
1277 2 2 5 1 864 1031 474
1278 2 2 5 1 392 1162 1157
1279 2 2 5 1 644 838 265
1280 2 2 5 1 354 921 643
1281 2 2 5 1 356 928 642
1282 2 2 5 1 334 1209 530
1283 2 2 5 1 538 1126 349
1284 2 2 5 1 541 1128 346
1285 2 2 5 1 539 1127 348
1286 2 2 5 1 351 1234 676
1287 2 2 5 1 654 758 339
1288 2 2 5 1 900 1243 337
1289 2 2 5 1 901 1244 338
1290 2 2 5 1 218 1029 859
1291 2 2 5 1 168 867 702
1292 2 2 5 1 127 1275 601
1293 2 2 5 1 197 1125 892
1294 2 2 5 1 219 1031 864
1295 2 2 5 1 919 959 401
1296 2 2 5 1 917 961 399
1297 2 2 5 1 918 958 402
1298 2 2 5 1 920 960 400
1299 2 2 5 1 242 1266 564
1300 2 2 5 1 392 1079 628
1301 2 2 5 1 566 939 322
1302 2 2 5 1 374 1063 637
1303 2 2 5 1 375 1062 638
1304 2 2 5 1 1136 1149 500
1305 2 2 5 1 1135 1151 499
1306 2 2 5 1 1134 1150 498
1307 2 2 5 1 345 1040 531
1308 2 2 5 1 536 903 324
1309 2 2 5 1 537 904 323
1310 2 2 5 1 988 1264 231
1311 2 2 5 1 297 979 543
1312 2 2 5 1 413 986 627
1313 2 2 5 1 414 987 628
1314 2 2 5 1 195 1034 641
1315 2 2 5 1 206 1071 906
1316 2 2 5 1 601 995 386
1317 2 2 5 1 660 995 244
1318 2 2 5 1 386 995 660
1319 2 2 5 1 686 788 266
1320 2 2 5 1 142 846 555
1321 2 2 5 1 146 847 554
1322 2 2 5 1 540 913 347
1323 2 2 5 1 424 1251 612
1324 2 2 5 1 422 1248 613
1325 2 2 5 1 423 1249 610
1326 2 2 5 1 425 1250 611
1327 2 2 5 1 616 1253 429
1328 2 2 5 1 614 1252 428
1329 2 2 5 1 615 1255 426
1330 2 2 5 1 617 1254 427
1331 2 2 5 1 322 915 566
1332 2 2 5 1 566 915 224
1333 2 2 5 1 596 1043 264
1334 2 2 5 1 419 1023 533
1335 2 2 5 1 721 1190 288
1336 2 2 5 1 724 1192 291
1337 2 2 5 1 723 1191 289
1338 2 2 5 1 722 1189 290
1339 2 2 5 1 534 1061 234
1340 2 2 5 1 676 1234 473
1341 2 2 5 1 535 1013 319
1342 2 2 5 1 683 684 304
1343 2 2 5 1 306 684 683
1344 2 2 5 1 325 953 565
1345 2 2 5 1 628 1079 136
1346 2 2 5 1 257 876 551
1347 2 2 5 1 555 877 142
1348 2 2 5 1 256 879 554
1349 2 2 5 1 258 878 557
1350 2 2 5 1 890 1032 473
1351 2 2 5 1 889 1030 472
1352 2 2 5 1 206 1258 841
1353 2 2 5 1 188 816 660
1354 2 2 5 1 189 817 661
1355 2 2 5 1 660 816 386
1356 2 2 5 1 661 817 385
1357 2 2 5 1 176 1265 534
1358 2 2 5 1 153 1013 535
1359 2 2 5 1 626 822 279
1360 2 2 5 1 278 825 625
1361 2 2 5 1 625 821 278
1362 2 2 5 1 276 824 624
1363 2 2 5 1 624 820 276
1364 2 2 5 1 279 827 626
1365 2 2 5 1 623 823 277
1366 2 2 5 1 277 826 623
1367 2 2 5 1 307 1173 972
1368 2 2 5 1 309 1174 971
1369 2 2 5 1 966 1175 313
1370 2 2 5 1 965 1176 314
1371 2 2 5 1 247 1165 602
1372 2 2 5 1 233 1242 689
1373 2 2 5 1 536 1055 143
1374 2 2 5 1 356 1056 537
1375 2 2 5 1 537 1056 144
1376 2 2 5 1 354 1055 536
1377 2 2 5 1 563 841 303
1378 2 2 5 1 799 1290 302
1379 2 2 5 1 797 1291 300
1380 2 2 5 1 767 1157 459
1381 2 2 5 1 741 1154 160
1382 2 2 5 1 372 1159 639
1383 2 2 5 1 150 931 609
1384 2 2 5 1 568 837 243
1385 2 2 5 1 712 1079 294
1386 2 2 5 1 510 1177 955
1387 2 2 5 1 1078 1232 292
1388 2 2 5 1 772 884 129
1389 2 2 5 1 385 884 772
1390 2 2 5 1 835 1070 252
1391 2 2 5 1 358 745 621
1392 2 2 5 1 621 745 191
1393 2 2 5 1 713 1167 184
1394 2 2 5 1 716 1166 185
1395 2 2 5 1 711 1168 183
1396 2 2 5 1 126 1043 596
1397 2 2 5 1 892 1001 274
1398 2 2 5 1 449 1042 931
1399 2 2 5 1 160 1154 766
1400 2 2 5 1 532 1291 994
1401 2 2 5 1 531 1290 993
1402 2 2 5 1 622 1014 373
1403 2 2 5 1 139 1014 622
1404 2 2 5 1 221 1032 890
1405 2 2 5 1 220 1030 889
1406 2 2 5 1 134 881 627
1407 2 2 5 1 627 881 335
1408 2 2 5 1 136 882 628
1409 2 2 5 1 628 882 336
1410 2 2 5 1 315 1292 859
1411 2 2 5 1 543 979 163
1412 2 2 5 1 567 848 245
1413 2 2 5 1 621 1182 358
1414 2 2 5 1 598 1146 308
1415 2 2 5 1 600 1145 310
1416 2 2 5 1 164 1219 651
1417 2 2 5 1 438 1072 742
1418 2 2 5 1 742 1072 236
1419 2 2 5 1 831 955 450
1420 2 2 5 1 452 954 832
1421 2 2 5 1 543 1205 297
1422 2 2 5 1 542 1095 260
1423 2 2 5 1 544 1094 262
1424 2 2 5 1 545 1092 263
1425 2 2 5 1 384 914 561
1426 2 2 5 1 292 1232 766
1427 2 2 5 1 864 1281 219
1428 2 2 5 1 196 1042 808
1429 2 2 5 1 695 1038 398
1430 2 2 5 1 644 947 190
1431 2 2 5 1 104 920 571
1432 2 2 5 1 74 917 570
1433 2 2 5 1 44 919 572
1434 2 2 5 1 14 918 573
1435 2 2 5 1 239 834 643
1436 2 2 5 1 240 833 642
1437 2 2 5 1 896 1175 728
1438 2 2 5 1 895 1176 729
1439 2 2 5 1 231 1020 546
1440 2 2 5 1 302 1290 1259
1441 2 2 5 1 184 1167 792
1442 2 2 5 1 185 1166 794
1443 2 2 5 1 183 1168 793
1444 2 2 5 1 292 1154 550
1445 2 2 5 1 589 973 341
1446 2 2 5 1 151 973 589
1447 2 2 5 1 877 914 384
1448 2 2 5 1 547 1166 295
1449 2 2 5 1 548 1167 293
1450 2 2 5 1 549 1168 294
1451 2 2 5 1 869 1153 505
1452 2 2 5 1 871 1152 506
1453 2 2 5 1 905 1158 569
1454 2 2 5 1 330 997 629
1455 2 2 5 1 333 1000 632
1456 2 2 5 1 332 999 631
1457 2 2 5 1 331 998 630
1458 2 2 5 1 46 959 45
1459 2 2 5 1 16 958 15
1460 2 2 5 1 76 961 75
1461 2 2 5 1 106 960 105
1462 2 2 5 1 803 804 296
1463 2 2 5 1 362 804 803
1464 2 2 5 1 801 802 361
1465 2 2 5 1 297 802 801
1466 2 2 5 1 451 1070 835
1467 2 2 5 1 560 935 228
1468 2 2 5 1 561 934 229
1469 2 2 5 1 562 936 230
1470 2 2 5 1 559 937 227
1471 2 2 5 1 600 933 338
1472 2 2 5 1 198 933 600
1473 2 2 5 1 199 932 598
1474 2 2 5 1 598 932 337
1475 2 2 5 1 165 1092 813
1476 2 2 5 1 164 1094 814
1477 2 2 5 1 162 1095 815
1478 2 2 5 1 568 1263 673
1479 2 2 5 1 731 847 355
1480 2 2 5 1 732 846 357
1481 2 2 5 1 810 944 172
1482 2 2 5 1 172 944 599
1483 2 2 5 1 597 943 335
1484 2 2 5 1 414 944 810
1485 2 2 5 1 170 943 597
1486 2 2 5 1 809 943 170
1487 2 2 5 1 413 943 809
1488 2 2 5 1 599 944 336
1489 2 2 5 1 202 987 897
1490 2 2 5 1 201 986 894
1491 2 2 5 1 565 941 325
1492 2 2 5 1 146 941 565
1493 2 2 5 1 335 1161 597
1494 2 2 5 1 336 1160 599
1495 2 2 5 1 239 991 552
1496 2 2 5 1 241 989 556
1497 2 2 5 1 238 992 553
1498 2 2 5 1 240 990 558
1499 2 2 5 1 563 1196 152
1500 2 2 5 1 410 1110 756
1501 2 2 5 1 890 1005 345
1502 2 2 5 1 889 1006 344
1503 2 2 5 1 592 1177 291
1504 2 2 5 1 595 1178 288
1505 2 2 5 1 280 779 613
1506 2 2 5 1 282 786 612
1507 2 2 5 1 281 782 610
1508 2 2 5 1 283 785 611
1509 2 2 5 1 615 780 284
1510 2 2 5 1 617 781 285
1511 2 2 5 1 614 783 286
1512 2 2 5 1 616 784 287
1513 2 2 5 1 156 1152 593
1514 2 2 5 1 155 1153 594
1515 2 2 5 1 305 1014 765
1516 2 2 5 1 608 1187 175
1517 2 2 5 1 1005 1234 148
1518 2 2 5 1 1079 1157 294
1519 2 2 5 1 533 1023 609
1520 2 2 5 1 169 905 569
1521 2 2 5 1 222 1236 1093
1522 2 2 5 1 662 850 268
1523 2 2 5 1 663 851 269
1524 2 2 5 1 664 853 270
1525 2 2 5 1 665 852 271
1526 2 2 5 1 622 788 139
1527 2 2 5 1 290 1153 869
1528 2 2 5 1 289 1152 871
1529 2 2 5 1 329 1156 883
1530 2 2 5 1 328 1155 884
1531 2 2 5 1 191 800 621
1532 2 2 5 1 955 1177 157
1533 2 2 5 1 650 1215 163
1534 2 2 5 1 653 1216 165
1535 2 2 5 1 284 1060 615
1536 2 2 5 1 285 1059 617
1537 2 2 5 1 286 1057 614
1538 2 2 5 1 287 1058 616
1539 2 2 5 1 284 1203 652
1540 2 2 5 1 285 1202 651
1541 2 2 5 1 906 1071 434
1542 2 2 5 1 621 800 303
1543 2 2 5 1 646 1198 280
1544 2 2 5 1 645 1197 281
1545 2 2 5 1 305 1003 680
1546 2 2 5 1 713 714 293
1547 2 2 5 1 709 710 292
1548 2 2 5 1 711 712 294
1549 2 2 5 1 347 712 711
1550 2 2 5 1 346 710 709
1551 2 2 5 1 348 714 713
1552 2 2 5 1 295 716 715
1553 2 2 5 1 715 716 349
1554 2 2 5 1 134 1233 710
1555 2 2 5 1 161 1106 647
1556 2 2 5 1 160 1107 648
1557 2 2 5 1 574 1208 437
1558 2 2 5 1 686 984 192
1559 2 2 5 1 618 808 265
1560 2 2 5 1 78 721 77
1561 2 2 5 1 108 722 107
1562 2 2 5 1 18 724 17
1563 2 2 5 1 48 723 47
1564 2 2 5 1 246 942 569
1565 2 2 5 1 206 906 683
1566 2 2 5 1 680 956 302
1567 2 2 5 1 301 957 685
1568 2 2 5 1 816 883 386
1569 2 2 5 1 329 883 816
1570 2 2 5 1 328 884 817
1571 2 2 5 1 817 884 385
1572 2 2 5 1 622 807 266
1573 2 2 5 1 478 1264 988
1574 2 2 5 1 754 756 267
1575 2 2 5 1 410 756 754
1576 2 2 5 1 200 1148 812
1577 2 2 5 1 204 1147 811
1578 2 2 5 1 1021 1281 420
1579 2 2 5 1 535 1187 608
1580 2 2 5 1 629 1058 287
1581 2 2 5 1 631 1059 285
1582 2 2 5 1 630 1057 286
1583 2 2 5 1 632 1060 284
1584 2 2 5 1 638 1062 263
1585 2 2 5 1 637 1063 261
1586 2 2 5 1 640 1064 262
1587 2 2 5 1 801 1098 297
1588 2 2 5 1 804 1096 296
1589 2 2 5 1 127 1156 691
1590 2 2 5 1 733 1197 158
1591 2 2 5 1 480 1197 733
1592 2 2 5 1 479 1198 734
1593 2 2 5 1 734 1198 159
1594 2 2 5 1 358 1182 838
1595 2 2 5 1 710 1233 1078
1596 2 2 5 1 358 828 745
1597 2 2 5 1 745 828 334
1598 2 2 5 1 618 838 138
1599 2 2 5 1 303 836 621
1600 2 2 5 1 1204 1262 368
1601 2 2 5 1 302 1259 682
1602 2 2 5 1 1134 1207 397
1603 2 2 5 1 1136 1206 394
1604 2 2 5 1 394 1149 1136
1605 2 2 5 1 395 1151 1135
1606 2 2 5 1 397 1150 1134
1607 2 2 5 1 577 950 50
1608 2 2 5 1 579 952 110
1609 2 2 5 1 576 951 80
1610 2 2 5 1 578 949 20
1611 2 2 5 1 598 910 199
1612 2 2 5 1 308 910 598
1613 2 2 5 1 600 909 198
1614 2 2 5 1 310 909 600
1615 2 2 5 1 186 842 659
1616 2 2 5 1 671 835 252
1617 2 2 5 1 750 1248 422
1618 2 2 5 1 751 1249 423
1619 2 2 5 1 752 1251 424
1620 2 2 5 1 753 1250 425
1621 2 2 5 1 429 1253 747
1622 2 2 5 1 428 1252 749
1623 2 2 5 1 427 1254 746
1624 2 2 5 1 426 1255 748
1625 2 2 5 1 972 1173 488
1626 2 2 5 1 971 1174 490
1627 2 2 5 1 495 1175 966
1628 2 2 5 1 493 1176 965
1629 2 2 5 1 798 1073 439
1630 2 2 5 1 209 1073 798
1631 2 2 5 1 99 750 98
1632 2 2 5 1 69 751 68
1633 2 2 5 1 91 748 90
1634 2 2 5 1 121 749 120
1635 2 2 5 1 31 747 30
1636 2 2 5 1 9 753 8
1637 2 2 5 1 61 746 60
1638 2 2 5 1 39 752 38
1639 2 2 5 1 137 1065 620
1640 2 2 5 1 620 1065 372
1641 2 2 5 1 758 759 339
1642 2 2 5 1 245 759 758
1643 2 2 5 1 187 839 670
1644 2 2 5 1 144 1114 904
1645 2 2 5 1 143 1113 903
1646 2 2 5 1 619 886 415
1647 2 2 5 1 371 886 619
1648 2 2 5 1 372 885 620
1649 2 2 5 1 620 885 416
1650 2 2 5 1 441 1272 724
1651 2 2 5 1 444 1274 722
1652 2 2 5 1 442 1273 723
1653 2 2 5 1 443 1271 721
1654 2 2 5 1 305 1130 1014
1655 2 2 5 1 1119 1199 546
1656 2 2 5 1 447 1025 672
1657 2 2 5 1 772 942 385
1658 2 2 5 1 642 833 356
1659 2 2 5 1 643 834 354
1660 2 2 5 1 87 1060 632
1661 2 2 5 1 117 1057 630
1662 2 2 5 1 27 1058 629
1663 2 2 5 1 57 1059 631
1664 2 2 5 1 836 1182 621
1665 2 2 5 1 853 1211 270
1666 2 2 5 1 850 1210 268
1667 2 2 5 1 851 1212 269
1668 2 2 5 1 852 1213 271
1669 2 2 5 1 214 1185 857
1670 2 2 5 1 215 1183 856
1671 2 2 5 1 216 1184 858
1672 2 2 5 1 641 1280 195
1673 2 2 5 1 430 1280 641
1674 2 2 5 1 988 1227 478
1675 2 2 5 1 570 1115 228
1676 2 2 5 1 572 1117 229
1677 2 2 5 1 571 1116 227
1678 2 2 5 1 573 1118 230
1679 2 2 5 1 765 1003 305
1680 2 2 5 1 904 1114 487
1681 2 2 5 1 903 1113 486
1682 2 2 5 1 298 1097 814
1683 2 2 5 1 309 971 753
1684 2 2 5 1 307 972 752
1685 2 2 5 1 308 970 751
1686 2 2 5 1 748 965 314
1687 2 2 5 1 310 969 750
1688 2 2 5 1 746 966 313
1689 2 2 5 1 749 967 311
1690 2 2 5 1 747 968 312
1691 2 2 5 1 306 1051 693
1692 2 2 5 1 187 1205 757
1693 2 2 5 1 498 982 605
1694 2 2 5 1 499 981 606
1695 2 2 5 1 500 980 607
1696 2 2 5 1 581 998 331
1697 2 2 5 1 582 999 332
1698 2 2 5 1 583 1000 333
1699 2 2 5 1 580 997 330
1700 2 2 5 1 771 860 326
1701 2 2 5 1 770 863 329
1702 2 2 5 1 769 861 327
1703 2 2 5 1 768 862 328
1704 2 2 5 1 596 1263 243
1705 2 2 5 1 367 788 686
1706 2 2 5 1 304 1258 683
1707 2 2 5 1 798 957 301
1708 2 2 5 1 742 1136 500
1709 2 2 5 1 743 1135 499
1710 2 2 5 1 744 1134 498
1711 2 2 5 1 592 974 157
1712 2 2 5 1 594 977 155
1713 2 2 5 1 595 976 154
1714 2 2 5 1 593 975 156
1715 2 2 5 1 755 840 125
1716 2 2 5 1 360 840 755
1717 2 2 5 1 947 1111 190
1718 2 2 5 1 802 1205 187
1719 2 2 5 1 609 1023 150
1720 2 2 5 1 810 897 414
1721 2 2 5 1 809 894 413
1722 2 2 5 1 812 895 416
1723 2 2 5 1 811 896 415
1724 2 2 5 1 824 1171 494
1725 2 2 5 1 822 1169 279
1726 2 2 5 1 489 1169 822
1727 2 2 5 1 278 1170 825
1728 2 2 5 1 276 1171 824
1729 2 2 5 1 825 1170 492
1730 2 2 5 1 823 1172 277
1731 2 2 5 1 491 1172 823
1732 2 2 5 1 580 1067 25
1733 2 2 5 1 582 1068 55
1734 2 2 5 1 581 1069 115
1735 2 2 5 1 583 1066 85
1736 2 2 5 1 469 1256 691
1737 2 2 5 1 691 1256 317
1738 2 2 5 1 746 1147 427
1739 2 2 5 1 748 1148 426
1740 2 2 5 1 963 1279 503
1741 2 2 5 1 962 1278 502
1742 2 2 5 1 964 1277 501
1743 2 2 5 1 192 1199 1119
1744 2 2 5 1 892 1125 417
1745 2 2 5 1 308 1146 761
1746 2 2 5 1 310 1145 764
1747 2 2 5 1 473 1234 1005
1748 2 2 5 1 122 967 121
1749 2 2 5 1 32 968 31
1750 2 2 5 1 62 966 61
1751 2 2 5 1 92 965 91
1752 2 2 5 1 98 969 97
1753 2 2 5 1 38 972 37
1754 2 2 5 1 68 970 67
1755 2 2 5 1 8 971 7
1756 2 2 5 1 265 947 644
1757 2 2 5 1 368 1088 618
1758 2 2 5 1 260 1159 699
1759 2 2 5 1 373 1109 622
1760 2 2 5 1 601 1275 272
1761 2 2 5 1 192 1119 602
1762 2 2 5 1 602 1119 359
1763 2 2 5 1 302 956 799
1764 2 2 5 1 387 937 646
1765 2 2 5 1 390 936 647
1766 2 2 5 1 388 935 645
1767 2 2 5 1 389 934 648
1768 2 2 5 1 1259 1290 531
1769 2 2 5 1 714 1053 293
1770 2 2 5 1 715 1054 295
1771 2 2 5 1 167 1040 694
1772 2 2 5 1 367 1165 687
1773 2 2 5 1 266 984 686
1774 2 2 5 1 274 867 654
1775 2 2 5 1 602 1165 1007
1776 2 2 5 1 273 1225 641
1777 2 2 5 1 584 1103 229
1778 2 2 5 1 585 1102 230
1779 2 2 5 1 586 1100 228
1780 2 2 5 1 587 1101 227
1781 2 2 5 1 175 1187 774
1782 2 2 5 1 318 1257 776
1783 2 2 5 1 773 1256 174
1784 2 2 5 1 174 1206 588
1785 2 2 5 1 177 1207 590
1786 2 2 5 1 649 892 274
1787 2 2 5 1 306 996 684
1788 2 2 5 1 696 984 266
1789 2 2 5 1 361 848 688
1790 2 2 5 1 157 1177 592
1791 2 2 5 1 154 1178 595
1792 2 2 5 1 772 1195 320
1793 2 2 5 1 261 913 757
1794 2 2 5 1 593 1152 289
1795 2 2 5 1 594 1153 290
1796 2 2 5 1 900 932 411
1797 2 2 5 1 337 932 900
1798 2 2 5 1 338 933 901
1799 2 2 5 1 901 933 412
1800 2 2 5 1 902 1026 433
1801 2 2 5 1 362 837 690
1802 2 2 5 1 602 1007 192
1803 2 2 5 1 297 1098 979
1804 2 2 5 1 315 1004 688
1805 2 2 5 1 222 1026 902
1806 2 2 5 1 19 1192 18
1807 2 2 5 1 109 1189 108
1808 2 2 5 1 49 1191 48
1809 2 2 5 1 79 1190 78
1810 2 2 5 1 702 867 370
1811 2 2 5 1 686 1007 367
1812 2 2 5 1 192 1007 686
1813 2 2 5 1 509 1022 685
1814 2 2 5 1 321 1002 690
1815 2 2 5 1 657 1035 317
1816 2 2 5 1 319 1039 658
1817 2 2 5 1 316 1042 655
1818 2 2 5 1 75 917 74
1819 2 2 5 1 105 920 104
1820 2 2 5 1 15 918 14
1821 2 2 5 1 45 919 44
1822 2 2 5 1 518 1262 1204
1823 2 2 5 1 273 868 681
1824 2 2 5 1 603 1005 148
1825 2 2 5 1 604 1006 149
1826 2 2 5 1 118 1057 117
1827 2 2 5 1 88 1060 87
1828 2 2 5 1 58 1059 57
1829 2 2 5 1 28 1058 27
1830 2 2 5 1 404 1028 704
1831 2 2 5 1 407 1027 703
1832 2 2 5 1 656 1201 318
1833 2 2 5 1 508 1021 693
1834 2 2 5 1 689 1033 514
1835 2 2 5 1 663 1047 364
1836 2 2 5 1 269 1047 663
1837 2 2 5 1 318 1105 692
1838 2 2 5 1 698 913 261
1839 2 2 5 1 347 913 698
1840 2 2 5 1 669 1044 180
1841 2 2 5 1 363 1045 666
1842 2 2 5 1 666 1045 179
1843 2 2 5 1 365 1046 668
1844 2 2 5 1 366 1044 669
1845 2 2 5 1 668 1046 181
1846 2 2 5 1 721 1271 77
1847 2 2 5 1 722 1274 107
1848 2 2 5 1 723 1273 47
1849 2 2 5 1 724 1272 17
1850 2 2 5 1 222 1093 1026
1851 2 2 5 1 212 1084 869
1852 2 2 5 1 871 1086 442
1853 2 2 5 1 869 1084 444
1854 2 2 5 1 211 1086 871
1855 2 2 5 1 213 1085 872
1856 2 2 5 1 872 1085 441
1857 2 2 5 1 210 1087 870
1858 2 2 5 1 870 1087 443
1859 2 2 5 1 681 1225 273
1860 2 2 5 1 466 1211 853
1861 2 2 5 1 464 1210 850
1862 2 2 5 1 465 1212 851
1863 2 2 5 1 467 1213 852
1864 2 2 5 1 498 1150 982
1865 2 2 5 1 499 1151 981
1866 2 2 5 1 500 1149 980
1867 2 2 5 1 607 1025 130
1868 2 2 5 1 604 1158 344
1869 2 2 5 1 391 1233 627
1870 2 2 5 1 424 1193 752
1871 2 2 5 1 425 1194 753
1872 2 2 5 1 906 1051 306
1873 2 2 5 1 1183 1212 465
1874 2 2 5 1 1184 1211 466
1875 2 2 5 1 1185 1213 467
1876 2 2 5 1 1186 1210 464
1877 2 2 5 1 701 868 369
1878 2 2 5 1 609 1224 534
1879 2 2 5 1 700 1164 135
1880 2 2 5 1 683 906 306
1881 2 2 5 1 69 1249 751
1882 2 2 5 1 99 1248 750
1883 2 2 5 1 9 1250 753
1884 2 2 5 1 747 1253 30
1885 2 2 5 1 39 1251 752
1886 2 2 5 1 749 1252 120
1887 2 2 5 1 748 1255 90
1888 2 2 5 1 746 1254 60
1889 2 2 5 1 252 1070 736
1890 2 2 5 1 546 1199 1120
1891 2 2 5 1 456 1097 899
1892 2 2 5 1 899 1097 298
1893 2 2 5 1 1099 1142 398
1894 2 2 5 1 301 1037 702
1895 2 2 5 1 246 1158 604
1896 2 2 5 1 615 1060 88
1897 2 2 5 1 614 1057 118
1898 2 2 5 1 617 1059 58
1899 2 2 5 1 616 1058 28
1900 2 2 5 1 984 1199 192
1901 2 2 5 1 840 898 334
1902 2 2 5 1 360 898 840
1903 2 2 5 1 142 1141 939
1904 2 2 5 1 881 887 335
1905 2 2 5 1 375 887 881
1906 2 2 5 1 374 888 882
1907 2 2 5 1 882 888 336
1908 2 2 5 1 379 1124 1083
1909 2 2 5 1 378 1123 1081
1910 2 2 5 1 377 1122 1080
1911 2 2 5 1 376 1121 1082
1912 2 2 5 1 887 1161 335
1913 2 2 5 1 888 1160 336
1914 2 2 5 1 735 1011 253
1915 2 2 5 1 738 1009 255
1916 2 2 5 1 379 1011 735
1917 2 2 5 1 376 1009 738
1918 2 2 5 1 378 1012 736
1919 2 2 5 1 736 1012 252
1920 2 2 5 1 737 1010 254
1921 2 2 5 1 377 1010 737
1922 2 2 5 1 819 1039 515
1923 2 2 5 1 20 949 19
1924 2 2 5 1 80 951 79
1925 2 2 5 1 110 952 109
1926 2 2 5 1 50 950 49
1927 2 2 5 1 807 1293 431
1928 2 2 5 1 745 898 191
1929 2 2 5 1 979 1098 455
1930 2 2 5 1 695 1208 574
1931 2 2 5 1 485 940 939
1932 2 2 5 1 939 940 322
1933 2 2 5 1 325 941 938
1934 2 2 5 1 938 941 484
1935 2 2 5 1 978 1052 370
1936 2 2 5 1 415 1243 619
1937 2 2 5 1 416 1244 620
1938 2 2 5 1 939 1141 485
1939 2 2 5 1 1066 1184 466
1940 2 2 5 1 583 1184 1066
1941 2 2 5 1 1067 1183 465
1942 2 2 5 1 1069 1185 467
1943 2 2 5 1 581 1185 1069
1944 2 2 5 1 582 1186 1068
1945 2 2 5 1 580 1183 1067
1946 2 2 5 1 1068 1186 464
1947 2 2 5 1 876 1113 143
1948 2 2 5 1 879 1112 146
1949 2 2 5 1 878 1114 144
1950 2 2 5 1 981 1151 226
1951 2 2 5 1 980 1149 223
1952 2 2 5 1 982 1150 225
1953 2 2 5 1 135 1164 619
1954 2 2 5 1 619 1164 371
1955 2 2 5 1 941 1112 484
1956 2 2 5 1 146 1112 941
1957 2 2 5 1 207 956 680
1958 2 2 5 1 699 1159 1065
1959 2 2 5 1 185 862 768
1960 2 2 5 1 183 861 769
1961 2 2 5 1 182 860 771
1962 2 2 5 1 184 863 770
1963 2 2 5 1 365 1018 664
1964 2 2 5 1 363 1016 662
1965 2 2 5 1 364 1015 663
1966 2 2 5 1 664 1018 82
1967 2 2 5 1 662 1016 52
1968 2 2 5 1 663 1015 22
1969 2 2 5 1 665 1017 112
1970 2 2 5 1 366 1017 665
1971 2 2 5 1 741 914 259
1972 2 2 5 1 862 992 407
1973 2 2 5 1 863 991 405
1974 2 2 5 1 861 990 406
1975 2 2 5 1 860 989 404
1976 2 2 5 1 155 977 737
1977 2 2 5 1 157 974 735
1978 2 2 5 1 735 974 379
1979 2 2 5 1 737 977 377
1980 2 2 5 1 154 976 738
1981 2 2 5 1 738 976 376
1982 2 2 5 1 736 975 378
1983 2 2 5 1 156 975 736
1984 2 2 5 1 1120 1199 393
1985 2 2 5 1 195 1039 819
1986 2 2 5 1 263 1092 638
1987 2 2 5 1 260 1095 639
1988 2 2 5 1 262 1094 640
1989 2 2 5 1 132 1181 835
1990 2 2 5 1 835 1181 451
1991 2 2 5 1 702 1037 168
1992 2 2 5 1 904 930 323
1993 2 2 5 1 903 929 324
1994 2 2 5 1 487 930 904
1995 2 2 5 1 486 929 903
1996 2 2 5 1 418 1003 765
1997 2 2 5 1 334 898 745
1998 2 2 5 1 859 1004 315
1999 2 2 5 1 641 1034 273
2000 2 2 5 1 627 1233 134
2001 2 2 5 1 216 1278 634
2002 2 2 5 1 215 1279 635
2003 2 2 5 1 214 1277 636
2004 2 2 5 1 777 947 265
2005 2 2 5 1 719 1228 268
2006 2 2 5 1 720 1230 271
2007 2 2 5 1 718 1229 270
2008 2 2 5 1 178 1231 717
2009 2 2 5 1 684 996 166
2010 2 2 5 1 344 994 889
2011 2 2 5 1 345 993 890
2012 2 2 5 1 864 1002 321
2013 2 2 5 1 217 1129 633
2014 2 2 5 1 1008 1226 470
2015 2 2 5 1 843 1128 541
2016 2 2 5 1 844 1127 539
2017 2 2 5 1 845 1126 538
2018 2 2 5 1 685 957 131
2019 2 2 5 1 418 1108 1003
2020 2 2 5 1 739 1247 208
2021 2 2 5 1 440 1247 739
2022 2 2 5 1 268 1210 633
2023 2 2 5 1 270 1211 634
2024 2 2 5 1 269 1212 635
2025 2 2 5 1 271 1213 636
2026 2 2 5 1 674 1001 140
2027 2 2 5 1 474 1031 677
2028 2 2 5 1 473 1032 676
2029 2 2 5 1 471 1029 678
2030 2 2 5 1 472 1030 679
2031 2 2 5 1 190 1209 828
2032 2 2 5 1 680 1003 207
2033 2 2 5 1 849 1261 528
2034 2 2 5 1 275 1261 849
2035 2 2 5 1 931 1224 609
2036 2 2 5 1 651 1219 332
2037 2 2 5 1 739 1200 440
2038 2 2 5 1 194 1035 657
2039 2 2 5 1 658 1039 195
2040 2 2 5 1 743 1246 237
2041 2 2 5 1 439 1246 743
2042 2 2 5 1 656 1041 197
2043 2 2 5 1 461 1218 1012
2044 2 2 5 1 463 1217 1009
2045 2 2 5 1 647 1106 283
2046 2 2 5 1 648 1107 282
2047 2 2 5 1 655 1042 196
2048 2 2 5 1 313 1147 746
2049 2 2 5 1 314 1148 748
2050 2 2 5 1 639 1159 260
2051 2 2 5 1 135 1053 714
2052 2 2 5 1 137 1054 715
2053 2 2 5 1 874 1209 190
2054 2 2 5 1 307 894 809
2055 2 2 5 1 313 896 811
2056 2 2 5 1 309 897 810
2057 2 2 5 1 314 895 812
2058 2 2 5 1 702 1052 301
2059 2 2 5 1 370 1052 702
2060 2 2 5 1 129 1155 703
2061 2 2 5 1 703 1155 407
2062 2 2 5 1 368 1262 725
2063 2 2 5 1 403 1041 795
2064 2 2 5 1 165 1089 653
2065 2 2 5 1 163 1090 650
2066 2 2 5 1 162 1091 652
2067 2 2 5 1 703 983 129
2068 2 2 5 1 393 984 696
2069 2 2 5 1 1054 1241 295
2070 2 2 5 1 1053 1240 293
2071 2 2 5 1 159 1198 646
2072 2 2 5 1 158 1197 645
2073 2 2 5 1 676 1032 461
2074 2 2 5 1 677 1031 460
2075 2 2 5 1 678 1029 462
2076 2 2 5 1 679 1030 463
2077 2 2 5 1 759 985 339
2078 2 2 5 1 622 1109 807
2079 2 2 5 1 417 1125 1036
2080 2 2 5 1 689 1242 409
2081 2 2 5 1 688 1004 147
2082 2 2 5 1 690 1002 145
2083 2 2 5 1 512 915 855
2084 2 2 5 1 855 915 322
2085 2 2 5 1 340 983 703
2086 2 2 5 1 915 1237 224
2087 2 2 5 1 512 1237 915
2088 2 2 5 1 343 1050 704
2089 2 2 5 1 666 1123 249
2090 2 2 5 1 668 1121 251
2091 2 2 5 1 669 1122 250
2092 2 2 5 1 667 1124 248
2093 2 2 5 1 657 1293 194
2094 2 2 5 1 760 953 325
2095 2 2 5 1 195 1280 658
2096 2 2 5 1 651 1202 164
2097 2 2 5 1 652 1203 162
2098 2 2 5 1 286 1215 650
2099 2 2 5 1 287 1216 653
2100 2 2 5 1 191 1033 689
2101 2 2 5 1 697 1128 263
2102 2 2 5 1 700 1127 262
2103 2 2 5 1 699 1126 260
2104 2 2 5 1 73 1077 72
2105 2 2 5 1 103 1074 102
2106 2 2 5 1 43 1076 42
2107 2 2 5 1 13 1075 12
2108 2 2 5 1 618 1088 808
2109 2 2 5 1 197 1201 656
2110 2 2 5 1 112 1017 111
2111 2 2 5 1 52 1016 51
2112 2 2 5 1 22 1015 21
2113 2 2 5 1 82 1018 81
2114 2 2 5 1 662 1228 363
2115 2 2 5 1 664 1229 365
2116 2 2 5 1 665 1230 366
2117 2 2 5 1 364 1231 667
2118 2 2 5 1 408 947 777
2119 2 2 5 1 799 956 436
2120 2 2 5 1 91 965 748
2121 2 2 5 1 121 967 749
2122 2 2 5 1 31 968 747
2123 2 2 5 1 753 971 8
2124 2 2 5 1 752 972 38
2125 2 2 5 1 61 966 746
2126 2 2 5 1 751 970 68
2127 2 2 5 1 750 969 98
2128 2 2 5 1 268 1228 662
2129 2 2 5 1 270 1229 664
2130 2 2 5 1 271 1230 665
2131 2 2 5 1 694 1040 345
2132 2 2 5 1 667 1231 178
2133 2 2 5 1 893 1104 232
2134 2 2 5 1 419 1104 893
2135 2 2 5 1 455 1090 979
2136 2 2 5 1 979 1090 163
2137 2 2 5 1 1036 1125 403
2138 2 2 5 1 675 1144 141
2139 2 2 5 1 797 1143 438
2140 2 2 5 1 168 1037 873
2141 2 2 5 1 72 1077 706
2142 2 2 5 1 102 1074 705
2143 2 2 5 1 42 1076 707
2144 2 2 5 1 12 1075 708
2145 2 2 5 1 115 1069 114
2146 2 2 5 1 55 1068 54
2147 2 2 5 1 25 1067 24
2148 2 2 5 1 85 1066 84
2149 2 2 5 1 626 1282 822
2150 2 2 5 1 827 1288 626
2151 2 2 5 1 825 1285 625
2152 2 2 5 1 625 1284 821
2153 2 2 5 1 623 1289 823
2154 2 2 5 1 624 1283 820
2155 2 2 5 1 824 1287 624
2156 2 2 5 1 826 1286 623
2157 2 2 5 1 194 1293 807
2158 2 2 5 1 671 1218 221
2159 2 2 5 1 672 1217 220
2160 2 2 5 1 1024 1099 433
2161 2 2 5 1 231 1264 1020
2162 2 2 5 1 140 1180 674
2163 2 2 5 1 777 1238 408
2164 2 2 5 1 693 1051 133
2165 2 2 5 1 148 1234 875
2166 2 2 5 1 454 1220 856
2167 2 2 5 1 455 1221 857
2168 2 2 5 1 857 1221 214
2169 2 2 5 1 856 1220 215
2170 2 2 5 1 858 1223 216
2171 2 2 5 1 457 1223 858
2172 2 2 5 1 806 1008 208
2173 2 2 5 1 369 1008 806
2174 2 2 5 1 141 1226 675
2175 2 2 5 1 408 1111 947
2176 2 2 5 1 417 1036 854
2177 2 2 5 1 726 1171 276
2178 2 2 5 1 727 1170 278
2179 2 2 5 1 279 1169 729
2180 2 2 5 1 277 1172 728
2181 2 2 5 1 740 1264 478
2182 2 2 5 1 359 1264 740
2183 2 2 5 1 217 1186 948
2184 2 2 5 1 1064 1164 700
2185 2 2 5 1 439 957 798
2186 2 2 5 1 978 1180 448
2187 2 2 5 1 725 1088 368
2188 2 2 5 1 196 1088 725
2189 2 2 5 1 832 954 324
2190 2 2 5 1 323 955 831
2191 2 2 5 1 263 1062 697
2192 2 2 5 1 261 1063 698
2193 2 2 5 1 262 1064 700
2194 2 2 5 1 699 1065 137
2195 2 2 5 1 704 1050 126
2196 2 2 5 1 1143 1247 438
2197 2 2 5 1 921 922 394
2198 2 2 5 1 923 925 395
2199 2 2 5 1 355 925 923
2200 2 2 5 1 354 922 921
2201 2 2 5 1 927 928 356
2202 2 2 5 1 396 926 924
2203 2 2 5 1 397 928 927
2204 2 2 5 1 924 926 357
2205 2 2 5 1 692 1105 128
2206 2 2 5 1 320 1225 681
2207 2 2 5 1 179 1045 719
2208 2 2 5 1 181 1046 718
2209 2 2 5 1 180 1044 720
2210 2 2 5 1 717 1047 269
2211 2 2 5 1 682 1259 167
2212 2 2 5 1 1003 1108 207
2213 2 2 5 1 173 1145 946
2214 2 2 5 1 171 1146 945
2215 2 2 5 1 975 1123 378
2216 2 2 5 1 976 1121 376
2217 2 2 5 1 977 1122 377
2218 2 2 5 1 974 1124 379
2219 2 2 5 1 683 1258 206
2220 2 2 5 1 194 1109 730
2221 2 2 5 1 730 1109 373
2222 2 2 5 1 1010 1080 462
2223 2 2 5 1 377 1080 1010
2224 2 2 5 1 376 1082 1009
2225 2 2 5 1 1009 1082 463
2226 2 2 5 1 1012 1081 461
2227 2 2 5 1 378 1081 1012
2228 2 2 5 1 379 1083 1011
2229 2 2 5 1 1011 1083 460
2230 2 2 5 1 765 1014 139
2231 2 2 5 1 705 1074 387
2232 2 2 5 1 706 1077 388
2233 2 2 5 1 708 1075 390
2234 2 2 5 1 707 1076 389
2235 2 2 5 1 710 1078 292
2236 2 2 5 1 136 1079 712
2237 2 2 5 1 865 1010 462
2238 2 2 5 1 254 1010 865
2239 2 2 5 1 866 1011 460
2240 2 2 5 1 253 1011 866
2241 2 2 5 1 805 1120 393
2242 2 2 5 1 275 1120 805
2243 2 2 5 1 687 1165 247
2244 2 2 5 1 809 1173 307
2245 2 2 5 1 810 1174 309
2246 2 2 5 1 948 1222 217
2247 2 2 5 1 504 1222 948
2248 2 2 5 1 349 1126 699
2249 2 2 5 1 348 1127 700
2250 2 2 5 1 346 1128 697
2251 2 2 5 1 752 1193 307
2252 2 2 5 1 753 1194 309
2253 2 2 5 1 471 1004 859
2254 2 2 5 1 857 1090 455
2255 2 2 5 1 856 1089 454
2256 2 2 5 1 858 1091 457
2257 2 2 5 1 875 1129 456
2258 2 2 5 1 474 1002 864
2259 2 2 5 1 900 1053 135
2260 2 2 5 1 901 1054 137
2261 2 2 5 1 3 1270 64
2262 2 2 5 1 2 1267 34
2263 2 2 5 1 1 1269 124
2264 2 2 5 1 4 1268 94
2265 2 2 5 1 35 1267 2
2266 2 2 5 1 5 1269 1
2267 2 2 5 1 65 1270 3
2268 2 2 5 1 95 1268 4
2269 2 2 5 1 166 996 891
2270 2 2 5 1 1046 1229 718
2271 2 2 5 1 1045 1228 719
2272 2 2 5 1 1044 1230 720
2273 2 2 5 1 717 1231 1047
2274 2 2 5 1 193 1099 1024
2275 2 2 5 1 432 1144 1034
2276 2 2 5 1 546 1120 849
2277 2 2 5 1 233 1239 854
2278 2 2 5 1 854 1239 445
2279 2 2 5 1 153 1208 695
2280 2 2 5 1 1020 1119 546
2281 2 2 5 1 434 1051 906
2282 2 2 5 1 70 1249 69
2283 2 2 5 1 100 1248 99
2284 2 2 5 1 60 1254 59
2285 2 2 5 1 30 1253 29
2286 2 2 5 1 90 1255 89
2287 2 2 5 1 120 1252 119
2288 2 2 5 1 10 1250 9
2289 2 2 5 1 40 1251 39
2290 2 2 5 1 696 1276 393
2291 2 2 5 1 77 1271 76
2292 2 2 5 1 107 1274 106
2293 2 2 5 1 17 1272 16
2294 2 2 5 1 47 1273 46
2295 2 2 5 1 96 1282 95
2296 2 2 5 1 94 1288 93
2297 2 2 5 1 124 1285 123
2298 2 2 5 1 36 1283 35
2299 2 2 5 1 6 1284 5
2300 2 2 5 1 34 1287 33
2301 2 2 5 1 64 1286 63
2302 2 2 5 1 66 1289 65
2303 2 2 5 1 297 1205 802
2304 2 2 5 1 263 1128 843
2305 2 2 5 1 262 1127 844
2306 2 2 5 1 260 1126 845
2307 2 2 5 1 898 1033 191
2308 2 2 5 1 755 1093 360
2309 2 2 5 1 294 1168 711
2310 2 2 5 1 293 1167 713
2311 2 2 5 1 295 1166 716
2312 2 2 5 1 472 1006 889
2313 2 2 5 1 473 1005 890
2314 2 2 5 1 890 993 221
2315 2 2 5 1 889 994 220
2316 2 2 5 1 961 1087 399
2317 2 2 5 1 959 1086 401
2318 2 2 5 1 443 1087 961
2319 2 2 5 1 444 1084 960
2320 2 2 5 1 960 1084 400
2321 2 2 5 1 442 1086 959
2322 2 2 5 1 441 1085 958
2323 2 2 5 1 958 1085 402
2324 2 2 5 1 488 1173 726
2325 2 2 5 1 728 1175 495
2326 2 2 5 1 490 1174 727
2327 2 2 5 1 729 1176 493
2328 2 2 5 1 766 1154 292
2329 2 2 5 1 891 996 420
2330 2 2 5 1 383 1113 876
2331 2 2 5 1 381 1112 879
2332 2 2 5 1 382 1114 878
2333 2 2 5 1 417 1001 892
2334 2 2 5 1 236 1136 742
2335 2 2 5 1 237 1135 743
2336 2 2 5 1 235 1134 744
2337 2 2 5 1 267 1142 754
2338 2 2 5 1 301 1052 798
2339 2 2 5 1 78 1190 721
2340 2 2 5 1 108 1189 722
2341 2 2 5 1 48 1191 723
2342 2 2 5 1 18 1192 724
2343 2 2 5 1 550 1154 741
2344 2 2 5 1 193 1227 754
2345 2 2 5 1 754 1227 410
2346 2 2 5 1 793 1168 549
2347 2 2 5 1 792 1167 548
2348 2 2 5 1 794 1166 547
2349 2 2 5 1 1214 1246 437
2350 2 2 5 1 833 1056 356
2351 2 2 5 1 834 1055 354
2352 2 2 5 1 761 1146 171
2353 2 2 5 1 764 1145 173
2354 2 2 5 1 725 1262 264
2355 2 2 5 1 854 1036 233
2356 2 2 5 1 778 1142 267
2357 2 2 5 1 808 1088 196
2358 2 2 5 1 530 1209 874
2359 2 2 5 1 138 1182 836
2360 2 2 5 1 293 1240 733
2361 2 2 5 1 295 1241 734
2362 2 2 5 1 152 1196 796
2363 2 2 5 1 796 1196 409
2364 2 2 5 1 838 1182 138
2365 2 2 5 1 224 1237 916
2366 2 2 5 1 916 1237 451
2367 2 2 5 1 813 1092 545
2368 2 2 5 1 494 1171 763
2369 2 2 5 1 764 1169 489
2370 2 2 5 1 761 1172 491
2371 2 2 5 1 492 1170 762
2372 2 2 5 1 294 1157 767
2373 2 2 5 1 814 1094 544
2374 2 2 5 1 815 1095 542
2375 2 2 5 1 398 1142 778
2376 2 2 5 1 818 1204 368
2377 2 2 5 1 873 1037 421
2378 2 2 5 1 807 1109 194
2379 2 2 5 1 911 1161 205
2380 2 2 5 1 912 1160 203
2381 2 2 5 1 757 1205 543
2382 2 2 5 1 438 1247 1072
2383 2 2 5 1 1071 1245 434
2384 2 2 5 1 437 1246 1073
2385 2 2 5 1 360 1033 898
2386 2 2 5 1 372 1137 885
2387 2 2 5 1 371 1138 886
2388 2 2 5 1 391 1232 1078
2389 2 2 5 1 374 1131 888
2390 2 2 5 1 375 1132 887
2391 2 2 5 1 129 1195 772
2392 2 2 5 1 344 1158 905
2393 2 2 5 1 774 1187 319
2394 2 2 5 1 208 1143 806
2395 2 2 5 1 766 1232 458
2396 2 2 5 1 502 1133 880
2397 2 2 5 1 811 1147 313
2398 2 2 5 1 812 1148 314
2399 2 2 5 1 411 1053 900
2400 2 2 5 1 412 1054 901
2401 2 2 5 1 1043 1050 475
2402 2 2 5 1 126 1050 1043
2403 2 2 5 1 849 1120 275
2404 2 2 5 1 877 1141 142
2405 2 2 5 1 317 1256 773
2406 2 2 5 1 776 1257 177
2407 2 2 5 1 332 1219 948
2408 2 2 5 1 241 1028 989
2409 2 2 5 1 989 1028 404
2410 2 2 5 1 992 1027 407
2411 2 2 5 1 238 1027 992
2412 2 2 5 1 983 1195 129
2413 2 2 5 1 916 1181 519
2414 2 2 5 1 451 1181 916
2415 2 2 5 1 151 1200 805
2416 2 2 5 1 313 1175 896
2417 2 2 5 1 314 1176 895
2418 2 2 5 1 920 1116 571
2419 2 2 5 1 399 1115 917
2420 2 2 5 1 401 1117 919
2421 2 2 5 1 919 1117 572
2422 2 2 5 1 917 1115 570
2423 2 2 5 1 918 1118 573
2424 2 2 5 1 400 1116 920
2425 2 2 5 1 402 1118 918
2426 2 2 5 1 891 1281 321
2427 2 2 5 1 420 1281 891
2428 2 2 5 1 409 1242 796
2429 2 2 5 1 880 1133 299
2430 2 2 5 1 393 1276 805
2431 2 2 5 1 304 1204 818
2432 2 2 5 1 384 1141 877
2433 2 2 5 1 430 1195 983
2434 2 2 5 1 932 1139 411
2435 2 2 5 1 199 1139 932
2436 2 2 5 1 198 1140 933
2437 2 2 5 1 933 1140 412
2438 2 2 5 1 887 1132 205
2439 2 2 5 1 888 1131 203
2440 2 2 5 1 885 1137 200
2441 2 2 5 1 886 1138 204
2442 2 2 5 1 828 1209 334
2443 2 2 5 1 433 1099 1038
2444 2 2 5 1 239 1048 991
2445 2 2 5 1 240 1049 990
2446 2 2 5 1 991 1048 405
2447 2 2 5 1 990 1049 406
2448 2 2 5 1 392 1157 1079
2449 2 2 5 1 534 1265 1061
2450 2 2 5 1 1268 1282 626
2451 2 2 5 1 95 1282 1268
2452 2 2 5 1 626 1288 1268
2453 2 2 5 1 1268 1288 94
2454 2 2 5 1 625 1285 1269
2455 2 2 5 1 5 1284 1269
2456 2 2 5 1 1269 1285 124
2457 2 2 5 1 1269 1284 625
2458 2 2 5 1 623 1286 1270
2459 2 2 5 1 624 1287 1267
2460 2 2 5 1 65 1289 1270
2461 2 2 5 1 35 1283 1267
2462 2 2 5 1 1270 1286 64
2463 2 2 5 1 1270 1289 623
2464 2 2 5 1 1267 1287 34
2465 2 2 5 1 1267 1283 624
2466 2 2 5 1 433 1026 1024
2467 2 2 5 1 956 1260 436
2468 2 2 5 1 805 1276 151
2469 2 2 5 1 883 1156 127
2470 2 2 5 1 884 1155 129
2471 2 2 5 1 403 1125 1041
2472 2 2 5 1 1024 1026 380
2473 2 2 5 1 820 1283 36
2474 2 2 5 1 823 1289 66
2475 2 2 5 1 822 1282 96
2476 2 2 5 1 821 1284 6
2477 2 2 5 1 63 1286 826
2478 2 2 5 1 93 1288 827
2479 2 2 5 1 123 1285 825
2480 2 2 5 1 33 1287 824
2481 2 2 5 1 203 1160 888
2482 2 2 5 1 205 1161 887
2483 2 2 5 1 1111 1188 529
2484 2 2 5 1 502 1223 1133
2485 2 2 5 1 1070 1237 512
2486 2 2 5 1 451 1237 1070
2487 2 2 5 1 987 1162 392
2488 2 2 5 1 201 1163 986
2489 2 2 5 1 207 1260 956
2490 2 2 5 1 208 1247 1143
2491 2 2 5 1 922 1149 394
2492 2 2 5 1 925 1151 395
2493 2 2 5 1 927 1150 397
2494 2 2 5 1 232 1188 893
2495 2 2 5 1 893 1188 408
2496 2 2 5 1 128 1105 985
2497 2 2 5 1 985 1105 513
2498 2 2 5 1 223 1149 922
2499 2 2 5 1 226 1151 925
2500 2 2 5 1 225 1150 927
2501 2 2 5 1 307 1193 894
2502 2 2 5 1 309 1194 897
2503 2 2 5 1 921 1206 174
2504 2 2 5 1 928 1207 177
2505 2 2 5 1 875 1234 351
2506 2 2 5 1 393 1199 984
2507 2 2 5 1 396 1265 926
2508 2 2 5 1 859 1292 218
2509 2 2 5 1 321 1281 864
2510 2 2 5 1 1096 1220 454
2511 2 2 5 1 456 1222 1097
2512 2 2 5 1 503 1220 1096
2513 2 2 5 1 1097 1222 504
2514 2 2 5 1 1098 1221 455
2515 2 2 5 1 501 1221 1098
2516 2 2 5 1 1133 1223 457
2517 2 2 5 1 1014 1130 373
2518 2 2 5 1 316 1224 931
2519 2 2 5 1 408 1238 893
2520 2 2 5 1 16 1272 958
2521 2 2 5 1 46 1273 959
2522 2 2 5 1 960 1274 444
2523 2 2 5 1 106 1274 960
2524 2 2 5 1 958 1272 441
2525 2 2 5 1 959 1273 442
2526 2 2 5 1 76 1271 961
2527 2 2 5 1 961 1271 443
2528 2 2 5 1 220 1217 1030
2529 2 2 5 1 1030 1217 463
2530 2 2 5 1 221 1218 1032
2531 2 2 5 1 1032 1218 461
2532 2 2 5 1 988 1235 410
2533 2 2 5 1 1038 1099 398
2534 2 2 5 1 394 1206 921
2535 2 2 5 1 397 1207 928
2536 2 2 5 1 359 1119 1020
2537 2 2 5 1 986 1163 391
2538 2 2 5 1 202 1162 987
2539 2 2 5 1 1041 1125 197
2540 2 2 5 1 1065 1159 372
2541 2 2 5 1 1007 1165 367
2542 2 2 5 1 1104 1108 418
2543 2 2 5 1 419 1108 1104
2544 2 2 5 1 948 1219 504
2545 2 2 5 1 945 1243 415
2546 2 2 5 1 946 1244 416
2547 2 2 5 1 926 1265 176
2548 2 2 5 1 338 1244 946
2549 2 2 5 1 337 1243 945
2550 2 2 5 1 1047 1231 364
2551 2 2 5 1 363 1228 1045
2552 2 2 5 1 365 1229 1046
2553 2 2 5 1 366 1230 1044
2554 2 2 5 1 167 1259 1040
2555 2 2 5 1 1040 1259 531
2556 2 2 5 1 1110 1235 528
2557 2 2 5 1 410 1227 988
2558 2 2 5 1 410 1235 1110
2559 2 2 5 1 231 1235 988
2560 2 2 5 1 371 1164 1064
2561 2 2 5 1 411 1240 1053
2562 2 2 5 1 412 1241 1054
2563 2 2 5 1 1061 1265 396
2564 2 2 5 1 237 1246 1214
2565 2 2 5 1 408 1188 1111
2566 2 2 5 1 1020 1264 359
2567 2 2 5 1 1129 1222 456
2568 2 2 5 1 217 1222 1129
2569 2 2 5 1 1078 1233 391
2570 2 2 5 1 218 1292 1022
2571 2 2 5 1 1022 1292 421
2572 2 2 5 1 435 1245 1071
2573 2 2 5 1 1073 1246 439
2574 2 2 5 1 1072 1247 440
2575 2 2 5 1 445 1239 1236
2576 2 2 5 1 1236 1239 514
2577 2 2 5 1 458 1232 1163
2578 2 2 5 1 1163 1232 391
2579 2 2 5 1 1221 1277 214
2580 2 2 5 1 502 1278 1223
2581 2 2 5 1 1223 1278 216
2582 2 2 5 1 501 1277 1221
2583 2 2 5 1 1220 1279 215
2584 2 2 5 1 503 1279 1220
$EndElements
