$MeshFormat
2.2 0 8
$EndMeshFormat
$PhysicalNames
6
1 1 "Boundary1"
1 2 "Boundary2"
1 3 "Boundary3"
2 5 "Fluid1"
2 6 "Fluid2"
2 7 "Fluid3"
$EndPhysicalNames
$Nodes
1077
1 0 0 0
2 1 0 0
3 1 1 0.5
4 0 1 0.4
5 0 0.01 0.01
6 0 0.02 0.02
7 1 0.05 0.02
8 1 0.32 0.02
9 0.03703703703696529 0 0
10 0.07407407407392828 0 0
11 0.1111111111109088 0 0
12 0.1481481481478571 0 0
13 0.1851851851847862 0 0
14 0.2222222222217153 0 0
15 0.2592592592586443 0 0
16 0.2962962962955734 0 0
17 0.3333333333325025 0 0
18 0.3703703703694315 0 0
19 0.4074074074063606 0 0
20 0.4444444444432896 0 0
21 0.4814814814802187 0 0
22 0.5185185185172506 0 0
23 0.5555555555543854 0 0
24 0.5925925925915203 0 0
25 0.6296296296286549 0 0
26 0.6666666666657894 0 0
27 0.7037037037029239 0 0
28 0.7407407407400585 0 0
29 0.777777777777193 0 0
30 0.8148148148143275 0 0
31 0.8518518518514619 0 0
32 0.8888888888885964 0 0
33 0.925925925925731 0 0
34 0.9629629629628654 0 0
35 1 0.02499999999993427 0.009999999999973709
36 1 0.08374999999994408 0.02
37 1 0.1174999999998529 0.02
38 1 0.1512499999997617 0.02
39 1 0.1849999999996597 0.02
40 1 0.2187499999997366 0.02
41 1 0.2524999999998135 0.02
42 1 0.2862499999998906 0.02
43 1 0.3509090909090464 0.04181818181815043
44 1 0.3818181818180743 0.06363636363628775
45 1 0.412727272727102 0.08545454545442495
46 1 0.4436363636361176 0.1072727272725536
47 1 0.4745454545451119 0.1290909090906672
48 1 0.5054545454541248 0.150909090908794
49 1 0.5363636363631105 0.1727272727269015
50 1 0.5672727272721004 0.194545454545012
51 1 0.5981818181811172 0.2163636363631415
52 1 0.629090909090145 0.2381818181812788
53 1 0.6599999999991168 0.2599999999993767
54 1 0.6909090909082831 0.2818181818176116
55 1 0.7218181818174442 0.303636363635843
56 1 0.7527272727266557 0.32545454545411
57 1 0.7836363636358229 0.3472727272723456
58 1 0.8145454545449853 0.3690909090905779
59 1 0.8454545454541942 0.390909090908843
60 1 0.8763636363633567 0.4127272727270754
61 1 0.9072727272725238 0.434545454545311
62 1 0.9381818181816777 0.4563636363635372
63 1 0.9690909090908386 0.4781818181817685
64 0.9629629629628107 1 0.4962962962962811
65 0.9259259259256225 1 0.4925925925925623
66 0.8888888888884343 1 0.4888888888888434
67 0.8518518518515006 1 0.4851851851851501
68 0.8148148148147196 1 0.481481481481472
69 0.7777777777779386 1 0.4777777777777938
70 0.7407407407411576 1 0.4740740740741158
71 0.7037037037043766 1 0.4703703703704377
72 0.6666666666675954 1 0.4666666666667595
73 0.6296296296308121 1 0.4629629629630812
74 0.5925925925940287 1 0.4592592592594029
75 0.5555555555572456 1 0.4555555555557246
76 0.5185185185204622 1 0.4518518518520462
77 0.4814814814834755 1 0.4481481481483476
78 0.4444444444462852 1 0.4444444444446286
79 0.407407407409095 1 0.4407407407409095
80 0.3703703703719045 1 0.4370370370371904
81 0.3333333333347138 1 0.4333333333334714
82 0.2962962962975234 1 0.4296296296297524
83 0.259259259260333 1 0.4259259259260333
84 0.2222222222231427 1 0.4222222222223143
85 0.1851851851859524 1 0.4185185185185952
86 0.1481481481487622 1 0.4148148148148763
87 0.1111111111115718 1 0.4111111111111572
88 0.0740740740743816 1 0.4074074074074382
89 0.03703703703719052 1 0.4037037037037191
90 0 0.9650000000000599 0.3864285714285947
91 0 0.9300000000001459 0.3728571428571995
92 0 0.8950000000001734 0.3592857142857815
93 0 0.8600000000002569 0.3457142857143853
94 0 0.8250000000003967 0.3321428571430109
95 0 0.7900000000004576 0.318571428571606
96 0 0.7550000000006023 0.3050000000002336
97 0 0.7200000000007081 0.291428571428846
98 0 0.6850000000007759 0.2778571428574438
99 0 0.6500000000008771 0.2642857142860544
100 0 0.6150000000010023 0.2507142857146744
101 0 0.5800000000010732 0.2371428571432733
102 0 0.5450000000012087 0.2235714285718973
103 0 0.5100000000013012 0.2100000000005046
104 0 0.4750000000012286 0.1964285714290478
105 0 0.440000000001136 0.1828571428575834
106 0 0.4050000000010419 0.1692857142861183
107 0 0.3700000000009692 0.1557142857146615
108 0 0.3350000000008733 0.1421428571431957
109 0 0.3000000000007772 0.1285714285717299
110 0 0.2650000000006705 0.11500000000026
111 0 0.2300000000005636 0.10142857142879
112 0 0.1950000000004676 0.08785714285732416
113 0 0.160000000000377 0.07428571428586045
114 0 0.1250000000003006 0.06071428571440235
115 0 0.0900000000001997 0.04714285714293459
116 0 0.05500000000011407 0.03357142857147277
117 0.03173520020967661 0.0407508241947532 0.01750438574847773
118 0.06200319142329071 0.06352994068031687 0.01446022594370452
119 0.09145531199861333 0.08732416158142212 0.01113609600403597
120 0.1211411655335005 0.110834845265421 0.007890556532139813
121 0.1519902212121304 0.1328445993992775 0.005056103769858147
122 0.1844076791505571 0.1525442401145413 0.002839569695694618
123 0.2183046307419443 0.1696481419066834 0.001298499403533311
124 0.2533696086291004 0.1842670558339146 0.0003875170566256569
125 0.2892802005145739 0.1966993242474701 1.883020153380267e-005
126 0.3257771046174218 0.2073007273212254 9.608979200024925e-005
127 0.3626422624935654 0.2165389160696678 0.0005008361507559571
128 0.3997366800894384 0.2247973380458126 0.001138592440226434
129 0.436983535385112 0.2323237281890772 0.001949184983656971
130 0.4743364868860341 0.2392890660866087 0.002891528884267022
131 0.511765572191724 0.2458181044487349 0.003935903824173868
132 0.5492503080609854 0.2520061789992052 0.005059758537575667
133 0.5867759917720432 0.2579291591027031 0.006245252984202187
134 0.6243315825030933 0.2636497134989305 0.007477724722666102
135 0.661908406400758 0.2692214821188365 0.008744675511420207
136 0.6994993159641709 0.274692013311689 0.0100350625505694
137 0.7370981066632135 0.280104962094992 0.01133877108977157
138 0.77469907756125 0.2855018569251764 0.0126461925207108
139 0.8122966643002137 0.2909236445639945 0.01394785660579326
140 0.8498850910609262 0.2964121759535691 0.0152340780810464
141 0.8874579899721968 0.3020117836674527 0.01649458073871253
142 0.9250079421267464 0.3077711221015689 0.01771805789699001
143 0.9625258449364527 0.3137454933046572 0.01889161337250635
144 0.03703703703696515 0.01148148148147861 0.01037037037036965
145 0.07407407407392796 0.01296296296295712 0.01074074074073928
146 0.1111111111109083 0.01444444444443633 0.01111111111110908
147 0.1481481481478565 0.01592592592591426 0.01148148148147857
148 0.1851851851847855 0.01740740740739142 0.01185185185184785
149 0.2222222222217145 0.01888888888886858 0.01222222222221715
150 0.2592592592586433 0.02037037037034573 0.01259259259258643
151 0.2962962962955722 0.02185185185182289 0.01296296296295572
152 0.3333333333325011 0.02333333333330005 0.01333333333332501
153 0.3703703703694301 0.02481481481477721 0.0137037037036943
154 0.4074074074063591 0.02629629629625437 0.01407407407406359
155 0.4444444444432878 0.02777777777773151 0.01444444444443288
156 0.4814814814802167 0.02925925925920867 0.01481481481480217
157 0.5185185185172485 0.03074074074068994 0.01518518518517249
158 0.5555555555543831 0.03222222222217532 0.01555555555554383
159 0.5925925925915176 0.03370370370366071 0.01592592592591518
160 0.6296296296286525 0.0351851851851461 0.01629629629628652
161 0.6666666666657868 0.03666666666663147 0.01666666666665787
162 0.7037037037029216 0.03814814814811687 0.01703703703702922
163 0.7407407407400565 0.03962962962960226 0.01740740740740056
164 0.7777777777771913 0.04111111111108765 0.01777777777777191
165 0.8148148148143262 0.04259259259257305 0.01814814814814326
166 0.851851851851461 0.04407407407405844 0.01851851851851461
167 0.8888888888885957 0.04555555555554383 0.01888888888888596
168 0.9259259259257301 0.0470370370370292 0.0192592592592573
169 0.9629629629628651 0.04851851851851461 0.01962962962962865
170 1 0.03462911741575305 0.01385164696630122
171 1 0.07074175531942434 0.02
172 1 0.1080384562012906 0.02
173 1 0.1453351570831613 0.02
174 1 0.1826318579650306 0.02
175 1 0.2199285588469236 0.02
176 1 0.2572252597287942 0.02
177 1 0.2945219606106689 0.02
178 1 0.3296554674216755 0.02681562406235913
179 1 0.36012567344796 0.04832400478679528
180 1 0.3905958794742468 0.06983238551123307
181 1 0.421066085500532 0.09134076623566968
182 1 0.4515362915268162 0.1128491469601055
183 1 0.4820064975531053 0.1343575276845449
184 1 0.5124767035793889 0.1558659084089804
185 1 0.5429469096056759 0.1773742891334183
186 1 0.5734171156319654 0.1988826698578579
187 1 0.6038873216582541 0.220391050582297
188 1 0.6343575276845363 0.2418994313067316
189 1 0.664827733710836 0.2634078120311785
190 1 0.6952979397371318 0.2849161927556224
191 1 0.7257681457634214 0.3064245734800622
192 1 0.7562383517897088 0.3279329542045004
193 1 0.7867085578159924 0.3494413349289358
194 1 0.8171787638422807 0.3709497156533747
195 1 0.8476489698685697 0.3924580963778139
196 1 0.8781191758948527 0.413966477102249
197 1 0.9085893819211396 0.4354748578266868
198 1 0.9390595879474254 0.4569832385511238
199 1 0.969529793973713 0.4784916192755622
200 0 0.02833129583269824 0.02323050246574013
201 0 0.06303374955296169 0.03668655594910757
202 0 0.09773620327322466 0.05014260943247489
203 0 0.1324386569934851 0.06359866291584121
204 0 0.1671411107137462 0.07705471639920773
205 0 0.2018435644340072 0.09051076988257421
206 0 0.2365460181542694 0.1039668233659412
207 0 0.2712484718745309 0.1174228768493079
208 0 0.3059509255947928 0.1308789303326748
209 0 0.3406533793150542 0.1443349838160414
210 0 0.3753558330353144 0.1577910372994076
211 0 0.4100582867555757 0.1712470907827743
212 0 0.4447607404758371 0.1847031442661409
213 0 0.4794631941960975 0.1981591977495072
214 0 0.5141656479163531 0.2116152512328716
215 0 0.5488681016366105 0.2250713047162367
216 0 0.5835705553568673 0.2385273581996016
217 0 0.6182730090771267 0.2519834116829675
218 0 0.6529754627973847 0.2654394651663329
219 0 0.6876779165176456 0.2788955186496994
220 0 0.7223803702379106 0.2923515721330674
221 0 0.7570828239581715 0.3058076256164339
222 0 0.7917852776784284 0.3192636790997988
223 0 0.8264877313986981 0.3327197325831686
224 0 0.8611901851189522 0.3461757860665325
225 0 0.8958926388392129 0.3596318395498989
226 0 0.9305950925594816 0.3730878930332683
227 0 0.9652975462797377 0.386543946516633
228 0.9706266385853962 0.7667549161657904 0.3346964712541255
229 0.9630428081663804 0.738916888778492 0.3152370868261341
230 0.9366932742917519 0.7650141365057701 0.3327570703445549
231 0.1126645160306931 0.4708976228353619 0.1841115920468113
232 0.1305679622750526 0.4925002154260361 0.1918066288200292
233 0.1414618204743691 0.4678898618127975 0.1790387973459849
234 0.3141231123524784 0.4218133193525015 0.1294290938760096
235 0.3366241065869453 0.3936664360266906 0.1103699235103416
236 0.3045000097258639 0.3822952156743991 0.1079046689439035
237 0.3612706430743197 0.3481603353134706 0.08048816818781215
238 0.3320104829480862 0.3643872252723208 0.09365202869150629
239 0.3692027157216198 0.3862049152554464 0.1023711699123186
240 0.8385583801016299 0.5820786982192863 0.2082672916770406
241 0.7929331520878895 0.5958912270362526 0.2178591890195993
242 0.8304479316579072 0.6115903728371465 0.2280345087460452
243 0.6856335186603038 0.6468452513770755 0.2507416078871222
244 0.666409305162636 0.6696275239514842 0.264936509755464
245 0.7049254159964327 0.6650846422172763 0.2624512137098955
246 0.8162814125686303 0.9032225829849083 0.4193440205987701
247 0.7835538530350532 0.9202595872233195 0.427891475355235
248 0.8286713547891182 0.9240775569723674 0.4337494862164345
249 0.7867072586227107 0.8865286879763844 0.4066306616394046
250 0.8012972985992218 0.6279195135892288 0.2389304886951308
251 0.0721766760765368 0.9399073321294354 0.3827893559759086
252 0.1134969547885585 0.9388951109495867 0.3858023154851442
253 0.08452844489483184 0.9079382113866051 0.3706795787251502
254 0.1321057705401163 0.8973522896288715 0.3696555797169437
255 0.06047181198979935 0.9685801025993807 0.393374001773525
256 0.0908069601137749 0.9728913285717855 0.3979084174059671
257 0.6522945380564406 0.6382877899183296 0.2451863430629251
258 0.03052443917197459 0.269357740781018 0.1113880292486892
259 0.05115118524274638 0.3136212189740492 0.1256378185369602
260 0.07390399727535403 0.2789551223708522 0.1060132165801649
261 0.4428210380125352 0.9602002626718507 0.4234625855432517
262 0.415724543769421 0.9727493563931864 0.4275765691070533
263 0.3336107897337217 0.6162838588545675 0.2368527290655567
264 0.3471473637266613 0.5876903685996238 0.2204895412734304
265 0.3062822017927878 0.5937435234945591 0.2260803248314374
266 0.3712671321033047 0.6166747974959097 0.2354770851082589
267 0.03572077680323749 0.09238176777301506 0.037493112758544
268 0.03058335208372456 0.1286030533843772 0.05386985825929225
269 0.06585274987219977 0.1173160672034676 0.03701649254217636
270 0.3598903748894792 0.4243395241896684 0.1258385359117421
271 0.1656179574088005 0.9768980080303593 0.4065042593787938
272 0.6793527870138989 0.9639742449109028 0.4463859906787918
273 0.720384202355984 0.973160373467361 0.4556656587361042
274 0.2370454482596117 0.9717227681459725 0.4108610959666062
275 0.2640273096534485 0.9560274410116413 0.4060096219673368
276 0.2348881330875592 0.9388363650588061 0.3956276943456584
277 0.3957424826643314 0.3291479038171213 0.06546761661977032
278 0.3886211676757905 0.3630303452410817 0.08660405111332564
279 0.415295099728857 0.3642157577869473 0.08492660566200233
280 0.04024930909096205 0.6461042175115981 0.2625102675779411
281 0.0398590301099247 0.6067351330729694 0.246715036953994
282 0.6997335840892399 0.8375877628330189 0.3706932696500237
283 0.6873975667322807 0.8678494788361842 0.3886302401921177
284 0.7199575765833132 0.8670017024584473 0.390078864559649
285 0.09663225800218359 0.8754785297242128 0.3580605973173057
286 0.1267725922729719 0.8661787195082229 0.3560070010099232
287 0.1049630637984851 0.8387567976486667 0.343208412081506
288 0.6098194194316386 0.9809938015710039 0.4500811996818698
289 0.6144187278449191 0.9584914235479111 0.4374342304229601
290 0.5758089403594274 0.9754279084101807 0.4437445822829554
291 0.6748710324162464 0.9263165640347421 0.4233347306486054
292 0.6475320481367618 0.9503209728472602 0.4354775417530784
293 0.8044013074130228 0.9479374179116015 0.4471893142269787
294 0.7697635650711214 0.9505310771295138 0.4459609947027852
295 0.7915448958026547 0.9733688927691775 0.4622750167720865
296 0.7515527955527396 0.9759263435934484 0.4602193749132856
297 0.148835142001737 0.8385400586434781 0.3453066824364063
298 0.1283463397993125 0.5980831347929298 0.239528652108944
299 0.1028190050249398 0.5787494912942631 0.2324294115603043
300 0.09708123510251536 0.61512862883549 0.248306844038729
301 0.93514022961591 0.9726429605501914 0.4748962775617647
302 0.9006326968356915 0.9755620099635941 0.4736588050530559
303 0.03495765645704148 0.0551403789958166 0.02217095853840208
304 0.05760487323416959 0.689652241879352 0.2801099313038355
305 0.08718072372419253 0.6592518763829027 0.2673220677847034
306 0.973025864168112 0.9795633152345843 0.483124897039546
307 0.9724174032699802 0.9543691189094973 0.4655007727274268
308 0.1225867349208078 0.6358157817860961 0.2564444409857967
309 0.1265918700845071 0.678726841063759 0.2751629302364427
310 0.1477582069435057 0.6479302870621308 0.2609453341673114
311 0.203346927574138 0.9675065534776111 0.4058980103087965
312 0.8802355265194082 0.9531023562344052 0.4569445175581466
313 0.9104995629061023 0.9416816315563474 0.4517571717068879
314 0.3333749554489032 0.9565589593266985 0.4121709874908521
315 0.3785924832650978 0.9685069408940142 0.4220828387222233
316 0.3632514583353796 0.931666407354435 0.4022798785452217
317 0.1407891121302206 0.5571796133153152 0.2202396743854298
318 0.1544764032994065 0.5859691244365471 0.232513647671958
319 0.8473875530358879 0.9518902638747324 0.4533692094833014
320 0.875013237515433 0.9243635837352941 0.4374246801439668
321 0.9241502235711372 0.8850200734742483 0.414324317562036
322 0.9398300780462006 0.9141976811729221 0.4353316987728866
323 0.9651807727222023 0.8883554037264747 0.4191565391950978
324 0.9082120353922303 0.9092949002219852 0.4297360729533674
325 0.976842536723539 0.8594086429418585 0.3996147193297535
326 0.03949654154809968 0.913394655833311 0.3694811267194963
327 0.1795539413814492 0.6018379858032812 0.2383703730258842
328 0.1791444937560948 0.5706013303757816 0.2235162689538125
329 0.2081596749266894 0.5858124629923979 0.2286915784829127
330 0.8066474015602827 0.2929758303063908 0.01566940108452832
331 0.2007588000229852 0.7946061930521477 0.3277189642209162
332 0.1666524421482693 0.7811863660899317 0.3206434201929944
333 0.1689151610543162 0.8099557181546246 0.3335695112488344
334 0.1312218558545502 0.8039006695671098 0.3295468768677926
335 0.223925530473082 0.8224216306905413 0.3413510128189624
336 0.1853591526438413 0.8328863573010414 0.3444904312743559
337 0.8276441118752227 0.9737520088468061 0.465840985719625
338 0.9024842814688647 0.3331959280335735 0.03685733091853886
339 0.8803400994564224 0.3029870636405088 0.01764409388068646
340 0.02733216458413314 0.7533754068033008 0.305192921221484
341 0.03664285824853666 0.7930034233795076 0.3212944947531095
342 0.06452508154005149 0.7663405098474831 0.3115126102296109
343 0.06978330106773867 0.7949075017526595 0.3234116007985122
344 0.9042040688480428 0.8601191167008926 0.3963235665186603
345 0.8857068820270728 0.88881457327321 0.4145164689156496
346 0.6405473430110981 0.9757440752224632 0.4498542821960141
347 0.9605871434271239 0.6439691135824575 0.2491861658947923
348 0.9588933021912696 0.6133580941323783 0.2279240650803893
349 0.9246026056110114 0.6289396386530698 0.2391623845226609
350 0.9665663328916165 0.3725014944689755 0.05959531445798154
351 0.9636071834096486 0.4061886960599726 0.08336728769087381
352 0.1953106643494446 0.9304284258090076 0.3887646763340252
353 0.5019124834040871 0.7083205437056284 0.2864436248574608
354 0.471113691855186 0.7005874162507685 0.281688417276712
355 0.4723984419945892 0.737201405302245 0.3027180324486617
356 0.8049378514605462 0.8034317857356086 0.3539562062682154
357 0.7875390709695034 0.8337387900969866 0.3727433119745848
358 0.8206063030325801 0.8231114838092861 0.3675052312072509
359 0.7692285577100834 0.802710974811085 0.3519731715684757
360 0.1239068639394575 0.5230115494060369 0.2062619213772381
361 0.09489117626489343 0.5029510312407718 0.2001540315616301
362 0.2085368311956448 0.8638780627271303 0.3596523152079619
363 0.2430687297221049 0.8799681154215946 0.3689888172046549
364 0.2506831477529618 0.8470333198660601 0.3540221531926149
365 0.09876220500521882 0.5419587906338542 0.2168175683302715
366 0.7825294007458912 0.6848337129661143 0.2761141946048937
367 0.7659575351068151 0.6633260594079634 0.2619341144447886
368 0.7528002535391941 0.6939454492124871 0.2815375784618617
369 0.4373606068653286 0.7170843575441146 0.2908953501162898
370 0.5620519065290049 0.9196462411380446 0.4108565673092861
371 0.5857707922477815 0.9416714841459253 0.4253374937347453
372 0.5921119444799274 0.9119398265761882 0.4086694893843514
373 0.5408958656727689 0.9589286236817247 0.4313751751247865
374 0.8632813759050352 0.6117163701783807 0.2279112285088265
375 0.8956306154680356 0.6119020462467828 0.2277741226401441
376 0.8815466025536313 0.5794578732001102 0.2059120556650357
377 0.9215590073445484 0.5955185590825484 0.2162216552413474
378 0.7329910160953245 0.6150736845840938 0.2305453566526567
379 0.7080238896146843 0.6310078934533508 0.2407403482613717
380 0.7408330405457481 0.6441381767557163 0.2492897715522436
381 0.7082783163013288 0.6011484914925463 0.2216517932914046
382 0.5552807527167682 0.861214880194262 0.376904690160395
383 0.5947316888014622 0.8455768249291921 0.3700030508568
384 0.5630609249420018 0.8248031899950233 0.3561996145093032
385 0.02871449386811144 0.5326021625488986 0.2173833176255265
386 0.03337098272616813 0.5038376763174183 0.2055900948438185
387 0.5070747329196851 0.9093233250450248 0.401124563674419
388 0.5302178062956567 0.9259522343295457 0.4120828761910286
389 0.5394595117676336 0.8955483087381618 0.3956015156692764
390 0.5052490275616639 0.9418840154533976 0.4189171240444558
391 0.03821112652131307 0.8549187227305197 0.346063906383707
392 0.5293402218875856 0.6252565221844187 0.237276110160122
393 0.5705669995840335 0.6275560642382636 0.2384902483701407
394 0.5523268863593552 0.604706252301603 0.2246861337015402
395 0.2727826791091647 0.5420818213038885 0.2009410335821427
396 0.2389715895327429 0.5651238949779052 0.2159275637707838
397 0.2705949876034455 0.5801953130354616 0.221238667621771
398 0.2280034746187905 0.5302090483257119 0.1990719228352461
399 0.3172692401274771 0.7340096514462527 0.299777757994748
400 0.2962874088744258 0.7010994942838507 0.2829544655625194
401 0.2745957991447619 0.7275723151824202 0.2965329066495676
402 0.4282294652566578 0.2600478188488267 0.02003623723004972
403 0.4623614685193717 0.257181952150309 0.01510791200721844
404 0.1618354458806406 0.6686889669312344 0.2699806884729645
405 0.452958902843063 0.2839771472696244 0.032571426921301
406 0.2698371941014491 0.3655234999389405 0.1036493528284117
407 0.2986702161852426 0.3490309732135121 0.08933227114096776
408 0.2595544200861076 0.330393468683588 0.08549250556378227
409 0.2152196205490583 0.6497455678400272 0.2593573619735068
410 0.2100198517980397 0.6144198879345787 0.2425766969226996
411 0.1792267038906556 0.6392303220129634 0.2559091630618626
412 0.6763030896470843 0.61432500072606 0.2300937934398674
413 0.4021664635690527 0.6919353673559014 0.2768158714734957
414 0.3730677063521256 0.7058738226477064 0.2846861040466708
415 0.4008541847398526 0.7320667658332793 0.2990300275085668
416 0.6270101853170014 0.7056906425909213 0.2867350479141192
417 0.6188441978908013 0.7466061473766332 0.3115942488152377
418 0.6592363919378859 0.7227080149617957 0.2978957428838263
419 0.3595328252000946 0.7305786878822954 0.2980315754257588
420 0.1928025920347412 0.6794757455478462 0.2741776718545983
421 0.2183396245311258 0.7060386260249112 0.2863200188684945
422 0.2233032935354726 0.6790913448062642 0.2734265194913154
423 0.5841187498613145 0.8841222600660671 0.3919044158279653
424 0.190350763558247 0.7130317816042759 0.2899509043115889
425 0.7654254086818119 0.2935028175238165 0.01851051710727749
426 0.1895102055621173 0.1817673491445405 0.01807252876348582
427 0.1757222449584722 0.147980875230878 0.00383598279203609
428 0.1516051393784607 0.1591455206861314 0.02002899895656966
429 0.48224105516912 0.5542061031223848 0.1956143062899884
430 0.467016966233287 0.5854850821345909 0.2145939155565285
431 0.4964098689938597 0.5805072561788407 0.2109766749516261
432 0.4899389024910074 0.2439587980991322 0.004547612416004629
433 0.7493267838112168 0.5336789447431665 0.1775618494707414
434 0.7281254848925807 0.50544508100537 0.1595988776708853
435 0.7057703765459653 0.5353571131114937 0.1793857360236734
436 0.7688045895040905 0.5022268174628545 0.1565531408649825
437 0.206444747282677 0.4051580015473002 0.1370865482724088
438 0.1750868803854243 0.4148974260558079 0.1479662405621772
439 0.2053599663474576 0.433933677596547 0.1523880628879864
440 0.4937832119611062 0.2781587692873286 0.02565012699983809
441 0.682445829831039 0.5866101933802291 0.2124887868990752
442 0.666291252571191 0.5560812891634193 0.1932489951902466
443 0.6514832323775572 0.5858545810488307 0.2122370208015195
444 0.5578584976878522 0.5773776548558596 0.2079413241560776
445 0.5902809738200202 0.6010110728382335 0.2221195560456094
446 0.04141160710718764 0.5660758605333561 0.2302572811463083
447 0.4397805801018771 0.7486745258490253 0.3086368658574246
448 0.1624442562749399 0.8676300697991829 0.3587310666915716
449 0.2769282537757839 0.2917866039408721 0.05943949917496579
450 0.3118209173288277 0.2671761086748674 0.03864440128990301
451 0.2718186383541303 0.2550541668355147 0.03866235185695684
452 0.6751492979070925 0.4827006571772185 0.1461797598809137
453 0.6606392396439613 0.456978882269736 0.130112955800024
454 0.6368581531473204 0.4830843947211515 0.1474613705896676
455 0.6512949832349113 0.6938992757255238 0.2798685630086094
456 0.636995973249562 0.674057908211098 0.2673525202273674
457 0.681471700303976 0.6944233699368456 0.2806761269180105
458 0.6188033084060582 0.6534933739419471 0.2544770315288548
459 0.6059778661190363 0.6832466626664551 0.2726659287300305
460 0.5882346053110921 0.6558034984770995 0.2557309619169675
461 0.9295361567224865 0.6548293248387034 0.2569276497981597
462 0.3522363847017552 0.8973286630376556 0.3842974200250229
463 0.3836093328036201 0.9114014248409464 0.3935227569939789
464 0.3797469719776122 0.8809269257904202 0.3776096415361276
465 0.6214134398190038 0.5859253147191906 0.2125206125633382
466 0.6335257523949422 0.6093606289013291 0.2270692709898132
467 0.9124326031728786 0.6815490136528306 0.2752127266626767
468 0.8918853552711752 0.6441740428358933 0.2497474483606904
469 0.06886545943189311 0.6242437580599519 0.2530451266994784
470 0.07090206923460331 0.5926441634743896 0.2398995840912908
471 0.06028060674488516 0.1547453693151917 0.05534778384542405
472 0.2087111505153819 0.7362677661433012 0.3007387255070984
473 0.2410107131188702 0.7294554221304558 0.2975115265645332
474 0.2568160888903263 0.7540354771646525 0.3095178558177318
475 0.708648227557541 0.4786768262404959 0.1426831007915924
476 0.6896613499231126 0.4602445491664064 0.1313187218086288
477 0.05269226136535358 0.1894000353132759 0.07269954137504284
478 0.08552008267654443 0.1748996127035505 0.0555074048717755
479 0.2857475340431703 0.754011214655445 0.3098431377600009
480 0.458664492415975 0.780908966245752 0.3271361591512657
481 0.4647064970621133 0.8187469792836055 0.3484213083976508
482 0.4991100014177349 0.8035804844492702 0.3412335239938081
483 0.4318897230083559 0.816454362953046 0.3459395383656165
484 0.2957426215479641 0.4883967327627126 0.1693825833073468
485 0.29621901692521 0.517240423303623 0.1852702069647661
486 0.3293477301121978 0.5068086505373987 0.1763120197910971
487 0.3206720957461318 0.5406853834978196 0.1960268796102564
488 0.2953285220061875 0.8082897463883301 0.3370406072965325
489 0.3089399002930767 0.7721725632817235 0.3192225016822388
490 0.2714932341865676 0.7813478133888183 0.3231286521239688
491 0.3346136856402409 0.7967072282815184 0.3322928626590271
492 0.2390224789290369 0.7855429324004691 0.3243263899071883
493 0.271991618709725 0.1922954592903641 0.001139385630340106
494 0.305765606871202 0.2127724626781993 0.00684996401165778
495 0.271643313289877 0.2245970027052647 0.02059674237895077
496 0.5264203909404916 0.3018344965523391 0.03814518824868077
497 0.5255192725935923 0.2615695650318103 0.0128556522693256
498 0.2953285056115597 0.2376185182941264 0.02364850461746935
499 0.2236570760027109 0.7615094612289665 0.3127800005443908
500 0.8900503915909235 0.3690800646481229 0.06220674974783001
501 0.927882211156619 0.3897809286300682 0.07418546227169528
502 0.9295409461457902 0.3559760867413235 0.05072149790719531
503 0.4975624915383967 0.9712139511314857 0.434239338331191
504 0.3130073189737744 0.6794541493153106 0.2713751147277391
505 0.2813282064447735 0.6699099738363012 0.2672662345646697
506 0.1621225223191411 0.7002519690036733 0.2842604903523343
507 0.1700921086504906 0.7424565393743963 0.3033304062452176
508 0.9464596690862486 0.9420983140056431 0.4549020770919409
509 0.1305742259860476 0.7196737409048588 0.2930183311298316
510 0.2771768343067481 0.6415263208234694 0.2527883416063615
511 0.2472512990859221 0.6610605563601682 0.2638361014217833
512 0.952504497750026 0.8005375512434649 0.3577012101060415
513 0.4721317251588059 0.9512340254266141 0.4212504184503578
514 0.6207980861834671 0.4526418863247273 0.128644083678292
515 0.5934295835767658 0.4835561489517886 0.1490012853671067
516 0.6156479145862193 0.5110306289163029 0.1656860040129792
517 0.650700212015523 0.424141027686966 0.1094129115908626
518 0.6051489645280229 0.423200548250493 0.1105777685519145
519 0.2454514996195557 0.6297470833863741 0.2481664855668212
520 0.6339086989031339 0.3928951696591756 0.0900571883585585
521 0.3061766273569746 0.4589891533759188 0.1516966073208759
522 0.274650053970353 0.4363239863254214 0.1428899844972192
523 0.2757398177216152 0.4625504920907676 0.1573266504626265
524 0.8176611452684583 0.7805848142433973 0.3395197271611395
525 0.7896956870033538 0.7801996554315236 0.3382555738598595
526 0.8517041732306259 0.3681409284603489 0.06377160114572111
527 0.8592179072213808 0.3340554016441388 0.04019009265176103
528 0.3663758915810397 0.4617185594463009 0.1471422154344631
529 0.3369195633657363 0.4785616386452569 0.1595682975322159
530 0.366464029455507 0.4952732387424934 0.1666726331782305
531 0.3689086389344944 0.7865227935109608 0.3278592919634882
532 0.3587327174660391 0.8167588360816203 0.3433566753040737
533 0.392236932430728 0.8163210380358165 0.3443207223957429
534 0.599317259359147 0.8082246794998016 0.3480354047315933
535 0.1824749828331277 0.3831905974653551 0.1303886202193267
536 0.7102486435889708 0.4146721608863659 0.1010507564750348
537 0.7052139458077173 0.3880808688402619 0.08390746889691283
538 0.6759077040527619 0.3980079538365644 0.09158190506329497
539 0.6576751091658459 0.3642766866268303 0.07058135179417693
540 0.6177149552489526 0.3569208833173703 0.06778978601594009
541 0.5871327641416241 0.3882430661033657 0.08921947026970881
542 0.2389462816436265 0.4539820461967566 0.1577447136664825
543 0.06012633680724654 0.8818969036710749 0.3583132374088848
544 0.7816758697488514 0.7172474793434752 0.2971891836347775
545 0.8235116516749474 0.7254737288978477 0.3034493401425483
546 0.8132891812457598 0.6930571308699047 0.2819311808510235
547 0.84105365625502 0.642139000997361 0.2483855489732453
548 0.8485209677269143 0.6985042657926623 0.2860387739036966
549 0.8565431514561395 0.727591443953972 0.3055939025520612
550 0.7977480530237047 0.7526842665020745 0.3206149851401524
551 0.09482322476171406 0.1412486649353967 0.03604978337279455
552 0.09992827479028021 0.107481306057995 0.01676154809421608
553 0.09137166039732453 0.7060636198915456 0.2870293960574068
554 0.06858808786419524 0.08215237571511078 0.01970472821676422
555 0.6235733883681328 0.8635301508999031 0.3822612815830705
556 0.6518768874743182 0.8792875266593199 0.3934019763535543
557 0.6610626814121211 0.8506775935046651 0.3766338953174074
558 0.6188760106219716 0.8947834761361793 0.4004770464357999
559 0.1219458409725246 0.1334043209471006 0.01954484749775434
560 0.1351989704581601 0.7654103824190588 0.3129332879910256
561 0.09482191612924791 0.7433514362577455 0.302747726769278
562 0.09871292348916902 0.7802278303915243 0.3183386117090883
563 0.5702302942101203 0.6853132987050384 0.2735395671526809
564 0.5566523244898179 0.6548004767087424 0.2550011157784238
565 0.5307511279591484 0.6835183980707883 0.2720814446560771
566 0.5171982114637894 0.654846046906978 0.2550294540210695
567 0.8699105952041064 0.5507032187086872 0.1866435390526832
568 0.8283557143806495 0.5490735412123086 0.1863589616386605
569 0.8484954393068516 0.5306188703858732 0.1735823421732084
570 0.3816058267347699 0.7554736595744893 0.3115764332730571
571 0.3437624714609784 0.7606067161705808 0.3137760592571866
572 0.2299748785336014 0.1850854167371033 0.007225089241112898
573 0.7338622031035056 0.3949665371709065 0.08721240201710778
574 0.4014196530964294 0.476469702579962 0.1531703238563848
575 0.404783712349698 0.5139524480044337 0.174987738431947
576 0.477658787628854 0.5172271672510436 0.1735803476683271
577 0.4787260114791643 0.4790401370567859 0.1504404414002135
578 0.4407424191217353 0.4973572674212178 0.1632828629736967
579 0.4125479747870134 0.7748664973296887 0.3226064974031779
580 0.1456108887786034 0.3844537258030021 0.1385208373577874
581 0.13923247770825 0.4148718386112005 0.1543723921661336
582 0.4509718430255538 0.8507036571544212 0.3654057942345666
583 0.4705023012924139 0.8731249051057384 0.378752258753027
584 0.4843883297494302 0.8419682621875437 0.3622091012472545
585 0.05946228718670531 0.7308689707363732 0.2969173056792042
586 0.1317808417499999 0.3172997066580722 0.1091214009026799
587 0.1550400415708082 0.3525076261993809 0.1207877169321168
588 0.1742610206035907 0.3258421870522198 0.1023461211773005
589 0.5077134204233973 0.7376393201456882 0.3035862469045611
590 0.8215210480253939 0.3545884803354679 0.05623067389254262
591 0.5089505603789409 0.4531369940914726 0.1332801041258325
592 0.4696455463342242 0.4423543558388972 0.1286331776237842
593 0.4353435265017762 0.4610513244040061 0.1418856837113788
594 0.4398940367615379 0.564958832086365 0.2033201817861569
595 0.4313325492556777 0.5955831176679032 0.2214739668086886
596 0.1594210788937411 0.2966072636553936 0.09130068623096509
597 0.5514857171205425 0.4764812817767959 0.1459755941604906
598 0.5420905397680683 0.4362598201122575 0.1213782500667673
599 0.4860612078000107 0.6745867170764245 0.2666898821493768
600 0.757118973733607 0.3437366377345472 0.0523349875305515
601 0.7511426974343069 0.3747035936986669 0.07308595728819434
602 0.7877408645345854 0.3720212489950993 0.06961986616780601
603 0.7204166243193604 0.362052307516885 0.06621649697779293
604 0.8247358141056378 0.3836561528490536 0.07561935045647644
605 0.5748508166027954 0.4490566461907239 0.1280527829831052
606 0.9161957900435924 0.5593834069683034 0.1915201547532408
607 0.2864946047504229 0.8425957426315627 0.3535491845742024
608 0.2740705371604708 0.8780896655255204 0.3700576723169212
609 0.3285501848950774 0.8382251098045626 0.3531966324961023
610 0.2302370924328509 0.4910872377095832 0.1785998030595211
611 0.199607373894174 0.4662434093440191 0.1700031062659736
612 0.1921583685307481 0.5064547891581654 0.1911582696833253
613 0.9731846834540475 0.9214121218944524 0.4426225930956332
614 0.1642454769572166 0.4825368203263866 0.1830016575527197
615 0.2632232019206814 0.5099178616271788 0.1846073408746313
616 0.260807046254613 0.4817010963921775 0.1697930862808191
617 0.3483631210877002 0.8630995339972563 0.3667314775641694
618 0.3295882865582901 0.237460733321029 0.01786769428906602
619 0.3146598938438515 0.8775695865011399 0.3720422572055021
620 0.8016043506932988 0.5661087952970217 0.1981035022728334
621 0.6489339134075071 0.9044915348689967 0.4083593487246645
622 0.672966055006573 0.8942657196646391 0.4038406145803478
623 0.788650950533915 0.46670726761643 0.1325249925981123
624 0.8160190484579286 0.4444509394751952 0.1167825540986499
625 0.7878081846912166 0.4297625890764427 0.108030623633631
626 0.8291378514882368 0.4702931594217257 0.1336561312152617
627 0.6857294763064837 0.4340093331977644 0.1145131260983715
628 0.9604514308667798 0.6815286961104068 0.2752991808918186
629 0.02615441441536379 0.9768319414456429 0.3934522368818157
630 0.7030374273850744 0.8950787464186108 0.4063681391130509
631 0.4375188402368133 0.3150436599898597 0.0530797744871628
632 0.4085777718775108 0.2882077417780782 0.03922220763710719
633 0.4822138811372828 0.308803578311347 0.04566106270056147
634 0.7117650393983498 0.9438411937267716 0.4369600632642331
635 0.7152169830779166 0.9186095957360564 0.4217363695538176
636 0.8477574014356654 0.896870397581069 0.4173682077229878
637 0.3371902829669963 0.6682792609876049 0.2649401444547675
638 0.3373757160717299 0.6984278992378686 0.281035393895287
639 0.3666723463170654 0.6763368069169995 0.2686409184615499
640 0.5172734980731308 0.4850080088120652 0.1524730040386966
641 0.5896322240328452 0.7138813506546372 0.2910785599801992
642 0.9366279778327686 0.3267408094100286 0.02994945440590032
643 0.9640124461826534 0.3421273827563828 0.0385745337056565
644 0.5437835100396563 0.7165679213166933 0.2918643500870775
645 0.5736755257088768 0.7452167254246027 0.3095610082354137
646 0.2035136034504818 0.270013448319635 0.06422949716532905
647 0.165442784177492 0.2669756872054548 0.0739113515908606
648 0.1929064589155075 0.298335095958186 0.08285723716466062
649 0.2191426684510676 0.9035561106684495 0.3783594086601518
650 0.1806900774017382 0.8983494499419362 0.373413626477884
651 0.5765064969999916 0.510803629483329 0.1664894371586585
652 0.1291800672854926 0.9740198684975879 0.401929342682374
653 0.1472290383538088 0.9529717016083448 0.3945811585220199
654 0.1957264654312175 0.7694950633474251 0.3159280533606061
655 0.80180283386831 0.6598561203313743 0.2599626313250866
656 0.06503853503136593 0.4329203284951452 0.1736361201342747
657 0.03490350357511942 0.3960773497372798 0.1620337001431766
658 0.02930190576034343 0.4326647692321836 0.1774131985003535
659 0.5422447051756172 0.4015696062755332 0.09975542914607982
660 0.5469118297848982 0.3646731630978522 0.07640477291576515
661 0.5091009206603516 0.3807374639649486 0.08859554087351372
662 0.0704320810302704 0.3991265295114582 0.158479621000755
663 0.03830163436600411 0.46837553129549 0.1909063473855878
664 0.6607512929885264 0.5159202143552253 0.1677954206721006
665 0.6931487516675445 0.5068365196156388 0.1612660737234987
666 0.1499957013705261 0.6158522347602277 0.2464295982218469
667 0.9637445881365375 0.8329457161615761 0.3805886466387716
668 0.9213636750540006 0.8261162355174305 0.3740408783018839
669 0.9429737040450743 0.858707579153247 0.3974038521931094
670 0.155634699290875 0.5166452584309166 0.2000749196434854
671 0.1828036981299161 0.5377760948486645 0.2074148778899075
672 0.7818425343398162 0.3195363235159946 0.03492955569958827
673 0.790148319468408 0.3455501825976909 0.05185117388458173
674 0.8180368528231893 0.3240676844124191 0.03589480284143484
675 0.7234585744705139 0.8030423853023078 0.3501945098557346
676 0.7448256368674662 0.8352782903180436 0.3715557819378918
677 0.6346394526581024 0.8295246031540586 0.3623844440683727
678 0.6684534082405951 0.8271960558053107 0.3627183139502342
679 0.6617057607435128 0.8043334910104749 0.3483363497099106
680 0.6318768974371478 0.8007031545138674 0.3449141684379737
681 0.7610789338950026 0.7653496785180161 0.3276686751433029
682 0.2723414838894127 0.6142303544671994 0.2389761879254093
683 0.3036157627349802 0.6240533991716168 0.2424229713121847
684 0.8428591705582102 0.4996095018109468 0.1528750707130984
685 0.8672181596496782 0.4708348766585685 0.132643551964708
686 0.4041550424234531 0.2361169851995661 0.007654369872405356
687 0.5246332891080412 0.8357889648416021 0.3606917848747132
688 0.03224022632522543 0.9491372624179488 0.3830671888618009
689 0.8776929003545076 0.4929115223538372 0.1472762571540931
690 0.9029964753410478 0.474200528819822 0.1335782808911005
691 0.9052273835809568 0.5040030956385269 0.1538899890344498
692 0.07276937006272224 0.8563010282014413 0.3487139911378328
693 0.05923631703629662 0.8251983803182046 0.3352638692522677
694 0.245059225700226 0.2113975799370526 0.01900824517955887
695 0.5893242235517842 0.7747137115193894 0.3276480552112104
696 0.6181237226686707 0.7808485349668473 0.3323242045301085
697 0.6514170036322959 0.7742312357525661 0.3295205547977457
698 0.3255373332162378 0.5676556369285941 0.2106373508923493
699 0.298694768825237 0.5649025895480086 0.2109610859912348
700 0.3372205177206005 0.4516897670115707 0.1440591060393106
701 0.2125163273371929 0.5558711814110959 0.2135079240721852
702 0.8238823861880916 0.416497737836802 0.097696605455243
703 0.8015489685593566 0.3996355122161876 0.0874039828000223
704 0.7691345047849572 0.401259266379003 0.08988587572032189
705 0.4408556087759129 0.6750284859205328 0.2670270861679761
706 0.3965169894919107 0.6517510856013113 0.2544184638447614
707 0.7692828886581617 0.5632543158435446 0.19661951353924
708 0.7374678824587038 0.5587570938630027 0.1940669920180808
709 0.7447681158942003 0.5890376040403659 0.2136738053609405
710 0.9701363573715277 0.5120919879578338 0.1569939462022579
711 0.8426988099118792 0.7970597815650411 0.3512635356308922
712 0.8526690225644611 0.8304738898509829 0.3738281020440464
713 0.8849400197099563 0.8070974767973891 0.3596220401897059
714 0.4048702172560045 0.6152680039344536 0.2335275292780356
715 0.6328505231215537 0.5365934696455387 0.1814299725722369
716 0.242022425348327 0.596731220826425 0.2318417720681885
717 0.2964851427403576 0.9359622522013871 0.3992560554482674
718 0.2965635122708772 0.9747023454957794 0.417693383711586
719 0.7377526727897735 0.6725759716427196 0.2676101962281593
720 0.5701898802584698 0.4195468538279502 0.1097176610224172
721 0.356091039623339 0.6447990427399806 0.2515915750313748
722 0.0624969549896395 0.5307920506493675 0.2145922199275507
723 0.5041911761807898 0.4176368570769123 0.1116705242618438
724 0.06260886791735309 0.4954479041120878 0.1999420009792994
725 0.7774018721670026 0.6398438090535455 0.2467108441605023
726 0.7649686127477143 0.6185765765548461 0.232804825126177
727 0.4724164998010241 0.3904547547692436 0.09678773251005267
728 0.4605977447394937 0.4150779737700692 0.1125902522960508
729 0.3636964832100051 0.5263178162208916 0.1847468766880447
730 0.3582365784612329 0.5593627580607372 0.203911016546974
731 0.402262239340565 0.54956401565629 0.1958885213044934
732 0.43930882180276 0.6341020380366057 0.2435226178591388
733 0.7193398006316731 0.3276288178122492 0.0436764070292116
734 0.7504355668803712 0.3163845729039107 0.03458387576257086
735 0.6867980319566029 0.3104517199018739 0.03416538479881151
736 0.685043439748092 0.3417110782492596 0.05463835104086551
737 0.6451210511535065 0.3269051126616873 0.04711177085183103
738 0.7148007559238947 0.6968303031597548 0.2827845460209527
739 0.9391233847813749 0.4605967222940316 0.1225850513200378
740 0.9357918850451135 0.4921855624791615 0.1446085382422821
741 0.9637677671773014 0.4820824744751451 0.1363325035555523
742 0.9561676537592416 0.5807514831878536 0.205320456360866
743 0.3442123027017393 0.2861623914950721 0.04531747334053572
744 0.3455348133682023 0.2600686032511058 0.02936245080379529
745 0.4842288427631574 0.6375218227329454 0.2449811280401741
746 0.4951479519428599 0.6060823269182481 0.2262171590128234
747 0.5288863999646463 0.5916134182898642 0.2170443216784605
748 0.1125452021850646 0.3525912792992704 0.1303092941404367
749 0.07972678342863337 0.4704385646362831 0.18774313679679
750 0.6916660129913379 0.8108169523848985 0.353688937823941
751 0.5996093924301398 0.3235497262858857 0.0474342252942981
752 0.5832309941761488 0.3513166091509258 0.06601584595720494
753 0.2599376458922012 0.9142613853557655 0.3861741660572861
754 0.2933520559397393 0.9053321625295243 0.3842459685977365
755 0.4815420498371767 0.9256150980126998 0.4081793935607473
756 0.4771544040556018 0.8972735971418426 0.3923667692010775
757 0.4489392361997775 0.9222884621878951 0.403914712294634
758 0.1086806313165059 0.3883805974279785 0.1475717411820711
759 0.02527769221241942 0.3366862178892672 0.1394165364162709
760 0.02277440365963455 0.3617665281529208 0.1497252007379456
761 0.2099375460393332 0.238452374942564 0.04451193188709131
762 0.1842708993057607 0.2104277711307712 0.03663161771899745
763 0.1751305107071132 0.2353674299944544 0.05368674683009966
764 0.5564930547083262 0.2728654696326277 0.01782980654042257
765 0.4899551679510168 0.7670753139257938 0.3201342153722181
766 0.5221618515819937 0.771209757076138 0.3234538115164317
767 0.8547800578490425 0.4391870699657338 0.111717425500047
768 0.8881906823096821 0.4236976008470609 0.09970637796250792
769 0.8611597095030686 0.4016613699855852 0.08599669220054074
770 0.5385630788023439 0.8003297019051929 0.3409274433805841
771 0.2162094031094587 0.2110749662836177 0.02664236354579541
772 0.5753171940238638 0.2968957360070992 0.03189320302719432
773 0.5090330189512157 0.8700558502239726 0.3792629085411298
774 0.8421346518168792 0.7584060312856152 0.3256888368721443
775 0.880038559199494 0.7441659282729669 0.3171892771036228
776 0.7892880186421256 0.5365609296396037 0.1787639685521356
777 0.02529925623176713 0.6716535688742368 0.2727889528729661
778 0.104200132570896 0.4180145734484934 0.1615713955002505
779 0.1278255049391755 0.4429593479645906 0.1693109335314946
780 0.6930447494492336 0.7178661342693989 0.2956602804252014
781 0.687136651049153 0.7497995420474057 0.3155250253917347
782 0.6559403112206094 0.7503707213451317 0.3149513763101523
783 0.2407901986815872 0.2383023498527533 0.0360189044590677
784 0.2380486949825218 0.2670103180467042 0.05341388164197829
785 0.6915667410482716 0.7838696888033891 0.3369231954336913
786 0.8982654014134317 0.4017619998420477 0.08412616586669003
787 0.8435246416296207 0.298697641619663 0.01718772092470014
788 0.5920889639049676 0.57182650046113 0.2040667709661895
789 0.6212852501708115 0.2887676461919938 0.02387299042560541
790 0.02955786057207493 0.8796684701264064 0.3553422237895864
791 0.1496026861332064 0.1948426044926132 0.04056593687348382
792 0.1367218138943245 0.2331011744443942 0.06553487667265455
793 0.4422344541740464 0.5329352336491765 0.1843615314007405
794 0.830948558596275 0.6679489660998056 0.2655330330559996
795 0.6088041219080712 0.6309041859605928 0.2404935500099729
796 0.8224303455112738 0.8473822161749316 0.3834244049631168
797 0.7961680717519011 0.8591537150584807 0.3895972633558427
798 0.3897765562491304 0.5848387757415519 0.2167698312472003
799 0.7605162557120015 0.8632356290230572 0.390168401731384
800 0.7462234423177052 0.9247889387120518 0.4279109147063744
801 0.7452374639431374 0.8966533165756104 0.4102360697692696
802 0.9140476220079981 0.7887483375585014 0.3483140490496576
803 0.8190850048793926 0.8742561669782269 0.400744786515414
804 0.9610345236279113 0.5482816625041985 0.1825781462049831
805 0.930992988434614 0.5247415236640129 0.1672603658668832
806 0.2974439787687597 0.3201885299257456 0.07261478758508484
807 0.3677460713697637 0.2407380698269167 0.01468477363440372
808 0.07435983083820681 0.5615600978855152 0.2267307769247348
809 0.8665976090415499 0.6728854914123432 0.2690760699381506
810 0.8836591818329157 0.7084954142531884 0.2932319455702058
811 0.7367729666908669 0.9550872768401016 0.4460307904222903
812 0.09572912432316004 0.2456186507323423 0.08507312255382476
813 0.1054873795130935 0.2848728221491437 0.100645384262448
814 0.1323308171724722 0.2741595364834639 0.08774729687718349
815 0.8667369481289458 0.9770095118499046 0.4715367469281567
816 0.5100635706438436 0.3413739292004979 0.06398645599163244
817 0.4640678951011202 0.3399321472448321 0.06626271688690165
818 0.5153613877238166 0.5345717011922029 0.1827876807559403
819 0.0287141503271637 0.7095847309700485 0.2878944164665205
820 0.4626067648328671 0.6125341684755199 0.2305909076429182
821 0.3279507511945878 0.3304009494988743 0.07403036686445211
822 0.3539551441860097 0.3156080106079708 0.06184575851234343
823 0.2734392668420103 0.4018658591610628 0.1236983691351048
824 0.2280453481074655 0.3834232031832493 0.121418202188472
825 0.5693598219486515 0.7960546645872912 0.3395610966520984
826 0.5572140639365144 0.7711588855236395 0.3244817627620929
827 0.7328521875648819 0.7294520118783763 0.3039321701003486
828 0.7233845031311532 0.7687642659551039 0.3286175870961915
829 0.09407645008100156 0.8077416989815825 0.3297067381479776
830 0.4681558530462567 0.9775799219695057 0.4349526338489588
831 0.09870655502270795 0.446790601262215 0.1751323457826776
832 0.3967166996555263 0.4440073847544609 0.1343194351064904
833 0.398221889444952 0.4125857705605537 0.1154571977012775
834 0.858908717369791 0.8632007097262443 0.3958833209758091
835 0.1110243761218522 0.2031099399723706 0.0595708418492592
836 0.1187651443031366 0.1661241154407572 0.03802575928106192
837 0.9393819492695054 0.7087472193751228 0.2940487484145079
838 0.9172238994622789 0.7330814041328589 0.3104371324155209
839 0.02228292209835269 0.1842190269903544 0.07871563491503739
840 0.02761615042541031 0.159137204609858 0.06717880816127719
841 0.9038456748463095 0.7616427427786042 0.3295851999156553
842 0.9269860348871084 0.4239746208859108 0.09789989406810669
843 0.9649122737258714 0.4336922809369219 0.1024926676347516
844 0.5413045906184942 0.5109299568529235 0.167574784646998
845 0.5594019033545523 0.5454498917257581 0.1883247235453013
846 0.2390145707882058 0.4187782806736278 0.1386636773014928
847 0.5560830514616666 0.3293372815204603 0.05361604687724791
848 0.3756682834659604 0.2979287281522766 0.04863629954982714
849 0.372838356951224 0.2719491481522764 0.03318462849655342
850 0.7270925548214905 0.2954782085003068 0.02206650274189139
851 0.3948708637585199 0.2586062602773311 0.02249788082380213
852 0.431184217280643 0.3962937802700713 0.1031521227229454
853 0.4301646287262808 0.4276425729948458 0.1221392484074984
854 0.3146340435713141 0.6490726945216622 0.2553559944625224
855 0.4489274994623911 0.3684919461321534 0.08491109308137765
856 0.4255151477054095 0.3410014345489477 0.06996269479017075
857 0.4124012152653599 0.857799650739416 0.3672695565893832
858 0.4454665400460371 0.8833764070796357 0.3828154143387275
859 0.4129329480537405 0.8988656248938163 0.3890116844750885
860 0.2333816319848829 0.2994391873947625 0.07325250870737929
861 0.2139965066403465 0.3269842575059509 0.09326606022999059
862 0.08144077768392301 0.369304779052179 0.1437770724617604
863 0.05215290365019284 0.3594383689847783 0.1446070146521997
864 0.8827747040606084 0.8372408100762314 0.3798054455103541
865 0.8965561454960501 0.4486706921365258 0.1163739909795207
866 0.6263185703745915 0.926585600415027 0.4198102530763157
867 0.02982515151160513 0.2307938668394894 0.09591425717266205
868 0.17597178683282 0.9513195202732929 0.3963370835841242
869 0.1648528612839866 0.4465105728145686 0.1654061259117836
870 0.1938315713226353 0.3554838323053545 0.113448769753157
871 0.08075813542653847 0.2062883287598163 0.07179101188470828
872 0.05855569370427382 0.2214375776871294 0.08502221222968753
873 0.1570739870046231 0.927680089545578 0.384516288637845
874 0.4599093754449515 0.6550328266902068 0.2554376208486573
875 0.07545367121389546 0.3403783340379442 0.1323941897219443
876 0.7473514334847349 0.4296153012751215 0.1094425103443835
877 0.4805212080229628 0.3646398058991843 0.08039191806639912
878 0.09066665824733797 0.3143789461530351 0.1177456003724957
879 0.9717286121825239 0.7081413557118195 0.2938859024800223
880 0.5924479834289595 0.2652380548068335 0.01056301425085925
881 0.3697347765700659 0.8454196848464366 0.3586937287599435
882 0.7463683734587681 0.4686604602947186 0.1351118466012409
883 0.5060475113271934 0.5053605777796678 0.1653245993547668
884 0.7162174817954228 0.4483397435799402 0.1227579331242746
885 0.9120525134192914 0.7057663167950931 0.2917221294176904
886 0.5231970421611831 0.5640847901021689 0.2005234714178364
887 0.06002300939515148 0.2499708656555973 0.09681126811248296
888 0.6883298804598654 0.3693086653994848 0.07242262961230152
889 0.8772995655009765 0.7769862569313974 0.3391677886336132
890 0.2607104354442589 0.8130447108394026 0.3381941576991648
891 0.4079828218410584 0.9376239923367871 0.4088450860224795
892 0.7439807777140041 0.7823609775203413 0.3379680884452276
893 0.8755443243954009 0.5207364969074362 0.1662341116986618
894 0.818667211282822 0.5233326849784301 0.1694119847795939
895 0.5984914255840015 0.5386393663797318 0.1833276924406703
896 0.625405558063735 0.5612900015116147 0.19703750449458
897 0.9015658431122611 0.5341873862380048 0.1746597177178151
898 0.3189174255181534 0.3015188376408269 0.05807974886140632
899 0.324240225014966 0.9178738637583409 0.3925633759543854
900 0.5400364740752388 0.7477959739370592 0.3102424762907552
901 0.8059434098703946 0.4999511485708507 0.1541248349081537
902 0.3537756984919217 0.9821382691914018 0.4265882907657541
903 0.2541736946883248 0.6967300104447097 0.2814396247213153
904 0.7692398956689576 0.7417066819945766 0.3127378812235048
905 0.7074406009188428 0.5710796271361501 0.2023654608766257
906 0.6600502883760961 0.2910321791132114 0.02304346429948401
907 0.4141904415950393 0.5716103351262884 0.2081211750531853
908 0.9737893116861491 0.4609959177570784 0.1210674909915764
909 0.2311108049553551 0.3529821609967205 0.1040582180520893
910 0.7684830922213252 0.449474029048168 0.1217856259390202
911 0.4017790405849536 0.3875580215172301 0.1002184368997372
912 0.03341031019234102 0.2070286180285776 0.08519649797236517
913 0.1417426954664562 0.09907123481374072 0.008371831140515963
914 0.1454589377072906 0.05959376448511186 0.01076654229305362
915 0.1063805927943257 0.06977294723908649 0.01145009056917837
916 0.1806039985566531 0.07782494696258672 0.009250380453445464
917 0.9131365707431593 0.1708570730798771 0.0180869934006467
918 0.9245601231607676 0.1287459850773194 0.01860049926917525
919 0.8882767193377452 0.1466589411646849 0.01769326240587834
920 0.8519685685501605 0.1391025998134411 0.01695331686982295
921 0.8862366938833292 0.1123549412297539 0.01800062297933786
922 0.8733335951782675 0.1732863944038817 0.01707511763115555
923 0.4312763658801716 0.06258706757326361 0.01170363444465278
924 0.464136247003869 0.03522557673511977 0.0141563402522601
925 0.4270338155616235 0.03182400619995828 0.01391941622413698
926 0.296869904540653 0.08919434783925433 0.0082675647866794
927 0.2597801571677462 0.06838936274858794 0.009714231080071198
928 0.2574409218658393 0.1099769619746289 0.006428539325970767
929 0.3006624284878679 0.05375748088520375 0.01095740450407023
930 0.05215583288489217 0.02414283262640972 0.01346073823686581
931 0.0259362325593414 0.02045967339195977 0.01457492089402211
932 0.9646393077349633 0.2418626797450124 0.01909178333278031
933 0.9726650745470036 0.2734216286592942 0.01926108602114453
934 0.7312032125044706 0.1581378411873462 0.01352950386853981
935 0.7723403253494131 0.1560062693115312 0.01467698638414562
936 0.749459961727668 0.1217003111101067 0.01490681379504939
937 0.8228426057409075 0.2594918426510565 0.01465770901550945
938 0.7859542944315185 0.2653277056784638 0.01330692747865823
939 0.5818548212046105 0.1136389823585002 0.01133656855900503
940 0.5885666014390599 0.07426818217053502 0.01347260963037502
941 0.554780480422581 0.08766115480056909 0.01211713993534018
942 0.5601428469049348 0.04409136867908191 0.01488160050563207
943 0.9687750005410296 0.05673327347697929 0.01966421050036162
944 0.9199353065573169 0.3035401513107575 0.01757213121051743
945 0.7329210398966339 0.09189295096695443 0.01542068839172354
946 0.7675160502193558 0.08854324739657383 0.01617574374967216
947 0.7465011673649998 0.06265413768420151 0.01662827981727857
948 0.4821223097435206 0.1081630717065216 0.009471720008085103
949 0.4677389479488714 0.07484902503171405 0.01140245632972699
950 0.4399459974041595 0.1115373627307047 0.008475554801414886
951 0.8932437716091024 0.2046012317560092 0.01733787043368903
952 0.8575017849981261 0.202850296961711 0.01634582380986028
953 0.8778391619186905 0.2364829845372069 0.01663165971284625
954 0.3974501293769227 0.08231566852881268 0.009817847518171399
955 0.3940075802903521 0.117232801746333 0.007323434984058231
956 0.4080600865248269 0.1477050699562245 0.005552713652017885
957 0.1073394287960905 0.03315331425925022 0.01166820799924764
958 0.0749062790753177 0.04380465604729472 0.01271288207502214
959 0.1756876744065269 0.03542802351982383 0.01143332559361809
960 0.2029228970554799 0.05405575516536411 0.01064716556739514
961 0.2924504648256961 0.127598212359745 0.005196889482430724
962 0.3310894536738245 0.1119834625455462 0.006787826356606805
963 0.3347806365151324 0.074903684540018 0.009660922583785994
964 0.1872697891262568 0.1163439275100906 0.006096331682926486
965 0.2210565116210341 0.08317134539860581 0.008568147935059223
966 0.4482996752458963 0.2269121806501266 0.002556628948323823
967 0.4867910496689298 0.2070989177641378 0.004601547326500672
968 0.4568053669580026 0.1903327771719934 0.00445313785452753
969 0.4799857944960241 0.1703502825505019 0.006077175817047954
970 0.7050256111156896 0.06949623603501974 0.01571964835244453
971 0.5230446802248622 0.2235702180601022 0.005115999798155749
972 0.3232772998094555 0.1471759212505732 0.004059256715171941
973 0.3639797581551444 0.1376535209539318 0.00535619313321291
974 0.3144616432994723 0.1799653644636856 0.001628563554570267
975 0.9402339979271774 0.2716508701215311 0.01831899239223597
976 0.961577724351123 0.3069058467116304 0.018875846554139
977 0.5058213661395924 0.1418490864920435 0.008157687748039343
978 0.5177096575293757 0.1018019624822381 0.01056449778504853
979 0.5140402612069073 0.1846478630176275 0.006372125156844474
980 0.6650828218743534 0.07973408784897043 0.01458249183325565
981 0.6597713031769351 0.1240718287368509 0.01270247844030764
982 0.6958803643719977 0.1060764477635745 0.01419293197955052
983 0.694138059124713 0.1461297358432635 0.01285718636195485
984 0.2571695708500616 0.1510139557562075 0.003081781178771913
985 0.2201125782298328 0.02376272121221153 0.01200000419742178
986 0.6616360619942793 0.1704303572292314 0.01122970389672664
987 0.6675007707563428 0.204955360135157 0.01044328698224547
988 0.6959506998821323 0.1846253904366949 0.01185883131456829
989 0.6248430903131789 0.1890857513750794 0.009558675937510547
990 0.5250826188483498 0.06248546025369845 0.01313607887179711
991 0.5455934705790819 0.1281381360163389 0.009803799973880548
992 0.6291539669255147 0.1487003502403361 0.01108528132298595
993 0.3482397414346011 0.1643445137494374 0.003317702927843297
994 0.3807505000321615 0.1769157007453963 0.003186234808986919
995 0.7873098998227572 0.1226957979619266 0.01577105936097761
996 0.8226909875571802 0.1213589546195644 0.01656166132754628
997 0.8042894259841087 0.08699919542535425 0.01691999215266532
998 0.8111858850653172 0.1509788357243941 0.01578835194527006
999 0.233740554874497 0.04978855205767332 0.01088853515749739
1000 0.4076891713595248 0.2078340784849961 0.002216154245855492
1001 0.4245852211552649 0.1846270693040227 0.003855884287696601
1002 0.9726604803310137 0.2025066082432903 0.01937730877569425
1003 0.9487129802367825 0.2149697671598239 0.0187521468717679
1004 0.9681886417951515 0.1308622694049281 0.01944009687091744
1005 0.4707451470451358 0.1379464882144175 0.00753712925806023
1006 0.4465910307411551 0.1571351846164566 0.005872099634610578
1007 0.9582709880452638 0.09444636544264821 0.01937217135740461
1008 0.7843137020597488 0.227435429352352 0.01381131988315975
1009 0.7993182888902062 0.1871526455347283 0.01486977839421138
1010 0.7602029001123178 0.1901455159664789 0.01368355294987172
1011 0.8337605718302694 0.2217864336654336 0.01542823551276457
1012 0.2655674061059312 0.0308788782182971 0.01206881626446117
1013 0.6765655114861153 0.2416206649575079 0.009881189365922308
1014 0.6366914654637776 0.221108888368003 0.009005525265855361
1015 0.650957453204411 0.2614906138559414 0.008517401624436842
1016 0.6025890693786675 0.1374813077361598 0.01079279160331215
1017 0.6031575346393439 0.1642379015964706 0.009746694229141008
1018 0.5754127239824858 0.1510216139767535 0.009517119818638346
1019 0.9152301172104038 0.08982096628142597 0.01872341383262187
1020 0.4969221702647607 0.07973047230970615 0.01154644564099218
1021 0.4925000074091042 0.05160705176965415 0.01338583519725325
1022 0.7791468698739633 0.05612029056987489 0.01733916602436626
1023 0.21083113577947 0.1507143478598414 0.002945324852836209
1024 0.3806450252446719 0.2141415570558437 0.001147715065039984
1025 0.2275048192163227 0.1234061696074528 0.005278646791829675
1026 0.1396732657920892 0.0263311924398526 0.01140871217629728
1027 0.8599939622218744 0.2648006881537939 0.01583604634278349
1028 0.9361589964954546 0.06709056516270694 0.01920929053551457
1029 0.3418747486456488 0.03634918906374602 0.01250768910595633
1030 0.5810627793866401 0.191149547422282 0.008140118437448305
1031 0.5639032691066896 0.2343818791886085 0.006132902505406385
1032 0.6040438771279399 0.2268321286998528 0.007734824376706811
1033 0.3072608319323037 0.02463916705055528 0.01291278691429501
1034 0.9245719617332571 0.2042186453551628 0.01816806157573479
1035 0.9492554703683206 0.1860975545533689 0.0188525892934412
1036 0.7175292561858458 0.124086418628438 0.01411580175514003
1037 0.8996747615819244 0.2691009132207858 0.01709277281681672
1038 0.973657240105292 0.1669452134958717 0.01945167577968898
1039 0.9386447946623135 0.155217455422384 0.01875062474620908
1040 0.3462552977688259 0.2026864862209646 0.000888287568881648
1041 0.8326631987906484 0.178141777581723 0.01593643584893747
1042 0.5444280585356807 0.1657490318377117 0.008043370965848139
1043 0.5445393379341732 0.1993859883745717 0.006694453133802613
1044 0.9100607782071513 0.05343362101175692 0.0190021636867933
1045 0.3653345521253273 0.06302265563955958 0.01087142910575902
1046 0.3916026405328502 0.03959845132279851 0.01288700612067983
1047 0.8469604497549212 0.1004089474407406 0.01743499223443676
1048 0.8780099663910435 0.07580693203043466 0.01831461356488237
1049 0.9209489290760695 0.236561945149488 0.01790261241969048
1050 0.7482470185901328 0.2563412809049886 0.0121187109026291
1051 0.6259114732042089 0.06329815755023066 0.01473139588662583
1052 0.6232469889396042 0.1067226517078848 0.01258426126871281
1053 0.6211446492183013 0.2542954291169018 0.007610587963197082
1054 0.154523078505961 0.12895299696594 0.00536910451120376
1055 0.7445929751156852 0.2203143132703725 0.01262997569123866
1056 0.7085396837027944 0.2299467504921184 0.01124145562643661
1057 0.7266902176560354 0.1973504383664391 0.01252389612202451
1058 0.3622921548802528 0.09794113732318378 0.008200378788710869
1059 0.2914329653342252 0.1593042802242406 0.002738777886084059
1060 0.6896732960263687 0.2724405709440493 0.009714428046246172
1061 0.7185703582549966 0.2637588129815452 0.01093357235743356
1062 0.8423314380769513 0.05902122883090549 0.01810375005529117
1063 0.976443790920834 0.02406735887044019 0.009697605922610861
1064 0.9451578084633223 0.03276013989761227 0.01335227612354443
1065 0.7229552667457976 0.03073901611387162 0.01360733793553152
1066 0.7574567318846587 0.02743251667110297 0.01196793200963902
1067 0.7863308806529083 0.02540711305737371 0.01095565243323931
1068 0.8716539203096429 0.03531352382506765 0.01473211907510784
1069 0.8399124290515221 0.02481395380270649 0.01046666699973358
1070 0.5318252944090378 0.02694768355999547 0.013230163460326
1071 0.9070451721067405 0.02252551213560593 0.009280063095728085
1072 0.5014189498302256 0.0262334453596115 0.01312556518531881
1073 0.6023024475538401 0.03204416784737065 0.01507450950279634
1074 0.5750554444342345 0.02023562818333653 0.009717990130674852
1075 0.6483015921244945 0.03130056483472855 0.01435825613942766
1076 0.6867776863602437 0.03695240230154176 0.01663410276008261
1077 0.8114734194119566 0.04094557835006402 0.01746519540048146
$EndNodes
$Elements
1983
1 1 2 3 1 1 9
2 1 2 3 1 9 10
3 1 2 3 1 10 11
4 1 2 3 1 11 12
5 1 2 3 1 12 13
6 1 2 3 1 13 14
7 1 2 3 1 14 15
8 1 2 3 1 15 16
9 1 2 3 1 16 17
10 1 2 3 1 17 18
11 1 2 3 1 18 19
12 1 2 3 1 19 20
13 1 2 3 1 20 21
14 1 2 3 1 21 22
15 1 2 3 1 22 23
16 1 2 3 1 23 24
17 1 2 3 1 24 25
18 1 2 3 1 25 26
19 1 2 3 1 26 27
20 1 2 3 1 27 28
21 1 2 3 1 28 29
22 1 2 3 1 29 30
23 1 2 3 1 30 31
24 1 2 3 1 31 32
25 1 2 3 1 32 33
26 1 2 3 1 33 34
27 1 2 3 1 34 2
28 1 2 3 2 2 35
29 1 2 3 2 35 7
30 1 2 2 3 7 36
31 1 2 2 3 36 37
32 1 2 2 3 37 38
33 1 2 2 3 38 39
34 1 2 2 3 39 40
35 1 2 2 3 40 41
36 1 2 2 3 41 42
37 1 2 2 3 42 8
38 1 2 1 4 8 43
39 1 2 1 4 43 44
40 1 2 1 4 44 45
41 1 2 1 4 45 46
42 1 2 1 4 46 47
43 1 2 1 4 47 48
44 1 2 1 4 48 49
45 1 2 1 4 49 50
46 1 2 1 4 50 51
47 1 2 1 4 51 52
48 1 2 1 4 52 53
49 1 2 1 4 53 54
50 1 2 1 4 54 55
51 1 2 1 4 55 56
52 1 2 1 4 56 57
53 1 2 1 4 57 58
54 1 2 1 4 58 59
55 1 2 1 4 59 60
56 1 2 1 4 60 61
57 1 2 1 4 61 62
58 1 2 1 4 62 63
59 1 2 1 4 63 3
60 1 2 1 5 3 64
61 1 2 1 5 64 65
62 1 2 1 5 65 66
63 1 2 1 5 66 67
64 1 2 1 5 67 68
65 1 2 1 5 68 69
66 1 2 1 5 69 70
67 1 2 1 5 70 71
68 1 2 1 5 71 72
69 1 2 1 5 72 73
70 1 2 1 5 73 74
71 1 2 1 5 74 75
72 1 2 1 5 75 76
73 1 2 1 5 76 77
74 1 2 1 5 77 78
75 1 2 1 5 78 79
76 1 2 1 5 79 80
77 1 2 1 5 80 81
78 1 2 1 5 81 82
79 1 2 1 5 82 83
80 1 2 1 5 83 84
81 1 2 1 5 84 85
82 1 2 1 5 85 86
83 1 2 1 5 86 87
84 1 2 1 5 87 88
85 1 2 1 5 88 89
86 1 2 1 5 89 4
87 1 2 1 6 4 90
88 1 2 1 6 90 91
89 1 2 1 6 91 92
90 1 2 1 6 92 93
91 1 2 1 6 93 94
92 1 2 1 6 94 95
93 1 2 1 6 95 96
94 1 2 1 6 96 97
95 1 2 1 6 97 98
96 1 2 1 6 98 99
97 1 2 1 6 99 100
98 1 2 1 6 100 101
99 1 2 1 6 101 102
100 1 2 1 6 102 103
101 1 2 1 6 103 104
102 1 2 1 6 104 105
103 1 2 1 6 105 106
104 1 2 1 6 106 107
105 1 2 1 6 107 108
106 1 2 1 6 108 109
107 1 2 1 6 109 110
108 1 2 1 6 110 111
109 1 2 1 6 111 112
110 1 2 1 6 112 113
111 1 2 1 6 113 114
112 1 2 1 6 114 115
113 1 2 1 6 115 116
114 1 2 1 6 116 6
115 1 2 2 7 6 5
116 1 2 3 8 5 1
117 1 2 1 9 6 117
118 1 2 1 9 117 118
119 1 2 1 9 118 119
120 1 2 1 9 119 120
121 1 2 1 9 120 121
122 1 2 1 9 121 122
123 1 2 1 9 122 123
124 1 2 1 9 123 124
125 1 2 1 9 124 125
126 1 2 1 9 125 126
127 1 2 1 9 126 127
128 1 2 1 9 127 128
129 1 2 1 9 128 129
130 1 2 1 9 129 130
131 1 2 1 9 130 131
132 1 2 1 9 131 132
133 1 2 1 9 132 133
134 1 2 1 9 133 134
135 1 2 1 9 134 135
136 1 2 1 9 135 136
137 1 2 1 9 136 137
138 1 2 1 9 137 138
139 1 2 1 9 138 139
140 1 2 1 9 139 140
141 1 2 1 9 140 141
142 1 2 1 9 141 142
143 1 2 1 9 142 143
144 1 2 1 9 143 8
145 1 2 2 10 5 144
146 1 2 2 10 144 145
147 1 2 2 10 145 146
148 1 2 2 10 146 147
149 1 2 2 10 147 148
150 1 2 2 10 148 149
151 1 2 2 10 149 150
152 1 2 2 10 150 151
153 1 2 2 10 151 152
154 1 2 2 10 152 153
155 1 2 2 10 153 154
156 1 2 2 10 154 155
157 1 2 2 10 155 156
158 1 2 2 10 156 157
159 1 2 2 10 157 158
160 1 2 2 10 158 159
161 1 2 2 10 159 160
162 1 2 2 10 160 161
163 1 2 2 10 161 162
164 1 2 2 10 162 163
165 1 2 2 10 163 164
166 1 2 2 10 164 165
167 1 2 2 10 165 166
168 1 2 2 10 166 167
169 1 2 2 10 167 168
170 1 2 2 10 168 169
171 1 2 2 10 169 7
172 2 2 5 1 228 229 230
173 2 2 5 1 231 232 233
174 2 2 5 1 228 192 229
175 2 2 5 1 234 235 236
176 2 2 5 1 237 238 239
177 2 2 5 1 240 241 242
178 2 2 5 1 243 244 245
179 2 2 5 1 246 247 248
180 2 2 5 1 246 249 247
181 2 2 5 1 241 250 242
182 2 2 5 1 251 252 253
183 2 2 5 1 252 254 253
184 2 2 5 1 251 255 256
185 2 2 5 1 255 88 256
186 2 2 5 1 243 257 244
187 2 2 5 1 258 259 260
188 2 2 5 1 261 262 78
189 2 2 5 1 263 264 265
190 2 2 5 1 263 266 264
191 2 2 5 1 267 268 269
192 2 2 5 1 267 202 268
193 2 2 5 1 234 270 235
194 2 2 5 1 86 85 271
195 2 2 5 1 272 71 273
196 2 2 5 1 274 275 276
197 2 2 5 1 272 72 71
198 2 2 5 1 277 278 279
199 2 2 5 1 217 280 281
200 2 2 5 1 282 283 284
201 2 2 5 1 217 218 280
202 2 2 5 1 285 286 287
203 2 2 5 1 288 289 290
204 2 2 5 1 262 79 78
205 2 2 5 1 291 292 272
206 2 2 5 1 293 294 295
207 2 2 5 1 294 296 295
208 2 2 5 1 286 297 287
209 2 2 5 1 298 299 300
210 2 2 5 1 301 302 65
211 2 2 5 1 302 66 65
212 2 2 5 1 277 237 278
213 2 2 5 1 304 305 280
214 2 2 5 1 193 192 228
215 2 2 5 1 306 307 301
216 2 2 5 1 306 199 307
217 2 2 5 1 308 309 310
218 2 2 5 1 84 274 311
219 2 2 5 1 84 83 274
220 2 2 5 1 312 302 313
221 2 2 5 1 314 315 316
222 2 2 5 1 317 298 318
223 2 2 5 1 248 319 320
224 2 2 5 1 321 322 323
225 2 2 5 1 321 324 322
226 2 2 5 1 319 312 320
227 2 2 5 1 196 325 323
228 2 2 5 1 196 195 325
229 2 2 5 1 317 299 298
230 2 2 5 1 225 226 326
231 2 2 5 1 296 69 295
232 2 2 5 1 296 70 69
233 2 2 5 1 327 328 318
234 2 2 5 1 327 329 328
235 2 2 5 1 331 332 333
236 2 2 5 1 332 334 333
237 2 2 5 1 335 331 336
238 2 2 5 1 295 68 337
239 2 2 5 1 295 69 68
240 2 2 5 1 338 944 339
241 2 2 5 1 340 341 342
242 2 2 5 1 341 343 342
243 2 2 5 1 344 345 321
244 2 2 5 1 85 311 271
245 2 2 5 1 85 84 311
246 2 2 5 1 288 346 289
247 2 2 5 1 288 73 346
248 2 2 5 1 292 289 346
249 2 2 5 1 256 88 87
250 2 2 5 1 347 348 349
251 2 2 5 1 180 350 351
252 2 2 5 1 180 179 350
253 2 2 5 1 276 311 274
254 2 2 5 1 276 352 311
255 2 2 5 1 296 273 70
256 2 2 5 1 273 71 70
257 2 2 5 1 353 354 355
258 2 2 5 1 356 357 358
259 2 2 5 1 356 359 357
260 2 2 5 1 360 232 361
261 2 2 5 1 362 363 364
262 2 2 5 1 360 361 365
263 2 2 5 1 366 367 368
264 2 2 5 1 354 369 355
265 2 2 5 1 370 371 372
266 2 2 5 1 370 373 371
267 2 2 5 1 374 375 376
268 2 2 5 1 375 377 376
269 2 2 5 1 378 379 380
270 2 2 5 1 378 381 379
271 2 2 5 1 382 383 384
272 2 2 5 1 214 385 386
273 2 2 5 1 387 388 389
274 2 2 5 1 387 390 388
275 2 2 5 1 391 223 224
276 2 2 5 1 392 393 394
277 2 2 5 1 395 396 397
278 2 2 5 1 395 398 396
279 2 2 5 1 399 400 401
280 2 2 5 1 192 191 229
281 2 2 5 1 299 317 365
282 2 2 5 1 310 309 404
283 2 2 5 1 402 405 403
284 2 2 5 1 290 373 75
285 2 2 5 1 406 407 408
286 2 2 5 1 409 410 411
287 2 2 5 1 243 379 412
288 2 2 5 1 373 76 75
289 2 2 5 1 413 414 415
290 2 2 5 1 416 417 418
291 2 2 5 1 414 419 415
292 2 2 5 1 420 421 422
293 2 2 5 1 370 389 388
294 2 2 5 1 370 423 389
295 2 2 5 1 420 424 421
296 2 2 5 1 426 427 428
297 2 2 5 1 429 430 431
298 2 2 5 1 432 966 403
299 2 2 5 1 433 434 435
300 2 2 5 1 433 436 434
301 2 2 5 1 238 235 239
302 2 2 5 1 437 438 439
303 2 2 5 1 403 440 432
304 2 2 5 1 441 442 443
305 2 2 5 1 444 394 445
306 2 2 5 1 394 393 445
307 2 2 5 1 216 281 446
308 2 2 5 1 369 447 355
309 2 2 5 1 286 448 297
310 2 2 5 1 448 336 297
311 2 2 5 1 432 971 967
312 2 2 5 1 449 450 451
313 2 2 5 1 369 415 447
314 2 2 5 1 452 453 454
315 2 2 5 1 455 244 456
316 2 2 5 1 455 457 244
317 2 2 5 1 458 459 456
318 2 2 5 1 458 460 459
319 2 2 5 1 349 461 347
320 2 2 5 1 462 463 464
321 2 2 5 1 462 316 463
322 2 2 5 1 465 466 443
323 2 2 5 1 467 461 468
324 2 2 5 1 281 469 470
325 2 2 5 1 268 471 269
326 2 2 5 1 421 472 473
327 2 2 5 1 421 424 472
328 2 2 5 1 469 300 470
329 2 2 5 1 474 401 473
330 2 2 5 1 475 476 452
331 2 2 5 1 476 453 452
332 2 2 5 1 471 477 478
333 2 2 5 1 474 479 401
334 2 2 5 1 480 481 482
335 2 2 5 1 480 483 481
336 2 2 5 1 484 485 486
337 2 2 5 1 485 487 486
338 2 2 5 1 488 489 490
339 2 2 5 1 488 491 489
340 2 2 5 1 490 474 492
341 2 2 5 1 493 495 494
342 2 2 5 1 440 496 497
343 2 2 5 1 450 498 451
344 2 2 5 1 474 499 492
345 2 2 5 1 500 501 502
346 2 2 5 1 373 390 503
347 2 2 5 1 400 504 505
348 2 2 5 1 424 506 507
349 2 2 5 1 508 322 313
350 2 2 5 1 506 509 507
351 2 2 5 1 373 388 390
352 2 2 5 1 505 510 511
353 2 2 5 1 228 512 193
354 2 2 5 1 503 390 513
355 2 2 5 1 514 515 454
356 2 2 5 1 515 516 454
357 2 2 5 1 514 517 518
358 2 2 5 1 510 519 511
359 2 2 5 1 517 520 518
360 2 2 5 1 512 194 193
361 2 2 5 1 521 522 523
362 2 2 5 1 524 525 356
363 2 2 5 1 525 359 356
364 2 2 5 1 522 521 234
365 2 2 5 1 526 500 527
366 2 2 5 1 528 529 530
367 2 2 5 1 531 532 533
368 2 2 5 1 384 383 534
369 2 2 5 1 529 486 530
370 2 2 5 1 248 247 293
371 2 2 5 1 437 535 438
372 2 2 5 1 536 537 538
373 2 2 5 1 539 540 520
374 2 2 5 1 540 541 520
375 2 2 5 1 522 542 523
376 2 2 5 1 254 286 285
377 2 2 5 1 285 253 254
378 2 2 5 1 543 253 285
379 2 2 5 1 544 545 546
380 2 2 5 1 374 547 468
381 2 2 5 1 546 545 548
382 2 2 5 1 545 549 548
383 2 2 5 1 545 544 550
384 2 2 5 1 251 256 252
385 2 2 5 1 531 491 532
386 2 2 5 1 551 552 269
387 2 2 5 1 305 304 553
388 2 2 5 1 552 915 554
389 2 2 5 1 554 269 552
390 2 2 5 1 555 556 557
391 2 2 5 1 555 558 556
392 2 2 5 1 321 345 324
393 2 2 5 1 345 320 324
394 2 2 5 1 551 559 552
395 2 2 5 1 560 561 562
396 2 2 5 1 561 342 562
397 2 2 5 1 560 332 507
398 2 2 5 1 563 564 565
399 2 2 5 1 564 566 565
400 2 2 5 1 567 568 240
401 2 2 5 1 569 568 567
402 2 2 5 1 531 570 571
403 2 2 5 1 536 573 537
404 2 2 5 1 574 530 575
405 2 2 5 1 576 577 578
406 2 2 5 1 531 579 570
407 2 2 5 1 438 580 581
408 2 2 5 1 582 583 584
409 2 2 5 1 585 561 553
410 2 2 5 1 561 509 553
411 2 2 5 1 586 587 588
412 2 2 5 1 353 355 589
413 2 2 5 1 590 526 527
414 2 2 5 1 338 527 500
415 2 2 5 1 591 592 577
416 2 2 5 1 592 593 577
417 2 2 5 1 594 595 430
418 2 2 5 1 588 596 586
419 2 2 5 1 574 528 530
420 2 2 5 1 591 597 598
421 2 2 5 1 353 565 599
422 2 2 5 1 600 601 602
423 2 2 5 1 600 603 601
424 2 2 5 1 604 590 602
425 2 2 5 1 597 605 598
426 2 2 5 1 565 566 599
427 2 2 5 1 567 376 606
428 2 2 5 1 607 364 608
429 2 2 5 1 364 363 608
430 2 2 5 1 609 488 607
431 2 2 5 1 610 611 612
432 2 2 5 1 609 491 488
433 2 2 5 1 323 322 613
434 2 2 5 1 508 613 322
435 2 2 5 1 611 614 612
436 2 2 5 1 615 616 610
437 2 2 5 1 617 462 464
438 2 2 5 1 618 494 498
439 2 2 5 1 450 618 498
440 2 2 5 1 370 388 373
441 2 2 5 1 617 619 462
442 2 2 5 1 370 372 423
443 2 2 5 1 372 558 423
444 2 2 5 1 376 377 606
445 2 2 5 1 72 272 346
446 2 2 5 1 438 535 580
447 2 2 5 1 484 523 616
448 2 2 5 1 615 484 616
449 2 2 5 1 241 240 620
450 2 2 5 1 620 240 568
451 2 2 5 1 621 291 622
452 2 2 5 1 623 624 625
453 2 2 5 1 623 626 624
454 2 2 5 1 88 255 89
455 2 2 5 1 627 538 517
456 2 2 5 1 628 189 347
457 2 2 5 1 255 629 89
458 2 2 5 1 622 291 630
459 2 2 5 1 538 520 517
460 2 2 5 1 631 405 632
461 2 2 5 1 631 633 405
462 2 2 5 1 508 301 307
463 2 2 5 1 301 508 313
464 2 2 5 1 302 301 313
465 2 2 5 1 291 272 634
466 2 2 5 1 291 635 630
467 2 2 5 1 291 634 635
468 2 2 5 1 320 345 636
469 2 2 5 1 637 638 639
470 2 2 5 1 307 199 198
471 2 2 5 1 597 591 640
472 2 2 5 1 590 604 526
473 2 2 5 1 324 320 313
474 2 2 5 1 324 313 322
475 2 2 5 1 320 312 313
476 2 2 5 1 641 459 563
477 2 2 5 1 644 645 641
478 2 2 5 1 641 563 644
479 2 2 5 1 641 416 459
480 2 2 5 1 646 647 648
481 2 2 5 1 495 451 498
482 2 2 5 1 276 649 352
483 2 2 5 1 649 650 352
484 2 2 5 1 222 223 341
485 2 2 5 1 596 588 648
486 2 2 5 1 651 516 515
487 2 2 5 1 252 652 653
488 2 2 5 1 654 472 507
489 2 2 5 1 654 499 472
490 2 2 5 1 252 256 652
491 2 2 5 1 653 652 271
492 2 2 5 1 367 366 655
493 2 2 5 1 656 657 658
494 2 2 5 1 659 660 661
495 2 2 5 1 659 541 660
496 2 2 5 1 657 656 662
497 2 2 5 1 656 658 663
498 2 2 5 1 305 553 309
499 2 2 5 1 509 309 553
500 2 2 5 1 506 309 509
501 2 2 5 1 664 665 452
502 2 2 5 1 666 308 310
503 2 2 5 1 667 668 669
504 2 2 5 1 512 668 667
505 2 2 5 1 669 668 344
506 2 2 5 1 298 308 666
507 2 2 5 1 670 232 360
508 2 2 5 1 308 298 300
509 2 2 5 1 652 86 271
510 2 2 5 1 671 612 670
511 2 2 5 1 671 398 612
512 2 2 5 1 647 596 648
513 2 2 5 1 672 673 674
514 2 2 5 1 675 282 676
515 2 2 5 1 337 68 67
516 2 2 5 1 677 557 678
517 2 2 5 1 677 679 680
518 2 2 5 1 525 550 681
519 2 2 5 1 346 73 72
520 2 2 5 1 682 683 265
521 2 2 5 1 227 4 629
522 2 2 5 1 629 4 89
523 2 2 5 1 678 679 677
524 2 2 5 1 680 534 677
525 2 2 5 1 673 590 674
526 2 2 5 1 557 677 555
527 2 2 5 1 682 510 683
528 2 2 5 1 397 682 265
529 2 2 5 1 684 685 626
530 2 2 5 1 337 293 295
531 2 2 5 1 584 687 482
532 2 2 5 1 216 217 281
533 2 2 5 1 64 306 301
534 2 2 5 1 65 64 301
535 2 2 5 1 255 688 629
536 2 2 5 1 685 689 690
537 2 2 5 1 689 691 690
538 2 2 5 1 391 692 693
539 2 2 5 1 572 694 493
540 2 2 5 1 694 495 493
541 2 2 5 1 695 696 417
542 2 2 5 1 307 198 613
543 2 2 5 1 696 697 417
544 2 2 5 1 264 698 265
545 2 2 5 1 254 448 286
546 2 2 5 1 254 650 448
547 2 2 5 1 698 699 265
548 2 2 5 1 397 265 699
549 2 2 5 1 270 234 700
550 2 2 5 1 235 270 239
551 2 2 5 1 328 701 671
552 2 2 5 1 328 329 701
553 2 2 5 1 702 703 625
554 2 2 5 1 703 704 625
555 2 2 5 1 705 706 413
556 2 2 5 1 306 3 199
557 2 2 5 1 64 3 306
558 2 2 5 1 707 708 709
559 2 2 5 1 185 184 710
560 2 2 5 1 639 413 706
561 2 2 5 1 613 197 323
562 2 2 5 1 197 196 323
563 2 2 5 1 711 712 713
564 2 2 5 1 288 290 74
565 2 2 5 1 714 266 706
566 2 2 5 1 75 74 290
567 2 2 5 1 198 197 613
568 2 2 5 1 508 307 613
569 2 2 5 1 268 202 203
570 2 2 5 1 709 381 378
571 2 2 5 1 226 688 326
572 2 2 5 1 664 715 442
573 2 2 5 1 442 435 664
574 2 2 5 1 241 620 707
575 2 2 5 1 397 716 682
576 2 2 5 1 717 718 314
577 2 2 5 1 380 719 367
578 2 2 5 1 518 541 720
579 2 2 5 1 518 520 541
580 2 2 5 1 266 721 706
581 2 2 5 1 361 722 365
582 2 2 5 1 659 598 720
583 2 2 5 1 629 688 227
584 2 2 5 1 688 226 227
585 2 2 5 1 659 723 598
586 2 2 5 1 361 724 722
587 2 2 5 1 664 435 665
588 2 2 5 1 367 725 380
589 2 2 5 1 725 726 380
590 2 2 5 1 410 716 329
591 2 2 5 1 727 728 723
592 2 2 5 1 399 489 571
593 2 2 5 1 241 726 250
594 2 2 5 1 729 730 731
595 2 2 5 1 729 487 730
596 2 2 5 1 627 536 538
597 2 2 5 1 732 714 706
598 2 2 5 1 399 479 489
599 2 2 5 1 638 399 419
600 2 2 5 1 399 571 419
601 2 2 5 1 706 721 639
602 2 2 5 1 530 729 575
603 2 2 5 1 243 245 379
604 2 2 5 1 380 245 719
605 2 2 5 1 733 600 734
606 2 2 5 1 245 380 379
607 2 2 5 1 735 736 733
608 2 2 5 1 735 737 736
609 2 2 5 1 719 245 738
610 2 2 5 1 739 740 741
611 2 2 5 1 739 690 740
612 2 2 5 1 187 186 742
613 2 2 5 1 743 744 450
614 2 2 5 1 729 731 575
615 2 2 5 1 728 592 723
616 2 2 5 1 744 618 450
617 2 2 5 1 745 392 746
618 2 2 5 1 747 392 394
619 2 2 5 1 658 212 663
620 2 2 5 1 748 580 587
621 2 2 5 1 746 392 747
622 2 2 5 1 663 749 656
623 2 2 5 1 392 745 566
624 2 2 5 1 678 750 679
625 2 2 5 1 187 742 348
626 2 2 5 1 678 282 750
627 2 2 5 1 540 751 752
628 2 2 5 1 540 737 751
629 2 2 5 1 753 754 608
630 2 2 5 1 659 720 541
631 2 2 5 1 659 661 723
632 2 2 5 1 754 619 608
633 2 2 5 1 755 756 757
634 2 2 5 1 755 387 756
635 2 2 5 1 501 350 502
636 2 2 5 1 748 758 580
637 2 2 5 1 759 209 760
638 2 2 5 1 693 341 223
639 2 2 5 1 761 762 763
640 2 2 5 1 496 764 497
641 2 2 5 1 589 765 766
642 2 2 5 1 468 461 349
643 2 2 5 1 767 768 769
644 2 2 5 1 482 770 766
645 2 2 5 1 427 1023 964
646 2 2 5 1 761 771 762
647 2 2 5 1 496 772 764
648 2 2 5 1 348 377 349
649 2 2 5 1 338 500 502
650 2 2 5 1 773 382 687
651 2 2 5 1 767 769 702
652 2 2 5 1 545 774 549
653 2 2 5 1 774 775 549
654 2 2 5 1 223 391 693
655 2 2 5 1 707 776 433
656 2 2 5 1 433 708 707
657 2 2 5 1 687 382 384
658 2 2 5 1 620 776 707
659 2 2 5 1 218 777 280
660 2 2 5 1 287 692 285
661 2 2 5 1 581 778 779
662 2 2 5 1 581 758 778
663 2 2 5 1 780 418 781
664 2 2 5 1 232 231 361
665 2 2 5 1 231 749 361
666 2 2 5 1 782 781 418
667 2 2 5 1 451 783 784
668 2 2 5 1 697 781 782
669 2 2 5 1 783 761 784
670 2 2 5 1 697 785 781
671 2 2 5 1 650 362 448
672 2 2 5 1 732 595 714
673 2 2 5 1 362 650 649
674 2 2 5 1 649 363 362
675 2 2 5 1 448 362 336
676 2 2 5 1 769 604 702
677 2 2 5 1 768 786 769
678 2 2 5 1 788 445 465
679 2 2 5 1 737 789 751
680 2 2 5 1 426 1023 427
681 2 2 5 1 304 280 777
682 2 2 5 1 224 790 391
683 2 2 5 1 224 225 790
684 2 2 5 1 528 700 529
685 2 2 5 1 465 445 466
686 2 2 5 1 763 791 792
687 2 2 5 1 572 1023 426
688 2 2 5 1 575 731 793
689 2 2 5 1 594 793 731
690 2 2 5 1 366 544 546
691 2 2 5 1 655 794 547
692 2 2 5 1 201 303 200
693 2 2 5 1 445 795 466
694 2 2 5 1 796 357 797
695 2 2 5 1 730 264 798
696 2 2 5 1 264 266 798
697 2 2 5 1 357 676 799
698 2 2 5 1 800 801 635
699 2 2 5 1 802 512 230
700 2 2 5 1 230 512 228
701 2 2 5 1 393 795 445
702 2 2 5 1 259 208 759
703 2 2 5 1 357 799 797
704 2 2 5 1 796 358 357
705 2 2 5 1 258 207 208
706 2 2 5 1 636 803 246
707 2 2 5 1 804 710 805
708 2 2 5 1 449 408 806
709 2 2 5 1 208 259 258
710 2 2 5 1 802 668 512
711 2 2 5 1 578 793 576
712 2 2 5 1 319 248 293
713 2 2 5 1 185 710 804
714 2 2 5 1 325 667 669
715 2 2 5 1 807 1040 618
716 2 2 5 1 722 808 365
717 2 2 5 1 693 343 341
718 2 2 5 1 248 636 246
719 2 2 5 1 248 320 636
720 2 2 5 1 323 669 321
721 2 2 5 1 323 325 669
722 2 2 5 1 722 446 808
723 2 2 5 1 793 578 575
724 2 2 5 1 467 809 810
725 2 2 5 1 809 548 810
726 2 2 5 1 810 548 549
727 2 2 5 1 801 630 635
728 2 2 5 1 801 284 630
729 2 2 5 1 273 811 634
730 2 2 5 1 494 618 1040
731 2 2 5 1 812 813 814
732 2 2 5 1 812 260 813
733 2 2 5 1 216 446 215
734 2 2 5 1 337 815 319
735 2 2 5 1 815 312 319
736 2 2 5 1 496 633 816
737 2 2 5 1 633 817 816
738 2 2 5 1 576 429 818
739 2 2 5 1 302 815 66
740 2 2 5 1 815 67 66
741 2 2 5 1 797 799 249
742 2 2 5 1 801 249 799
743 2 2 5 1 799 284 801
744 2 2 5 1 304 777 819
745 2 2 5 1 289 371 290
746 2 2 5 1 371 373 290
747 2 2 5 1 628 461 467
748 2 2 5 1 800 247 801
749 2 2 5 1 774 545 550
750 2 2 5 1 294 247 800
751 2 2 5 1 550 524 774
752 2 2 5 1 819 585 304
753 2 2 5 1 219 819 777
754 2 2 5 1 746 820 745
755 2 2 5 1 238 237 821
756 2 2 5 1 746 430 820
757 2 2 5 1 821 237 822
758 2 2 5 1 819 219 220
759 2 2 5 1 412 441 443
760 2 2 5 1 466 412 443
761 2 2 5 1 466 257 412
762 2 2 5 1 302 312 815
763 2 2 5 1 337 67 815
764 2 2 5 1 441 412 381
765 2 2 5 1 406 823 236
766 2 2 5 1 824 823 406
767 2 2 5 1 770 825 826
768 2 2 5 1 825 695 826
769 2 2 5 1 781 827 780
770 2 2 5 1 827 781 828
771 2 2 5 1 693 829 343
772 2 2 5 1 287 829 693
773 2 2 5 1 693 692 287
774 2 2 5 1 82 81 718
775 2 2 5 1 314 718 81
776 2 2 5 1 649 276 753
777 2 2 5 1 753 363 649
778 2 2 5 1 240 242 374
779 2 2 5 1 261 830 513
780 2 2 5 1 338 339 527
781 2 2 5 1 787 527 339
782 2 2 5 1 773 389 382
783 2 2 5 1 687 584 773
784 2 2 5 1 831 749 231
785 2 2 5 1 499 473 472
786 2 2 5 1 631 632 277
787 2 2 5 1 674 527 787
788 2 2 5 1 561 560 509
789 2 2 5 1 561 585 342
790 2 2 5 1 424 507 472
791 2 2 5 1 304 585 553
792 2 2 5 1 303 554 958
793 2 2 5 1 342 585 340
794 2 2 5 1 773 583 756
795 2 2 5 1 220 221 340
796 2 2 5 1 277 822 237
797 2 2 5 1 773 756 387
798 2 2 5 1 777 218 219
799 2 2 5 1 803 796 797
800 2 2 5 1 249 803 797
801 2 2 5 1 249 246 803
802 2 2 5 1 387 389 773
803 2 2 5 1 528 270 700
804 2 2 5 1 270 528 832
805 2 2 5 1 833 270 832
806 2 2 5 1 712 796 834
807 2 2 5 1 835 836 478
808 2 2 5 1 628 467 837
809 2 2 5 1 646 763 647
810 2 2 5 1 792 647 763
811 2 2 5 1 792 791 835
812 2 2 5 1 834 796 803
813 2 2 5 1 835 791 836
814 2 2 5 1 830 503 513
815 2 2 5 1 810 775 838
816 2 2 5 1 810 549 775
817 2 2 5 1 294 800 811
818 2 2 5 1 811 800 634
819 2 2 5 1 800 635 634
820 2 2 5 1 341 340 222
821 2 2 5 1 204 839 840
822 2 2 5 1 221 222 340
823 2 2 5 1 204 205 839
824 2 2 5 1 832 528 574
825 2 2 5 1 616 523 542
826 2 2 5 1 230 838 841
827 2 2 5 1 288 74 73
828 2 2 5 1 647 792 814
829 2 2 5 1 842 843 351
830 2 2 5 1 542 610 616
831 2 2 5 1 283 622 630
832 2 2 5 1 630 284 283
833 2 2 5 1 692 543 285
834 2 2 5 1 844 845 651
835 2 2 5 1 543 692 391
836 2 2 5 1 501 351 350
837 2 2 5 1 230 229 838
838 2 2 5 1 843 181 351
839 2 2 5 1 181 180 351
840 2 2 5 1 655 546 794
841 2 2 5 1 546 655 366
842 2 2 5 1 794 546 548
843 2 2 5 1 522 823 846
844 2 2 5 1 837 838 229
845 2 2 5 1 355 480 765
846 2 2 5 1 447 480 355
847 2 2 5 1 589 355 765
848 2 2 5 1 738 457 780
849 2 2 5 1 780 827 738
850 2 2 5 1 773 584 583
851 2 2 5 1 351 501 842
852 2 2 5 1 751 772 847
853 2 2 5 1 326 688 251
854 2 2 5 1 251 253 326
855 2 2 5 1 251 688 255
856 2 2 5 1 753 276 275
857 2 2 5 1 275 717 753
858 2 2 5 1 847 752 751
859 2 2 5 1 743 848 849
860 2 2 5 1 743 822 848
861 2 2 5 1 846 823 824
862 2 2 5 1 189 188 347
863 2 2 5 1 358 796 712
864 2 2 5 1 711 358 712
865 2 2 5 1 214 215 385
866 2 2 5 1 293 337 319
867 2 2 5 1 849 851 807
868 2 2 5 1 852 833 853
869 2 2 5 1 850 733 734
870 2 2 5 1 270 833 239
871 2 2 5 1 809 467 468
872 2 2 5 1 195 667 325
873 2 2 5 1 734 425 850
874 2 2 5 1 683 510 854
875 2 2 5 1 194 667 195
876 2 2 5 1 683 263 265
877 2 2 5 1 854 263 683
878 2 2 5 1 681 827 828
879 2 2 5 1 457 418 780
880 2 2 5 1 855 856 279
881 2 2 5 1 855 817 856
882 2 2 5 1 842 786 768
883 2 2 5 1 501 786 842
884 2 2 5 1 675 676 359
885 2 2 5 1 359 676 357
886 2 2 5 1 326 253 543
887 2 2 5 1 582 857 858
888 2 2 5 1 858 583 582
889 2 2 5 1 83 718 275
890 2 2 5 1 275 274 83
891 2 2 5 1 82 718 83
892 2 2 5 1 858 857 859
893 2 2 5 1 529 521 484
894 2 2 5 1 484 521 523
895 2 2 5 1 484 486 529
896 2 2 5 1 422 511 409
897 2 2 5 1 860 861 408
898 2 2 5 1 511 519 409
899 2 2 5 1 519 410 409
900 2 2 5 1 662 862 863
901 2 2 5 1 667 194 512
902 2 2 5 1 420 422 409
903 2 2 5 1 503 77 76
904 2 2 5 1 230 841 802
905 2 2 5 1 592 853 593
906 2 2 5 1 592 591 723
907 2 2 5 1 798 731 730
908 2 2 5 1 834 864 712
909 2 2 5 1 636 834 803
910 2 2 5 1 345 834 636
911 2 2 5 1 232 670 614
912 2 2 5 1 834 344 864
913 2 2 5 1 345 344 834
914 2 2 5 1 186 185 804
915 2 2 5 1 804 742 186
916 2 2 5 1 646 648 860
917 2 2 5 1 767 865 768
918 2 2 5 1 768 865 842
919 2 2 5 1 767 685 865
920 2 2 5 1 526 604 769
921 2 2 5 1 802 713 668
922 2 2 5 1 749 724 361
923 2 2 5 1 521 529 700
924 2 2 5 1 866 372 371
925 2 2 5 1 865 685 690
926 2 2 5 1 769 500 526
927 2 2 5 1 786 500 769
928 2 2 5 1 371 289 866
929 2 2 5 1 372 866 558
930 2 2 5 1 621 558 866
931 2 2 5 1 816 660 847
932 2 2 5 1 700 234 521
933 2 2 5 1 496 816 847
934 2 2 5 1 730 698 264
935 2 2 5 1 806 407 821
936 2 2 5 1 806 408 407
937 2 2 5 1 831 778 656
938 2 2 5 1 847 660 752
939 2 2 5 1 496 847 772
940 2 2 5 1 206 867 205
941 2 2 5 1 656 778 662
942 2 2 5 1 203 204 840
943 2 2 5 1 291 866 292
944 2 2 5 1 203 840 268
945 2 2 5 1 866 291 621
946 2 2 5 1 279 852 855
947 2 2 5 1 273 634 272
948 2 2 5 1 292 346 272
949 2 2 5 1 289 292 866
950 2 2 5 1 868 271 311
951 2 2 5 1 238 821 407
952 2 2 5 1 840 471 268
953 2 2 5 1 423 558 555
954 2 2 5 1 555 383 423
955 2 2 5 1 860 784 646
956 2 2 5 1 677 534 383
957 2 2 5 1 653 271 868
958 2 2 5 1 400 638 504
959 2 2 5 1 383 555 677
960 2 2 5 1 732 745 820
961 2 2 5 1 430 595 820
962 2 2 5 1 820 595 732
963 2 2 5 1 477 471 840
964 2 2 5 1 665 475 452
965 2 2 5 1 399 638 400
966 2 2 5 1 638 637 504
967 2 2 5 1 311 352 868
968 2 2 5 1 714 595 798
969 2 2 5 1 645 695 417
970 2 2 5 1 798 266 714
971 2 2 5 1 611 610 542
972 2 2 5 1 611 869 614
973 2 2 5 1 525 524 550
974 2 2 5 1 870 587 535
975 2 2 5 1 427 1054 428
976 2 2 5 1 588 587 870
977 2 2 5 1 844 651 597
978 2 2 5 1 597 651 515
979 2 2 5 1 344 321 669
980 2 2 5 1 496 440 633
981 2 2 5 1 597 640 844
982 2 2 5 1 518 720 605
983 2 2 5 1 811 296 294
984 2 2 5 1 273 296 811
985 2 2 5 1 605 514 518
986 2 2 5 1 332 560 334
987 2 2 5 1 471 478 551
988 2 2 5 1 836 559 551
989 2 2 5 1 551 478 836
990 2 2 5 1 679 785 697
991 2 2 5 1 871 477 872
992 2 2 5 1 761 763 646
993 2 2 5 1 871 835 478
994 2 2 5 1 761 646 784
995 2 2 5 1 478 477 871
996 2 2 5 1 868 352 873
997 2 2 5 1 653 868 873
998 2 2 5 1 865 739 842
999 2 2 5 1 650 254 873
1000 2 2 5 1 690 739 865
1001 2 2 5 1 873 352 650
1002 2 2 5 1 705 732 706
1003 2 2 5 1 874 732 705
1004 2 2 5 1 862 748 875
1005 2 2 5 1 580 758 581
1006 2 2 5 1 573 876 704
1007 2 2 5 1 184 183 710
1008 2 2 5 1 758 748 862
1009 2 2 5 1 509 560 507
1010 2 2 5 1 855 727 877
1011 2 2 5 1 628 190 189
1012 2 2 5 1 875 748 878
1013 2 2 5 1 506 424 420
1014 2 2 5 1 855 852 727
1015 2 2 5 1 580 535 587
1016 2 2 5 1 250 655 547
1017 2 2 5 1 547 242 250
1018 2 2 5 1 552 913 915
1019 2 2 5 1 828 785 675
1020 2 2 5 1 574 578 593
1021 2 2 5 1 837 879 628
1022 2 2 5 1 433 435 708
1023 2 2 5 1 775 841 838
1024 2 2 5 1 495 498 494
1025 2 2 5 1 559 913 552
1026 2 2 5 1 603 733 736
1027 2 2 5 1 741 710 183
1028 2 2 5 1 737 539 736
1029 2 2 5 1 232 614 233
1030 2 2 5 1 233 614 869
1031 2 2 5 1 779 231 233
1032 2 2 5 1 231 779 831
1033 2 2 5 1 880 1032 1031
1034 2 2 5 1 501 500 786
1035 2 2 5 1 581 779 869
1036 2 2 5 1 631 817 633
1037 2 2 5 1 869 779 233
1038 2 2 5 1 540 539 737
1039 2 2 5 1 540 752 541
1040 2 2 5 1 317 670 360
1041 2 2 5 1 881 464 857
1042 2 2 5 1 857 464 859
1043 2 2 5 1 794 809 547
1044 2 2 5 1 877 727 661
1045 2 2 5 1 449 784 860
1046 2 2 5 1 548 809 794
1047 2 2 5 1 723 661 727
1048 2 2 5 1 600 733 603
1049 2 2 5 1 423 382 389
1050 2 2 5 1 729 486 487
1051 2 2 5 1 249 801 247
1052 2 2 5 1 294 293 247
1053 2 2 5 1 258 206 207
1054 2 2 5 1 623 882 436
1055 2 2 5 1 883 577 576
1056 2 2 5 1 876 884 882
1057 2 2 5 1 576 818 883
1058 2 2 5 1 855 877 817
1059 2 2 5 1 696 680 697
1060 2 2 5 1 696 695 534
1061 2 2 5 1 534 680 696
1062 2 2 5 1 622 556 621
1063 2 2 5 1 640 577 883
1064 2 2 5 1 182 181 843
1065 2 2 5 1 885 838 837
1066 2 2 5 1 885 467 810
1067 2 2 5 1 664 452 454
1068 2 2 5 1 704 602 601
1069 2 2 5 1 516 664 454
1070 2 2 5 1 603 573 601
1071 2 2 5 1 516 715 664
1072 2 2 5 1 283 556 622
1073 2 2 5 1 601 573 704
1074 2 2 5 1 374 242 547
1075 2 2 5 1 740 710 741
1076 2 2 5 1 283 557 556
1077 2 2 5 1 558 621 556
1078 2 2 5 1 434 475 665
1079 2 2 5 1 805 710 740
1080 2 2 5 1 740 691 805
1081 2 2 5 1 665 435 434
1082 2 2 5 1 810 838 885
1083 2 2 5 1 429 886 818
1084 2 2 5 1 411 310 404
1085 2 2 5 1 310 411 666
1086 2 2 5 1 409 411 420
1087 2 2 5 1 420 411 404
1088 2 2 5 1 812 872 887
1089 2 2 5 1 394 444 747
1090 2 2 5 1 429 431 886
1091 2 2 5 1 725 250 726
1092 2 2 5 1 747 886 431
1093 2 2 5 1 725 367 655
1094 2 2 5 1 655 250 725
1095 2 2 5 1 674 590 527
1096 2 2 5 1 603 888 537
1097 2 2 5 1 453 514 454
1098 2 2 5 1 537 888 538
1099 2 2 5 1 877 816 817
1100 2 2 5 1 625 704 876
1101 2 2 5 1 661 816 877
1102 2 2 5 1 593 578 577
1103 2 2 5 1 347 461 628
1104 2 2 5 1 640 591 577
1105 2 2 5 1 816 661 660
1106 2 2 5 1 863 862 875
1107 2 2 5 1 759 760 863
1108 2 2 5 1 605 720 598
1109 2 2 5 1 875 259 863
1110 2 2 5 1 723 591 598
1111 2 2 5 1 863 259 759
1112 2 2 5 1 537 573 603
1113 2 2 5 1 837 467 885
1114 2 2 5 1 525 681 359
1115 2 2 5 1 711 889 774
1116 2 2 5 1 774 889 775
1117 2 2 5 1 335 492 331
1118 2 2 5 1 774 524 711
1119 2 2 5 1 718 717 275
1120 2 2 5 1 771 572 426
1121 2 2 5 1 890 492 335
1122 2 2 5 1 381 412 379
1123 2 2 5 1 201 267 303
1124 2 2 5 1 212 213 663
1125 2 2 5 1 814 596 647
1126 2 2 5 1 201 202 267
1127 2 2 5 1 694 783 495
1128 2 2 5 1 515 514 605
1129 2 2 5 1 261 513 757
1130 2 2 5 1 602 590 673
1131 2 2 5 1 382 423 383
1132 2 2 5 1 694 572 771
1133 2 2 5 1 771 783 694
1134 2 2 5 1 757 891 261
1135 2 2 5 1 879 190 628
1136 2 2 5 1 656 749 831
1137 2 2 5 1 807 851 686
1138 2 2 5 1 686 1024 807
1139 2 2 5 1 297 334 287
1140 2 2 5 1 600 672 734
1141 2 2 5 1 538 539 520
1142 2 2 5 1 779 778 831
1143 2 2 5 1 672 600 673
1144 2 2 5 1 738 368 719
1145 2 2 5 1 578 574 575
1146 2 2 5 1 317 360 365
1147 2 2 5 1 673 600 602
1148 2 2 5 1 719 368 367
1149 2 2 5 1 541 752 660
1150 2 2 5 1 468 547 809
1151 2 2 5 1 356 358 711
1152 2 2 5 1 675 359 892
1153 2 2 5 1 711 524 356
1154 2 2 5 1 402 966 686
1155 2 2 5 1 893 569 567
1156 2 2 5 1 894 568 569
1157 2 2 5 1 681 828 892
1158 2 2 5 1 892 359 681
1159 2 2 5 1 860 408 449
1160 2 2 5 1 715 895 896
1161 2 2 5 1 895 715 516
1162 2 2 5 1 405 633 440
1163 2 2 5 1 896 895 788
1164 2 2 5 1 895 845 788
1165 2 2 5 1 892 828 675
1166 2 2 5 1 333 297 336
1167 2 2 5 1 713 889 711
1168 2 2 5 1 767 702 624
1169 2 2 5 1 802 889 713
1170 2 2 5 1 657 863 760
1171 2 2 5 1 334 297 333
1172 2 2 5 1 863 657 662
1173 2 2 5 1 336 331 333
1174 2 2 5 1 742 606 377
1175 2 2 5 1 377 348 742
1176 2 2 5 1 826 695 645
1177 2 2 5 1 210 657 760
1178 2 2 5 1 485 615 395
1179 2 2 5 1 210 211 657
1180 2 2 5 1 484 615 485
1181 2 2 5 1 398 610 612
1182 2 2 5 1 624 626 767
1183 2 2 5 1 614 670 612
1184 2 2 5 1 76 373 503
1185 2 2 5 1 396 329 716
1186 2 2 5 1 395 487 485
1187 2 2 5 1 716 397 396
1188 2 2 5 1 624 702 625
1189 2 2 5 1 453 627 517
1190 2 2 5 1 879 229 191
1191 2 2 5 1 517 514 453
1192 2 2 5 1 611 439 869
1193 2 2 5 1 542 846 439
1194 2 2 5 1 611 542 439
1195 2 2 5 1 332 331 654
1196 2 2 5 1 654 507 332
1197 2 2 5 1 654 331 499
1198 2 2 5 1 886 845 818
1199 2 2 5 1 749 663 724
1200 2 2 5 1 829 562 343
1201 2 2 5 1 829 287 334
1202 2 2 5 1 334 562 829
1203 2 2 5 1 384 770 687
1204 2 2 5 1 837 229 879
1205 2 2 5 1 588 870 861
1206 2 2 5 1 870 535 824
1207 2 2 5 1 895 516 651
1208 2 2 5 1 651 845 895
1209 2 2 5 1 825 770 384
1210 2 2 5 1 557 283 282
1211 2 2 5 1 334 560 562
1212 2 2 5 1 342 343 562
1213 2 2 5 1 671 670 317
1214 2 2 5 1 841 775 889
1215 2 2 5 1 889 802 841
1216 2 2 5 1 368 827 544
1217 2 2 5 1 544 366 368
1218 2 2 5 1 446 470 808
1219 2 2 5 1 299 365 808
1220 2 2 5 1 808 470 299
1221 2 2 5 1 411 327 666
1222 2 2 5 1 410 519 716
1223 2 2 5 1 738 827 368
1224 2 2 5 1 410 327 411
1225 2 2 5 1 335 362 364
1226 2 2 5 1 771 761 783
1227 2 2 5 1 451 495 783
1228 2 2 5 1 890 335 364
1229 2 2 5 1 687 770 482
1230 2 2 5 1 362 335 336
1231 2 2 5 1 398 395 615
1232 2 2 5 1 833 832 853
1233 2 2 5 1 615 610 398
1234 2 2 5 1 574 593 832
1235 2 2 5 1 593 853 832
1236 2 2 5 1 896 465 443
1237 2 2 5 1 442 896 443
1238 2 2 5 1 442 715 896
1239 2 2 5 1 465 896 788
1240 2 2 5 1 407 236 238
1241 2 2 5 1 486 729 530
1242 2 2 5 1 236 407 406
1243 2 2 5 1 188 348 347
1244 2 2 5 1 583 858 756
1245 2 2 5 1 756 858 757
1246 2 2 5 1 236 235 238
1247 2 2 5 1 587 586 748
1248 2 2 5 1 748 586 878
1249 2 2 5 1 846 542 522
1250 2 2 5 1 842 739 843
1251 2 2 5 1 187 348 188
1252 2 2 5 1 567 606 897
1253 2 2 5 1 642 944 338
1254 2 2 5 1 338 502 642
1255 2 2 5 1 567 897 893
1256 2 2 5 1 891 757 859
1257 2 2 5 1 812 792 835
1258 2 2 5 1 792 812 814
1259 2 2 5 1 878 260 259
1260 2 2 5 1 849 848 632
1261 2 2 5 1 632 851 849
1262 2 2 5 1 428 791 426
1263 2 2 5 1 413 415 369
1264 2 2 5 1 836 791 428
1265 2 2 5 1 559 836 428
1266 2 2 5 1 581 869 438
1267 2 2 5 1 859 757 858
1268 2 2 5 1 438 869 439
1269 2 2 5 1 375 468 349
1270 2 2 5 1 818 844 883
1271 2 2 5 1 405 440 403
1272 2 2 5 1 857 533 881
1273 2 2 5 1 884 627 476
1274 2 2 5 1 476 475 884
1275 2 2 5 1 476 627 453
1276 2 2 5 1 349 377 375
1277 2 2 5 1 483 533 857
1278 2 2 5 1 857 582 483
1279 2 2 5 1 191 190 879
1280 2 2 5 1 374 468 375
1281 2 2 5 1 225 326 790
1282 2 2 5 1 543 391 790
1283 2 2 5 1 790 326 543
1284 2 2 5 1 728 727 852
1285 2 2 5 1 728 853 592
1286 2 2 5 1 609 607 619
1287 2 2 5 1 883 844 640
1288 2 2 5 1 898 822 743
1289 2 2 5 1 354 705 369
1290 2 2 5 1 457 245 244
1291 2 2 5 1 257 456 244
1292 2 2 5 1 533 483 579
1293 2 2 5 1 599 705 354
1294 2 2 5 1 566 745 599
1295 2 2 5 1 599 874 705
1296 2 2 5 1 822 898 821
1297 2 2 5 1 315 80 79
1298 2 2 5 1 315 891 316
1299 2 2 5 1 179 643 350
1300 2 2 5 1 643 502 350
1301 2 2 5 1 531 571 491
1302 2 2 5 1 531 533 579
1303 2 2 5 1 643 642 502
1304 2 2 5 1 620 568 776
1305 2 2 5 1 776 568 894
1306 2 2 5 1 881 609 617
1307 2 2 5 1 617 464 881
1308 2 2 5 1 617 609 619
1309 2 2 5 1 899 717 314
1310 2 2 5 1 314 316 899
1311 2 2 5 1 179 178 643
1312 2 2 5 1 77 503 830
1313 2 2 5 1 261 78 830
1314 2 2 5 1 491 609 532
1315 2 2 5 1 881 533 532
1316 2 2 5 1 532 609 881
1317 2 2 5 1 536 884 876
1318 2 2 5 1 627 884 536
1319 2 2 5 1 462 899 316
1320 2 2 5 1 619 899 462
1321 2 2 5 1 876 573 536
1322 2 2 5 1 830 78 77
1323 2 2 5 1 644 589 900
1324 2 2 5 1 900 589 766
1325 2 2 5 1 766 826 900
1326 2 2 5 1 852 853 728
1327 2 2 5 1 354 353 599
1328 2 2 5 1 596 814 586
1329 2 2 5 1 674 330 672
1330 2 2 5 1 672 330 425
1331 2 2 5 1 851 632 402
1332 2 2 5 1 402 686 851
1333 2 2 5 1 402 632 405
1334 2 2 5 1 882 884 475
1335 2 2 5 1 475 434 882
1336 2 2 5 1 425 734 672
1337 2 2 5 1 882 434 436
1338 2 2 5 1 788 444 445
1339 2 2 5 1 413 369 705
1340 2 2 5 1 760 209 210
1341 2 2 5 1 241 707 709
1342 2 2 5 1 241 709 726
1343 2 2 5 1 726 709 378
1344 2 2 5 1 848 822 277
1345 2 2 5 1 806 821 898
1346 2 2 5 1 894 901 776
1347 2 2 5 1 776 901 436
1348 2 2 5 1 436 433 776
1349 2 2 5 1 426 791 762
1350 2 2 5 1 277 632 848
1351 2 2 5 1 267 269 554
1352 2 2 5 1 554 303 267
1353 2 2 5 1 902 314 81
1354 2 2 5 1 762 791 763
1355 2 2 5 1 644 353 589
1356 2 2 5 1 902 80 315
1357 2 2 5 1 315 314 902
1358 2 2 5 1 826 766 770
1359 2 2 5 1 81 80 902
1360 2 2 5 1 309 506 404
1361 2 2 5 1 864 344 668
1362 2 2 5 1 404 506 420
1363 2 2 5 1 864 713 712
1364 2 2 5 1 644 563 565
1365 2 2 5 1 565 353 644
1366 2 2 5 1 436 901 623
1367 2 2 5 1 668 713 864
1368 2 2 5 1 623 901 626
1369 2 2 5 1 903 422 421
1370 2 2 5 1 421 473 903
1371 2 2 5 1 416 456 459
1372 2 2 5 1 460 563 459
1373 2 2 5 1 398 671 701
1374 2 2 5 1 463 891 859
1375 2 2 5 1 859 464 463
1376 2 2 5 1 316 891 463
1377 2 2 5 1 904 550 544
1378 2 2 5 1 904 827 681
1379 2 2 5 1 329 396 701
1380 2 2 5 1 701 396 398
1381 2 2 5 1 893 684 569
1382 2 2 5 1 569 684 894
1383 2 2 5 1 698 730 487
1384 2 2 5 1 487 699 698
1385 2 2 5 1 854 505 504
1386 2 2 5 1 678 557 282
1387 2 2 5 1 504 637 854
1388 2 2 5 1 666 318 298
1389 2 2 5 1 431 746 747
1390 2 2 5 1 430 746 431
1391 2 2 5 1 681 550 904
1392 2 2 5 1 604 602 703
1393 2 2 5 1 778 758 662
1394 2 2 5 1 703 702 604
1395 2 2 5 1 544 827 904
1396 2 2 5 1 703 602 704
1397 2 2 5 1 282 675 750
1398 2 2 5 1 788 845 444
1399 2 2 5 1 740 690 691
1400 2 2 5 1 510 505 854
1401 2 2 5 1 785 679 750
1402 2 2 5 1 897 606 805
1403 2 2 5 1 897 691 893
1404 2 2 5 1 750 675 785
1405 2 2 5 1 805 691 897
1406 2 2 5 1 862 662 758
1407 2 2 5 1 708 905 709
1408 2 2 5 1 441 905 442
1409 2 2 5 1 381 905 441
1410 2 2 5 1 709 905 381
1411 2 2 5 1 487 395 699
1412 2 2 5 1 804 606 742
1413 2 2 5 1 699 395 397
1414 2 2 5 1 785 828 781
1415 2 2 5 1 597 515 605
1416 2 2 5 1 300 299 470
1417 2 2 5 1 446 281 470
1418 2 2 5 1 805 606 804
1419 2 2 5 1 449 451 784
1420 2 2 5 1 488 490 890
1421 2 2 5 1 890 607 488
1422 2 2 5 1 317 318 328
1423 2 2 5 1 300 305 308
1424 2 2 5 1 308 305 309
1425 2 2 5 1 328 671 317
1426 2 2 5 1 789 906 1015
1427 2 2 5 1 626 685 767
1428 2 2 5 1 708 435 905
1429 2 2 5 1 905 435 442
1430 2 2 5 1 499 331 492
1431 2 2 5 1 890 490 492
1432 2 2 5 1 280 305 469
1433 2 2 5 1 384 534 825
1434 2 2 5 1 469 281 280
1435 2 2 5 1 684 626 901
1436 2 2 5 1 901 894 684
1437 2 2 5 1 825 534 695
1438 2 2 5 1 469 305 300
1439 2 2 5 1 511 422 903
1440 2 2 5 1 903 505 511
1441 2 2 5 1 682 716 519
1442 2 2 5 1 457 738 245
1443 2 2 5 1 327 318 666
1444 2 2 5 1 327 410 329
1445 2 2 5 1 906 1060 1015
1446 2 2 5 1 519 510 682
1447 2 2 5 1 798 595 907
1448 2 2 5 1 455 456 416
1449 2 2 5 1 455 418 457
1450 2 2 5 1 416 418 455
1451 2 2 5 1 680 679 697
1452 2 2 5 1 754 899 619
1453 2 2 5 1 754 753 717
1454 2 2 5 1 717 899 754
1455 2 2 5 1 658 657 211
1456 2 2 5 1 645 417 641
1457 2 2 5 1 684 893 689
1458 2 2 5 1 721 637 639
1459 2 2 5 1 211 212 658
1460 2 2 5 1 854 637 721
1461 2 2 5 1 208 209 759
1462 2 2 5 1 689 685 684
1463 2 2 5 1 689 893 691
1464 2 2 5 1 641 417 416
1465 2 2 5 1 741 908 739
1466 2 2 5 1 739 908 843
1467 2 2 5 1 878 259 875
1468 2 2 5 1 551 269 471
1469 2 2 5 1 903 401 400
1470 2 2 5 1 400 505 903
1471 2 2 5 1 418 417 782
1472 2 2 5 1 782 417 697
1473 2 2 5 1 594 731 907
1474 2 2 5 1 907 595 594
1475 2 2 5 1 480 579 483
1476 2 2 5 1 364 607 890
1477 2 2 5 1 907 731 798
1478 2 2 5 1 886 444 845
1479 2 2 5 1 182 843 908
1480 2 2 5 1 741 183 908
1481 2 2 5 1 363 753 608
1482 2 2 5 1 619 607 608
1483 2 2 5 1 908 183 182
1484 2 2 5 1 880 1031 764
1485 2 2 5 1 474 490 479
1486 2 2 5 1 474 473 499
1487 2 2 5 1 762 771 426
1488 2 2 5 1 722 724 386
1489 2 2 5 1 663 386 724
1490 2 2 5 1 764 1031 497
1491 2 2 5 1 764 772 880
1492 2 2 5 1 747 444 886
1493 2 2 5 1 429 594 430
1494 2 2 5 1 282 284 676
1495 2 2 5 1 676 284 799
1496 2 2 5 1 819 340 585
1497 2 2 5 1 566 564 392
1498 2 2 5 1 392 564 393
1499 2 2 5 1 663 213 386
1500 2 2 5 1 213 214 386
1501 2 2 5 1 789 880 772
1502 2 2 5 1 220 340 819
1503 2 2 5 1 772 751 789
1504 2 2 5 1 513 390 755
1505 2 2 5 1 755 757 513
1506 2 2 5 1 755 390 387
1507 2 2 5 1 888 539 538
1508 2 2 5 1 482 766 765
1509 2 2 5 1 765 480 482
1510 2 2 5 1 460 393 564
1511 2 2 5 1 564 563 460
1512 2 2 5 1 888 603 736
1513 2 2 5 1 736 539 888
1514 2 2 5 1 414 639 638
1515 2 2 5 1 744 849 807
1516 2 2 5 1 258 260 887
1517 2 2 5 1 376 240 374
1518 2 2 5 1 638 419 414
1519 2 2 5 1 378 380 726
1520 2 2 5 1 887 260 812
1521 2 2 5 1 419 571 570
1522 2 2 5 1 432 440 497
1523 2 2 5 1 579 480 447
1524 2 2 5 1 447 415 579
1525 2 2 5 1 579 415 570
1526 2 2 5 1 567 240 376
1527 2 2 5 1 570 415 419
1528 2 2 5 1 909 408 861
1529 2 2 5 1 497 971 432
1530 2 2 5 1 900 645 644
1531 2 2 5 1 826 645 900
1532 2 2 5 1 582 584 481
1533 2 2 5 1 481 483 582
1534 2 2 5 1 481 584 482
1535 2 2 5 1 257 795 458
1536 2 2 5 1 243 412 257
1537 2 2 5 1 458 795 460
1538 2 2 5 1 458 456 257
1539 2 2 5 1 795 393 460
1540 2 2 5 1 795 257 466
1541 2 2 5 1 903 473 401
1542 2 2 5 1 872 812 871
1543 2 2 5 1 854 721 263
1544 2 2 5 1 263 721 266
1545 2 2 5 1 399 401 479
1546 2 2 5 1 871 812 835
1547 2 2 5 1 479 490 489
1548 2 2 5 1 413 639 414
1549 2 2 5 1 491 571 489
1550 2 2 5 1 818 845 844
1551 2 2 5 1 793 429 576
1552 2 2 5 1 909 824 406
1553 2 2 5 1 594 429 793
1554 2 2 5 1 910 623 625
1555 2 2 5 1 910 876 882
1556 2 2 5 1 882 623 910
1557 2 2 5 1 787 937 330
1558 2 2 5 1 743 849 744
1559 2 2 5 1 330 674 787
1560 2 2 5 1 625 876 910
1561 2 2 5 1 745 732 874
1562 2 2 5 1 867 206 258
1563 2 2 5 1 867 887 872
1564 2 2 5 1 874 599 745
1565 2 2 5 1 258 887 867
1566 2 2 5 1 787 339 1027
1567 2 2 5 1 824 535 437
1568 2 2 5 1 439 846 437
1569 2 2 5 1 652 256 87
1570 2 2 5 1 437 846 824
1571 2 2 5 1 406 408 909
1572 2 2 5 1 87 86 652
1573 2 2 5 1 449 806 898
1574 2 2 5 1 743 450 898
1575 2 2 5 1 850 735 733
1576 2 2 5 1 315 79 262
1577 2 2 5 1 261 891 262
1578 2 2 5 1 385 215 446
1579 2 2 5 1 262 891 315
1580 2 2 5 1 873 252 653
1581 2 2 5 1 254 252 873
1582 2 2 5 1 878 586 813
1583 2 2 5 1 911 239 833
1584 2 2 5 1 813 586 814
1585 2 2 5 1 385 722 386
1586 2 2 5 1 813 260 878
1587 2 2 5 1 898 450 449
1588 2 2 5 1 588 861 648
1589 2 2 5 1 911 852 279
1590 2 2 5 1 631 277 856
1591 2 2 5 1 833 852 911
1592 2 2 5 1 856 277 279
1593 2 2 5 1 807 618 744
1594 2 2 5 1 856 817 631
1595 2 2 5 1 522 234 823
1596 2 2 5 1 239 911 278
1597 2 2 5 1 823 234 236
1598 2 2 5 1 906 789 737
1599 2 2 5 1 446 722 385
1600 2 2 5 1 278 911 279
1601 2 2 5 1 278 237 239
1602 2 2 5 1 737 735 906
1603 2 2 5 1 860 648 861
1604 2 2 5 1 205 867 912
1605 2 2 5 1 880 789 1053
1606 2 2 5 1 861 870 909
1607 2 2 5 1 205 912 839
1608 2 2 5 1 477 840 839
1609 2 2 5 1 909 870 824
1610 2 2 5 1 839 912 477
1611 2 2 5 1 872 477 912
1612 2 2 5 1 912 867 872
1613 2 2 6 5 913 915 914
1614 2 2 6 5 913 914 916
1615 2 2 6 5 917 919 918
1616 2 2 6 5 920 921 919
1617 2 2 6 5 920 919 922
1618 2 2 6 5 923 925 924
1619 2 2 6 5 926 928 927
1620 2 2 6 5 926 927 929
1621 2 2 6 5 930 303 931
1622 2 2 6 5 931 303 200
1623 2 2 6 5 176 933 932
1624 2 2 6 5 176 932 175
1625 2 2 6 5 934 936 935
1626 2 2 6 5 937 330 938
1627 2 2 6 5 939 941 940
1628 2 2 6 5 940 941 942
1629 2 2 6 5 943 1064 1063
1630 2 2 6 5 945 947 946
1631 2 2 6 5 948 950 949
1632 2 2 6 5 949 950 923
1633 2 2 6 5 951 953 952
1634 2 2 6 5 951 952 922
1635 2 2 6 5 954 950 955
1636 2 2 6 5 955 950 956
1637 2 2 6 5 914 915 957
1638 2 2 6 5 957 915 958
1639 2 2 6 5 916 914 959
1640 2 2 6 5 916 959 960
1641 2 2 6 5 961 926 962
1642 2 2 6 5 962 926 963
1643 2 2 6 5 916 965 964
1644 2 2 6 5 916 964 913
1645 2 2 6 5 966 403 402
1646 2 2 6 5 966 968 967
1647 2 2 6 5 967 968 969
1648 2 2 6 5 938 330 425
1649 2 2 6 5 947 970 1065
1650 2 2 6 5 967 432 966
1651 2 2 6 5 926 929 963
1652 2 2 6 5 926 961 928
1653 2 2 6 5 972 961 962
1654 2 2 6 5 972 962 973
1655 2 2 6 5 974 494 493
1656 2 2 6 5 933 976 975
1657 2 2 6 5 977 948 978
1658 2 2 6 5 933 975 932
1659 2 2 6 5 977 979 969
1660 2 2 6 5 947 1065 1066
1661 2 2 6 5 980 982 981
1662 2 2 6 5 982 983 981
1663 2 2 6 5 984 493 572
1664 2 2 6 5 927 928 965
1665 2 2 6 5 959 12 13
1666 2 2 6 5 985 959 13
1667 2 2 6 5 959 985 960
1668 2 2 6 5 986 988 987
1669 2 2 6 5 986 987 989
1670 2 2 6 5 986 983 988
1671 2 2 6 5 976 643 642
1672 2 2 6 5 976 642 944
1673 2 2 6 5 978 990 941
1674 2 2 6 5 978 941 991
1675 2 2 6 5 986 989 992
1676 2 2 6 5 972 973 993
1677 2 2 6 5 993 973 994
1678 2 2 6 5 995 997 996
1679 2 2 6 5 995 996 998
1680 2 2 6 5 969 979 967
1681 2 2 6 5 967 979 971
1682 2 2 6 5 927 965 999
1683 2 2 6 5 1000 966 686
1684 2 2 6 5 968 966 1001
1685 2 2 6 5 960 999 965
1686 2 2 6 5 932 1003 1002
1687 2 2 6 5 1004 172 173
1688 2 2 6 5 950 948 1005
1689 2 2 6 5 950 1005 1006
1690 2 2 6 5 966 1000 1001
1691 2 2 6 5 1007 1004 918
1692 2 2 6 5 916 960 965
1693 2 2 6 5 1008 1010 1009
1694 2 2 6 5 1008 1009 1011
1695 2 2 6 5 927 1012 929
1696 2 2 6 5 934 988 983
1697 2 2 6 5 1013 1015 1014
1698 2 2 6 5 932 1002 175
1699 2 2 6 5 1013 1014 987
1700 2 2 6 5 992 1017 1016
1701 2 2 6 5 1016 1017 1018
1702 2 2 6 5 1019 1007 918
1703 2 2 6 5 985 14 15
1704 2 2 6 5 990 978 1020
1705 2 2 6 5 990 1020 1021
1706 2 2 6 5 1022 1066 1067
1707 2 2 6 5 1001 994 956
1708 2 2 6 5 1001 956 1006
1709 2 2 6 5 994 1001 1000
1710 2 2 6 5 994 1000 1024
1711 2 2 6 5 964 1025 1023
1712 2 2 6 5 957 11 1026
1713 2 2 6 5 1026 11 12
1714 2 2 6 5 1011 1027 937
1715 2 2 6 5 1028 943 1007
1716 2 2 6 5 1007 943 171
1717 2 2 6 5 1004 1007 172
1718 2 2 6 5 1007 171 172
1719 2 2 6 5 18 1029 17
1720 2 2 6 5 1030 1032 1031
1721 2 2 6 5 17 1029 1033
1722 2 2 6 5 917 1035 1034
1723 2 2 6 5 17 1033 16
1724 2 2 6 5 982 945 1036
1725 2 2 6 5 1036 945 936
1726 2 2 6 5 1027 1011 953
1727 2 2 6 5 1027 787 937
1728 2 2 6 5 990 1070 942
1729 2 2 6 5 1027 953 1037
1730 2 2 6 5 1035 1038 1002
1731 2 2 6 5 1002 1038 174
1732 2 2 6 5 1004 1038 1039
1733 2 2 6 5 1039 1038 1035
1734 2 2 6 5 1038 1004 173
1735 2 2 6 5 943 170 171
1736 2 2 6 5 930 931 9
1737 2 2 6 5 930 9 10
1738 2 2 6 5 922 1041 920
1739 2 2 6 5 920 1041 998
1740 2 2 6 5 1040 494 974
1741 2 2 6 5 1028 1007 1019
1742 2 2 6 5 1024 807 1040
1743 2 2 6 5 1042 991 1018
1744 2 2 6 5 979 1042 1043
1745 2 2 6 5 1044 1028 1019
1746 2 2 6 5 1028 1044 1064
1747 2 2 6 5 1042 1030 1043
1748 2 2 6 5 1021 949 924
1749 2 2 6 5 949 923 924
1750 2 2 6 5 1030 1042 1018
1751 2 2 6 5 917 1034 951
1752 2 2 6 5 918 919 921
1753 2 2 6 5 922 919 917
1754 2 2 6 5 922 917 951
1755 2 2 6 5 1045 1029 1046
1756 2 2 6 5 19 925 1046
1757 2 2 6 5 936 945 946
1758 2 2 6 5 18 19 1046
1759 2 2 6 5 996 997 1047
1760 2 2 6 5 958 915 554
1761 2 2 6 5 18 1046 1029
1762 2 2 6 5 996 920 998
1763 2 2 6 5 942 1074 1073
1764 2 2 6 5 920 996 1047
1765 2 2 6 5 921 1019 918
1766 2 2 6 5 1019 921 1048
1767 2 2 6 5 921 1047 1048
1768 2 2 6 5 1034 1003 1049
1769 2 2 6 5 1003 932 1049
1770 2 2 6 5 1050 425 850
1771 2 2 6 5 940 1073 1051
1772 2 2 6 5 984 928 961
1773 2 2 6 5 1052 1051 980
1774 2 2 6 5 1051 1052 940
1775 2 2 6 5 933 176 177
1776 2 2 6 5 1005 977 969
1777 2 2 6 5 958 303 930
1778 2 2 6 5 977 1005 948
1779 2 2 6 5 1006 1005 969
1780 2 2 6 5 1035 1003 1034
1781 2 2 6 5 925 19 20
1782 2 2 6 5 925 20 924
1783 2 2 6 5 20 21 924
1784 2 2 6 5 963 929 1029
1785 2 2 6 5 1015 1053 1014
1786 2 2 6 5 1014 1053 1032
1787 2 2 6 5 999 1012 927
1788 2 2 6 5 985 1012 999
1789 2 2 6 5 174 1038 173
1790 2 2 6 5 1004 1039 918
1791 2 2 6 5 917 1039 1035
1792 2 2 6 5 1039 917 918
1793 2 2 6 5 985 13 14
1794 2 2 6 5 1012 985 15
1795 2 2 6 5 1012 15 16
1796 2 2 6 5 1 9 931
1797 2 2 6 5 1 931 200
1798 2 2 6 5 920 1047 921
1799 2 2 6 5 964 427 1054
1800 2 2 6 5 993 994 1040
1801 2 2 6 5 993 974 972
1802 2 2 6 5 1041 1011 1009
1803 2 2 6 5 998 1041 1009
1804 2 2 6 5 974 993 1040
1805 2 2 6 5 935 936 995
1806 2 2 6 5 936 946 995
1807 2 2 6 5 984 1023 1025
1808 2 2 6 5 984 1025 928
1809 2 2 6 5 934 935 1010
1810 2 2 6 5 971 1031 497
1811 2 2 6 5 1042 979 977
1812 2 2 6 5 991 1042 977
1813 2 2 6 5 1030 989 1032
1814 2 2 6 5 950 1006 956
1815 2 2 6 5 951 1049 953
1816 2 2 6 5 1049 951 1034
1817 2 2 6 5 178 643 976
1818 2 2 6 5 999 960 985
1819 2 2 6 5 177 178 976
1820 2 2 6 5 1055 1050 1056
1821 2 2 6 5 978 991 977
1822 2 2 6 5 935 1009 1010
1823 2 2 6 5 1009 935 998
1824 2 2 6 5 924 1072 1021
1825 2 2 6 5 1016 939 1052
1826 2 2 6 5 939 1016 1018
1827 2 2 6 5 992 1016 1052
1828 2 2 6 5 1035 1002 1003
1829 2 2 6 5 175 1002 174
1830 2 2 6 5 997 1022 1077
1831 2 2 6 5 1057 988 934
1832 2 2 6 5 991 939 1018
1833 2 2 6 5 1010 1057 934
1834 2 2 6 5 1020 948 949
1835 2 2 6 5 948 1020 978
1836 2 2 6 5 940 1052 939
1837 2 2 6 5 922 952 1041
1838 2 2 6 5 1011 952 953
1839 2 2 6 5 952 1011 1041
1840 2 2 6 5 1019 1048 1044
1841 2 2 6 5 1021 1020 949
1842 2 2 6 5 995 998 935
1843 2 2 6 5 995 946 997
1844 2 2 6 5 1051 1075 980
1845 2 2 6 5 991 941 939
1846 2 2 6 5 942 941 990
1847 2 2 6 5 987 1014 989
1848 2 2 6 5 16 1033 1012
1849 2 2 6 5 929 1033 1029
1850 2 2 6 5 1033 929 1012
1851 2 2 6 5 976 933 177
1852 2 2 6 5 1045 1058 963
1853 2 2 6 5 959 1026 12
1854 2 2 6 5 1058 962 963
1855 2 2 6 5 957 1026 914
1856 2 2 6 5 973 956 994
1857 2 2 6 5 1026 959 914
1858 2 2 6 5 962 1058 973
1859 2 2 6 5 981 1052 980
1860 2 2 6 5 1052 981 992
1861 2 2 6 5 982 970 945
1862 2 2 6 5 1029 1045 963
1863 2 2 6 5 970 982 980
1864 2 2 6 5 1054 913 964
1865 2 2 6 5 1046 925 923
1866 2 2 6 5 1054 428 559
1867 2 2 6 5 955 1058 954
1868 2 2 6 5 950 954 923
1869 2 2 6 5 947 1022 946
1870 2 2 6 5 913 1054 559
1871 2 2 6 5 1022 997 946
1872 2 2 6 5 1044 1071 1064
1873 2 2 6 5 1014 1032 989
1874 2 2 6 5 1057 1055 1056
1875 2 2 6 5 1055 1057 1010
1876 2 2 6 5 988 1057 1056
1877 2 2 6 5 934 1036 936
1878 2 2 6 5 982 1036 983
1879 2 2 6 5 1036 934 983
1880 2 2 6 5 972 1059 961
1881 2 2 6 5 1059 972 974
1882 2 2 6 5 1059 984 961
1883 2 2 6 5 1050 1055 1008
1884 2 2 6 5 1008 1055 1010
1885 2 2 6 5 986 992 981
1886 2 2 6 5 983 986 981
1887 2 2 6 5 1008 938 1050
1888 2 2 6 5 1060 1061 850
1889 2 2 6 5 970 947 945
1890 2 2 6 5 938 425 1050
1891 2 2 6 5 975 976 944
1892 2 2 6 5 1037 975 944
1893 2 2 6 5 958 10 957
1894 2 2 6 5 1050 1061 1056
1895 2 2 6 5 938 1008 937
1896 2 2 6 5 10 958 930
1897 2 2 6 5 10 11 957
1898 2 2 6 5 954 1058 1045
1899 2 2 6 5 954 1046 923
1900 2 2 6 5 1046 954 1045
1901 2 2 6 5 937 1008 1011
1902 2 2 6 5 928 1025 965
1903 2 2 6 5 1025 964 965
1904 2 2 6 5 1062 1068 1048
1905 2 2 6 5 1024 1040 994
1906 2 2 6 5 968 1006 969
1907 2 2 6 5 1006 968 1001
1908 2 2 6 5 1043 971 979
1909 2 2 6 5 1043 1030 1031
1910 2 2 6 5 971 1043 1031
1911 2 2 6 5 1056 987 988
1912 2 2 6 5 1061 1050 850
1913 2 2 6 5 1062 1048 1047
1914 2 2 6 5 1061 1060 1056
1915 2 2 6 5 1037 953 1049
1916 2 2 6 5 1023 984 572
1917 2 2 6 5 1017 1030 1018
1918 2 2 6 5 1017 992 989
1919 2 2 6 5 1030 1017 989
1920 2 2 6 5 1024 1000 686
1921 2 2 6 5 1059 974 493
1922 2 2 6 5 984 1059 493
1923 2 2 6 5 1060 735 906
1924 2 2 6 5 1058 955 973
1925 2 2 6 5 944 339 1037
1926 2 2 6 5 955 956 973
1927 2 2 6 5 1027 1037 339
1928 2 2 6 5 1060 850 735
1929 2 2 6 5 932 975 1049
1930 2 2 6 5 975 1037 1049
1931 2 2 6 5 1053 1015 789
1932 2 2 6 5 1053 880 1032
1933 2 2 6 5 1062 1047 997
1934 2 2 6 5 1056 1013 987
1935 2 2 6 5 1015 1013 1060
1936 2 2 6 5 1013 1056 1060
1937 2 2 7 10 1063 1064 34
1938 2 2 7 10 170 1063 2
1939 2 2 7 10 2 1063 34
1940 2 2 7 10 28 1066 1065
1941 2 2 7 10 28 1065 27
1942 2 2 7 10 1067 1066 29
1943 2 2 7 10 1068 1069 31
1944 2 2 7 10 1070 22 23
1945 2 2 7 10 1071 32 33
1946 2 2 7 10 1064 33 34
1947 2 2 7 10 1066 28 29
1948 2 2 7 10 1064 943 1028
1949 2 2 7 10 1063 170 943
1950 2 2 7 10 1070 990 1072
1951 2 2 7 10 1072 990 1021
1952 2 2 7 10 1073 940 942
1953 2 2 7 10 1075 26 1076
1954 2 2 7 10 26 1075 25
1955 2 2 7 10 1077 1022 1067
1956 2 2 7 10 32 1068 31
1957 2 2 7 10 1068 1044 1048
1958 2 2 7 10 1075 1076 980
1959 2 2 7 10 1072 924 21
1960 2 2 7 10 22 1072 21
1961 2 2 7 10 1066 1022 947
1962 2 2 7 10 1068 32 1071
1963 2 2 7 10 1071 1044 1068
1964 2 2 7 10 1067 30 1077
1965 2 2 7 10 1071 33 1064
1966 2 2 7 10 1076 26 27
1967 2 2 7 10 1074 24 1073
1968 2 2 7 10 1076 970 980
1969 2 2 7 10 1074 942 23
1970 2 2 7 10 1077 1069 1062
1971 2 2 7 10 1068 1062 1069
1972 2 2 7 10 23 942 1070
1973 2 2 7 10 30 1067 29
1974 2 2 7 10 1072 22 1070
1975 2 2 7 10 1076 1065 970
1976 2 2 7 10 1065 1076 27
1977 2 2 7 10 1069 1077 30
1978 2 2 7 10 31 1069 30
1979 2 2 7 10 1077 1062 997
1980 2 2 7 10 1073 1075 1051
1981 2 2 7 10 1075 1073 25
1982 2 2 7 10 1073 24 25
1983 2 2 7 10 24 1074 23
$EndElements
