$MeshFormat
2.2 0 8
$EndMeshFormat
$PhysicalNames
19
1 1 "Side1"
1 2 "Side2"
1 3 "Side3"
1 4 "Side4"
1 5 "Side5"
1 6 "Side6"
1 7 "Side7"
1 8 "Side8"
1 9 "Side9"
1 10 "Side10"
1 11 "Side11"
1 12 "Side12"
1 13 "Inside1"
1 14 "Inside2"
1 15 "Inside3"
1 16 "Inside4"
1 17 "Inside5"
1 18 "Inside6"
2 19 "Fluid"
$EndPhysicalNames
$Nodes
5020
1 -0.075 0 0
2 -0.075 0.05 0
3 -0.035 0.05 0
4 -0.025 0.06 0
5 -0.025 0.15 0
6 0.025 0.15 0
7 0.025 0.06 0
8 0.035 0.05 0
9 0.075 0.05 0
10 0.075 0 0
11 0.03 0 0
12 0.0109652703637529 0.0491025641025641 0
13 -0.0109652703637529 0.0491025641025641 0
14 -0.03 0 0
15 -0.015 0.1 0
16 -0.015 0.12 0
17 0.015 0.12 0
18 0.015 0.1 0
19 0 0.135 0
20 0 0.08500000000000001 0
21 -0.07125000000000294 0 0
22 -0.06750000000001852 0 0
23 -0.06375000000001964 0 0
24 -0.06000000000002935 0 0
25 -0.05625000000003545 0 0
26 -0.05250000000005015 0 0
27 -0.04875000000004044 0 0
28 -0.04500000000003931 0 0
29 -0.04125000000002509 0 0
30 -0.03750000000001853 0 0
31 -0.03375000000000971 0 0
32 -0.02866952638657476 0.003432129961309157 0
33 -0.02740414990114698 0.006696333402963349 0
34 -0.02620068588337865 0.009800825571061695 0
35 -0.02505610492059383 0.0127534212301402 0
36 -0.0239675260798675 0.01556155212187995 0
37 -0.02293220927062953 0.01823228666676485 0
38 -0.02194754850555767 0.02077234734848587 0
39 -0.02101106522518046 0.02318812793399712 0
40 -0.02012040210869037 0.02548570943932952 0
41 -0.01927331754919521 0.02767087438139928 0
42 -0.01846767913472849 0.0297491235945906 0
43 -0.01770145898074518 0.03172568827119086 0
44 -0.01697272842553239 0.03360554364526951 0
45 -0.01627965328291358 0.03539342123894589 0
46 -0.01562048886684195 0.03709382169709854 0
47 -0.01499357597230385 0.03871102515514832 0
48 -0.01439733675621703 0.04024910186481772 0
49 -0.01383027037003326 0.04171192346040133 0
50 -0.01329094945011945 0.04310317201228479 0
51 -0.01277801643228643 0.04442634953409767 0
52 -0.01229018021168841 0.04568478659893792 0
53 -0.01182621287159433 0.04688165077793226 0
54 -0.0113849465091896 0.04801995482849378 0
55 0.01051628511877411 0.05014547701058857 0
56 0.009968384329939966 0.05113999187429857 0
57 0.009326721519911086 0.05207675434474538 0
58 0.008597332131090417 0.05294695329000779 0
59 0.007787076755874501 0.05374240367198657 0
60 0.006903576602875635 0.05445562353597442 0
61 0.005955141826152026 0.0550799043743609 0
62 0.004950693347664809 0.05560937423900357 0
63 0.003899678945165248 0.05603905297072535 0
64 0.002811984397715496 0.05636489903663248 0
65 0.001697840492925044 0.05658384754848014 0
66 0.0005677268043006675 0.05669383908908977 0
67 -0.0005677268849069135 0.0566938390851764 0
68 -0.001697840566489969 0.05658384753769775 0
69 -0.002811984462733055 0.05636489902054537 0
70 -0.003899679002892119 0.05603905295033263 0
71 -0.004950693397672268 0.0556093742156684 0
72 -0.005955141869494675 0.05507990434875434 0
73 -0.00690357663664031 0.05445562351132274 0
74 -0.007787076780632126 0.05374240364993434 0
75 -0.008597332150663231 0.05294695326883313 0
76 -0.00932672153101257 0.05207675433011432 0
77 -0.00996838433718724 0.0511399918625325 0
78 -0.01051628512133947 0.0501454770053455 0
79 0.01138494650918832 0.04801995482849707 0
80 0.01182621287159149 0.04688165077793958 0
81 0.01229018021168392 0.04568478659894952 0
82 0.01277801643228034 0.04442634953411335 0
83 0.01329094945011161 0.043103172012305 0
84 0.01383027037002275 0.04171192346042844 0
85 0.01439733675620362 0.04024910186485231 0
86 0.0149935759722872 0.03871102515519124 0
87 0.01562048886682181 0.0370938216971505 0
88 0.0162796532828897 0.0353934212390075 0
89 0.01697272842550431 0.03360554364534194 0
90 0.01770145898071263 0.03172568827127483 0
91 0.01846767913469111 0.02974912359468705 0
92 0.01927331754915241 0.0276708743815097 0
93 0.02012040210864179 0.02548570943945485 0
94 0.02101106522513152 0.02318812793412335 0
95 0.02194754850551297 0.02077234734860118 0
96 0.02293220927058955 0.01823228666686797 0
97 0.02396752607983284 0.01556155212196935 0
98 0.02505610492056516 0.01275342123021415 0
99 0.02620068588335667 0.009800825571118388 0
100 0.02740414990113241 0.006696333403000909 0
101 0.02866952638656694 0.003432129961329321 0
102 0.03374999999998689 0 0
103 0.0374999999999738 0 0
104 0.0412499999999729 0 0
105 0.04499999999995528 0 0
106 0.04874999999995075 0 0
107 0.05249999999993764 0 0
108 0.05624999999994893 0 0
109 0.05999999999995163 0 0
110 0.06374999999996879 0 0
111 0.06749999999997738 0 0
112 0.0712499999999887 0 0
113 0.075 0.003571428571421808 0
114 0.075 0.007142857142844012 0
115 0.075 0.01071428571426164 0
116 0.075 0.01428571428567995 0
117 0.075 0.01785714285709826 0
118 0.075 0.0214285714285152 0
119 0.075 0.02499999999993419 0
120 0.075 0.02857142857137175 0
121 0.075 0.0321428571428102 0
122 0.075 0.03571428571424789 0
123 0.075 0.03928571428568558 0
124 0.075 0.04285714285712327 0
125 0.075 0.04642857142856115 0
126 0.07149136965702459 0.05 0
127 0.0681981720262648 0.05 0
128 0.06510717956295028 0.05 0
129 0.06220597796197075 0.05 0
130 0.05948291305395909 0.05 0
131 0.05692704744333053 0.05 0
132 0.05452811446959742 0.05 0
133 0.05227647833340712 0.05 0
134 0.0501630953239108 0.05 0
135 0.04817947615719877 0.05 0
136 0.04631765294472774 0.05 0
137 0.04457014779970617 0.05 0
138 0.04292994139804788 0.05 0
139 0.04139044540276961 0.05 0
140 0.03994547599757286 0.05 0
141 0.03858922920694869 0.05 0
142 0.03731625752590839 0.05 0
143 0.03612144754322992 0.05 0
144 0.0250628779015185 0.05888035523496487 0
145 0.02525072087964944 0.05777479065400656 0
146 0.02556116670153131 0.05669720936725948 0
147 0.02599031132682959 0.05566116259666892 0
148 0.02653275801748844 0.05467967921929574 0
149 0.027181685192149 0.05376510196030941 0
150 0.02792893220816384 0.05292893216810521 0
151 0.02876510199828772 0.0521816851618623 0
152 0.02967967925179692 0.05153275799706659 0
153 0.03066116262480777 0.05099031131327864 0
154 0.03169720939445065 0.05056116669201671 0
155 0.03277479066659374 0.0502507208767765 0
156 0.03388035524030453 0.05006287790091686 0
157 0.025 0.06114945202835212 0
158 0.025 0.06233315803775855 0
159 0.025 0.06355213917868228 0
160 0.025 0.06480744674381048 0
161 0.025 0.06610016311774201 0
162 0.025 0.06743140336818966 0
163 0.025 0.06880231519614761 0
164 0.025 0.07021408118047487 0
165 0.025 0.07166791837957838 0
166 0.025 0.07316508122041253 0
167 0.025 0.07470686020535765 0
168 0.025 0.07629458501993261 0
169 0.025 0.07792962494286911 0
170 0.025 0.07961339037947912 0
171 0.025 0.08134733271796911 0
172 0.025 0.08313294785906915 0
173 0.025 0.08497177502099376 0
174 0.025 0.08686540075737574 0
175 0.025 0.08881545737999784 0
176 0.025 0.09082362704048075 0
177 0.025 0.09289164127099764 0
178 0.025 0.09502128373779681 0
179 0.025 0.09721439093104411 0
180 0.025 0.09947285377986068 0
181 0.025 0.101798619979925 0
182 0.025 0.1041936955299911 0
183 0.025 0.1066601458657394 0
184 0.025 0.1092000974691132 0
185 0.025 0.1118157415718705 0
186 0.025 0.1145093334042903 0
187 0.025 0.1172831954663977 0
188 0.025 0.1201397206903815 0
189 0.025 0.1230813722181824 0
190 0.025 0.1261106867742522 0
191 0.025 0.1292302765303105 0
192 0.025 0.1324428315873249 0
193 0.025 0.1357511234796019 0
194 0.025 0.1391580039851457 0
195 0.025 0.1426664114576116 0
196 0.025 0.1462793717837331 0
197 0.02142857142858024 0.15 0
198 0.01785714285715778 0.15 0
199 0.01428571428573938 0.15 0
200 0.01071428571432098 0.15 0
201 0.007142857142902581 0.15 0
202 0.003571428571485534 0.15 0
203 6.645725636467148e-014 0.15 0
204 -0.003571428571371198 0.15 0
205 -0.007142857142809732 0.15 0
206 -0.01071428571424751 0.15 0
207 -0.0142857142856853 0.15 0
208 -0.01785714285712308 0.15 0
209 -0.02142857142856106 0.15 0
210 -0.025 0.1462793717837547 0
211 -0.025 0.1426664114576535 0
212 -0.025 0.1391580039852045 0
213 -0.025 0.1357511234796816 0
214 -0.025 0.1324428315874238 0
215 -0.025 0.1292302765304293 0
216 -0.025 0.1261106867743896 0
217 -0.025 0.123081372218336 0
218 -0.025 0.1201397206905508 0
219 -0.025 0.1172831954665816 0
220 -0.025 0.1145093334044879 0
221 -0.025 0.1118157415720811 0
222 -0.025 0.1092000974693357 0
223 -0.025 0.1066601458659728 0
224 -0.025 0.1041936955302263 0
225 -0.025 0.1017986199801437 0
226 -0.025 0.09947285378006382 0
227 -0.025 0.09721439093123242 0
228 -0.025 0.09502128373797052 0
229 -0.025 0.09289164127115761 0
230 -0.025 0.09082362704062784 0
231 -0.025 0.0888154573801325 0
232 -0.025 0.08686540075749875 0
233 -0.025 0.0849717750211057 0
234 -0.025 0.08313294785917039 0
235 -0.025 0.08134733271806024 0
236 -0.025 0.07961339037956069 0
237 -0.025 0.07792962494294138 0
238 -0.025 0.07629458501999622 0
239 -0.025 0.07470686020541309 0
240 -0.025 0.07316508122046012 0
241 -0.025 0.07166791837961847 0
242 -0.025 0.07021408118050927 0
243 -0.025 0.0688023151961776 0
244 -0.025 0.06743140336821501 0
245 -0.025 0.06610016311776325 0
246 -0.025 0.06480744674382682 0
247 -0.025 0.06355213917869408 0
248 -0.025 0.06233315803776598 0
249 -0.025 0.06114945202835567 0
250 -0.03388035523513144 0.05006287790149973 0
251 -0.03277479065456283 0.05025072087952247 0
252 -0.03169720936687172 0.05056116670166699 0
253 -0.03066116259617617 0.05099031132706688 0
254 -0.02967967922097716 0.05153275801643193 0
255 -0.02876510196398648 0.05218168518921662 0
256 -0.02792893217204257 0.05292893220422648 0
257 -0.0271816851661995 0.05376510199284905 0
258 -0.02653275800029743 0.05467967924665507 0
259 -0.02599031131458485 0.05566116262209539 0
260 -0.02556116669262314 0.05669720939271754 0
261 -0.02525072087634934 0.05777479066846525 0
262 -0.02506287790083854 0.05888035524099967 0
263 -0.03612144754322641 0.05 0
264 -0.03731625752590042 0.05 0
265 -0.0385892292069365 0.05 0
266 -0.03994547599755614 0.05 0
267 -0.04139044540274568 0.05 0
268 -0.04292994139801589 0.05 0
269 -0.0445701477996651 0.05 0
270 -0.04631765294467664 0.05 0
271 -0.04817947615713651 0.05 0
272 -0.050163095323836 0.05 0
273 -0.05227647833331853 0.05 0
274 -0.05452811446949352 0.05 0
275 -0.05692704744323158 0.05 0
276 -0.05948291305387202 0.05 0
277 -0.06220597796189778 0.05 0
278 -0.06510717956289325 0.05 0
279 -0.06819817202622569 0.05 0
280 -0.07149136965700448 0.05 0
281 -0.075 0.04642857142858131 0
282 -0.075 0.04285714285716262 0
283 -0.075 0.03928571428574393 0
284 -0.075 0.03571428571432524 0
285 -0.075 0.03214285714290655 0
286 -0.075 0.02857142857148786 0
287 -0.075 0.02500000000006849 0
288 -0.075 0.02142857142863054 0
289 -0.075 0.01785714285719172 0
290 -0.075 0.01428571428575365 0
291 -0.075 0.01071428571431558 0
292 -0.075 0.007142857142877504 0
293 -0.075 0.003571428571439238 0
294 -0.015 0.1011111111111069 0
295 -0.015 0.1022222222222171 0
296 -0.015 0.1033333333333324 0
297 -0.015 0.1044444444444411 0
298 -0.015 0.1055555555555468 0
299 -0.015 0.1066666666666513 0
300 -0.015 0.1077777777777646 0
301 -0.015 0.1088888888888766 0
302 -0.015 0.109999999999981 0
303 -0.015 0.111111111111091 0
304 -0.015 0.1122222222222009 0
305 -0.015 0.1133333333333162 0
306 -0.015 0.1144444444444261 0
307 -0.015 0.1155555555555426 0
308 -0.015 0.1166666666666604 0
309 -0.015 0.1177777777777721 0
310 -0.015 0.1188888888888871 0
311 0.01495805695800619 0.1211209513999468 0
312 0.01483246239364955 0.1222356339908339 0
313 0.0146239186823836 0.1233378140108508 0
314 0.01433359208519469 0.1244213276213423 0
315 0.01396310622678827 0.1254801153728208 0
316 0.01351453301058246 0.1265082561032797 0
317 0.01299038105037401 0.1275000000110723 0
318 0.01239358160517387 0.1284498008849851 0
319 0.01172747222264178 0.1293523470459113 0
320 0.01099577805931447 0.1302025910861064 0
321 0.01020259104230256 0.1309957780999585 0
322 0.009352347006980176 0.1317274722536883 0
323 0.008449800853533009 0.1323935816266176 0
324 0.007499999982588889 0.1329903810668189 0
325 0.006508256072996558 0.1335145330251661 0
326 0.005480115354897862 0.1339631062338225 0
327 0.004421327608442177 0.1343335920891739 0
328 0.003337814001445079 0.1346239186845304 0
329 0.002235633988580486 0.1348324623939892 0
330 0.001120951401909381 0.1349580569578591 0
331 -0.001120951407019142 0.1349580569574762 0
332 -0.002235633998835928 0.1348324623924435 0
333 -0.003337814016940493 0.1346239186809937 0
334 -0.004421327627365478 0.1343335920833368 0
335 -0.005480115381171033 0.133963106223511 0
336 -0.006508256106917082 0.1335145330088308 0
337 -0.007500000019519624 0.1329903810454969 0
338 -0.008449800892942186 0.1323935815997489 0
339 -0.009352347047537917 0.1317274722213446 0
340 -0.0102025910818133 0.1309957780632979 0
341 -0.01099577809399447 0.1302025910487303 0
342 -0.01172747225311655 0.1293523470076971 0
343 -0.0123935816315892 0.128449800846241 0
344 -0.01299038107135983 0.1274999999747237 0
345 -0.0135145330254628 0.1265082560723803 0
346 -0.01396310623578237 0.1254801153499042 0
347 -0.01433359209030845 0.1244213276047639 0
348 -0.01462391868453523 0.1233378140014239 0
349 -0.01483246239472721 0.1222356339836841 0
350 -0.01495805695809039 0.1211209513988231 0
351 -0.01495805695807969 0.09887904860103404 0
352 -0.01483246239394274 0.09776436601111128 0
353 -0.01462391868304018 0.09666218599202588 0
354 -0.01433359208635432 0.09557867238241717 0
355 -0.01396310622800911 0.09451988463028989 0
356 -0.01351453301504429 0.09349174390598543 0
357 -0.0129903810509777 0.09249999998997338 0
358 -0.01239358160789698 0.09155019911900891 0
359 -0.01172747222681454 0.0906476529593212 0
360 -0.01099577806521904 0.08979740892025719 0
361 -0.01020259105304908 0.08900422191001278 0
362 -0.009352347016391918 0.08827252775381732 0
363 -0.008449800857613932 0.08760641837616476 0
364 -0.007499999984082451 0.08700961893404342 0
365 -0.006508256071007174 0.08648546697387594 0
366 -0.005480115353266877 0.0860368937655374 0
367 -0.004421327605071106 0.08566640790978633 0
368 -0.003337813999310833 0.08537608131498248 0
369 -0.00223563398599119 0.08516753760562054 0
370 -0.001120951400509934 0.08504194304203602 0
371 0.001120951406258459 0.08504194304246682 0
372 0.002235633997914074 0.08516753760741762 0
373 0.003337814017689325 0.08537608131917726 0
374 0.004421327628585388 0.08566640791703953 0
375 0.005480115382232334 0.0860368937769055 0
376 0.006508256105958437 0.08648546699070758 0
377 0.007500000021656772 0.08700961895573697 0
378 0.008449800894928999 0.08760641840160574 0
379 0.009352347057160634 0.08827252778632928 0
380 0.01020259109640583 0.08900422195024198 0
381 0.01099577810506181 0.08979740896319748 0
382 0.01172747225741141 0.09064765299768845 0
383 0.01239358163000657 0.09155019915143774 0
384 0.01299038106629335 0.09250000001650087 0
385 0.01351453302600906 0.09349174392875401 0
386 0.01396310623449861 0.09451988464682486 0
387 0.01433359208914425 0.09557867239146188 0
388 0.01462391868450707 0.09666218599845273 0
389 0.01483246239426756 0.09776436601326638 0
390 0.01495805695810814 0.09887904860141362 0
391 0.015 0.1188888888888937 0
392 0.015 0.1177777777777841 0
393 0.015 0.116666666666673 0
394 0.015 0.1155555555555667 0
395 0.015 0.1144444444444616 0
396 0.015 0.1133333333333523 0
397 0.015 0.112222222222243 0
398 0.015 0.1111111111111337 0
399 0.015 0.1100000000000244 0
400 0.015 0.1088888888889097 0
401 0.015 0.1077777777777949 0
402 0.015 0.1066666666666802 0
403 0.015 0.1055555555555655 0
404 0.015 0.104444444444452 0
405 0.015 0.1033333333333397 0
406 0.015 0.1022222222222322 0
407 0.015 0.1011111111111171 0
408 8.17916189697322e-016 0.1094444444444283 0
409 0.0001283341590651822 0.1221699118201411 0
410 -4.742656721536283e-006 0.09738457156436126 0
411 -0.00600181678940462 0.1157653341012824 0
412 0.006168767480405099 0.1158227701670177 0
413 0.006233368042010952 0.1032798831738077 0
414 -0.006276710087969439 0.1033862681957078 0
415 -0.007073637020349553 0.1229879629063319 0
416 0.00720169607806322 0.1228494534898135 0
417 0.006841250196880713 0.09606571191795703 0
418 -0.00707709144879459 0.09645327751899879 0
419 0.008502108972573502 0.1094354393076352 0
420 -0.008539968997341947 0.1095881352728523 0
421 -0.002897629351527238 0.1279983012432881 0
422 0.003436767623095675 0.127967251066079 0
423 0.002768352715629314 0.09169693866219399 0
424 6.454296257944468e-006 0.11557697015784 0
425 5.612792160968401e-005 0.1032319879469536 0
426 -0.003345459707123124 0.09167399852872134 0
427 -0.01001414923397187 0.1189958905179749 0
428 0.01003449108278828 0.1000838278635102 0
429 0.01005547817810296 0.1188369089021592 0
430 -0.01009314457320456 0.1002886295740485 0
431 -0.00414335634814784 0.1116294038487991 0
432 0.004167053065533969 0.1115637409879243 0
433 -0.01030477427664569 0.1137788262878556 0
434 0.01043580482591975 0.113736076832818 0
435 0.01029508760626254 0.1053571377508791 0
436 -0.01047150074761915 0.1054386723128952 0
437 -0.003836620173187707 0.1196596286380921 0
438 0.003867725969835437 0.1197588297449123 0
439 0.003851918779103305 0.09938585153834766 0
440 0.003825519259691835 0.107078910829694 0
441 -0.004007121252733713 0.1070300213110615 0
442 -0.003817618018293464 0.0998685579092734 0
443 -0.007355119895571424 0.1275352013305986 0
444 0.007757556690924593 0.1272545193330347 0
445 0.006992755227370943 0.09189146474345916 0
446 0.0002619174303186462 0.1309149920537354 0
447 -0.007665774118927188 0.09222641232661939 0
448 -0.0002954984854612826 0.08899206594831842 0
449 -0.003371602406463918 0.1241568546601757 0
450 0.003298612155889799 0.1240306647798965 0
451 0.003207267392999262 0.0954645554249023 0
452 -0.01096901949390708 0.1226250072146341 0
453 -0.003439394658581303 0.09544991328491853 0
454 0.01110886245850214 0.1224365071832464 0
455 0.0003073625418216257 0.1257426962981779 0
456 0.01076490256049159 0.09645525037221127 0
457 -0.01078019641162459 0.09654748637824852 0
458 -0.0003436539184571348 0.0938446499006608 0
459 0.01162750500937177 0.110608081128045 0
460 -0.01161864974249163 0.1107344740320733 0
461 -0.005403516735679472 0.130333518404324 0
462 -0.0004654587932832541 0.118993117029862 0
463 0.006969407972052286 0.1066002459757988 0
464 -0.007107368813051039 0.1065645896607919 0
465 -0.007147252839833019 0.1127820247300172 0
466 0.007272293782192191 0.1126428391043771 0
467 0.00597621955591832 0.1300518759803034 0
468 -0.003034663907482128 0.1038913978075988 0
469 0.001060647137283007 0.1125153226847736 0
470 -0.01015485249114113 0.1258386586222214 0
471 -0.003102893504802524 0.1147003303815517 0
472 0.004959117197398799 0.08936575837207886 0
473 0.003033396549422697 0.1164710752498197 0
474 -0.001100057021453779 0.1062708832640959 0
475 -0.0008169151353092348 0.1003307609466366 0
476 0.006858956015482154 0.1002692738920953 0
477 -0.007062388583752925 0.1188859266134002 0
478 0.01048833793543922 0.1256221527637162 0
479 0.003170209600876236 0.1025538113951753 0
480 0.009655365305783706 0.09338574731944393 0
481 0.01188371496567656 0.102651002989149 0
482 0.006893290635678237 0.1187823678066541 0
483 -0.005770005181262753 0.08962309705454635 0
484 -0.007001684644169327 0.1003474350827888 0
485 -0.01190262163501348 0.1029088783367909 0
486 -0.01191803055506183 0.1165130961586964 0
487 0.01220062930499439 0.1162749119423515 0
488 0.003013225335278243 0.1313200448850007 0
489 -0.002541978235002945 0.1314328690306429 0
490 -0.009930060073608431 0.09378855743925808 0
491 0.01208912592718545 0.1077155680605038 0
492 -0.01209633926150089 0.1078287788791928 0
493 -0.002962081026564289 0.08842428491992209 0
494 0.002311295854086036 0.08811117192315047 0
495 0.008982943680250481 0.1028023492238886 0
496 -0.008904924397201867 0.1163864509991682 0
497 -0.009025771008035734 0.1029704895945786 0
498 0.008954348061151328 0.1162299118590045 0
499 0.00563556575048329 0.109231963072331 0
500 -0.005656795959228559 0.1092474798698362 0
501 -0.01228621530948419 0.1205982058029642 0
502 -0.002914773585590987 0.1174331852328741 0
503 -0.005548403341303552 0.1252952838672095 0
504 0.0061099129573048 0.1253819672948592 0
505 0.01226068935922481 0.09856667399185653 0
506 -0.001660475119028149 0.1125497283312411 0
507 0.001737023314770435 0.1054538895318347 0
508 0.01234518332658276 0.1201945337735987 0
509 0.003939500412381319 0.1141463977020478 0
510 -0.01230663683057677 0.09882812488599228 0
511 0.002645495101636679 0.1093534705899062 0
512 -0.002618183789610438 0.1094561150004953 0
513 -0.005921704477338942 0.09403085651359355 0
514 0.005434642588874935 0.09397415113229608 0
515 -0.008729345977587878 0.1213978544933273 0
516 0.00868227404594811 0.09791366681425288 0
517 -0.0002746072046895113 0.1283087016498405 0
518 0.008815092966499224 0.1212313207676912 0
519 0.001544138707219618 0.1005742780799404 0
520 -0.00228888289572023 0.1217985284077663 0
521 -0.005070846381932222 0.1220669086943322 0
522 -0.008734042110116025 0.09800533183305833 0
523 0.002472370362651992 0.1217683105778086 0
524 0.005241476756174692 0.1219403596438074 0
525 0.01261192603403885 0.1128392163000382 0
526 -0.01260006015902101 0.1129567210188146 0
527 0.004374626435716003 0.1047762378527863 0
528 -0.004324911818501611 0.1019822272620006 0
529 0.001954131936556641 0.0976792735936276 0
530 0.004966066986973052 0.09727022203002483 0
531 -0.002323270903633678 0.09762871866350524 0
532 -0.004977013769508555 0.09734666003780852 0
533 -0.007645365252447738 0.1299872828112666 0
534 0.001733640312194945 0.118665764147592 0
535 0.0001563448364958111 0.09116361158679057 0
536 -0.009751218854294638 0.1281412254794278 0
537 0.01270459132174418 0.1050000000000086 0
538 -0.0126426953124546 0.1050271934432077 0
539 0.008263964609233284 0.129519499178256 0
540 0.00973524920092537 0.1076259641566638 0
541 -0.009750767946402512 0.1077670250810323 0
542 -0.009401750044321663 0.11172046943844 0
543 0.009466394319506289 0.1115848191850386 0
544 0.007272326813827472 0.08959628453742258 0
545 0.008227416419543257 0.1248866454364037 0
546 -0.00504033639270206 0.1134830435484707 0
547 0.01011180672699051 0.1278839345981184 0
548 0.00924965591895504 0.09113708370472108 0
549 -0.007924217932816653 0.1251184475408697 0
550 -0.0009886368361009309 0.1239661008502454 0
551 -0.005229508478832651 0.105377028379623 0
552 -0.005087779385591591 0.1281155915015779 0
553 0.001375211242646122 0.132392397234711 0
554 -0.007993942457482034 0.09007338605400964 0
555 0.00130302127670867 0.1076434327374618 0
556 0.007617915517356403 0.09408881000622003 0
557 -0.008042781801058958 0.09442822575429702 0
558 0.005019195435187883 0.1176951148832205 0
559 -0.004981841927353128 0.1177693708703831 0
560 -0.009709654158215822 0.09160734524727325 0
561 0.005030053984587152 0.1013580641385768 0
562 0.001270641993061887 0.1239800754836757 0
563 0.005501476341982303 0.1280275828424769 0
564 0.002428516597548774 0.1259601031811727 0
565 0.0009337631171004396 0.09553483016637024 0
566 0.01310371556113367 0.1007351638167951 0
567 -0.01208238654266596 0.1245880807680936 0
568 -0.0006171484119685713 0.1328945435777867 0
569 -0.002231447218617589 0.1019836814830117 0
570 0.001986207792729586 0.1144425627342985 0
571 0.004791885229978403 0.09145803199385553 0
572 0.01238691484250322 0.1244448995414773 0
573 0.002057397385204234 0.1296011212828699 0
574 -0.002258016480450093 0.1259524644345328 0
575 -0.01305529916741623 0.1009073254980345 0
576 0.008333216602246294 0.1047615824159625 0
577 0.01161609756310307 0.09447226506278202 0
578 -0.001313017088618095 0.09555462857724648 0
579 -0.002395851526792225 0.09362820925184363 0
580 -0.001349535899243466 0.0873669816896582 0
581 -0.01295876425464069 0.1183866468020864 0
582 -0.005456237463008658 0.09170829021369037 0
583 -0.008430678601476161 0.1049422335236346 0
584 -0.00674377349537905 0.1210227672572844 0
585 -0.01191216583145643 0.09487841442034207 0
586 0.01306999151335601 0.118268737968186 0
587 0.006840296403077201 0.1208921513115057 0
588 0.00217042834555986 0.09363884784384094 0
589 -0.002045215432855386 0.0901289239851283 0
590 -0.00848638718642721 0.1143295807853379 0
591 0.00665957040643836 0.09809021378309941 0
592 0.007714443700761318 0.1146016951692126 0
593 0.0004104165570611857 0.0868776143711025 0
594 -0.001911606226605008 0.1296602263839244 0
595 0.005265873650516941 0.1319398800989589 0
596 -0.0130984329661711 0.114914423596468 0
597 -0.006906250607302544 0.09847551815199286 0
598 -0.004594207193039648 0.1321554979553815 0
599 0.001458424017213139 0.127719046115591 0
600 0.01304142498336299 0.1146043526539568 0
601 -0.008929355474733792 0.1233692774437857 0
602 -0.01290413970923614 0.1223201055991218 0
603 0.01262799624946796 0.09656356780192193 0
604 0.0007317305063344836 0.120363781612402 0
605 -0.005880438237973966 0.1114097048086837 0
606 0.006077102143848261 0.1111598665685923 0
607 0.001436852141383711 0.08997153761629771 0
608 0.009051397674939924 0.1231741999382086 0
609 0.008656597153352909 0.0958483604258803 0
610 -0.01290619057269947 0.1095852521985047 0
611 0.01293484965963456 0.1220848850810625 0
612 0.01281808994192551 0.1094938182718267 0
613 -0.01270827869855331 0.09700174216823446 0
614 -0.004133199011642098 0.1266175387994707 0
615 0.0006072667203229026 0.09902262936986859 0
616 0.00428629991756641 0.08767076218912764 0
617 0.004073816391535685 0.1297289624289946 0
618 -0.008895054472193374 0.09613214595468737 0
619 0.004463965177373444 0.1262758913208084 0
620 0.005897948987239328 0.1139313519416599 0
621 -0.001461859933156262 0.09193456858485995 0
622 -0.004992965380905622 0.08785357823505757 0
623 -0.002565697798262331 0.1057985067723233 0
624 -0.001321813299381704 0.1081196423116599 0
625 0.0004689947624308014 0.1173929440139919 0
626 0.01035213925397938 0.1092455677494959 0
627 -0.0002391262063620806 0.113726773822468 0
628 -0.01035453794624203 0.1093656336243376 0
629 0.001169848500150475 0.1106356522028754 0
630 -0.00130979213396917 0.1044691290112175 0
631 -0.00430992960303229 0.1160710421042951 0
632 0.002854312619459615 0.1128245135085158 0
633 -0.002030445069087292 0.1200435835631109 0
634 -0.003933212916792218 0.08994489855919802 0
635 0.003992881864627212 0.09305790310338029 0
636 -0.007541621473600576 0.1019960804206672 0
637 0.007324928982593154 0.1019127833604958 0
638 -0.001278199362092926 0.1104998263587767 0
639 -0.00371125057554196 0.1296196687756225 0
640 -0.001760476779147982 0.1159029848436291 0
641 -0.007243729962231452 0.1172111795762108 0
642 0.007358216035490502 0.1170123010356304 0
643 0.01051309255129332 0.09828449024956674 0
644 -0.01060888370003001 0.1207735118197362 0
645 0.005317795828694442 0.106170061297966 0
646 0.007148023770914021 0.108269108019176 0
647 -0.005593019752608004 0.107436229864831 0
648 -0.007227589561568326 0.108351325052672 0
649 -0.004191390675412985 0.09333350408852384 0
650 -0.01060065933118423 0.09851519279393395 0
651 0.01066291114667163 0.1205909610904971 0
652 0.001864827180299214 0.1037545268848356 0
653 -0.01326573742588205 0.1113752082469964 0
654 -0.006790592688995974 0.1313768893670474 0
655 0.01325991054618118 0.1112205720881139 0
656 0.01055151727913897 0.1036276099591227 0
657 -0.01034566086052927 0.115637377409008 0
658 0.005205682985317627 0.123703636644987 0
659 0.01049658013751889 0.1154818226078802 0
660 -0.01328779494417707 0.1066372998882547 0
661 -0.01036795977160353 0.1173718627403725 0
662 0.003425085195975299 0.09009749971237753 0
663 0.006266423541667012 0.08826109673585904 0
664 -0.01106527000605307 0.1273191156322492 0
665 0.01055572134917387 0.101798916970236 0
666 0.007415652028358957 0.1310453673453804 0
667 0.0002369809749531094 0.1016294595383114 0
668 -0.01056585528556773 0.1038022911110307 0
669 -0.01060892711054626 0.1019917142637295 0
670 -0.005111738931674031 0.1237635733380655 0
671 0.01040194841051269 0.1172263933133997 0
672 -0.00226104630118116 0.09946808547194917 0
673 0.01331506043384865 0.1065732379747673 0
674 -0.008438132370739596 0.1196240981295578 0
675 -0.003193421491010427 0.1130105677150525 0
676 -0.005326945719252045 0.1004758952338808 0
677 0.008487618187534341 0.1194359869696719 0
678 -0.01105955027785752 0.1123092225173785 0
679 0.01333357706742339 0.1034522639700902 0
680 0.01107498027618592 0.1121846065949489 0
681 0.006368386471406419 0.1048595161157674 0
682 0.004505903098766495 0.1158198921637912 0
683 -0.005094451555264124 0.09570135377730056 0
684 0.008439384337538332 0.09959786432590548 0
685 0.004879836540305299 0.09557949451242768 0
686 -0.00770058320536629 0.1113361547584835 0
687 0.01140380663982642 0.1269764422738969 0
688 -0.006755362304150772 0.1143417212975165 0
689 0.01064363396024801 0.09191569265695081 0
690 0.007714941768336707 0.1110552156477359 0
691 -0.007051821382468868 0.08860935322510853 0
692 -0.008520803847951196 0.09978372885089018 0
693 0.008852864708493407 0.1131067161436608 0
694 -0.005452867615032437 0.1198467991342003 0
695 -0.004701224710770007 0.1038283243735214 0
696 0.00540088962265154 0.09941073696161475 0
697 -0.01337471229763467 0.1035619741674785 0
698 0.008897746079094958 0.1062648382945229 0
699 0.005543447294726624 0.1197435436420461 0
700 -0.004197451219893595 0.1100269602484989 0
701 0.00417748089821232 0.1099362206262436 0
702 -0.008809454538222242 0.1267852052479991 0
703 0.003220455739592668 0.1183551253902783 0
704 -0.008742692500506266 0.1180451281004577 0
705 -0.00877012176181366 0.1065158879882285 0
706 0.001548755762929633 0.116090020921386 0
707 -0.001144796670094019 0.1173947167007084 0
708 0.002355312532828201 0.1201703212373008 0
709 -0.006767789849343207 0.1049154017402405 0
710 0.008912398418403442 0.1012102016864454 0
711 0.003186269807224796 0.1009495872199086 0
712 0.008877990419538389 0.1177600112313062 0
713 -0.002330372381741913 0.1332262569862783 0
714 0.0001636219202895345 0.1050849004862755 0
715 0.002980525201755639 0.133058008091453 0
716 -0.006488000906374566 0.1289959194689146 0
717 0.004645677292554615 0.103153571129736 0
718 -0.01173806421687002 0.1063382017642858 0
719 -0.00898474387830823 0.1014000618932576 0
720 0.01057994923966194 0.1240151713696799 0
721 -0.01099645121115674 0.09230695351040562 0
722 0.009066468466862822 0.1263933923965324 0
723 0.007004290534763794 0.1287331816895443 0
724 0.008424296950400735 0.09265624062832097 0
725 0.01164578820354268 0.106253237662785 0
726 -0.01338782829757401 0.1168215678849411 0
727 -0.001005973288967037 0.1269132981209855 0
728 0.002188163029650758 0.0991670157392925 0
729 -0.01038898935454239 0.1241943548406699 0
730 0.01349207813448036 0.1162655920439733 0
731 0.005810828276853828 0.1076440824666956 0
732 -0.0009280453583779453 0.1207930644482626 0
733 -0.009314287650353064 0.1297506892555517 0
734 -0.0008992655866034889 0.09859098433372633 0
735 -0.01153001021651911 0.1189989279052524 0
736 0.001706569107701737 0.1021490902646043 0
737 0.006163942666456321 0.09043041051072581 0
738 0.01034943248006181 0.09479127129810959 0
739 0.000926836368533174 0.09272621204962193 0
740 0.005437693991427982 0.1127675990232559 0
741 -0.01019324120985223 0.09507701295731581 0
742 0.001859493580237125 0.1313445823458591 0
743 0.01162572193555004 0.1189378820786146 0
744 -0.001207642243183805 0.1311266324776038 0
745 -0.00315725559937335 0.1008880846007623 0
746 -0.006009672602129932 0.1018025435378352 0
747 0.01157104754078942 0.09979389662010363 0
748 -0.008791025720695182 0.09296215620616384 0
749 -0.002794316536189876 0.1112401519649724 0
750 0.008844058388414231 0.08964034887057513 0
751 -0.0002669719631695851 0.1118034436384683 0
752 -0.001726922934562946 0.1140532543114843 0
753 0.002812220595911614 0.1109160625599731 0
754 -0.01200320410526099 0.12595148621025 0
755 -0.002764379054604795 0.08681198413153454 0
756 0.003187486170402972 0.1057263518920833 0
757 -0.007530066508294547 0.1156512638607141 0
758 -0.006738783055651184 0.09092276092787901 0
759 -0.01161055731509074 0.1000227633708217 0
760 -0.005201705889932138 0.09883093417782364 0
761 -0.005999169194769805 0.1268457346516821 0
762 0.01353365145601796 0.09958852296069842 0
763 0.007563686297289298 0.1034923735419605 0
764 0.01340251517499661 0.1019240845583107 0
765 -0.007329360220981248 0.1035275144832061 0
766 0.004341324526477524 0.1084657063644845 0
767 -0.01361348181357951 0.1081498684473352 0
768 0.009867537717008977 0.1293859997579605 0
769 -0.0135317764994844 0.0997678583573031 0
770 -0.008509090515406655 0.1128955510554404 0
771 -0.004367605156901285 0.1085388862878813 0
772 0.01166959371060806 0.1091350492802894 0
773 0.01211081236273335 0.1255511596687643 0
774 0.002514060532769828 0.08682101757573264 0
775 0.009239871964125082 0.1147230368946497 0
776 -0.01167357024863271 0.1092657694692738 0
777 -0.01167598083111481 0.114625321411108 0
778 0.0006784216736105805 0.1293612027827344 0
779 -0.006981942435157564 0.109964520291679 0
780 0.01152853103430277 0.1145583195344491 0
781 0.006888386171225557 0.1098602821135686 0
782 0.01358510537820168 0.1193557690987576 0
783 0.006327602053758088 0.1264235811803497 0
784 0.01164425006770712 0.09311901478158414 0
785 -0.002009609854134796 0.1188821539651378 0
786 0.01361709460087157 0.1079884874198661 0
787 -0.01354622287382673 0.119385636434778 0
788 -0.001825829675647546 0.08842484942154789 0
789 0.002817074277049848 0.1077890567605836 0
790 0.001230097523100427 0.08831430309400047 0
791 -0.00224471286729177 0.107466944329416 0
792 -0.01357368867838789 0.1021319055369715 0
793 -0.01190008619471231 0.0936736968410235 0
794 0.003507241322747496 0.1228368530471286 0
795 -0.00375359289975821 0.1212295504568064 0
796 0.005879929843306233 0.0927995718122601 0
797 -0.001251063507082569 0.1227354269042638 0
798 -0.01301223935487361 0.1235346549011409 0
799 -0.003457280218285199 0.1226166263856869 0
800 0.00384023162551817 0.1209291398226503 0
801 -0.003725859852336308 0.1183860000539402 0
802 0.006994310658905393 0.1243261762644247 0
803 0.003091632118065265 0.1152583062590926 0
804 -0.003910591249868921 0.1052041421246379 0
805 0.00357831817366902 0.09816285996283365 0
806 -0.00934345093531121 0.09006437686307127 0
807 0.0004069852295856029 0.106081102398537 0
808 -0.006879832543232554 0.1242653697747802 0
809 -0.00827882362640775 0.1285441421271929 0
810 -0.0007335201182886691 0.09031969920678753 0
811 -0.01338373951034414 0.1212378225926785 0
812 -0.001149192256095526 0.1033076449381625 0
813 0.01336653039648108 0.09757894610470141 0
814 0.0003253027472704359 0.1336402479134541 0
815 -0.006239831747414267 0.09287209311461207 0
816 -0.00388455241282278 0.09818155903218723 0
817 -0.006834615077968133 0.09502988029858517 0
818 0.001410902026810467 0.1226501799225047 0
819 -0.004332103236377637 0.1251504614782417 0
820 0.001489706843050178 0.096731860568902 0
821 0.001231284112558505 0.1090160863336715 0
822 -0.01348114604652939 0.0980863369895135 0
823 0.01269901758878195 0.09544870536926697 0
824 -0.0003839962145491544 0.1077370296327278 0
825 0.01361428862998119 0.1209345272490393 0
826 0.006675682711923436 0.09502023475733358 0
827 0.01334309257290992 0.1235004570629236 0
828 0.004539589211459062 0.1246503159093984 0
829 -0.003550027645608089 0.09662884211869409 0
830 -0.003758630847938375 0.1310143238104414 0
831 0.008376962984128876 0.1077693244992485 0
832 0.004349254277090006 0.1329634983681564 0
833 -0.00541432612292454 0.1124526779399977 0
834 -0.00840770063808116 0.1077656556498609 0
835 0.0117117361242048 0.1041411315322336 0
836 0.003063384494263918 0.1036222331547142 0
837 0.004158165863315427 0.09441426818422512 0
838 -0.003808274536748433 0.1330652966063677 0
839 -0.01377661141107403 0.1137592576205459 0
840 0.007802040423827281 0.09081461666803538 0
841 0.00862580899638579 0.1282626555832294 0
842 -0.01164026837641858 0.1215434617861342 0
843 0.003376401514000247 0.09668151642255056 0
844 0.002272368958275036 0.1067115462287355 0
845 0.003528032816446977 0.08872599858145278 0
846 0.01135224006032797 0.09764256171803738 0
847 -0.001531055178772359 0.09672482372974361 0
848 0.0116184975178407 0.1013198731173905 0
849 -0.0009995151596514013 0.1254629259378005 0
850 0.001903588114128654 0.1177235891806346 0
851 0.01339188722516156 0.1134857449336045 0
852 -0.005067977235251942 0.1151823201732077 0
853 0.01154767630293447 0.1211742419632869 0
854 -0.01300848295362185 0.09561017670133549 0
855 -0.007666229002396297 0.1218645178482995 0
856 -0.00442674684579648 0.0946199362232082 0
857 -0.01164993642699785 0.1015202245434062 0
858 -0.01163413901297896 0.09778437954452894 0
859 0.0002086505882277378 0.1238581840239889 0
860 -0.007254921010127612 0.1260438384624781 0
861 0.006565767617773141 0.132016443129943 0
862 -0.009647202837327827 0.1223043046738254 0
863 -0.0005418795986440148 0.129796276040598 0
864 0.007772097304321664 0.121723790279036 0
865 0.00412836274587539 0.1127273419729445 0
866 -0.005928838004062352 0.1322366806042198 0
867 0.0009397950985702709 0.09414747080186432 0
868 0.008249073803887152 0.09696027881871809 0
869 0.009452441053427404 0.0968665080136796 0
870 -0.003271957006976773 0.1026568989317593 0
871 -0.0003910429747230802 0.08597612187886557 0
872 0.009746466708642591 0.1221130718584331 0
873 -0.007701668171357781 0.09753462631399668 0
874 -0.006005428776289314 0.1224054025631975 0
875 -0.01142984165960793 0.1046806277227764 0
876 9.821350338138015e-005 0.1271911878579279 0
877 0.009449009683427096 0.1247556190318681 0
878 -0.009256185190402791 0.1250721713958252 0
879 -0.008315377993164997 0.09126221436243064 0
880 0.0003130217916028776 0.1320567847258428 0
881 -0.0001987212178927504 0.09573366119004953 0
882 -0.003025699608352686 0.1160205110665163 0
883 -0.004282440235572012 0.08708192822610471 0
884 -0.008306414924932101 0.1312184049128851 0
885 -0.001955577223125433 0.1284807696933702 0
886 0.006210406918727129 0.1222096029463145 0
887 -0.001295187352475122 0.1094200229245088 0
888 -0.002932129660804164 0.1082534528357273 0
889 0.007396687409508261 0.1157969424119104 0
890 0.002315006227940835 0.1247531931868757 0
891 0.002529210205404686 0.1232144561532468 0
892 0.008914974517397683 0.09426419044459351 0
893 -0.01113545200802751 0.1073449745457492 0
894 -0.009599080626700037 0.09708090339799534 0
895 0.004566129383404286 0.1285644003711109 0
896 -0.01028844835427963 0.1106713812057931 0
897 0.006134543189951286 0.1170988329488411 0
898 -0.01156038294271838 0.1177800133555858 0
899 0.01111678762418637 0.1072256626621991 0
900 0.01030240514331229 0.1105471967226546 0
901 -0.006077412172637392 0.1171373489957444 0
902 0.006170528941125869 0.1020175996137759 0
903 -0.002232887850673259 0.1236177316851222 0
904 0.006057456001171578 0.0969844399827928 0
905 -0.01375939060858624 0.1124745811704343 0
906 0.0004392148213563922 0.1003638996256707 0
907 0.01158600224180548 0.1175762231767869 0
908 -0.0009856229112280019 0.101495240060934 0
909 0.005445066422501865 0.1042514894667452 0
910 0.004932177286541045 0.1307621322703565 0
911 0.009639888528296881 0.1044457677663741 0
912 -0.006115057094828621 0.09714395462710464 0
913 -0.009660955454615041 0.1045841734481997 0
914 0.0137117258965622 0.1123452301741693 0
915 0.0003197729747148005 0.09004423397588593 0
916 0.007144117399286018 0.1256181426168385 0
917 0.006902843371980139 0.09314026758263716 0
918 0.001411929523334728 0.1252671911082488 0
919 -0.00196823496222358 0.1005141189960434 0
920 0.0005510018936370369 0.1191177261999301 0
921 0.01120459826473156 0.1282116095923132 0
922 -0.002541161438069305 0.09633838822307127 0
923 -0.002387909860116204 0.09492260599620279 0
924 0.001643101889384358 0.09118056619468694 0
925 -0.0001668770730568181 0.09242195257717836 0
926 0.005562356117893862 0.08724945113901242 0
927 0.0007993889600171353 0.1137758372244454 0
928 -0.004834986025168496 0.1209671766741865 0
929 -0.006409154312695525 0.08781621704450722 0
930 0.007448115289614477 0.08833470010756585 0
931 -0.01035668428766487 0.1290927529754926 0
932 0.01220879714461602 0.1230627583990844 0
933 0.001517072952927768 0.1215195500395072 0
934 -0.001015912739141236 0.1149326608125461 0
935 -0.007934624729585447 0.0989129933979242 0
936 -0.007763365843160116 0.1205788063771536 0
937 -0.0001348984774755439 0.1247380844366897 0
938 -0.0003699594875677452 0.08773884419117196 0
939 0.007698227480509511 0.09862494094735154 0
940 -0.01190723589794803 0.1233731104625728 0
941 -0.01409399843618626 0.1049891108587383 0
942 0.009219678437331716 0.1307271307075255 0
943 -0.009571516950582254 0.1148020543150249 0
944 0.002017792094575783 0.09585102878700977 0
945 -0.008259085614745846 0.08883026145322663 0
946 0.01385619298110137 0.1049608995362875 0
947 -0.01148802805414008 0.1135208700030624 0
948 -0.004367552399101214 0.09090672156089363 0
949 0.011497950157708 0.1133231114068865 0
950 0.0001137511535405434 0.1106519242898094 0
951 -0.009253248801666985 0.09452632635189091 0
952 0.001352403301310001 0.1265065634263553 0
953 0.002075211524433209 0.1119139966358174 0
954 0.0078594483395809 0.1204721519191683 0
955 0.004998762397554339 0.1208374977532542 0
956 -0.004785548176774062 0.1065247938712735 0
957 0.004728825530265863 0.1188817269625679 0
958 -0.007949993204784374 0.1239476505132812 0
959 -0.01216603180466047 0.1118330311084117 0
960 -0.009557428569413865 0.1200360445907203 0
961 0.008078910056721176 0.1237829630891498 0
962 -0.006980260637528818 0.09373831033864032 0
963 0.0008477381190717075 0.09776410773771187 0
964 0.013957264980654 0.1172401461779519 0
965 -0.0118605052325898 0.09605875762404671 0
966 0.01166464765864699 0.09571906355399053 0
967 -0.009038878994513675 0.1105281915983952 0
968 0.009185519705501705 0.1104431267616485 0
969 -0.003884623962529718 0.1284240050753791 0
970 -0.006606763839122449 0.1301341897773934 0
971 0.009246824283952255 0.1087184695178258 0
972 0.009560848274949055 0.09913682427856818 0
973 0.01216622304272136 0.1117015912877227 0
974 0.003396945603333815 0.1253688402286502 0
975 -0.002124952425273594 0.124760443264793 0
976 -0.009256230498045534 0.1088338795166795 0
977 0.01019406846350393 0.09070140923482936 0
978 0.009648014601018917 0.1198098131987688 0
979 0.002595136813408776 0.1272028389197332 0
980 0.002360864800553017 0.1284428580920758 0
981 -0.004235349214547786 0.08878731525494568 0
982 -0.003892451891462407 0.113895611113007 0
983 0.007662085827207277 0.09535024071898011 0
984 0.004678779789642022 0.1001862579196771 0
985 0.00496074979369267 0.1147568982861281 0
986 0.004725785241082796 0.09843620552422831 0
987 0.009882790057859168 0.1064665253671279 0
988 -0.0107590028491414 0.1084617917950795 0
989 -0.009900096667850375 0.1066077577041787 0
990 -0.001433050128956326 0.09432988647413866 0
991 0.008303348723704761 0.1120554234673477 0
992 -0.005281394029477013 0.1027223054115694 0
993 -0.01394504099560144 0.1159889427051082 0
994 -0.009638494836099356 0.09934316591798312 0
995 0.007205136620178254 0.1298327024207767 0
996 -0.004918600185894585 0.1292195216945403 0
997 -0.01237298100187767 0.1038788059402113 0
998 0.01073811522789342 0.1083275076549434 0
999 -0.009965317737717635 0.1270297402849715 0
1000 -0.00998786494423419 0.1127835351831445 0
1001 -0.004000906839784043 0.1171065561992968 0
1002 -0.005716636402286281 0.1186840313421458 0
1003 0.009962349918701149 0.1126899181524178 0
1004 0.0001088781038592473 0.09483430470451615 0
1005 -0.007915627224185352 0.09554638478008372 0
1006 -0.003092108764678876 0.1252214036540067 0
1007 -0.006013167752339193 0.1062379968573569 0
1008 -0.003025431573518226 0.1268354419319247 0
1009 -0.006095141876147941 0.09948616400397224 0
1010 -0.01385730159204889 0.110448991922173 0
1011 0.003083560918442781 0.1301980069179259 0
1012 0.001595525631895973 0.08612465287581193 0
1013 -0.001371075819729711 0.09311831365524255 0
1014 -0.01051873194013858 0.09090203042542505 0
1015 0.01387163956565219 0.1102420223072068 0
1016 0.001356704340339167 0.1337694549959689 0
1017 -0.002787131247503198 0.1303667575774654 0
1018 0.01149903794721017 0.1053443570459212 0
1019 0.006135198044529702 0.08935877253256209 0
1020 -0.006067814385971698 0.1131462212518334 0
1021 -0.001331035043490344 0.1338165651029586 0
1022 -0.004970584746920302 0.1108295231904718 0
1023 0.002908985480237406 0.1139741733245943 0
1024 0.003589961285808339 0.08649545008404814 0
1025 0.004040308670092521 0.1168467642536986 0
1026 0.005907494069886113 0.1005234696177796 0
1027 0.01015169198518996 0.1267116348489603 0
1028 0.00497697366388553 0.110755136715933 0
1029 0.00370635781368448 0.09110570627485196 0
1030 0.005821551086269167 0.1185125009786864 0
1031 0.01414116701303474 0.1004327440018606 0
1032 0.00456200824548246 0.1274541994223667 0
1033 0.002027422650747986 0.0947771675640343 0
1034 -0.00233595147272447 0.09128936153949881 0
1035 0.00950422671532406 0.09224945915251795 0
1036 0.006984941405805843 0.1137804815874591 0
1037 -0.002549019574659855 0.09244306354535288 0
1038 0.004566297039411488 0.09041327348649894 0
1039 0.003976514916235859 0.1017596909989952 0
1040 -0.008037101325499688 0.1009625522594749 0
1041 -0.005740071809557221 0.1043911697676083 0
1042 -0.01419249550483946 0.1004675854223745 0
1043 -0.01294949945998648 0.1256154658507662 0
1044 -0.004730208216950739 0.1190679212632277 0
1045 -0.004275147744208879 0.1125960626249017 0
1046 -0.00685116493682743 0.08971777088698527 0
1047 -0.003347673181528944 0.09416918923784302 0
1048 0.005603990985697897 0.1289967790023526 0
1049 0.0007623969117640204 0.104208431097407 0
1050 0.006685352052625852 0.1148123314001605 0
1051 0.007912828417237516 0.1007489617967277 0
1052 -0.002908020759805818 0.1192858477379466 0
1053 0.01336750561143986 0.124657811894894 0
1054 -0.006033792607133912 0.1234180066810594 0
1055 -0.01118340642353196 0.1254097398360386 0
1056 0.0008331896131975654 0.1148427541370866 0
1057 0.012740702103801 0.1173119662528804 0
1058 0.00250938042746069 0.08931276112939478 0
1059 0.002887235890230641 0.09274347530140917 0
1060 0.004159008265421102 0.1059354664292336 0
1061 -0.000346358731903201 0.1167157628422139 0
1062 0.007388546494733869 0.1055051851956697 0
1063 -0.00991453301404557 0.09255214488256405 0
1064 0.002951767591979111 0.09435800298566853 0
1065 -0.001481219901634451 0.08617543659660669 0
1066 0.006209684402266335 0.1233899307478974 0
1067 -0.008586931504877923 0.122408673839631 0
1068 -0.01409325105128759 0.118405164127985 0
1069 -0.003042227403881612 0.0894513899736797 0
1070 -0.004456033250010856 0.09217418845761459 0
1071 -0.001959308219730124 0.1271697839764597 0
1072 0.007917746380971574 0.1182646460585563 0
1073 -0.007716366054384301 0.1180001383607257 0
1074 -0.001632752037208984 0.1055274759334928 0
1075 0.01256723963912122 0.09359397142742262 0
1076 0.002468321514090265 0.1322671174657333 0
1077 -0.001657234926649002 0.132130679884126 0
1078 -0.003220899899961293 0.1101785971937195 0
1079 -0.0128348461974675 0.09424268563896315 0
1080 0.002785374177789573 0.1192572571740418 0
1081 -0.002784503692219561 0.1290851472232653 0
1082 0.002475922951308792 0.1048492365596688 0
1083 0.01123496777697206 0.1248807516453126 0
1084 0.005424439564379623 0.1262241283459345 0
1085 -0.002181373090879232 0.1030150970825462 0
1086 0.008695223396075546 0.1222357822211485 0
1087 -0.005371625644418116 0.131394368499015 0
1088 0.0105969626648554 0.09379407901622454 0
1089 0.007231167255943893 0.09699319938275959 0
1090 0.003129875648729266 0.1291079528767241 0
1091 0.001972363789073152 0.1134409246991373 0
1092 0.005880713711440871 0.1310740569245111 0
1093 0.0141730303294265 0.1184959607260034 0
1094 -0.0002136697059075879 0.1199808432900593 0
1095 -0.009276852730145486 0.10563703703965 0
1096 -0.01246885357532197 0.1140967685921581 0
1097 0.005896389232765992 0.09582224949222903 0
1098 0.01263322642834874 0.110470067748063 0
1099 -0.006079271032594058 0.09595910742419568 0
1100 0.001212463006166982 0.1303435323259789 0
1101 -0.01280505845229983 0.1159996393691601 0
1102 -0.007564183030211289 0.1055386670351954 0
1103 -0.01264141568048971 0.1105651419914692 0
1104 0.01403702227295878 0.1151822513301677 0
1105 -0.005393007788636874 0.09063555897457642 0
1106 0.005264266309034554 0.08843927349191727 0
1107 -0.006562278089473062 0.1199345408722064 0
1108 -0.008430563902994379 0.111907756347029 0
1109 -0.002262617084386846 0.1048026767672803 0
1110 0.01241434388691483 0.113762148965787 0
1111 -0.01132729216593726 0.128347238237238 0
1112 0.00858614737308102 0.1037484499473533 0
1113 0.00925132148401793 0.1054800546133021 0
1114 -0.004299542529506338 0.1008855882634292 0
1115 -0.005201907366642095 0.09301024816843079 0
1116 0.001425535636809541 0.08734105024915589 0
1117 -0.006253251537378618 0.1278389953353743 0
1118 0.006617264106057398 0.1198464964855653 0
1119 -0.01242751462485251 0.1195017805656024 0
1120 0.008094177335309909 0.1261745814452324 0
1121 -0.01101515570580716 0.09434968305400838 0
1122 -0.003005005397270066 0.1206921599176663 0
1123 0.0056342042837866 0.1328898498483554 0
1124 0.01220493575152551 0.1153943875243768 0
1125 0.006269832010426998 0.1121550018671231 0
1126 -0.004749627501225037 0.1332002222986352 0
1127 -0.01256620751921352 0.1174080540579052 0
1128 0.005198275034022591 0.1164814479702011 0
1129 -0.0138819483046457 0.1227645798062783 0
1130 -0.00757901979703327 0.1137590305054191 0
1131 -0.005178130717224114 0.1262359754030667 0
1132 -0.0004685830721448471 0.1023990412762677 0
1133 0.006651529799290494 0.1275894107339639 0
1134 -0.00527235109503354 0.1164737772849671 0
1135 -0.008557758461529759 0.1038784452591939 0
1136 -0.008578885286846073 0.09703314302996478 0
1137 0.01389946822464036 0.1225498892364077 0
1138 0.00251318598423408 0.09061469589312882 0
1139 0.01265523093587158 0.1191987287731807 0
1140 5.784916225876228e-005 0.1127915797544686 0
1141 0.004810857233202952 0.107294453672627 0
1142 0.004901192942444257 0.1136345605815206 0
1143 0.006558096605561304 0.0993091986118133 0
1144 -0.004076538144546921 0.1150597561816331 0
1145 -0.009371926774659199 0.1137179095253607 0
1146 -0.003650762797333462 0.1060827856523425 0
1147 0.001827217396687328 0.09246081868131871 0
1148 -0.01262164502393785 0.09986006458157019 0
1149 0.01260604531226299 0.09963803219388791 0
1150 -0.004345241983706659 0.127528678174964 0
1151 0.0006144512882234445 0.1283244940616241 0
1152 0.0003764652973054125 0.1082833425173535 0
1153 -0.003512371483447263 0.1320661582295136 0
1154 0.004159683574736533 0.1316814822979034 0
1155 0.01088209030226852 0.1026877523810081 0
1156 -0.01403005641131417 0.1073065720103309 0
1157 -0.002371687396592805 0.08753550730038245 0
1158 0.007441561494857654 0.1044015156577263 0
1159 0.0008914084140326878 0.1116285299010121 0
1160 -0.006905253561333003 0.1117777277498932 0
1161 -0.006166122297387293 0.10832414625832 0
1162 0.003334583057895373 0.126406858700726 0
1163 0.0109077789400579 0.1005561189221194 0
1164 0.01363911152970345 0.09634541108792331 0
1165 -0.01073078348485373 0.1196647060582866 0
1166 -0.01008927061459554 0.1233402696631427 0
1167 -0.00661253125605009 0.1074165264056389 0
1168 -0.01049876438143832 0.1217312290345741 0
1169 0.008353734346308471 0.1313897889978576 0
1170 0.003235555405792497 0.08753837910547498 0
1171 -0.01361632557385068 0.09645222698939764 0
1172 0.001185586418027748 0.1031147640345038 0
1173 -0.001376925595730673 0.1216328575122497 0
1174 0.001495353116674379 0.1196829215869343 0
1175 -0.002147066508920475 0.1149353754460148 0
1176 0.003255017578647592 0.1118215038036737 0
1177 -0.01412875612567935 0.1061275572262884 0
1178 -0.00129522911037669 0.08935383838415757 0
1179 -0.005516139721614076 0.08872673360165891 0
1180 0.01397522409993898 0.1027272014532808 0
1181 -0.003188822537160015 0.0906120038357172 0
1182 0.00266651267870117 0.1000362626625324 0
1183 0.01077837689969367 0.1194928742125289 0
1184 -0.01096896006570998 0.1029058265421934 0
1185 -0.009295664147789017 0.1306790053870359 0
1186 -0.0003652195888415469 0.09941021799496232 0
1187 0.01237588457858485 0.1017409923998893 0
1188 -0.01095493292506904 0.1007656057260813 0
1189 0.005869647210194794 0.09159382806080289 0
1190 0.01057991138366077 0.1214647778797283 0
1191 0.008461190072182649 0.115349405811613 0
1192 0.01069115141088552 0.09936120629359561 0
1193 -0.008471826000832697 0.1154428470619268 0
1194 -0.01408226413237149 0.114831881398342 0
1195 -0.01395800560199188 0.1090683514985553 0
1196 0.008394069857503969 0.08892934650429729 0
1197 -0.007850566092837932 0.09330509115347417 0
1198 -0.01241575175545603 0.1019343022112177 0
1199 0.003444884451988927 0.1088821039462459 0
1200 0.00145099432739947 0.09965115164810724 0
1201 0.004906545641798271 0.09321428557452566 0
1202 -0.003702852899757757 0.109105826198063 0
1203 0.004244529490904421 0.09629112103214743 0
1204 -0.001168712110204586 0.107125552366177 0
1205 -0.006598980872258508 0.1179669000954135 0
1206 0.00678828024671493 0.1011403186123739 0
1207 0.01022521631481525 0.1231609413313249 0
1208 0.01405561926621611 0.107122924020246 0
1209 0.009870539254181975 0.09577462216444151 0
1210 0.01034421918518201 0.09741113367970812 0
1211 -0.006832107480979137 0.1013258398352688 0
1212 0.0002246341209102817 0.1212249321544307 0
1213 -0.01130274502738379 0.1155432078391643 0
1214 0.01400218737239686 0.108939739762393 0
1215 -0.0003489087168672698 0.1043007429045961 0
1216 0.002228622008437474 0.1012109455368947 0
1217 0.006777529725570513 0.1178945390643416 0
1218 -0.01075069557030992 0.09958388423952172 0
1219 0.009703204947595899 0.0899484456198268 0
1220 -0.01068261972266641 0.1183216006790807 0
1221 -0.009911570728749697 0.1164490164914444 0
1222 0.009259588138470352 0.1274170868491744 0
1223 0.007909743452159997 0.1135292230302591 0
1224 -0.006003347336548724 0.1102113511693856 0
1225 0.006133668938913036 0.1067399228975361 0
1226 0.009950438173212166 0.1163170118384766 0
1227 0.01073321224466028 0.1181743790060585 0
1228 0.006010148896661392 0.1101277529257071 0
1229 -0.006774769385880222 0.09199258486190233 0
1230 0.0141023101946079 0.1059729709935416 0
1231 -0.01090815574979297 0.1165339628294948 0
1232 -0.008747987375434158 0.1258033801014445 0
1233 0.008130048229821831 0.1086549632338566 0
1234 0.004675555360958861 0.08662757314181695 0
1235 -0.0007195367164632794 0.09134805958819613 0
1236 0.0005471701240985075 0.08580406643364936 0
1237 -0.0002169604818198096 0.1180003535240828 0
1238 -0.00426911148514851 0.1231026258612867 0
1239 -0.002964372861311364 0.09994461332246972 0
1240 -0.003110343571450362 0.09879869617205619 0
1241 0.01099895937780984 0.1164098423914828 0
1242 0.000621294888977477 0.1164202860943512 0
1243 -0.004130833411980241 0.103141327316719 0
1244 -3.469224892204557e-005 0.09823729334594784 0
1245 0.005161903103559926 0.1024501304100508 0
1246 0.00565393806070886 0.09789958326875703 0
1247 -0.01267209910912346 0.108573794196357 0
1248 -0.01204399159034922 0.1271290900136475 0
1249 -0.0119381810536282 0.09254321939617641 0
1250 0.01066678191159817 0.1291274305640629 0
1251 0.008302172540065864 0.09168788201026923 0
1252 0.0123557318819082 0.1265219374415043 0
1253 0.0126653973096797 0.108450993071137 0
1254 -0.008108511179878417 0.1087453612831881 0
1255 0.005199294519857822 0.1052244162402116 0
1256 -0.002000393569090448 0.1168460131702679 0
1257 -0.01061398325057432 0.09751679975025242 0
1258 -0.004410183456553704 0.09636390492226297 0
1259 0.0055522564389006 0.1227848180241558 0
1260 0.01406285475389847 0.1039677684840649 0
1261 -0.005476961301653134 0.08700186008191632 0
1262 -0.009707116465491205 0.118133811296773 0
1263 -0.007539174832068405 0.1318622224009763 0
1264 -0.001825631992578895 0.09855157809287811 0
1265 -0.009988406820899728 0.09604548477790777 0
1266 -0.002134806162750118 0.1085768471482495 0
1267 0.004258586823709746 0.1235993784251971 0
1268 0.007580043368568131 0.1319863868661915 0
1269 -0.008289425318997979 0.1172206089245778 0
1270 0.008397065466638067 0.1020253712708754 0
1271 -0.002189927629447828 0.1103637172693158 0
1272 0.009761648722804828 0.1179634376130211 0
1273 0.003881709757752493 0.1307487945330604 0
1274 -0.005885786290315538 0.1244590300502433 0
1275 0.003919149406303984 0.09208217237758316 0
1276 0.006046026367595474 0.1213317199328699 0
1277 -0.01412315101413225 0.1029269529136306 0
1278 -0.005904410383763747 0.1214706368966194 0
1279 0.008369999265164844 0.1170080742207799 0
1280 -0.00847603532570677 0.1021712696306307 0
1281 0.006372542035418468 0.113055454704775 0
1282 -0.00819213363196805 0.1276170953377254 0
1283 0.01404220550606355 0.09845534844832997 0
1284 -0.007576680895659836 0.119599160153674 0
1285 0.009436437080159819 0.101958140474642 0
1286 0.0009451153373752339 0.1181022120395094 0
1287 -0.01418186917805373 0.1116113908484299 0
1288 0.0008601564728319468 0.1098672902874172 0
1289 -0.006656615377230292 0.1252967728154493 0
1290 0.0025534217394953 0.1338989649580231 0
1291 0.01262237398871333 0.1211206848549379 0
1292 0.00755507352996449 0.1193603298479232 0
1293 -0.003234425599802546 0.09319399855970123 0
1294 0.003677015362064392 0.1337228081810482 0
1295 0.007434436683674154 0.1073710665331403 0
1296 -0.01255176184535836 0.1214234935615608 0
1297 -0.008869557985113945 0.09199665948323402 0
1298 -0.0005201753191555229 0.1086458299446705 0
1299 0.001433911832960883 0.1286897444669791 0
1300 -0.009067328068597853 0.118874447551919 0
1301 -0.001108085864886321 0.1132917008021123 0
1302 -0.003384046412009929 0.1119957751586028 0
1303 0.01129886258434652 0.1260374893174034 0
1304 0.009814462076481206 0.1010103624957486 0
1305 0.01241429549230057 0.09758259676932246 0
1306 -0.01098957847587139 0.1263476829449703 0
1307 0.006142142842240555 0.1083888132296279 0
1308 0.01249213555122573 0.1059395653851788 0
1309 -0.009030283415396016 0.08924895480682753 0
1310 0.002019006238621105 0.1099575407041691 0
1311 -0.01254545606714638 0.09790553609772729 0
1312 -0.004867716355634496 0.09970190594927804 0
1313 -0.005904745618552174 0.1143810154055149 0
1314 -0.002267240683884127 0.1131660913138052 0
1315 0.009124749414995168 0.1186784673289139 0
1316 -0.00449104811069955 0.1302393349609132 0
1317 -0.006736504720701435 0.1025056325456889 0
1318 -0.01255905321641678 0.1060093686485665 0
1319 0.01157639382791457 0.09208884217994713 0
1320 0.005208855650424068 0.09638950540992436 0
1321 0.01105766681309129 0.1098546820125245 0
1322 -0.009514440467014502 0.1021253638228886 0
1323 -0.009873586067612728 0.1012081542960444 0
1324 -0.006922232988890664 0.1162973114123383 0
1325 -0.004636961396144979 0.1076355557926787 0
1326 -0.001495611588153433 0.1115322826004612 0
1327 -0.01105587776100287 0.1099780506998416 0
1328 -0.001925860863237241 0.1209920387698112 0
1329 -0.001307543795418642 0.09948498071871395 0
1330 -0.001161686193688226 0.1196723468050092 0
1331 -0.003980118472831227 0.08789555159736136 0
1332 -0.01240882800581669 0.1069736450887478 0
1333 0.005057850534760182 0.1297723802785089 0
1334 0.006987485455198507 0.1028353014997609 0
1335 0.006405360496976435 0.09394526875274679 0
1336 -0.0004487111149539629 0.1341644356564676 0
1337 0.009112402101232969 0.1002980070744842 0
1338 -0.009334139044284963 0.1172467059774753 0
1339 -0.009191312421445958 0.1004977154652831 0
1340 -0.005393851852211798 0.09655441526338965 0
1341 0.005766486707445676 0.1244399224823382 0
1342 0.01415150849744197 0.1115084709039117 0
1343 -0.005161918977002855 0.1014798749839545 0
1344 0.002332992856922857 0.1028240690890671 0
1345 -0.004869211203659152 0.08977072083430315 0
1346 -0.0005889349676243064 0.1316927285020258 0
1347 0.009387133338535284 0.1170584684398421 0
1348 -0.007337160335893727 0.1284129217097258 0
1349 0.01225730210088084 0.1068747911436866 0
1350 -0.0141770559497474 0.1039278977161252 0
1351 -0.01088916645114699 0.106291973212069 0
1352 -0.005851794766314301 0.09814321913575885 0
1353 0.00998861789296036 0.1027468386161701 0
1354 0.002006800352114045 0.1155579923696217 0
1355 -0.007454324296764689 0.1072937698454438 0
1356 0.006229516704276313 0.1058498912871583 0
1357 0.003189216731418831 0.1100054464536991 0
1358 -0.01002975196216881 0.1029580688624955 0
1359 -0.01101674294621757 0.09548051797416271 0
1360 0.001128579281593612 0.1014133393505425 0
1361 -8.250117808448371e-005 0.1146260360257419 0
1362 -0.0140720198233947 0.1204776902276626 0
1363 0.009484237513796234 0.1138418405538664 0
1364 0.01057245168442993 0.09284200674454104 0
1365 -0.01107229606491344 0.1237350005059933 0
1366 0.003150932898012782 0.120278694014133 0
1367 -0.009665919856779266 0.1211234767331154 0
1368 0.00750127811549924 0.09965829709830265 0
1369 0.003033141872294076 0.09894606838427387 0
1370 0.009616267415154339 0.09797707925044534 0
1371 0.01127764418450421 0.09872976577463198 0
1372 0.01083494544099164 0.106156831312462 0
1373 0.01406614398093449 0.1217485879458806 0
1374 -0.009684867546623389 0.09820839123927778 0
1375 -0.01144246615404194 0.1203076483816976 0
1376 -0.01099247695188125 0.09323062009482026 0
1377 -0.007571595646979964 0.1044751160898583 0
1378 0.005547104912289612 0.09490590863561188 0
1379 -0.0009662270001942651 0.09764521741019232 0
1380 -0.01342428408983536 0.1245803187007907 0
1381 -0.005801921710903574 0.1294820969684492 0
1382 0.01286318031449557 0.1026649976882812 0
1383 -0.002587759666279347 0.1227275852218462 0
1384 0.01074512539047014 0.1045500172196415 0
1385 -0.003440431218486549 0.1018025719048546 0
1386 -0.01390735579656169 0.09724740102355414 0
1387 -0.007566258327476287 0.1147604308373818 0
1388 -0.006780080422794845 0.1151995128191247 0
1389 0.009768615705923503 0.1209564350116186 0
1390 -0.0008490215708380208 0.1158830004295786 0
1391 -0.007130581151369148 0.09943722356140938 0
1392 -0.01137456501209935 0.0915860748318133 0
1393 0.01144394879863832 0.1237189675062828 0
1394 0.006657030215358113 0.08746806678577637 0
1395 0.008178458962077043 0.1304238301024116 0
1396 -0.0140534841844686 0.09881305665123387 0
1397 -0.000612098682564121 0.1101112053723796 0
1398 -0.007735989208487021 0.1268143098467665 0
1399 -0.01070122318485045 0.1147331839005041 0
1400 -0.01103234313985407 0.1114272198630882 0
1401 -0.006872711982372624 0.1108306226614526 0
1402 0.01102372705744865 0.111281559504886 0
1403 -0.005604584011270203 0.09493186619186074 0
1404 -0.01138053761202812 0.09894686896695973 0
1405 0.01011522122296895 0.1146491841345711 0
1406 -0.01196158862289723 0.122410811153503 0
1407 0.01206925120826443 0.1275985444952324 0
1408 0.01139197392228651 0.1200780986237052 0
1409 -0.01418991727930774 0.117229045812083 0
1410 0.006911895045782424 0.09095306291159125 0
1411 0.006939487535358243 0.1106898652875683 0
1412 0.002910297760989796 0.1174908036802297 0
1413 0.008489860505766611 0.09344422341440924 0
1414 0.00766753327176621 0.1281617454858014 0
1415 0.008485670802908964 0.1110621574226806 0
1416 -0.004623069250719621 0.1047427975064575 0
1417 -0.001972629670388951 0.1065065363213703 0
1418 0.001651468977994139 0.08903556047362488 0
1419 0.01286285888454918 0.1041269798904748 0
1420 0.004013048376529355 0.1179707575724502 0
1421 0.005143034769189736 0.111795820245372 0
1422 -0.01144805192955536 0.1036352859306005 0
1423 -0.00517071552417466 0.1271854543861305 0
1424 0.006769370396286794 0.1164344432299955 0
1425 -0.005223574237037085 0.1083630776305788 0
1426 -0.002700672068037381 0.1183429998066552 0
1427 0.01085312390329709 0.09544249449030698 0
1428 0.001583557893142848 0.09861473628107509 0
1429 -0.001067553851883509 0.1278277978302788 0
1430 0.002220632597395411 0.1085895779782078 0
1431 0.005247386307161865 0.1083799885204561 0
1432 0.01299163539155047 0.09446188122597533 0
1433 -0.002784549635838466 0.1139029689255754 0
1434 0.00414638971147209 0.08947218208378195 0
1435 -0.001459216734697613 0.09100412258089415 0
1436 0.004164133430521214 0.1038854241689138 0
1437 -0.01051500374402745 0.1279642414148262 0
1438 -0.01416429667012872 0.1013680299581409 0
1439 -0.006166440883038297 0.1007325947213931 0
1440 0.00158882172077042 0.1046732577436615 0
1441 -0.007577427168987373 0.08792770095553752 0
1442 0.004022427509791283 0.1151919177125729 0
1443 0.003703196028319942 0.1159348777060835 0
1444 -0.003031685336208954 0.1337826624196596 0
1445 -0.007464004043530912 0.1307578666590075 0
1446 -0.007897485627072114 0.1103952638524415 0
1447 -0.01282024060442462 0.1028624033959814 0
1448 -0.003644922194823197 0.08639419349648284 0
1449 -0.008720704545110923 0.09521590528981343 0
1450 0.004725239850640897 0.1092254092677088 0
1451 -0.00474669746989535 0.1093042592755084 0
1452 -0.0005589113025300151 0.1055037523649881 0
1453 0.008967300686110666 0.1254985785104434 0
1454 0.00787034801334931 0.1102326516237478 0
1455 0.006606418080774645 0.1075022065203291 0
1456 -0.006853372330312687 0.1323961412853142 0
1457 0.007188196734582187 0.1117638724181734 0
1458 -0.01011098290477554 0.1301109828743549 0
1459 -0.006658880070232396 0.1090933116011539 0
1460 0.002430800468981053 0.09674673021084002 0
1461 -0.009495612958084562 0.1097974442436115 0
1462 0.0009728778978337579 0.1314143090527116 0
1463 0.01176481640424702 0.09679260804309671 0
1464 0.007781003033135232 0.09773685707794764 0
1465 -0.004369377393594346 0.1241665749796885 0
1466 0.001481873295200334 0.1063815455577608 0
1467 0.009517799471863826 0.109677960011852 0
1468 -0.001176984832114593 0.1183598585398941 0
1469 -0.005298183636435598 0.1229513034275883 0
1470 0.001703597955192838 0.1205532523018128 0
1471 0.01412506801409327 0.1201741592840141 0
1472 0.01304798441994816 0.1255056284980885 0
1473 0.003855561194081746 0.1107479516128315 0
1474 -0.009441099787579156 0.1157435492553145 0
1475 -0.002605375109366433 0.0860579557042052 0
1476 0.009506301862151015 0.1155540083837635 0
1477 -0.001938962363299434 0.1305632352922291 0
1478 -0.002444432975050208 0.1122284527461382 0
1479 -0.01223974242548308 0.1152614101011219 0
1480 0.005404372650542647 0.0901126375025787 0
1481 0.0009086688770892741 0.09179732619840336 0
1482 -0.00390567773437602 0.1043257203549624 0
1483 -0.01408691778604225 0.1217785380778929 0
1484 0.0141830073488862 0.1014043242557198 0
1485 0.008893807575260558 0.1240977695181173 0
1486 0.01144942165768319 0.1156120952772207 0
1487 -0.004455099753343256 0.1057284839976534 0
1488 -0.01294780499953744 0.1121598853861642 0
1489 -0.001013615074385529 0.1290609931172125 0
1490 -0.004280670475049812 0.09892232119456908 0
1491 -0.001978031151312835 0.1178340090856718 0
1492 0.003665378110579127 0.1079277959630011 0
1493 0.003798781440265509 0.1003373877869971 0
1494 -0.006249073639788038 0.1122948680647429 0
1495 0.006423147890005332 0.1292895687756977 0
1496 0.01431842891545122 0.1161473005211946 0
1497 -0.007989757535937591 0.09645906620309641 0
1498 -0.0002815855625569338 0.1009548400428882 0
1499 -0.01170587157861862 0.1055849282253176 0
1500 -0.006060699684444777 0.1309388624643882 0
1501 0.01012939628203941 0.1301293963223902 0
1502 -0.01329297259744984 0.1044051917645025 0
1503 -0.006797859962107477 0.104077228265128 0
1504 0.0009453796025472362 0.1054473307446366 0
1505 0.006572999509486338 0.1040713235487847 0
1506 -0.007492141750941904 0.09135059689202499 0
1507 0.004089682465028269 0.09531717091786095 0
1508 0.003119169378178792 0.1065683800237733 0
1509 -0.00919142701128743 0.1287891788772433 0
1510 -0.0008946590745957453 0.1123937470253503 0
1511 0.005331675594864712 0.1155894900672129 0
1512 -0.01053203828685246 0.1046264411487255 0
1513 0.003477970898699806 0.10487980416144 0
1514 0.003394201980590137 0.1322580302216493 0
1515 0.006624364346654192 0.1307457645838432 0
1516 0.002248102092697278 0.1305196198441751 0
1517 -0.006727653938057286 0.1057690785128237 0
1518 0.0129374463798759 0.112026652462511 0
1519 0.0005812186199782493 0.1023627261680102 0
1520 0.01311877257349071 0.09858626992610818 0
1521 0.01204797307761858 0.1221348629337186 0
1522 0.009000682519114424 0.1070448641302394 0
1523 -0.004311504065942981 0.09544869378496955 0
1524 0.008053003163328533 0.1065949456011926 0
1525 0.003825004839290075 0.1188943877401012 0
1526 -0.01015949118122233 0.09012657081417662 0
1527 -0.002772523426023249 0.1324942827077401 0
1528 -0.008758893053404439 0.1204436206196549 0
1529 0.008361473234917705 0.1056892564685868 0
1530 -0.003874310465125027 0.1108735887710693 0
1531 -0.008399274014102714 0.1294459775592742 0
1532 -0.004589359394399209 0.1200286965879615 0
1533 0.01106269620069653 0.09117116180582796 0
1534 -0.01033410469628572 0.1118540684308199 0
1535 0.007658375203096004 0.09269037684214095 0
1536 0.009752566879763747 0.1239992386688532 0
1537 -0.008733735941994477 0.1242983432097204 0
1538 0.01035774547129967 0.1116907294621245 0
1539 0.007459842236114185 0.1092228831744737 0
1540 0.005395109153232542 0.1270521999542771 0
1541 -0.009207171753536927 0.1071640816058251 0
1542 -0.01211609339726259 0.1184140735178097 0
1543 -0.00198752769456258 0.103897189121361 0
1544 0.009605106881470073 0.1286351169101708 0
1545 0.008116136151065422 0.1228697314479048 0
1546 0.0007175143589251559 0.0890535977133686 0
1547 0.002146836807665298 0.1330771885491779 0
1548 0.008851593616328694 0.1203047977212167 0
1549 0.004017862652988017 0.1027113662567762 0
1550 0.004750897101104046 0.1199649947973499 0
1551 -0.01180864800708145 0.1126833083991192 0
1552 -0.0009657664818518183 0.08837373568892078 0
1553 -0.01314754603402592 0.09885885471924899 0
1554 0.008710080739645893 0.09875577238185165 0
1555 0.0005766460124972115 0.1229344889936958 0
1556 0.002175827366081995 0.1166394725229045 0
1557 -0.00140303407405891 0.1262724775797116 0
1558 -0.0005615454673366053 0.1262358096463532 0
1559 0.01182573427161771 0.1125535132792566 0
1560 0.008619203330091967 0.09050902735568742 0
1561 0.01071797590418461 0.1274459053283222 0
1562 -0.0134663402296875 0.1177095940216949 0
1563 -0.007991206815829455 0.1230375174252687 0
1564 -0.009579986589747704 0.1242001833861787 0
1565 -0.00590823328054403 0.1206188589186761 0
1566 -0.0003429836034539498 0.1228906240497966 0
1567 -0.005587982040211649 0.1331286444146925 0
1568 0.008543633797925027 0.114263224799525 0
1569 -0.0005402568811724347 0.1306163662111371 0
1570 0.004664343358119915 0.09935476298596695 0
1571 -0.007779306420088383 0.1001640408698933 0
1572 -0.008493852354853624 0.1111775671989578 0
1573 -0.01438300535968058 0.1194444444444436 0
1574 0.01227916308934508 0.1182551300951021 0
1575 0.004933109343361173 0.09235622697564302 0
1576 0.01436247409562147 0.09946259413795865 0
1577 0.005105081811976686 0.1098552965215847 0
1578 0.008086197138393191 0.112818359276671 0
1579 0.002658189742736401 0.1209842869380701 0
1580 -0.00883749927603654 0.09891917708361554 0
1581 -0.007893700862741533 0.1163682769724893 0
1582 0.005828142055567517 0.1149848316172508 0
1583 0.006780515922409665 0.08888771347835238 0
1584 -0.009568018434383414 0.1036386936550997 0
1585 -0.008720786621359593 0.09386802379687585 0
1586 0.01299521808946441 0.1155442990989652 0
1587 0.003991470762311303 0.09739086730942161 0
1588 -0.005138027186113905 0.1099552976812196 0
1589 0.003270920007613668 0.1218667178300191 0
1590 0.009549822950745543 0.1034742031025818 0
1591 0.003474887887827203 0.1133711315368816 0
1592 -0.007569062978541794 0.1093563195589978 0
1593 0.002510671220939127 0.1182985079145553 0
1594 -0.01075956691847263 0.113079290954051 0
1595 0.01412349066845797 0.09732769139416336 0
1596 -0.01335103856941831 0.1055818883515023 0
1597 0.01329405809650557 0.1056893347779567 0
1598 -0.007543849450787483 0.08929845116945143 0
1599 0.0091462394176014 0.1123592192371162 0
1600 0.007194996655713819 0.1266120470618839 0
1601 -0.007955243614570062 0.106568677906714 0
1602 -0.00618824024059456 0.09022479696099675 0
1603 -0.01045262460524051 0.09173590873139179 0
1604 -0.004094594722799598 0.1219858148113972 0
1605 0.006019879680174667 0.1204806812473738 0
1606 -0.01268333508309987 0.09328513896002928 0
1607 0.005422732236859771 0.1034277759971759 0
1608 0.01299993327311372 0.1074543336150344 0
1609 -0.01157236988323776 0.0968953604680301 0
1610 0.0008575387402860167 0.09069558198502496 0
1611 -0.005729079363718333 0.1286572075626551 0
1612 0.009350069012585741 0.08912223397254741 0
1613 0.0005890107412687458 0.1328486212779032 0
1614 -0.005499850159443419 0.1035820169371017 0
1615 -0.003197852633352108 0.1218417108668616 0
1616 -0.003371792940464797 0.1260389327804483 0
1617 -0.006758568328622747 0.1218847536077756 0
1618 0.01204373574254327 0.100576671903558 0
1619 -0.006047596776955095 0.1053093234999151 0
1620 0.01315787504557396 0.1201630671722547 0
1621 0.01078856176794194 0.1130042831917784 0
1622 0.003205065942765895 0.09353352544600384 0
1623 0.00291972826646093 0.1018075241322767 0
1624 -0.009113126500146106 0.127611894782266 0
1625 -0.01311974446457981 0.1203923173290388 0
1626 0.009965970746687359 0.09148079716057249 0
1627 0.00213499781616205 0.1239409665593251 0
1628 -0.008413300290429556 0.1057880908515395 0
1629 -0.0006030218899942252 0.09660287972524693 0
1630 0.008462565575610967 0.09497787949952163 0
1631 -0.01297680478414612 0.107597014209261 0
1632 -0.009402905600580222 0.1261505370578742 0
1633 0.008186339762732983 0.08989792478720356 0
1634 0.001277262705320632 0.1170614207954629 0
1635 0.006225060780593478 0.1284733128243071 0
1636 0.009333047978108687 0.0949684154539055 0
1637 0.01425179957975223 0.1130114053300453 0
1638 0.0003956318022336551 0.09657437587988844 0
1639 0.01031602079047773 0.1247917308239203 0
1640 0.003748315050304434 0.1271664114103636 0
1641 -0.001403243709793039 0.1024401409681844 0
1642 -0.01434985087070606 0.1082663454239908 0
1643 -0.002125252547118152 0.1340200551254619 0
1644 0.00237897401135606 0.1059484916323094 0
1645 0.006903125128672698 0.1217252980554059 0
1646 -0.006204323774844486 0.1260441483357301 0
1647 -0.0005910082974449453 0.1219078028148574 0
1648 0.01196121638066907 0.1099123396881497 0
1649 -0.01386886442291107 0.1237270440823762 0
1650 -0.007298785513330465 0.1292767629404386 0
1651 0.01141081526708881 0.1032727465990547 0
1652 0.007973709542508419 0.1028027714740557 0
1653 -0.008037039803895696 0.1260452777439548 0
1654 -0.00218557544727654 0.08922817648344107 0
1655 -0.004754945829212441 0.08641114550217188 0
1656 -0.003292833434459418 0.08747402547278105 0
1657 -0.01022599845895873 0.1249350419931623 0
1658 0.01133494849079054 0.1020246284340157 0
1659 0.004183529108270451 0.1219487818212485 0
1660 0.01358981829778891 0.09524471692080171 0
1661 -0.006830182808936939 0.0975626272455441 0
1662 -0.0002851877083677701 0.1066943369254491 0
1663 0.004196705585445848 0.1009591296383654 0
1664 0.001003298982695333 0.1156976047360571 0
1665 -0.007944508535092586 0.1028415719889942 0
1666 -0.01197914080106328 0.1100257376782325 0
1667 -0.004089291561972342 0.09743675903354072 0
1668 0.001329625711812556 0.09332742212743042 0
1669 0.0004722763555690568 0.09335931822981368 0
1670 -0.01207805429703304 0.1007754606580206 0
1671 0.003775905626143911 0.1287440406432988 0
1672 0.004720025972996963 0.1227824195726968 0
1673 -0.004720719812822824 0.1143580063038766 0
1674 -9.76275515490116e-005 0.1291234892309668 0
1675 -0.007738548804986669 0.1121398429281727 0
1676 0.002565839345425272 0.09834553880764124 0
1677 -0.009138382135527973 0.09089383984895388 0
1678 0.00070330502703384 0.1246894595614605 0
1679 0.008108088168699517 0.1162793270677876 0
1680 0.004436821190383767 0.08873479494367169 0
1681 0.01412035567687259 0.114010255337598 0
1682 -0.000670514571934092 0.1109604299845119 0
1683 -0.006832035514539354 0.1135422917761527 0
1684 0.007753346806465467 0.1289019568715216 0
1685 -0.0057773520582587 0.1178827756842542 0
1686 -0.01270948276091144 0.1265845380031783 0
1687 -0.001576370827692185 0.1329349448346735 0
1688 0.009978146828187135 0.1083899884946177 0
1689 0.00190912321582292 0.1110482831110238 0
1690 0.001849960356273617 0.112649671102248 0
1691 -0.005069266675292141 0.09398528223712342 0
1692 -0.009987797728187638 0.1085095409111266 0
1693 -0.003129594361753103 0.1050806213914953 0
1694 -0.004685313454037996 0.1310161168304167 0
1695 0.0004831935293138491 0.1071367982948817 0
1696 -0.001215952657107772 0.1165721887583683 0
1697 0.005838524612269931 0.09868489355361894 0
1698 -0.006351330085884262 0.08897810524165629 0
1699 0.009704651689456755 0.1257927583088333 0
1700 0.01442582010434729 0.1194444444444471 0
1701 -0.001246453864202213 0.130229690991509 0
1702 0.000832846815967567 0.1220750403986133 0
1703 0.01234431377057305 0.1033848537782139 0
1704 -0.008404168338859255 0.1303065377641701 0
1705 -0.008100598078940128 0.1188381498182891 0
1706 0.01157677474947423 0.1083428135863945 0
1707 -0.006808083266037216 0.1268754526787315 0
1708 -0.003562387339604257 0.127478338656817 0
1709 0.009769956589241459 0.09424074070645543 0
1710 -0.0008817718908192727 0.1141287975402397 0
1711 -0.004937697529615549 0.1117383686079012 0
1712 0.002083662723204144 0.1074853547754163 0
1713 -0.01158353933157824 0.1084748051951478 0
1714 -0.01115205753787348 0.1246081509706569 0
1715 -0.003829011795788282 0.1079526250158254 0
1716 -0.01427076337526931 0.1130829180905663 0
1717 -0.00211443947228839 0.08678957308447742 0
1718 -0.009434896671803306 0.09541282322111881 0
1719 -0.00504948183865302 0.1245669847426897 0
1720 -0.003256272203869417 0.09752933693599412 0
1721 -0.003620373000201962 0.09248160012445301 0
1722 0.009127135983649471 0.1295833755088491 0
1723 0.008560719925590694 0.1271004471214407 0
1724 -0.003152180878932661 0.123277340318991 0
1725 0.006453586270402569 0.1092118473601798 0
1726 0.002662064364464274 0.0859498239953691 0
1727 0.009099037310641213 0.09292111272195548 0
1728 0.007725311693358635 0.09620266952546166 0
1729 -0.003056003588648675 0.1069663741809871 0
1730 -0.007102240396517686 0.09282689835904966 0
1731 0.0001621730131217913 0.1300259764408584 0
1732 0.0005117224566109994 0.08797994946898187 0
1733 -0.004802086602165637 0.09815227392679607 0
1734 0.0005143225799104645 0.134373374470384 0
1735 0.005365381829763444 0.09085692648232496 0
1736 0.002982827033490589 0.09750113105115242 0
1737 -0.01139521305645469 0.1022193422236854 0
1738 -0.0006362683412215113 0.08682699974548097 0
1739 -0.01436991717474946 0.09952187522919244 0
1740 -0.0007318072429649764 0.09489214860127672 0
1741 0.002260256121737465 0.1224695730030802 0
1742 0.005260878723592521 0.1253944450706677 0
1743 -0.004029113396156718 0.1205401609621308 0
1744 -0.007827286393307048 0.07078816940948718 0
1745 0.007827286437951364 0.07078816941213957 0
1746 -0.04556559933058157 0.02619367308320653 0
1747 0.04556559933448744 0.02619367308657823 0
1748 0.03097644993660398 0.03631908038996132 0
1749 -0.03097644991795925 0.03631908040603173 0
1750 -0.01424800011649784 0.06247141311672897 0
1751 0.01429127703689984 0.0622499910475589 0
1752 -0.01318866003374081 0.07901036774392564 0
1753 0.01316552629079335 0.07905668883835067 0
1754 -7.204274246790168e-011 0.06590301180706261 0
1755 2.148338018977044e-011 0.07573861246529609 0
1756 0.02355089227010651 0.04370373622732593 0
1757 -0.02355089222217584 0.04370373627895802 0
1758 -0.01820009298573162 0.05311864642611906 0
1759 0.01820009300425396 0.05311864637822863 0
1760 -0.04209806967151145 0.03859427420611492 0
1761 0.04209806966919325 0.03859427421669542 0
1762 -0.01641609814455028 0.07057456020451569 0
1763 0.01641609816549032 0.0705745601639468 0
1764 0.006846696504786736 0.06290698640858013 0
1765 -0.006889784232145684 0.06273201340079823 0
1766 0.01697327696894683 0.08529095066950752 0
1767 -0.01697327688081974 0.08529095060955587 0
1768 0.05545971348640261 0.03630273085077543 0
1769 -0.05545971348854614 0.03630273085324755 0
1770 -0.006224295747463391 0.07884006451246524 0
1771 0.006210651890570135 0.07892112199192507 0
1772 0.03035626827912303 0.04388125048037132 0
1773 -0.03035626824214177 0.04388125047791543 0
1774 -0.01938895957025054 0.058721273611463 0
1775 0.01938895956632469 0.05872127357155189 0
1776 -0.01337642638368682 0.05628675731127383 0
1777 0.01337642641117766 0.05628675729399658 0
1778 -0.0148034596250495 0.1400579754503802 0
1779 0.01480345954092745 0.140057975475737 0
1780 0.03373589226705653 0.02408021329480574 0
1781 -0.03373589225746741 0.02408021330990331 0
1782 -0.03674242327849452 0.04383861662123248 0
1783 0.03674242327993104 0.04383861664845248 0
1784 0.0597150778982237 0.02169637805050191 0
1785 -0.05971507789657451 0.02169637805196701 0
1786 -0.02300987479027173 0.04970292663930329 0
1787 0.02300987481646094 0.0497029265880149 0
1788 -0.01912250267665531 0.06537195411816171 0
1789 0.01912250268519875 0.06537195408324951 0
1790 -0.007441120882176392 0.1412057697500689 0
1791 0.007279561190892493 0.1410575580742261 0
1792 -0.01777055926566655 0.04733552441565593 0
1793 0.01777055928757262 0.04733552436285841 0
1794 0.00251215897981005 0.07092183626325359 0
1795 -0.01110890954081379 0.06629628440262884 0
1796 0.01095308629964425 0.06635307754801945 0
1797 -0.04174195556696671 0.01386248265060546 0
1798 0.04174195558225661 0.01386248264477447 0
1799 -0.01896829588228525 0.07621215253049984 0
1800 0.01896829589823859 0.07621215247294183 0
1801 -0.002732468252046786 0.07137016390265899 0
1802 -0.0005737020632938639 0.1411057137606754 0
1803 0.01786025315361668 0.09049725501476966 0
1804 -0.01786025314967366 0.09049725497135683 0
1805 -0.01190355169187781 0.08393664147957043 0
1806 0.01197758517339393 0.08396286590268606 0
1807 0.002181358425615036 0.06150207038164375 0
1808 -0.01230675045725821 0.07387321937368536 0
1809 0.01219916787830135 0.07379650678850366 0
1810 0.008941681318415492 0.05876121186396036 0
1811 -0.009044771290304399 0.05877494410328796 0
1812 -0.02366836393261904 0.03654264549475706 0
1813 0.02366836395449558 0.03654264543340612 0
1814 -0.0007084026974458112 0.08041965235012127 0
1815 -0.002615389829039754 0.06123826084487405 0
1816 -0.004580429291795599 0.06704922967851053 0
1817 -0.04893309430136165 0.04215163310190531 0
1818 0.04893309429999594 0.04215163310494844 0
1819 -0.01599433367067708 0.1336764336925009 0
1820 0.01599433362059214 0.133676433742515 0
1821 0.0272903946857447 0.02927995222757911 0
1822 -0.02729039462433559 0.02927995228849158 0
1823 0.005076067722422757 0.06712888581386468 0
1824 0.005110824963780868 0.07434134118246721 0
1825 0.03748052184372712 0.03193645525797322 0
1826 -0.03748052181007309 0.03193645525498637 0
1827 -0.02720843278101937 0.04745856894836766 0
1828 0.02720843281993877 0.04745856893738581 0
1829 -0.02158195618829238 0.05566274424382371 0
1830 0.02158195620000644 0.05566274421247323 0
1831 -0.01409101303064743 0.05230767081391052 0
1832 0.01409101304580463 0.05230767078845908 0
1833 -0.005631021739048401 0.07446791382009432 0
1834 -0.01882663460946796 0.09503355327128159 0
1835 0.0188266345856888 0.09503355328960304 0
1836 0.04201927283016021 0.04461649751932543 0
1837 -0.04201927283076549 0.0446164975155015 0
1838 -0.0528200181092896 0.01240782647762651 0
1839 0.05282001812248286 0.01240782647609592 0
1840 -0.01503709540747632 0.06635710405199524 0
1841 0.01503709543082952 0.06635710402862618 0
1842 -0.01930580037964621 0.09936369857197971 0
1843 -0.01948059284885603 0.1038534779820837 0
1844 0.01930580036457823 0.09936369857258766 0
1845 0.01948059284869357 0.1038534779808983 0
1846 -0.007985669062435585 0.0826744371140318 0
1847 0.007968372175867334 0.08263999478302085 0
1848 0.01873728202833626 0.04263020758519793 0
1849 -0.01873728199511249 0.04263020764312074 0
1850 -0.01943938319814513 0.108468592779764 0
1851 0.01943938319816756 0.108468592779796 0
1852 0.002948438205038717 0.08128899808823871 0
1853 -0.01943428485551789 0.1129097473360904 0
1854 0.01943428485552549 0.1129097473361309 0
1855 0.01725437653794344 0.08105998391266946 0
1856 -0.01725437644405677 0.08105998390887434 0
1857 -0.02069285258403008 0.06950719876830475 0
1858 0.02069285259721999 0.06950719872449018 0
1859 -0.01955292178844104 0.1174166407158567 0
1860 -0.01987016852330824 0.1222388302944092 0
1861 0.01955292178841538 0.1174166407162982 0
1862 0.01987016852895515 0.1222388303006518 0
1863 -0.01888034027042423 0.1285085848713295 0
1864 0.01888034026526575 0.1285085849195021 0
1865 0.0117509349619835 0.1359219515298295 0
1866 -0.01175093501752924 0.135921951494486 0
1867 -0.06348357347371905 0.01171874021256244 0
1868 0.06348357348010669 0.01171874021606836 0
1869 0.06452441085216737 0.03123030241267983 0
1870 -0.06452441085161065 0.03123030241449697 0
1871 0.06365657876246045 0.04092812902668831 0
1872 -0.06365657876239557 0.04092812902756218 0
1873 0.008909763910967077 0.07604017775719532 0
1874 0.00547750641835796 0.0594282567309003 0
1875 0.01059630203621939 0.06205779807210156 0
1876 -0.0105344433288978 0.06218706797023686 0
1877 -0.02121755859965053 0.06210193063194573 0
1878 0.02121755859005931 0.06210193059713853 0
1879 -0.009241600531662224 0.07635750087653836 0
1880 0.04805047299720723 0.03344286676829569 0
1881 -0.04805047299875963 0.03344286676231067 0
1882 -0.005555396299393806 0.05922036921185148 0
1883 0.02696464290311298 0.04025539407369267 0
1884 -0.02696464282290885 0.0402553941496929 0
1885 -0.01257730828038494 0.0699208594667453 0
1886 0.01261764490343382 0.06985735411270884 0
1887 -0.004112361369586744 0.08190046446572287 0
1888 0.03647121113789446 0.03793861344910409 0
1889 -0.03647121113867712 0.03793861340818396 0
1890 -0.01685022341122372 0.05625723426630129 0
1891 0.01685022342921174 0.05625723421451906 0
1892 0.01434104718176655 0.08818830492991106 0
1893 -0.01434104712887693 0.08818830488023151 0
1894 -0.002791544439999588 0.07769252161887699 0
1895 0.002804931905624694 0.07774190210323696 0
1896 0.05369259209556968 0.02723287197089456 0
1897 -0.05369259209511021 0.02723287196466521 0
1898 -0.01780116202641526 0.06206345780806638 0
1899 0.01780116203967366 0.06206345777318886 0
1900 0.0328615631501953 0.04665231985295269 0
1901 -0.03286156313323114 0.04665231984239625 0
1902 0.03275953257594456 0.01635207728844083 0
1903 -0.03275953256689481 0.01635207731756857 0
1904 0.00389730520044147 0.1395635608144234 0
1905 -0.05572758095636249 0.04343524259566355 0
1906 0.05572758095646395 0.0434352425962593 0
1907 0.01471076787108603 0.04891874529613633 0
1908 -0.0147107678512331 0.04891874533097344 0
1909 0.009655865410460023 0.07979998019646491 0
1910 -0.02370051052211516 0.05293131654130295 0
1911 0.02370051053591145 0.0529313165004382 0
1912 0.01537169631702763 0.05910966634415313 0
1913 -0.01537169628210834 0.05910966636292527 0
1914 0.003081134946456758 0.064525908637837 0
1915 -0.007823694080124795 0.06751205028788017 0
1916 -0.0004036123375841295 0.06912682977655553 0
1917 0.01028411882148741 0.05585017505507854 0
1918 -0.01026749710996211 0.05572601140322658 0
1919 -0.002875920871728427 0.06434042406860888 0
1920 0.05048804361199302 0.01973566127437882 0
1921 -0.05048804360550724 0.01973566127664768 0
1922 -0.009993606135809978 0.0798347893296338 0
1923 -0.01569971809412971 0.07422763504147739 0
1924 0.01573590697468839 0.07422339318452573 0
1925 -0.02078477107235372 0.08345861198489569 0
1926 0.02078477120587172 0.08345861200841417 0
1927 -0.01974993844263752 0.05004142730453319 0
1928 0.01974993847152712 0.05004142725612038 0
1929 0.012104476856901 0.05952639495648555 0
1930 -0.01210447682346567 0.05952639487749864 0
1931 -0.00355067007979613 0.1387933622342737 0
1932 -0.02118251656908492 0.07333939129950395 0
1933 0.02118251657795072 0.07333939124523306 0
1934 -0.04007152508290133 0.02088543739830248 0
1935 0.04007152509127566 0.02088543739207733 0
1936 0.02124860215180863 0.04657519808466005 0
1937 -0.02124860212161859 0.04657519815278777 0
1938 0.02032136748506375 0.08748290653718041 0
1939 -0.02032136742512538 0.08748290646514653 0
1940 0.00796509229957839 0.06582488207547754 0
1941 -0.02214521103243282 0.05826919517378409 0
1942 0.02214521103216388 0.05826919514369748 0
1943 1.414942125404174e-005 0.07256793568438798 0
1944 -0.007294743594173643 0.1374995111763956 0
1945 0.007305856283269114 0.1372197840129156 0
1946 -0.02116717530980172 0.07952266343540251 0
1947 0.02116717533805069 0.07952266332295688 0
1948 -0.002684401664420791 0.07439589064042294 0
1949 -0.03248348568952316 0.03100315982046739 0
1950 0.03248348572828128 0.03100315981762615 0
1951 -0.02602463681414862 0.05068788651505515 0
1952 0.02602463684039676 0.05068788647719206 0
1953 -0.01994445499093156 0.03827025267148015 0
1954 0.01994445501352836 0.03827025260929176 0
1955 -0.03343975119253991 0.04093669764459172 0
1956 0.03343975122709071 0.04093669768321616 0
1957 -2.025279119570359e-005 0.0596144220276535 0
1958 -0.01598239125041199 0.129758219271109 0
1959 0.01598239123363386 0.1297582193248601 0
1960 0.002187840253402141 0.06781225144415082 0
1961 0.03508033225527481 0.00839195053772554 0
1962 -0.03508033223144265 0.008391950571348466 0
1963 -0.0003014846488514477 0.06300495968366562 0
1964 -0.02772770777544882 0.02346785103453458 0
1965 0.02772770780835184 0.02346785099530302 0
1966 0.02985734772723388 0.04812040514614874 0
1967 -0.02985734769203006 0.04812040515626118 0
1968 -0.03648942088304469 0.04707635805966755 0
1969 0.03648942088168228 0.04707635807806414 0
1970 0.01471774289815884 0.08193398829869672 0
1971 -0.01451598431318334 0.08187281703135542 0
1972 0.005070022835856211 0.06995070138668956 0
1973 -0.005131730622682443 0.06984972387924424 0
1974 -0.00925381198162163 0.07339596195614707 0
1975 -0.02090571099867595 0.05277889364893629 0
1976 0.02090571101617541 0.05277889361775471 0
1977 0.02694704787487575 0.04393734815383379 0
1978 -0.02694704783253063 0.04393734815962641 0
1979 -0.01286528432311419 0.1328652842844066 0
1980 0.01286528427525235 0.1328652843265022 0
1981 -0.02170127800811174 0.06681878559139653 0
1982 0.02170127801337087 0.06681878555034315 0
1983 0.002369140594120942 0.07427330110164244 0
1984 0.005242686710643093 0.08303723829169413 0
1985 0.01161540807411639 0.05343832967981951 0
1986 -0.01161540806173853 0.05343832966726465 0
1987 0.02292572118875851 0.03169916808621494 0
1988 -0.02292572115296306 0.03169916815756369 0
1989 -0.01156276047180728 0.08682449938574047 0
1990 0.0115627605246635 0.08682449942095867 0
1991 -0.04280730552175633 0.03314141805569 0
1992 0.04280730552435241 0.03314141807290324 0
1993 -0.01776782644217844 0.1248034614554784 0
1994 0.0177678264485165 0.1248034614747472 0
1995 -0.01783503620565811 0.06783672370796048 0
1996 0.01783503622215391 0.06783672367187199 0
1997 -0.01695274380989103 0.0506962300770083 0
1998 0.01695274382845417 0.05069623002559086 0
1999 0.06667356030770386 0.02384652771656697 0
2000 -0.06667356030907971 0.02384652771882536 0
2001 0.009516490620156508 0.07325057630504996 0
2002 -0.009191280420832622 0.08500952418304143 0
2003 0.009672118547904987 0.08494177801164433 0
2004 0.009956815705347479 0.06901007782337908 0
2005 -0.01622552945079562 0.04459497910616195 0
2006 0.01622552948169468 0.04459497904409709 0
2007 -0.008563873664286551 0.06491035490902877 0
2008 -0.01239338367451943 0.06417239789593251 0
2009 0.01231533411936332 0.06426766953857219 0
2010 -0.01584656007412678 0.07749819179723416 0
2011 0.01555480048003178 0.07741797836489236 0
2012 0.0241196321296057 0.04709059993407256 0
2013 -0.02411963210028014 0.04709059997890723 0
2014 -0.04636564482129768 0.04549349773921789 0
2015 0.0463656448203948 0.04549349774107847 0
2016 -0.04629308954553926 0.007962611457329613 0
2017 0.04629308956090432 0.007962611453137747 0
2018 0.00282753713221776 0.05899953239863762 0
2019 0.01503559509548267 0.09055250947089366 0
2020 -0.01503559508155841 0.09055250943079313 0
2021 0.0006539557229752442 0.08252266540082297 0
2022 -0.009981952476287838 0.06914774525587049 0
2023 0.02734985444133042 0.0339747458440294 0
2024 -0.02734985440820145 0.0339747459043387 0
2025 0.01161059090621883 0.07657019291758597 0
2026 0.0006970510006595463 0.1379608644849888 0
2027 0.003414125074397121 0.1437640246286784 0
2028 -0.01594670026316428 0.09271274965659398 0
2029 0.01594670026331374 0.0927127496883592 0
2030 0.0212814941879147 0.09207987168400197 0
2031 -0.02128149418976019 0.09207987162653367 0
2032 -0.02326126837802744 0.04036041710961882 0
2033 0.02326126845558925 0.04036041703914836 0
2034 -0.01775221588394082 0.1016814343355846 0
2035 0.01775221587843012 0.1016814343356516 0
2036 0.006878304246332034 0.0572817184921002 0
2037 -0.01581390929486511 0.05395919070707093 0
2038 0.01581390931902718 0.05395919066168557 0
2039 -0.01912233621778574 0.05532167953860338 0
2040 0.01912233623228367 0.05532167948898654 0
2041 -0.007097613932502627 0.05728655724235479 0
2042 -0.01196314211647906 0.07654212393034711 0
2043 0.00732245852983591 0.06813221514376494 0
2044 0.004808399922403885 0.06214689931084109 0
2045 -0.01613832548067416 0.06402415890218507 0
2046 0.01613832550093611 0.06402415887841122 0
2047 -0.00320388437814023 0.05874608971331161 0
2048 -0.002089400372475391 0.06727859970741705 0
2049 -0.01837509173280391 0.07266969288560338 0
2050 0.01837509175473211 0.07266969282846553 0
2051 -0.001711678198562347 0.08266290914255603 0
2052 0.0006721497909792674 0.07812219994129742 0
2053 -0.03993867445897178 0.02652546556370541 0
2054 0.03993867447415254 0.02652546555628375 0
2055 0.03979464292441424 0.04676306872912123 0
2056 -0.03979464292693173 0.04676306872616807 0
2057 -0.005544890380462251 0.08375959941319788 0
2058 -0.007673427834806323 0.06056874392164018 0
2059 -0.01766589698760859 0.1059558190555099 0
2060 0.01766589698763948 0.105955819055536 0
2061 0.007616501838990246 0.06059518543271137 0
2062 -0.0141923977772079 0.07203471198047991 0
2063 0.01419239781316356 0.07203471197032249 0
2064 -0.02189384554413608 0.0763637914250557 0
2065 0.02189384555296852 0.07636379136023981 0
2066 0.01205017296129581 0.08139201456180262 0
2067 -0.006372390960365294 0.06500651609522609 0
2068 0.03984811679107921 0.04157597155264119 0
2069 -0.03984811680431729 0.04157597154372285 0
2070 -0.004392681542771702 0.0626234307104986 0
2071 -0.01750043737357857 0.1105277494718897 0
2072 0.01750043737358077 0.1105277494719268 0
2073 0.04739028815583426 0.03781077541464724 0
2074 -0.04739028815387896 0.03781077540683941 0
2075 0.01617822485284793 0.127017684140081 0
2076 -0.01617822485411674 0.1270176841028396 0
2077 -0.05852246522291836 0.03069787630730215 0
2078 0.05852246522412094 0.03069787630914908 0
2079 -0.01210371443254892 0.0815295201002893 0
2080 -0.004949494560981502 0.07209590816812179 0
2081 -0.01748980747856482 0.1149644300387816 0
2082 -0.01739707606764677 0.1194196081994946 0
2083 0.01739707606805498 0.1194196081999331 0
2084 0.01748980747856008 0.1149644300388154 0
2085 -0.05832815809527931 0.007053083123494996 0
2086 0.05832815811094699 0.007053083124267899 0
2087 0.01441872548566375 0.08542706308500081 0
2088 -0.01441872541984934 0.08542706304957234 0
2089 0.005269005353350429 0.0647506541639008 0
2090 0.02257674927779413 0.06422018414469842 0
2091 -0.02257674927249185 0.06422018418373729 0
2092 0.04488295160609376 0.04162565655029628 0
2093 -0.04488295160926323 0.04162565654860623 0
2094 0.004208114108485171 0.07200259162390253 0
2095 -0.03019868048327736 0.04062946694525003 0
2096 0.03019868053617547 0.04062946696327525 0
2097 -0.02055412736585169 0.03420640279643213 0
2098 0.02055412738682354 0.03420640272073544 0
2099 0.06813499336513629 0.03705001644654636 0
2100 -0.06813499336617561 0.03705001644787562 0
2101 0.006495064112055169 0.07650550858762301 0
2102 0.009703751134881729 0.064323138733086 0
2103 -0.05133366692737419 0.04582382566725264 0
2104 0.05133366692727798 0.0458238256690477 0
2105 0.01956151445954016 0.1377602661227692 0
2106 -0.01956151451566494 0.1377602660353823 0
2107 0.007038866728726911 0.07304747359904337 0
2108 0.0345296295265536 0.03439492741262719 0
2109 -0.03452962948409163 0.03439492740809497 0
2110 -0.02796091179725443 0.04978451953921451 0
2111 0.02796091183002265 0.04978451951965034 0
2112 -0.01302537923120524 0.0676193139653332 0
2113 0.01302698700482483 0.06761985661483784 0
2114 -0.0107064625285458 0.07145843528339278 0
2115 -0.01274981530765542 0.05048893287384528 0
2116 0.01274981529921353 0.05048893287397832 0
2117 0.02285497075180724 0.06030069237707399 0
2118 -0.02285497076292937 0.06030069239159613 0
2119 -0.06848449651538419 0.01720073423175981 0
2120 0.06848449651801403 0.01720073423230342 0
2121 -0.05864532883162647 0.01532704850920049 0
2122 0.05864532883761005 0.01532704850831197 0
2123 -0.02373266810307992 0.05536764446976142 0
2124 0.02373266811698879 0.05536764443964234 0
2125 -0.01719352833773216 0.09677075680488574 0
2126 0.01719352832526433 0.09677075681311378 0
2127 -0.01168556721410548 0.1447627879010775 0
2128 0.01158492545412462 0.1450820665450707 0
2129 -0.04755181935292996 0.01488418496456548 0
2130 0.04755181936680683 0.01488418496028082 0
2131 0.01893814271965181 0.1434219544352757 0
2132 -0.01893814280196046 0.1434219543748861 0
2133 -0.005109772630705971 0.07675127113757894 0
2134 0.009143212741316319 0.1346890600352486 0
2135 -0.009143212787647513 0.1346890600144703 0
2136 -0.01655261691418949 0.08808796784883489 0
2137 0.0165526169572069 0.08808796789572824 0
2138 -0.002932958934886174 0.08008051979529816 0
2139 -0.0613344170886371 0.03566712469802436 0
2140 0.0613344170879853 0.03566712469908242 0
2141 0.01462237384827141 0.04646313594198416 0
2142 -0.01462237382777873 0.04646313598382934 0
2143 0.02155249308791807 0.0968303583999687 0
2144 -0.02155249311172197 0.09683035839643889 0
2145 -0.0331508882612403 0.04398287350330352 0
2146 0.03315088828615734 0.04398287352731248 0
2147 -0.006218207374209067 0.08132283443782638 0
2148 0.0689809065642713 0.04393539455839536 0
2149 -0.06898090656443974 0.043935394558566 0
2150 0.05139246343895752 0.03851136702417664 0
2151 -0.05139246343919549 0.03851136702307072 0
2152 0.01077260556193714 0.07101424365636301 0
2153 -0.0189880993222028 0.04510353020297382 0
2154 0.01898809934422322 0.04510353014850665 0
2155 0.01382821388006926 0.07551447404420791 0
2156 0.06021625955041002 0.04512129011809086 0
2157 -0.06021625955012276 0.04512129011828282 0
2158 -0.01488828792659742 0.06858967990366811 0
2159 0.01488828795576637 0.06858967987778747 0
2160 0.03948287542837963 0.03539102479700548 0
2161 -0.03948287542571595 0.03539102476793732 0
2162 -0.01738537189546108 0.05985301999575186 0
2163 0.01738537191401007 0.05985301996399767 0
2164 0.0114428187706177 0.05753743382040571 0
2165 -0.01144019231120829 0.0575345600385463 0
2166 -0.003023524672875152 0.06936669276623245 0
2167 -0.01040918046621528 0.1388086873991689 0
2168 0.0104091803991476 0.1388086874015028 0
2169 0.006356106497335342 0.08112720153989762 0
2170 -0.04565621119819711 0.02098105758705757 0
2171 0.04565621120519699 0.0209810575866277 0
2172 0.01721311651212055 0.103888888888896 0
2173 -0.01721311651210631 0.1038888888888867 0
2174 -0.00702941587120198 0.07277375818222635 0
2175 -0.004324740275939437 0.1450837012022657 0
2176 0.06926861314909195 0.005950713033739394 0
2177 -0.06926861314761051 0.005950713034259447 0
2178 -0.02023310638245233 0.05706244094183012 0
2179 0.02023310638164029 0.05706244090344605 0
2180 -0.01346832534822852 0.0542263339176783 0
2181 0.01346832537870028 0.05422633389994477 0
2182 -0.02818022236155062 0.01813278610142517 0
2183 0.02818022237178649 0.01813278606235454 0
2184 0.001331322455621495 0.08009725661808112 0
2185 0.006635230143064447 0.08438517613029947 0
2186 -0.04428678725208741 0.04728816808112117 0
2187 0.04428678725210225 0.04728816808246548 0
2188 -0.05304685687425409 0.03217836050812838 0
2189 0.05304685686842592 0.03217836051122142 0
2190 0.02315630679428294 0.02808874523973381 0
2191 -0.02315630675384544 0.02808874531524047 0
2192 0.02055402658901689 0.1327794163275559 0
2193 -0.02055402661059466 0.1327794162548959 0
2194 -0.0208959218896738 0.06001661105532203 0
2195 0.02089592188157645 0.06001661101904324 0
2196 0.00412864978915713 0.07938508715492631 0
2197 0.003020803483501763 0.08313558164534196 0
2198 -0.01727578151429517 0.1219879281895325 0
2199 0.0172757815168167 0.121987928194743 0
2200 -0.02234817924344416 0.07107048763712645 0
2201 0.02234817925573602 0.0710704875880193 0
2202 -0.02771741077630433 0.03699695909147695 0
2203 0.02771741080902575 0.03699695902173632 0
2204 0.02906423601429756 0.04597870980111016 0
2205 -0.02906423597855977 0.04597870980532943 0
2206 0.00447798611876671 0.1366875419092583 0
2207 -0.01005580307710624 0.08259326163139968 0
2208 0.03419783089069567 0.04796920984296031 0
2209 -0.03419783088366994 0.04796920983476206 0
2210 -0.01940050678150535 0.06332038305621336 0
2211 0.01940050678402253 0.06332038302034805 0
2212 0.008056142492723609 0.07793949171773551 0
2213 0.04930661303866338 0.02901664361004345 0
2214 -0.0493066130402608 0.02901664360437235 0
2215 0.02145829161539554 0.04215506199834829 0
2216 -0.02145829156690231 0.04215506207924925 0
2217 -0.01387413115835209 0.07532344772469286 0
2218 0.03547736178791046 0.02783882947806024 0
2219 -0.03547736176093082 0.02783882948416001 0
2220 0.003767167769978349 0.07597770015024975 0
2221 0.02161036510240991 0.1013773143043526 0
2222 -0.02161036510797635 0.1013773143106878 0
2223 0.01003752616760108 0.08253114142545845 0
2224 0.008265046911742648 0.05586042268286324 0
2225 0.02099700914244798 0.1254727180204259 0
2226 -0.02099700910690165 0.1254727179896287 0
2227 -0.008181531049769486 0.07832903177626453 0
2228 -0.007105017072999993 0.07619057663027043 0
2229 -0.01749626266952193 0.04000267717843682 0
2230 0.01749626269712255 0.04000267712607802 0
2231 -0.01242472517630646 0.06151012784365301 0
2232 0.01231960057144914 0.0615849548833763 0
2233 -0.0308755228593057 0.02764860800779552 0
2234 0.03087552291266105 0.02764860801027662 0
2235 0.01663897718961127 0.08302087674500065 0
2236 -0.01663897706863631 0.08302087671994875 0
2237 -0.04085765457669721 0.005747303719660837 0
2238 0.04085765459103664 0.005747303718353346 0
2239 0.01536679210468722 0.07982241860151687 0
2240 -0.01536679200528706 0.07982241858934637 0
2241 -0.01976973168910077 0.06755076139406672 0
2242 0.0197697317027972 0.06755076135439428 0
2243 0.03540577328323504 0.02016232950089801 0
2244 -0.03540577327273821 0.02016232951648073 0
2245 -0.01716673073468973 0.09926366384387973 0
2246 0.0171667307259659 0.09926366384490058 0
2247 -0.007376533125928254 0.08471089880309497 0
2248 -0.05885479879336271 0.03992990723393623 0
2249 0.05885479879139133 0.0399299072329045 0
2250 -0.01712644586691981 0.06586233155658533 0
2251 0.01712644587670479 0.06586233153050856 0
2252 -0.05251577507536621 0.006194576375702643 0
2253 0.05251577509008291 0.006194576373356446 0
2254 -0.00832955456403414 0.05571759462288765 0
2255 0.01710996321712619 0.1081823139081405 0
2256 -0.01710996321711231 0.1081823139081077 0
2257 -0.0542598549914366 0.02245987077320346 0
2258 0.05425985499612382 0.02245987077716092 0
2259 0.06228630272743339 0.02654237231031307 0
2260 -0.06228630272770615 0.0265423723115449 0
2261 0.01033514125311815 0.06024416348761785 0
2262 -0.01033514124356552 0.0602441634126169 0
2263 -0.01852186967078866 0.07002023995042418 0
2264 0.01852186968836577 0.07002023990738282 0
2265 -0.01521295843661118 0.0572026185528294 0
2266 0.0152129584572675 0.05720261852857909 0
2267 0.007477482370833862 0.1454066005367904 0
2268 -0.005909551351585733 0.06115503304492663 0
2269 -0.0103677393696531 0.06416813499657957 0
2270 0.005093910317883096 0.05752978123704532 0
2271 -0.01716979672537481 0.1127777777777587 0
2272 0.01716979672537974 0.112777777777798 0
2273 -0.001921546871295761 0.1370542001258946 0
2274 -0.004421485838016484 0.1365191153329725 0
2275 -0.02289554135196978 0.06884289073588332 0
2276 0.02289554135678513 0.06884289069035601 0
2277 0.01782100121792694 0.07834061749107644 0
2278 -0.01782100118561824 0.07834061753136091 0
2279 -0.008763946197418633 0.06309562850529607 0
2280 0.04971165840796189 0.02431615130463269 0
2281 -0.04971165840443155 0.02431615130430255 0
2282 -0.0349161964088567 0.04557543003933979 0
2283 0.03491619641783759 0.04557543006238372 0
2284 0.001387796370726342 0.0630728790315247 0
2285 -0.01716979604876359 0.1172222222222169 0
2286 0.01716979604874958 0.1172222222222283 0
2287 -0.02365284382969975 0.05726317512216915 0
2288 0.02365284383234034 0.0572631750951424 0
2289 0.008663232101039395 0.062267511137187 0
2290 0.03631497666690352 0.04081228540911747 0
2291 -0.03631497663661425 0.04081228537076036 0
2292 0.0006714425448744545 0.07093264326796919 0
2293 0.02546482753611558 0.04867234385100313 0
2294 -0.02546482752141793 0.04867234388876607 0
2295 -0.01721979893983528 0.05795216994924619 0
2296 0.01721979893967761 0.05795216991567918 0
2297 -0.02557982687156399 0.05258774846332209 0
2298 0.02557982689185716 0.05258774843029658 0
2299 0.009171497007344384 0.06724761323923553 0
2300 0.01595256002321965 0.06130910538790445 0
2301 -0.01595256002413812 0.06130910542963863 0
2302 -0.0143270037033517 0.06456808023860708 0
2303 0.01427645795042067 0.06460006226750253 0
2304 -0.02161829897424507 0.1061097575372567 0
2305 0.02161829897554807 0.1061097575367533 0
2306 0.02535392736088077 0.0421493691253547 0
2307 -0.02535392728120426 0.04214936918216107 0
2308 0.004630570967494332 0.07762861915620159 0
2309 -0.02149344515535133 0.1105116568352927 0
2310 0.02149344515534696 0.1105116568353373 0
2311 0.01347372070727605 0.0582889438342 0
2312 -0.01347372067758969 0.05828894382068422 0
2313 0.02120922306102811 0.04871254775127679 0
2314 -0.02120922303616109 0.04871254780845758 0
2315 -0.005092441862921175 0.05745635231795584 0
2316 0.02149789444075987 0.05105537696238423 0
2317 -0.02149789441793242 0.05105537699994094 0
2318 0.03350181910257756 0.03800772847785231 0
2319 -0.0335018191003067 0.03800772844660238 0
2320 -0.01628914288359302 0.04208575457903473 0
2321 0.01628914289684673 0.04208575451534623 0
2322 -0.03923396703443765 0.04417090976244599 0
2323 0.03923396703487123 0.0441709097704519 0
2324 -0.007988128421905197 0.0804825752178282 0
2325 -0.01916542311893451 0.06084944930970806 0
2326 0.01916542311992068 0.06084944926827486 0
2327 -0.006103570581603959 0.06808738227087513 0
2328 -0.001845998258366958 0.0760106123296288 0
2329 -0.01593682674025941 0.0521159520448125 0
2330 0.0159368267565459 0.05211595199361917 0
2331 -0.0003211391124780076 0.1455037140293703 0
2332 0.01230074383705829 0.08837541344740994 0
2333 -0.01230074378868572 0.08837541340315216 0
2334 0.01049305932231798 0.07482424070742011 0
2335 -0.06958175372368523 0.0287038450690519 0
2336 0.06958175372359067 0.02870384506544445 0
2337 -0.02250545301464691 0.08548454450443352 0
2338 0.02250545305808748 0.08548454454146154 0
2339 -0.003572888704530945 0.0835509265652567 0
2340 -0.01051171066960004 0.0749467059540365 0
2341 -0.02309656240928121 0.06246211204015964 0
2342 0.02309656242391901 0.06246211201883192 0
2343 0.01392309744671267 0.06034504282191226 0
2344 -0.01392309743557863 0.06034504280100371 0
2345 0.03099496297099559 0.01133038697374701 0
2346 -0.0309949629537909 0.01133038700453175 0
2347 -0.001528791103953958 0.07882541218411504 0
2348 0.04266589495212433 0.02921792376123168 0
2349 -0.04266589495146716 0.02921792374814436 0
2350 0.003385617087991691 0.06901222908604489 0
2351 -0.01049783269090361 0.07788081013509791 0
2352 0.001778677048505752 0.07628776629188194 0
2353 0.0319601871262731 0.04843122445641975 0
2354 -0.03196018710068823 0.04843122445638518 0
2355 -0.02233545797993011 0.08954570716441156 0
2356 0.02233545801568155 0.08954570723805404 0
2357 -0.01629319138569012 0.09497700342844376 0
2358 0.01629319137800644 0.09497700344561072 0
2359 -0.004119088138655129 0.06033498834391605 0
2360 -0.001384367248789268 0.05830621565368629 0
2361 0.01369315216142633 0.1301060062366311 0
2362 -0.01369315218807195 0.1301060061887716 0
2363 0.001764360496782104 0.06604120952066003 0
2364 0.01200065164371571 0.05525606214120854 0
2365 -0.01200065164393074 0.05525606217092304 0
2366 0.02246386344318729 0.08158380592798339 0
2367 -0.02246386347456888 0.0815838059689971 0
2368 0.0082209730593991 0.08075524830153578 0
2369 -0.01848223744775917 0.0927521258004841 0
2370 0.01848223743003898 0.09275212583334837 0
2371 0.001061220226988777 0.05835902626545639 0
2372 0.0003515496954897627 0.06132118936685187 0
2373 -0.004410841335665963 0.06524114085637424 0
2374 0.0212219542708415 0.04431036555235189 0
2375 -0.0212219542454874 0.04431036562147191 0
2376 -0.06314644636858747 0.01779484035906941 0
2377 0.0631464463734029 0.01779484036021484 0
2378 -0.004828163457977074 0.080141573261466 0
2379 0.01977098016021147 0.08134658232994839 0
2380 -0.01977098001108949 0.08134658234486861 0
2381 -0.01492156998348027 0.05542906352056633 0
2382 0.01492157002485 0.05542906349026047 0
2383 0.02153713371446351 0.1149410603407373 0
2384 -0.02153713371430742 0.1149410603406031 0
2385 0.006046514594669049 0.07144973039463867 0
2386 0.02856867424779781 0.04233817049540035 0
2387 -0.02856867420429038 0.04233817049305815 0
2388 -0.01752062301548115 0.05464271119183033 0
2389 0.0175206230367933 0.05464271114035782 0
2390 0.009996320281101112 0.0539975849937265 0
2391 -0.009935341156876918 0.05401575517910319 0
2392 0.001851421738182338 0.07253859445176088 0
2393 0.03111170165480259 0.02119711120457503 0
2394 -0.03111170162583331 0.02119711125183259 0
2395 -0.01485653290146179 0.05069653436946253 0
2396 0.01485653289661418 0.05069653433563105 0
2397 -0.01933130320520637 0.08535745476869737 0
2398 0.01933130327354367 0.08535745484702022 0
2399 -0.02007792672031153 0.07156012268023206 0
2400 0.02007792673851785 0.07156012262973202 0
2401 -0.0009268147856934893 0.07422399271819415 0
2402 0.06972256057783811 0.0117900981946035 0
2403 -0.06972256057795691 0.01179009819420086 0
2404 0.007327558379452398 0.07485294295553985 0
2405 -0.03756110940360556 0.01624204813466571 0
2406 0.03756110941521293 0.01624204812015682 0
2407 -0.01657788977269738 0.04881095912100239 0
2408 0.0165778897906515 0.04881095907367725 0
2409 0.01005142061670439 0.07768362025410748 0
2410 -0.01950514745829725 0.05182454525000897 0
2411 0.01950514748217887 0.05182454520506662 0
2412 0.0004298266282372761 0.06751561003862218 0
2413 -0.03034444805500401 0.03342256046898044 0
2414 0.0303444480922733 0.03342256045183365 0
2415 0.003280391945495669 0.06295943747854238 0
2416 -0.01335999226843484 0.08985109120456472 0
2417 0.01335999229124628 0.08985109125307968 0
2418 -0.003625560510593859 0.07591501579519305 0
2419 0.001410168566118074 0.06933318387618558 0
2420 -0.03926139850223128 0.03873444747685462 0
2421 0.03926139850618964 0.03873444748636411 0
2422 0.003655769892865302 0.0660806089276894 0
2423 -0.001202767508387353 0.06459756239406408 0
2424 -0.02226507866628052 0.05390904572784141 0
2425 0.0222650786854042 0.05390904569760423 0
2426 -0.01138527645174781 0.05170629165829242 0
2427 0.01138527645274926 0.05170629166832454 0
2428 -0.0021005285874319 0.06296237986283655 0
2429 -0.01067998616377804 0.13333566203652 0
2430 0.01067998611683569 0.1333356620689096 0
2431 0.01288167093188274 0.04866108013395071 0
2432 -0.01288167092370619 0.04866108014416434 0
2433 -0.02406987036531587 0.05118262975584137 0
2434 0.02406987038376832 0.0511826297137791 0
2435 -0.0546490837507141 0.01768381558909057 0
2436 0.05464908376080358 0.01768381559468282 0
2437 -0.006784253123880009 0.1356959626222645 0
2438 0.006786963670813894 0.1356400212562649 0
2439 -0.01497827962350486 0.1366810362269309 0
2440 0.01497827956104133 0.1366810362659081 0
2441 -0.02591288241891039 0.04583963403165381 0
2442 0.02591288247040843 0.04583963401923408 0
2443 -0.0651350294840661 0.0456115276567042 0
2444 0.06513502948433582 0.04561152765657004 0
2445 -0.01288855709320464 0.06580188946382579 0
2446 0.01299193929295434 0.06583033889628345 0
2447 -0.007979197205919343 0.07456660794105509 0
2448 0.01234801694303268 0.07195647818117226 0
2449 -0.02196657056044303 0.119664410802939 0
2450 0.02196657056069011 0.1196644108045477 0
2451 -0.02081495445195587 0.06454939439066561 0
2452 0.02081495445775646 0.06454939435124027 0
2453 -0.05247109976750974 0.04197481966522235 0
2454 0.05247109976772118 0.04197481966772967 0
2455 0.009797542481174993 0.08659144570171626 0
2456 -0.009797754410748268 0.08660721148187422 0
2457 -0.0194522305205019 0.04805995358365761 0
2458 0.01945223054539826 0.0480599535298173 0
2459 -0.03719985594452403 0.02362845301174304 0
2460 0.03719985595564854 0.02362845299889216 0
2461 -0.009573539003382509 0.06732613802380595 0
2462 0.02515936813381319 0.03853852873063 0
2463 -0.02515936805682389 0.03853852881932476 0
2464 0.008053344519217489 0.06411658769909215 0
2465 -0.01784587038280203 0.06406631704905451 0
2466 0.01784587039465465 0.06406631701531658 0
2467 -0.00722076426979701 0.05895799504049458 0
2468 -0.01134778169779333 0.06821119016277816 0
2469 -0.0426181742593352 0.01699339795739971 0
2470 0.04261817427023455 0.01699339795394172 0
2471 -0.01936890505789947 0.09715021532395421 0
2472 0.01936890503592332 0.09715021533176121 0
2473 -0.06328620626901929 0.005253951875900758 0
2474 0.06328620627626935 0.005253951870660765 0
2475 -0.01379525295978069 0.07719526186802632 0
2476 0.002394277743763992 0.1369478852505174 0
2477 -0.00129865831110466 0.07065847855125143 0
2478 -0.03807458390952984 0.04826201534373092 0
2479 0.03807458390668469 0.04826201535081916 0
2480 0.004011540243855988 0.06022234621514445 0
2481 -0.02506856465848356 0.05428070148796673 0
2482 0.0250685646747829 0.05428070145750889 0
2483 -0.05453503750267222 0.04660930716884269 0
2484 0.05453503750279163 0.04660930716913399 0
2485 -0.004558932504622292 0.07851686412755816 0
2486 -0.001720617619252072 0.07270460762713357 0
2487 -0.009088777193367188 0.06135368918239924 0
2488 -0.01940145064511833 0.07434228750447713 0
2489 0.01940145066233056 0.07434228744599648 0
2490 0.01140355177223481 0.06800719544517628 0
2491 -0.04441186688752467 0.03599805775321253 0
2492 0.04441186688920179 0.03599805776885585 0
2493 -0.008281582216872753 0.06914960973706634 0
2494 0.01853690656982284 0.05692221524609814 0
2495 -0.01853690657159161 0.0569222152883535 0
2496 0.007078707245901 0.05904409042889362 0
2497 -0.009272707315798275 0.0571733236810808 0
2498 -0.00405929271675684 0.1422752713418628 0
2499 0.001496599201102654 0.05998479319265624 0
2500 -0.01240421839890261 0.07202006247441334 0
2501 -0.02042150910101958 0.05434573462986587 0
2502 0.0204215091203568 0.05434573459524768 0
2503 -0.02423992341161725 0.02441898117400403 0
2504 0.02423992343400516 0.02441898109282436 0
2505 0.0272061520469065 0.05139598378125197 0
2506 -0.02720615201534347 0.05139598381913323 0
2507 -0.003444831990511301 0.07290644058108808 0
2508 -0.02007042583789429 0.04045619078598055 0
2509 0.02007042586976642 0.04045619071271817 0
2510 0.02004183528256117 0.0898374552123775 0
2511 -0.02004183526202116 0.08983745514833485 0
2512 -0.05758501426036233 0.02564575247977525 0
2513 0.05758501426136641 0.02564575248363636 0
2514 0.009381630732396009 0.0570887325377017 0
2515 0.01139624684884885 0.07900039066145934 0
2516 0.04245879239779388 0.04185379508757806 0
2517 -0.04245879240518961 0.0418537950875526 0
2518 -0.006198596912170119 0.07112582658439184 0
2519 0.005971389848309952 0.06101074727003612 0
2520 -0.04576496227552586 0.03106525175489009 0
2521 0.04576496226992707 0.03106525176612531 0
2522 0.004647114147998784 0.08153933115216688 0
2523 -0.03086865846264724 0.04641609853151437 0
2524 0.03086865848804874 0.04641609852407773 0
2525 -0.02308163205781012 0.07467557424943996 0
2526 0.02308163206156273 0.07467557418905213 0
2527 -0.0487308272961277 0.04723094379197862 0
2528 0.04873082729586653 0.04723094379232999 0
2529 -0.01599399206523114 0.07235506402983145 0
2530 0.01599399209831762 0.07235506398256113 0
2531 0.01431695275108025 0.07041808851488648 0
2532 -0.01431684894214966 0.0704185836502549 0
2533 0.0008963938247791205 0.07429757930137881 0
2534 -0.01697306729947744 0.07571876837578215 0
2535 0.01698224192649356 0.07569550412473747 0
2536 -0.04237057078336543 0.0236993059435337 0
2537 0.04237057079570334 0.02369930593300024 0
2538 0.01399298856583157 0.07371920874582857 0
2539 0.02451449509139571 0.03394619307261419 0
2540 -0.02451449505919168 0.03394619313416883 0
2541 -0.02129387316457955 0.09466124722458293 0
2542 0.02129387312628039 0.09466124725057759 0
2543 -0.02350098758971002 0.05922188099326679 0
2544 0.02350098758474407 0.05922188097986586 0
2545 0.0147097172222418 0.09231826630075715 0
2546 -0.0147097172156087 0.09231826626825487 0
2547 -0.005516979032847829 0.06381415162103979 0
2548 0.01553448876118351 0.08639977463540446 0
2549 -0.01553448869749352 0.08639977459101222 0
2550 -0.01864080464513829 0.08311150855525387 0
2551 0.01864080475317922 0.0831115085999076 0
2552 0.006317682035428842 0.06609684818358966 0
2553 -0.007635427668337013 0.1449148978450871 0
2554 -0.01811895417668496 0.04940780092322558 0
2555 0.01811895420194167 0.04940780087371247 0
2556 0.01493772805502142 0.132061167724354 0
2557 -0.01493772808807272 0.1320611676680612 0
2558 -0.002984783086745636 0.06595754959363508 0
2559 -0.03174462175665656 0.0422483489380723 0
2560 0.03174462179918812 0.04224834896385089 0
2561 0.02297452296987664 0.04558908409119817 0
2562 -0.02297452293657733 0.04558908415366285 0
2563 0.04175899362838364 0.0478902020691999 0
2564 -0.0417589936292915 0.04789020206928982 0
2565 -0.02289513966026571 0.07824128404523673 0
2566 0.02289513967478219 0.07824128394438627 0
2567 -0.001597109364535059 0.0599116742293388 0
2568 -0.01147137630128781 0.07963734148934103 0
2569 0.01401220672912478 0.07740151328771971 0
2570 0.02960091829422511 0.04975095776097371 0
2571 -0.02960091826197006 0.04975095777620728 0
2572 0.01351940528856545 0.08337857143639524 0
2573 -0.01351953598220814 0.08338708064566427 0
2574 0.005382050950042424 0.06311225350144765 0
2575 0.02303416415022839 0.04771985312598413 0
2576 -0.02303416412591882 0.04771985317754787 0
2577 -0.000387439703995823 0.08359667694735372 0
2578 0.00570264036526163 0.06853451870151168 0
2579 0.0004738253932316713 0.06440894301506621 0
2580 -0.009070125748180821 0.0718223253674187 0
2581 0.02164987818079054 0.03816087888870255 0
2582 -0.02164987813519489 0.03816087895104924 0
2583 -0.002209941572767247 0.08108003607244064 0
2584 -0.009803566770936526 0.1370917275791995 0
2585 0.009803566715709174 0.1370917275962172 0
2586 -0.006752542108898708 0.06964159606967484 0
2587 0.001537542531249773 0.1404690958690873 0
2588 0.03532945678680501 0.01254325269470497 0
2589 -0.03532945677206434 0.01254325272098324 0
2590 -0.01856783924153436 0.03619166729249086 0
2591 0.01856783926387152 0.03619166722772389 0
2592 -0.0198566703744957 0.07793173437558887 0
2593 0.01985667038707289 0.07793173431230721 0
2594 0.007897920074246868 0.08553107088320508 0
2595 0.01316730668629195 0.08660816234397867 0
2596 -0.01316730662872529 0.08660816230620312 0
2597 -0.03478915783582447 0.0424318601025957 0
2598 0.03478915785509798 0.04243186013845887 0
2599 -0.02189445894979905 0.05690385554956791 0
2600 0.02189445895454461 0.05690385551740371 0
2601 0.01602400826814994 0.1443272546067377 0
2602 -0.01602400837623068 0.1443272545805081 0
2603 -0.03603519205656772 0.0480772813727878 0
2604 0.03603519205529685 0.04807728138301468 0
2605 0.001993029893125388 0.08356508203676907 0
2606 0.02348564694075018 0.06573052176467228 0
2607 -0.02348564693628059 0.06573052179977563 0
2608 -0.0008818202272637726 0.07728775154173441 0
2609 0.01064836190371769 0.05846421601731626 0
2610 -0.01063742356615712 0.05849752223300218 0
2611 -0.01660627688506287 0.04611416653365331 0
2612 0.01660627691201575 0.04611416647775457 0
2613 -0.02061091060017293 0.05854276076245262 0
2614 0.02061091059884957 0.05854276072566435 0
2615 0.05782870803756477 0.04682482715011601 0
2616 -0.05782870803720612 0.04682482715026081 0
2617 0.02010386811848788 0.03230334692847006 0
2618 -0.0201038680944204 0.03230334699569738 0
2619 -0.01101645172421364 0.08508021371090811 0
2620 0.01085540544198714 0.08516052078660548 0
2621 0.008770817735061246 0.06924961296634355 0
2622 0.006555886730356494 0.06976413491916783 0
2623 0.003412240627096905 0.05763820715927212 0
2624 -0.02229997967003689 0.05203170710016251 0
2625 0.0222999796854084 0.0520317070650004 0
2626 -0.007555366584512049 0.06600974486762033 0
2627 0.003761362976773217 0.07381889498087654 0
2628 0.0147665593392676 0.1277582653113009 0
2629 -0.01476655934859118 0.1277582652692914 0
2630 0.01574814049403525 0.1254742388803974 0
2631 -0.01574814049179894 0.1254742388547159 0
2632 0.02989608980039752 0.03813014432257503 0
2633 -0.02989608976493318 0.03813014432648872 0
2634 0.01329953715185895 0.08053598079867459 0
2635 -0.001193550161361216 0.1393680858979131 0
2636 -0.02131923392263559 0.02917317609360003 0
2637 0.02131923394897435 0.02917317603120807 0
2638 -0.02535919907957654 0.0207088067551846 0
2639 0.02535919908128764 0.0207088067289808 0
2640 -0.0139752912594605 0.07338099506282249 0
2641 0.01083043599976731 0.07286183157048884 0
2642 -0.02828905417278412 0.01414243161472898 0
2643 0.02828905418507972 0.01414243158368173 0
2644 -0.05099319161475282 0.01551342935957982 0
2645 0.05099319162794411 0.01551342935900213 0
2646 0.008995148217881034 0.0713829676435126 0
2647 0.01451177276656048 0.04485743297831385 0
2648 -0.01451177274813658 0.0448574330319326 0
2649 -0.004445029150954682 0.07445832773446755 0
2650 -0.001121434984661671 0.06160168245650557 0
2651 -0.005860529425480772 0.1383548762829986 0
2652 0.003729155305720612 0.06780211379139356 0
2653 0.005749553513499627 0.138559020912708 0
2654 -0.004434730958833528 0.0685280601542617 0
2655 -0.02173613130710613 0.09909925044707629 0
2656 0.02173613129432046 0.09909925044477609 0
2657 -0.01094084418244747 0.07312296935329893 0
2658 0.02758492450470145 0.02661253500484381 0
2659 -0.02758492444487113 0.02661253503707602 0
2660 -0.07068053878087638 0.02060992912060128 0
2661 0.07068053878202502 0.02060992912123835 0
2662 0.002167534333397558 0.07944112952874677 0
2663 0.004347867999287618 0.08420057683227607 0
2664 -0.03685392083655983 0.03549104425244846 0
2665 0.03685392085829541 0.03549104428218249 0
2666 0.02578092453727052 0.03162772811460998 0
2667 -0.0257809245002383 0.03162772818508796 0
2668 0.07057149825651599 0.03972861245563582 0
2669 -0.07057149825713607 0.03972861245666937 0
2670 -0.01348522543036253 0.08071256621614144 0
2671 -0.02914034613473475 0.03068927749358933 0
2672 0.0291403461794237 0.03068927746095789 0
2673 0.01111579238427813 0.06356764675729561 0
2674 -0.01179048913328809 0.1317423917351139 0
2675 0.01179048909106334 0.1317423917744879 0
2676 0.0098545429457851 0.08112708954444502 0
2677 -0.00418073910674231 0.0710093411602206 0
2678 -0.0006170947265365999 0.08181791134538205 0
2679 -0.01814644924973355 0.0514070464394971 0
2680 0.01814644927264055 0.05140704639131413 0
2681 0.02197986710564997 0.1038131618968826 0
2682 -0.02197986710106058 0.1038131619009519 0
2683 -0.006028137599064502 0.06672836802646009 0
2684 -0.01871290500475854 0.0869841338315752 0
2685 0.01871290506778057 0.08698413390245971 0
2686 0.003564062347760128 0.07095874451793815 0
2687 0.01836943078380739 0.1316784729647655 0
2688 -0.01836943081102159 0.1316784729030658 0
2689 -0.05715997934036505 0.01150017897440375 0
2690 0.05715997935130641 0.01150017897432217 0
2691 -0.03258261427952697 0.004675167442521471 0
2692 0.03258261427689659 0.004675167430390141 0
2693 0.0134982794562758 0.04735886587668623 0
2694 -0.01349827944459752 0.04735886590155922 0
2695 0.01678393651612755 0.1206779689284678 0
2696 -0.01678393651543281 0.1206779689264535 0
2697 0.05565311325085701 0.03941372112364995 0
2698 -0.05565311325260346 0.03941372112585441 0
2699 0.04496853488482468 0.04422063019980391 0
2700 -0.0449685348860189 0.04422063019791193 0
2701 -0.01608924374275791 0.1229937995044981 0
2702 0.01608924374482539 0.1229937995139413 0
2703 -0.03183417496154069 0.04478906026307318 0
2704 0.03183417499059949 0.04478906027537589 0
2705 0.02282892726806831 0.083620261154187 0
2706 -0.02282892715924147 0.0836202611532836 0
2707 -0.05133755927536061 0.03457887139399694 0
2708 0.05133755927100833 0.03457887139673628 0
2709 -0.007323091449198681 0.06429020789753129 0
2710 -0.001373445744141222 0.06593713603867113 0
2711 0.005766129125805271 0.07320691505181831 0
2712 0.07077436787956368 0.03281264749543636 0
2713 -0.07077436788045773 0.03281264749835188 0
2714 0.03898956023629535 0.009844250048922761 0
2715 -0.03898956021881032 0.009844250055166546 0
2716 -0.03499072442330867 0.03183512712121098 0
2717 0.03499072446538173 0.03183512712282154 0
2718 0.03829820683486067 0.04579492266476918 0
2719 -0.03829820684164938 0.04579492266037747 0
2720 0.009269038026403869 0.06581179920177017 0
2721 0.01563750669915379 0.08897818651849654 0
2722 -0.01563750666488263 0.08897818646663012 0
2723 0.001460703772401989 0.08156444881654064 0
2724 0.005180122502139409 0.07590694214679176 0
2725 -0.0162475534498621 0.06744424275384342 0
2726 0.01624755346777364 0.06744424272017881 0
2727 -0.04397524030841884 0.0113774075808368 0
2728 0.04397524032502322 0.01137740757717203 0
2729 -0.04594383916740767 0.04758010963493743 0
2730 0.0459438391671645 0.04758010963606221 0
2731 -0.003799134767316001 0.05733823275956865 0
2732 0.009126685361695377 0.06094233326410858 0
2733 -0.01175959534800485 0.06254911671554336 0
2734 -0.02073542286866269 0.06596534396071357 0
2735 0.02073542287663207 0.06596534391986569 0
2736 0.01297786599699504 0.06283907727214957 0
2737 0.008235641295007225 0.0838245602734007 0
2738 -0.01659005844267503 0.06926507141287615 0
2739 0.0165900584643109 0.06926507137071156 0
2740 -0.02593227886663316 0.03562838447878769 0
2741 0.02593227889740085 0.0356283844135797 0
2742 -0.06418108469296287 0.02096325045792619 0
2743 0.06418108469353408 0.02096325045662223 0
2744 -0.04133483820203174 0.03149593775124785 0
2745 0.04133483820612305 0.03149593776208948 0
2746 -0.01749733014703477 0.07417344227493547 0
2747 0.01744921777370292 0.07419966157985175 0
2748 0.0300895388065282 0.0241639802134727 0
2749 -0.03008953877101235 0.02416398023161967 0
2750 0.01271289921586463 0.05252193470991789 0
2751 -0.01271289920378998 0.05252193470538217 0
2752 -0.04862824373566983 0.04479799715450046 0
2753 0.04862824373390834 0.04479799715637928 0
2754 0.01127466435398581 0.06503796680079937 0
2755 0.02846669546253715 0.04802641224600453 0
2756 -0.0284666954245316 0.04802641225551557 0
2757 -0.06445915852766802 0.03726257715259995 0
2758 0.06445915852669028 0.03726257715275624 0
2759 -0.01604810902990419 0.09829228254765292 0
2760 0.01604810902593548 0.09829228254940692 0
2761 -0.01965866411671735 0.05323302745255407 0
2762 0.01965866413703158 0.05323302741095043 0
2763 0.007688079528694958 0.07967340273745091 0
2764 -0.006928394930361553 0.07763776236791993 0
2765 -0.04954559192466172 0.01046093085647509 0
2766 0.04954559193990697 0.01046093085222655 0
2767 -0.001744552991306737 0.06865698776474077 0
2768 -0.03194834594122766 0.03942084930047072 0
2769 0.0319483459916392 0.03942084935729727 0
2770 -0.009628169503157993 0.08126172147317082 0
2771 -0.009435494815515389 0.06599872101038021 0
2772 0.01979771051759859 0.1010878123757884 0
2773 -0.01979771052454382 0.1010878123772008 0
2774 0.01972819836236325 0.04664635663645104 0
2775 -0.0197281983387419 0.04664635669412966 0
2776 0.0006153053400322344 0.1364443814350384 0
2777 0.008551079194219885 0.07427777856984637 0
2778 0.006459991886156734 0.06494297193668215 0
2779 -0.01835996845146562 0.08904072201953872 0
2780 0.01835996846926147 0.08904072207673272 0
2781 -0.009139351297862995 0.08359982727123506 0
2782 0.01550915095571052 0.08367907152903808 0
2783 -0.01550915085702389 0.08367907149403409 0
2784 0.01565171301507336 0.06263802594842147 0
2785 -0.01565470985355632 0.06265331005086236 0
2786 0.02504584620387206 0.04435712877684268 0
2787 -0.02504584616167602 0.04435712879744375 0
2788 0.06539735191901638 0.02690670313025353 0
2789 -0.06539735191982879 0.02690670313335369 0
2790 0.01924014740025348 0.08004547341125497 0
2791 -0.01924014732895143 0.08004547343049935 0
2792 -0.01552596364093441 0.04765896661820131 0
2793 0.01552596365222949 0.04765896658003233 0
2794 0.02345696922397309 0.06739084184561062 0
2795 -0.02345696922272001 0.06739084188041125 0
2796 -0.0001389149352357304 0.05785569575969866 0
2797 -0.004546490068066652 0.08430016256180319 0
2798 -0.009129223462017846 0.07029812997531054 0
2799 -0.01784518302301489 0.04393015441078038 0
2800 0.01784518305372076 0.0439301543456837 0
2801 -0.008220945603003318 0.08576807906393225 0
2802 0.02897801934908455 0.04436682778105887 0
2803 -0.02897801931133023 0.04436682778301697 0
2804 0.01644522329363985 0.09137456056501364 0
2805 -0.01644522328507578 0.09137456052670762 0
2806 -0.0111769817230839 0.07006570495374216 0
2807 0.01744992683508052 0.03807016955729758 0
2808 -0.01744992680725054 0.03807016961111426 0
2809 -0.0233474632965639 0.07267951362372832 0
2810 0.02334746330522406 0.07267951357948763 0
2811 0.02191147667018428 0.1298578029972193 0
2812 -0.02191147667464288 0.1298578029364421 0
2813 -0.005945045391257894 0.0563948311837633 0
2814 -0.01619259462845266 0.100458825338222 0
2815 0.01619259462512385 0.1004588253386656 0
2816 -0.04461468295541829 0.03926350908250028 0
2817 0.04461468295593145 0.03926350908656768 0
2818 0.006929135380751759 0.05603165200694306 0
2819 0.006562376983811319 0.08250903382891941 0
2820 -0.007842794076969589 0.0619499911808904 0
2821 -0.02320019215319412 0.04212400084622828 0
2822 0.02320019220697751 0.0421240007804642 0
2823 -0.003036116947823941 0.1359945326624417 0
2824 0.01277883055527845 0.1387152497032062 0
2825 -0.01277883062629854 0.1387152496891533 0
2826 0.008802877023573808 0.05463897033471229 0
2827 0.004261192172014184 0.05880221653995237 0
2828 0.01126545116925054 0.06981375601838519 0
2829 0.004949139751861628 0.1416343836071248 0
2830 -0.02110152257012519 0.0680840602402517 0
2831 0.02110152257991556 0.06808406019895 0
2832 -0.0145753381193832 0.05356039589653698 0
2833 0.01457533814370751 0.05356039586473032 0
2834 0.01056339462291579 0.05262026787047356 0
2835 -0.0105633946277988 0.05262026784743353 0
2836 0.01047651055563064 0.08760831501544392 0
2837 -0.01047605784520978 0.08761093494665619 0
2838 -0.01954363363785655 0.1057458516038675 0
2839 0.01954363363862652 0.1057458516036047 0
2840 -0.01200922896386365 0.0780411416215782 0
2841 -0.005362433971777052 0.08227573672470695 0
2842 0.01620692676738352 0.1028627988819354 0
2843 0.01631574876204068 0.1050000000000086 0
2844 -0.01631574876203369 0.1049999999999947 0
2845 -0.01620692676747497 0.1028627988817904 0
2846 0.01360392100882572 0.06888875868371616 0
2847 -0.0136039209790189 0.06888875867293816 0
2848 0.01978919509219584 0.06210298824698954 0
2849 -0.01978919509323563 0.06210298828750496 0
2850 0.02904313698256152 0.0351464184467093 0
2851 -0.02904313694452353 0.03514641849708959 0
2852 -0.01827613970239448 0.06652507676708491 0
2853 0.01827613971368359 0.0665250767335894 0
2854 0.01593176706200864 0.08128385519293135 0
2855 -0.0158023186155559 0.08115513488540306 0
2856 -0.01139884646033604 0.06505247294184525 0
2857 0.01234163695208289 0.07527077498457917 0
2858 -0.01352557534968142 0.0635933694640843 0
2859 -0.00882417980916184 0.06008256611335289 0
2860 -0.03810033892116041 0.02832051504830254 0
2861 0.03810033894304003 0.02832051504330405 0
2862 -0.02434239208219871 0.04951910266700058 0
2863 0.02434239210350337 0.04951910262588434 0
2864 0.004192062085472342 0.06415126180798325 0
2865 -0.01780044077412468 0.07128221013644176 0
2866 0.01780044079042667 0.07128221008824911 0
2867 -0.004151077133785381 0.06397828725570777 0
2868 0.01247721074175655 0.08253333628015111 0
2869 0.04741086385614605 0.01808175002817426 0
2870 -0.04741086385036716 0.01808175003104657 0
2871 -0.01602785087469488 0.05808721678506034 0
2872 0.01602785088738859 0.05808721675854688 0
2873 -0.01381373614623498 0.09129074433264019 0
2874 0.01381373616116023 0.09129074437071798 0
2875 0.00541569050346963 0.08001882429883936 0
2876 -0.04454978479686789 0.004496979951138603 0
2877 0.04454978481446202 0.004496979948588183 0
2878 -0.01372976725137698 0.1349119023572502 0
2879 0.01372976719050477 0.1349119023973453 0
2880 -0.01536852431147815 0.07564280763986395 0
2881 -0.0194326141188919 0.110220933478888 0
2882 0.0194326141188995 0.1102209334789253 0
2883 -0.01225394700237068 0.08517240048832722 0
2884 0.01215151524599718 0.0851167877595335 0
2885 -0.01685700967217603 0.0530644522070347 0
2886 0.01685700969076191 0.05306445215401899 0
2887 -0.01613843919181373 0.1073177352456878 0
2888 -0.01634173593034793 0.1094241280018471 0
2889 0.0163417359303557 0.1094241280018853 0
2890 0.0161384391918203 0.1073177352457177 0
2891 0.01934835644014801 0.1350907373965681 0
2892 -0.01934835648544385 0.1350907373222991 0
2893 0.02659691829716343 0.04956082946379118 0
2894 -0.0265969182687307 0.04956082950712806 0
2895 -0.01479902257451398 0.0783224116740274 0
2896 0.01055157329068621 0.1426767562364863 0
2897 -0.01063512155748113 0.1425994161465164 0
2898 0.03110375532505839 0.04936813998148067 0
2899 -0.03110375529677115 0.04936813998671322 0
2900 -0.0379149359409624 0.04187501535919756 0
2901 0.03791493595090789 0.04187501539623199 0
2902 0.01492422304937574 0.0429994065970498 0
2903 -0.01492422304488649 0.04299940665384533 0
2904 0.01547979409458623 0.07547266405166946 0
2905 0.02306299414684182 0.08759730766786028 0
2906 -0.02306299413099606 0.08759730760600712 0
2907 -0.0395792611886736 0.04840759042106989 0
2908 0.03957926118854158 0.04840759042199831 0
2909 0.02164337210685753 0.1408263086220452 0
2910 -0.02164337216800593 0.1408263085468444 0
2911 0.04684099768574923 0.04319208571823323 0
2912 -0.04684099768737018 0.04319208571594816 0
2913 0.01634371027096238 0.1138760187262177 0
2914 -0.01636266302255236 0.1116800656584798 0
2915 -0.01634371027096232 0.113876018726182 0
2916 0.01636266302255366 0.1116800656585211 0
2917 -0.008882202905797172 0.05463025350254648 0
2918 -0.04853130141259718 0.004129224245970973 0
2919 0.04853130142694179 0.004129224244125027 0
2920 0.0004253787059838034 0.08100433863060953 0
2921 -0.003455797716158008 0.06753680084353082 0
2922 0.01803608635592405 0.140333084415144 0
2923 -0.01803608642966451 0.1403330843553618 0
2924 0.01019257831428334 0.07624431278740096 0
2925 0.0562906344426424 0.03310119873543244 0
2926 -0.05629063444566364 0.03310119873480275 0
2927 -0.0007647733115957575 0.06710089158962686 0
2928 -0.01636188798430645 0.1161239442197335 0
2929 -0.01629826506559626 0.1183333333333295 0
2930 0.01636188798429862 0.116123944219753 0
2931 0.01629826506559053 0.1183333333333392 0
2932 0.04873626291486696 0.0395149233924675 0
2933 -0.04873626291528252 0.03951492338891516 0
2934 0.008293417194378103 0.05766955543790324 0
2935 -0.07111948057037151 0.02518964998874941 0
2936 0.07111948057038993 0.02518964998562913 0
2937 -0.06710608551097927 0.04000828089413588 0
2938 0.06710608551050402 0.04000828089304478 0
2939 0.009412547065495215 0.0702163701594519 0
2940 -0.02025883232842465 0.05578403359359361 0
2941 0.02025883233689499 0.05578403355470932 0
2942 0.005327117280904563 0.08477070343423614 0
2943 -0.004459560449716963 0.05858433876204527 0
2944 -0.01948882198138851 0.09122819080381513 0
2945 0.01948882198570253 0.09122819085261318 0
2946 -0.006211309470584538 0.08485352239488853 0
2947 -0.007578239495330105 0.07947148471817797 0
2948 -0.02101759362842884 0.07497403181537481 0
2949 0.02101759363644993 0.07497403175644725 0
2950 -0.05494188609670536 0.03003749995767606 0
2951 0.05494188609641526 0.03003749996247942 0
2952 0.02277410986211848 0.09351889901059782 0
2953 -0.02277410988454269 0.09351889897843979 0
2954 -0.0272588091038827 0.04605871652437391 0
2955 0.02725880914578693 0.04605871651674889 0
2956 -0.007540296896058401 0.1343906676236784 0
2957 -0.005365176167831143 0.1353324162789316 0
2958 0.007540684082666515 0.1343826760131669 0
2959 0.005372745793216781 0.1353378345226298 0
2960 0.03492699575114615 0.03945425911062286 0
2961 -0.03492699572610818 0.03945425908038022 0
2962 0.03731161001832091 0.004026799536242785 0
2963 -0.03731161001255088 0.004026799531878251 0
2964 0.0002490252638646255 0.0793695513806697 0
2965 -0.00661387538520353 0.08275541860464797 0
2966 0.002921059273441569 0.07198682810093622 0
2967 -0.009220893688911352 0.07502279575741366 0
2968 0.007268198907262205 0.06687921370102268 0
2969 0.03205252901830644 0.03441710155059134 0
2970 -0.03205252898006654 0.03441710155681867 0
2971 -0.001775662593443277 0.08428354027003859 0
2972 -0.01249345450760643 0.08260411083597262 0
2973 -0.003194763607029938 0.062285643151806 0
2974 -0.03156009070457056 0.007664388618938998 0
2975 0.03156009070375977 0.00766438859846031 0
2976 0.0005989735397561629 0.07672046022181088 0
2977 0.009545694307582158 0.06309338386370021 0
2978 0.02042441888351865 0.03634999587282019 0
2979 -0.02042441885969138 0.03634999593909526 0
2980 -0.03322506886560633 0.0489672234179641 0
2981 0.0332250688778299 0.04896722342072103 0
2982 -0.01059798738824282 0.08379526616218837 0
2983 0.001912431029667461 0.07839992547243758 0
2984 -0.021764492709672 0.1083011022305998 0
2985 0.02176449270990885 0.1083011022305723 0
2986 -0.01716864415084425 0.09377992786096788 0
2987 0.01716864413956012 0.09377992788697434 0
2988 -0.05570506228331952 0.003993264724394639 0
2989 0.05570506229773954 0.003993264726314764 0
2990 0.01266592179737279 0.07771791573457401 0
2991 -0.0124186144106323 0.07513593883032126 0
2992 0.002665673537171663 0.06027590262287275 0
2993 0.002317483105301658 0.05782777334187703 0
2994 0.01015871882270747 0.08386367416160311 0
2995 -0.005862368336564137 0.07324581008388589 0
2996 -0.01433636251530935 0.06752607483803018 0
2997 0.01433643229279862 0.06752609836076806 0
2998 -0.007116959288413768 0.05568543196306948 0
2999 0.02837005543896262 0.0510077831681612 0
3000 -0.02837005540689623 0.05100778319584405 0
3001 0.06159431218667902 0.03241534477615424 0
3002 -0.0615943121842903 0.0324153447742536 0
3003 -0.008345318697920615 0.05785320985068469 0
3004 0.04968853284871864 0.03679354560971456 0
3005 -0.04968853284807247 0.03679354560553329 0
3006 0.001758634885751475 0.06477803869749746 0
3007 -0.01784021467054092 0.04586009669629459 0
3008 0.017840214698077 0.04586009664718711 0
3009 0.01470579909032124 0.09348960229915886 0
3010 -0.01470579908573321 0.09348960227483208 0
3011 0.02257846651187996 0.034751375308907 0
3012 -0.02257846648620702 0.03475137537678455 0
3013 0.02510382553244291 0.04035218329139814 0
3014 -0.02510382543082582 0.04035218336536232 0
3015 -0.01059911977252578 0.07625834046831961 0
3016 -0.03633298319158684 0.04499285393026749 0
3017 0.03633298319660393 0.04499285395305522 0
3018 -0.002323299308932055 0.05768704089621908 0
3019 -0.0160818808437743 0.05518673179537483 0
3020 0.01608188087198746 0.05518673174601089 0
3021 0.01953612855709961 0.1146919616395829 0
3022 -0.01953612855702538 0.1146919616395195 0
3023 -0.05820744381424921 0.01883960564746772 0
3024 0.05820744382185279 0.01883960564496893 0
3025 0.04547727735026535 0.03382997318525414 0
3026 -0.04547727733902494 0.03382997316484896 0
3027 -0.01799983389915081 0.09806366521001776 0
3028 0.0179998338813483 0.09806366521216932 0
3029 -0.02271888151791967 0.1220268878133672 0
3030 0.02271888152054607 0.1220268878116 0
3031 -0.006425482434944131 0.05835196520546717 0
3032 0.007975201693879191 0.07209039359006297 0
3033 0.02174620532223066 0.1355858924220304 0
3034 -0.02174620534394037 0.1355858923479732 0
3035 0.003243670111703591 0.06133201373200821 0
3036 0.05861681879711531 0.04280729104876477 0
3037 -0.05861681879684229 0.04280729104909872 0
3038 -0.01508632680082772 0.06033103561372076 0
3039 0.01508632684796038 0.06033103557212332 0
3040 0.04189378448641196 0.03625840951179263 0
3041 -0.04189378449362578 0.03625840950242242 0
3042 -0.01704088499392925 0.06325797496431979 0
3043 0.01704045688432715 0.06325579149314127 0
3044 0.005804712333268165 0.05650152248251848 0
3045 0.01590867063130578 0.049860616280916 0
3046 -0.01590867062246076 0.04986061632437081 0
3047 0.05333055623302788 0.04423202834552584 0
3048 -0.05333055623283565 0.04423202834358071 0
3049 0.004759855052759079 0.06595399185695311 0
3050 -0.02175248789661874 0.1127387059594864 0
3051 0.02175248789663763 0.1127387059595371 0
3052 0.0233215477013299 0.07969612555401498 0
3053 -0.02332154771772311 0.07969612562981687 0
3054 -0.02150230027951791 0.06343030999410706 0
3055 0.02150230028448961 0.06343030995362911 0
3056 -0.01592906758966246 0.06533338466056619 0
3057 0.01592906760327271 0.0653333846333386 0
3058 0.006148545882033113 0.05822773125146205 0
3059 0.006880111667147158 0.07774744473793088 0
3060 0.01395326208033569 0.04989141758215157 0
3061 -0.01395326208465502 0.04989141761048865 0
3062 0.01168340535509199 0.06257865188982345 0
3063 -0.01146618006552025 0.06060954221788876 0
3064 0.01154696432486549 0.0605855217154553 0
3065 0.01650075573697574 0.07868193992845565 0
3066 -0.01651785414894748 0.07867484345825233 0
3067 -0.01866770519058385 0.054175059919035 0
3068 0.01866770520802263 0.05417505987052849 0
3069 -0.0236480932141433 0.06361051932165578 0
3070 0.0236480932194028 0.0636105192964579 0
3071 -0.02268758836453966 0.05609144351762507 0
3072 0.02268758837624409 0.05609144348650866 0
3073 -0.004804162831631513 0.07555836045587988 0
3074 0.007826068261642567 0.07663406403032026 0
3075 -0.0241265654098334 0.04836807536995101 0
3076 0.02412656542757423 0.04836807533351405 0
3077 -0.01803313945908718 0.05582302844758033 0
3078 0.01803313947210679 0.05582302840018716 0
3079 -0.006188586901759723 0.06010666419622721 0
3080 -0.005660788938678616 0.06259079522730102 0
3081 -0.02578262759796887 0.04726962373696455 0
3082 0.02578262764734269 0.04726962371639251 0
3083 -0.02174346328260014 0.06551611114393917 0
3084 0.02174346328868044 0.06551611110349879 0
3085 0.04089766484852918 0.0431419670008726 0
3086 -0.04089766484785469 0.04314196699885641 0
3087 -0.01985301571105814 0.04379029377927987 0
3088 0.01985301573364037 0.04379029372109156 0
3089 -0.03285960006432207 0.02847086903092295 0
3090 0.03285960010994363 0.02847086904180488 0
3091 -0.02377336570881997 0.06149832884766144 0
3092 0.02377336570428546 0.06149832883600159 0
3093 0.02157390430609394 0.04051240689034299 0
3094 -0.02157390425273156 0.04051240698814579 0
3095 -0.01809542666867692 0.1266702340158321 0
3096 0.01809542667301991 0.1266702340426749 0
3097 0.02167906192075213 0.1172674709258386 0
3098 -0.02167906192020272 0.1172674709251788 0
3099 -0.01986721530492042 0.1201787972357934 0
3100 0.01986721530470365 0.1201787972402135 0
3101 0.004144418628183074 0.08250432778131123 0
3102 -0.02345043112691004 0.05400717318575565 0
3103 0.02345043114392088 0.0540071731536236 0
3104 0.004615441617708242 0.068860377746924 0
3105 0.008193815432180134 0.05942313948949681 0
3106 -0.002848079645590543 0.06009614964455452 0
3107 0.03494307377142721 0.03651173476734596 0
3108 -0.03494307376694072 0.03651173474392171 0
3109 -0.018831386493279 0.06857053923872003 0
3110 0.01883138651017489 0.06857053919987523 0
3111 -0.02425997835479852 0.02990831770035093 0
3112 0.02425997839937694 0.02990831762574722 0
3113 0.01089359562568297 0.08022311633775336 0
3114 -0.01647929803120128 0.09003806107691964 0
3115 0.01647929804613581 0.09003806112563065 0
3116 -0.04152884820175105 0.04616445600339891 0
3117 0.04152884819830988 0.0461644560054451 0
3118 -0.02336583269209325 0.07013431873217951 0
3119 0.02336583269696583 0.07013431869244309 0
3120 -0.02196623393775598 0.05963352926020778 0
3121 0.02196623393416718 0.05963352923412214 0
3122 0.007440156352062637 0.06191383977232429 0
3123 -0.02439455342841202 0.05639855731907481 0
3124 0.02439455343617397 0.05639855729134491 0
3125 -0.02166272762826124 0.06079407542998636 0
3126 0.02166272761330528 0.06079407540428694 0
3127 -0.0352362880915729 0.04716401797026133 0
3128 0.03523628809591853 0.04716401798423728 0
3129 -0.000850148281235493 0.07179593501545829 0
3130 0.02306385784091591 0.09132771461126257 0
3131 -0.02306385783041829 0.09132771458022584 0
3132 0.01220109363423001 0.1304903348768255 0
3133 -0.01220109366833506 0.130490334835624 0
3134 -0.04682727333286369 0.02348921803733664 0
3135 0.04682727333634359 0.02348921803964527 0
3136 -0.02030178769721491 0.07657739180786537 0
3137 0.02030178770939307 0.07657739174396447 0
3138 -0.0607059176568846 0.009889168235121178 0
3139 0.06070591766870222 0.009889168236755078 0
3140 -0.002835158803013399 0.08225542302477044 0
3141 0.004144421448660029 0.1467284554601996 0
3142 -0.02702761259714771 0.04247968117473156 0
3143 0.02702761265212711 0.04247968115785635 0
3144 -0.0108704302127186 0.08071620845668703 0
3145 -0.005710157922618747 0.1368710363795683 0
3146 -0.02433854302114328 0.04555231421507656 0
3147 0.02433854304705318 0.04555231417299762 0
3148 0.002268559389547294 0.0825180360467419 0
3149 0.07114780301564542 0.003861771119287463 0
3150 -0.07114780301576197 0.003861771119163294 0
3151 -0.03769511763221817 0.02583057930541095 0
3152 0.03769511764730858 0.02583057929699789 0
3153 0.01469240012258418 0.1263928391586021 0
3154 -0.01469240012953872 0.1263928391273405 0
3155 0.01363158505968279 0.1285156143919755 0
3156 -0.01363158507987442 0.1285156143502047 0
3157 -0.05015919233577302 0.03213324335030138 0
3158 0.05015919233258922 0.0321332433545615 0
3159 0.0112766655316568 0.05615348113819715 0
3160 -0.01127404895995163 0.05613114824485271 0
3161 0.06592812247220968 0.03414194700303837 0
3162 -0.06592812247382138 0.03414194700500531 0
3163 0.02284322489111483 0.05087985914241765 0
3164 -0.02284322486998218 0.05087985918387521 0
3165 -0.01596453531851661 0.09700334584796645 0
3166 0.01596453531263519 0.09700334585412071 0
3167 -0.008161974984938553 0.07697141233535174 0
3168 -0.01205317474336496 0.1407686903861311 0
3169 0.01204322844950612 0.1407778975293048 0
3170 0.05475769577400195 0.008839081037752517 0
3171 -0.05475769575927446 0.008839081039595062 0
3172 0.006471187951918993 0.07411268088410866 0
3173 -0.01755186716289461 0.1465801485539913 0
3174 0.01755186699387683 0.1465801486057191 0
3175 0.07133970045587337 0.04632757697438158 0
3176 -0.07133970045592794 0.04632757697452591 0
3177 0.04268441434735967 0.02648563859735398 0
3178 -0.04268441433602791 0.02648563859485914 0
3179 0.02685116793494135 0.0525956454922395 0
3180 -0.02685116790730256 0.05259564552677866 0
3181 0.01592700400363061 0.1216001393897215 0
3182 -0.01592700400268236 0.121600139385457 0
3183 -0.01275809228843823 0.05738268400267429 0
3184 0.01275831565405017 0.05738292836215185 0
3185 -0.02135880327519004 0.07790831831933195 0
3186 0.02135880327181175 0.07790831822353693 0
3187 -0.06527153926628024 0.0149069723333867 0
3188 0.06527153927215645 0.01490697233825128 0
3189 0.01218507546783399 0.07980367524486588 0
3190 -0.01109006583324347 0.05448096760880086 0
3191 0.01110093872445501 0.05443274336596794 0
3192 0.04712409479334832 0.04121463510659391 0
3193 -0.04712409479475681 0.04121463510369492 0
3194 0.01493886703551082 0.07854494115081734 0
3195 -0.07154577528281192 0.01509567892204307 0
3196 0.07154577528366561 0.0150956789222263 0
3197 -0.01977695314439877 0.07297947561329567 0
3198 0.01977695316041144 0.07297947555601594 0
3199 -0.0006553514198003115 0.1361184309265061 0
3200 0.01218336830083318 0.06669561299481057 0
3201 -0.01220511946074476 0.0666975566700674 0
3202 0.008501611954171666 0.08658711039213329 0
3203 -0.01538572196494717 0.1242479398562921 0
3204 0.01538572196478958 0.1242479398724392 0
3205 -0.02872713995049745 0.03972328900333852 0
3206 0.02872714002025665 0.03972328900593197 0
3207 0.01469047123191628 0.06352382071984208 0
3208 0.07171738181263215 0.008794118477681068 0
3209 -0.07171738181250936 0.00879411847780559 0
3210 -0.01524703394314508 0.07121750348454135 0
3211 0.01524703397259389 0.07121750346310529 0
3212 -0.01374756487845518 0.05115705005233189 0
3213 0.01374756488130616 0.05115705003240761 0
3214 0.05842914360855633 0.03524898068791399 0
3215 -0.05842914360863001 0.03524898069126231 0
3216 -0.06758634223235244 0.02060106660397594 0
3217 0.06758634223334213 0.02060106660253867 0
3218 0.01705974407361696 0.07718878894121908 0
3219 -0.01714901051545253 0.07719243099604876 0
3220 0.02419993434523521 0.05828635539480853 0
3221 -0.02419993434591759 0.05828635541164059 0
3222 0.001321524103960762 0.06200159920562912 0
3223 -0.02285377348574592 0.09532547051845061 0
3224 0.02285377346567749 0.09532547052693241 0
3225 -0.05092678379559271 0.04781853632379856 0
3226 0.05092678379563061 0.0478185363241956 0
3227 0.006049998108253023 0.06201530437747424 0
3228 -0.01324170395203489 0.0710323798136471 0
3229 -0.03058707605413562 0.01875595053479528 0
3230 0.03058707606961501 0.01875595049555712 0
3231 -0.01709412375218736 0.1284718774074347 0
3232 0.01709412374437272 0.1284718774555678 0
3233 0.001315893941838429 0.1426741523035405 0
3234 0.02321870437220479 0.07600567638880186 0
3235 -0.02321870435746365 0.07600567644920243 0
3236 0.01321952461856147 0.07101569475712832 0
3237 -0.004487830678513471 0.0830720556692216 0
3238 0.05539179151797207 0.01437669172417682 0
3239 -0.05539179151388136 0.01437669172047488 0
3240 -0.008338516670907722 0.1392891327365254 0
3241 0.008594909930855365 0.1394117526153222 0
3242 -0.05250036411955028 0.0246985776494766 0
3243 0.05250036412265191 0.0246985776527703 0
3244 0.009379556259746964 0.1334560864335215 0
3245 -0.009379556303618667 0.1334560864059121 0
3246 0.006255349853253494 0.07527851870541855 0
3247 -0.002302179499267505 0.07029295780194156 0
3248 -0.00468402758058452 0.06144920794180759 0
3249 -0.002292749277671759 0.1437861307005127 0
3250 0.04687948492831148 0.02867508380809108 0
3251 -0.04687948493024652 0.02867508380268475 0
3252 0.03026270770082225 0.04229381762572572 0
3253 -0.0302627076588977 0.04229381761715205 0
3254 0.01220206334057031 0.08953820419513876 0
3255 -0.01220206330232763 0.08953820415231625 0
3256 0.03826643264165533 0.04012553394151994 0
3257 -0.03826643263165433 0.04012553392044236 0
3258 -0.02146221015520646 0.1464578697180183 0
3259 0.02146221019068379 0.146457869752072 0
3260 -0.01207062545783322 0.0495214668368642 0
3261 0.01207062546235313 0.04952146682700331 0
3262 -0.03325859050811771 0.04548506128353218 0
3263 0.03325859052644756 0.04548506129981764 0
3264 0.004118829518500835 0.1353510310010918 0
3265 -0.01974261975551127 0.09375452337835746 0
3266 0.01974261972726073 0.09375452340605755 0
3267 0.01597553342062194 0.04048723142091655 0
3268 -0.01597553340441823 0.04048723149037662 0
3269 -0.001696115365859674 0.07995643596262705 0
3270 0.0006175315505271945 0.08384635178239246 0
3271 -0.007250387580810258 0.06857895667969123 0
3272 -0.05980971000822467 0.004024301517085827 0
3273 0.05980971001756403 0.004024301516202648 0
3274 0.005731453820682958 0.1368996842963239 0
3275 -0.06253540374847039 0.04674057646713604 0
3276 0.062535403748745 0.04674057646704369 0
3277 0.03943236830438423 0.03291037572494437 0
3278 -0.03943236828604693 0.03291037570547249 0
3279 0.001708580544834198 0.07524551210371191 0
3280 -0.04433619561909811 0.01445017935567328 0
3281 0.04433619563452289 0.01445017935449489 0
3282 -0.01862273494920482 0.05982180299459739 0
3283 0.01862273495578501 0.05982180295724655 0
3284 -0.01486239931077665 0.0636432845965528 0
3285 -0.06752015160350944 0.04708732241600927 0
3286 0.06752015160356171 0.047087322415955 0
3287 -0.01417902061706049 0.1461464005895751 0
3288 0.01413813198065991 0.1464795967965997 0
3289 -0.0616244856698437 0.03879873972652811 0
3290 0.0616244856678695 0.03879873972776111 0
3291 0.003124406151122493 0.1360040739874961 0
3292 -0.0005772703593554725 0.06061381467762968 0
3293 -0.01032803301973471 0.05761675514785846 0
3294 -0.05072857053113507 0.04368409179109458 0
3295 0.05072857053064395 0.0436840917933194 0
3296 -0.02198859733402487 0.06996316024773204 0
3297 0.02198859734612484 0.06996316020212351 0
3298 -0.002605521115396262 0.07887933764810423 0
3299 0.01158849081257574 0.05056837276931978 0
3300 -0.01158849080381902 0.05056837276668929 0
3301 0.0255287837419996 0.02787468468959301 0
3302 -0.02552878369167397 0.02787468475096537 0
3303 -0.008495015504423657 0.1361667738038107 0
3304 0.008497045534669066 0.1361176795061054 0
3305 0.01876265334464986 0.03358264845681126 0
3306 -0.01876265333939805 0.03358264850856608 0
3307 -0.06190374093660231 0.01425429053230675 0
3308 0.06190374094349351 0.01425429053765655 0
3309 -0.007928677468011061 0.07198808934373177 0
3310 -0.0181027213999655 0.06086856627663202 0
3311 0.01810272141054625 0.06086856624287844 0
3312 0.01038169002732004 0.06761290898374414 0
3313 0.008223537356233645 0.07325408209962483 0
3314 0.05201733574701096 0.02956188076221643 0
3315 -0.0520173357484494 0.02956188075774701 0
3316 0.009082380156997286 0.08316402374496062 0
3317 -0.02041667889253181 0.04545467279266811 0
3318 0.02041667891251858 0.04545467273502699 0
3319 0.01753854672793503 0.0838244608463854 0
3320 -0.0175385466135892 0.08382446079799308 0
3321 0.02564013609730444 0.01796281040649226 0
3322 -0.02564013609468452 0.01796281042656055 0
3323 -0.003244689623335996 0.0812327803525609 0
3324 0.01196684445798171 0.1341528789704482 0
3325 -0.01196684450965198 0.1341528789342346 0
3326 -0.04707673633620463 0.03568489555168775 0
3327 0.04707673634812294 0.03568489556234797 0
3328 0.03983394498492644 0.01792420345831215 0
3329 -0.03983394497516807 0.01792420346660769 0
3330 -0.03537220005080041 0.04386568712915635 0
3331 0.03537220006250676 0.04386568715814945 0
3332 0.04133942183188806 0.04038261952426875 0
3333 -0.04133942184626337 0.04038261951954208 0
3334 0.02335684417315775 0.09823031811133262 0
3335 -0.0233568441832934 0.09823031811719235 0
3336 0.06503235834225311 0.007906688420637006 0
3337 -0.06503235833570063 0.007906688420987814 0
3338 0.0134472323207245 0.04562242390640711 0
3339 -0.01344723231523368 0.04562242392426245 0
3340 0.01221197319419775 0.06868233582919168 0
3341 -0.007360106579852881 0.08155346698594057 0
3342 0.01643342319875438 0.138202294904316 0
3343 -0.01643342326542152 0.1382022948571189 0
3344 -0.01861631942984245 0.05039021857185962 0
3345 0.01861631945583178 0.05039021852446297 0
3346 -0.01240684216938066 0.06866093379838815 0
3347 -0.009300179197148335 0.07755784600987126 0
3348 0.006191880252361841 0.06746490008281832 0
3349 -0.06595417618467973 0.003441648824000944 0
3350 0.06595417618893637 0.0034416488226228 0
3351 -0.02733630237277848 0.03175019429103895 0
3352 0.02733630241031041 0.03175019423363871 0
3353 -0.003838098273259393 0.07704232118357002 0
3354 -0.02491666786953705 0.05531881944642344 0
3355 0.02491666788189442 0.05531881941688434 0
3356 -0.04229597548240639 0.008920312191011547 0
3357 0.04229597549948253 0.008920312187328505 0
3358 0.03824851273819942 0.03699651276329362 0
3359 -0.03824851274977942 0.0369965127470785 0
3360 -0.006200864604404955 0.1430680428394009 0
3361 0.03977848323035679 0.02379986953853409 0
3362 -0.03977848322042032 0.02379986955560547 0
3363 -0.01933229653398568 0.05759933222829359 0
3364 0.01933229652768598 0.05759933218652774 0
3365 0.02402651427553985 0.06025002368928599 0
3366 -0.02402651428019268 0.06025002369155495 0
3367 0.008493840835304989 0.0682005789830568 0
3368 0.01035391403368741 0.05762397538266218 0
3369 0.003913415231348369 0.07818098719733033 0
3370 -0.0182540650320368 0.1003297286755261 0
3371 0.018254065021099 0.1003297286761784 0
3372 0.07159924778388177 0.03632944221917989 0
3373 -0.07159924778456016 0.03632944222047357 0
3374 0.01558762102018996 0.08496445387580018 0
3375 -0.01558762094215895 0.08496445383454478 0
3376 -0.02697859962478171 0.03866806508963574 0
3377 0.02697859970526063 0.03866806502605209 0
3378 0.03635589010317211 0.03346173136350374 0
3379 -0.03635589005519105 0.03346173134390138 0
3380 -0.0154719754121451 0.09585429668295749 0
3381 0.01547197540726669 0.09585429669314116 0
3382 0.002727808601774338 0.07314495207465191 0
3383 -0.01640727995303374 0.1016792156054061 0
3384 0.01640727995071063 0.1016792156062706 0
3385 -0.00692147075901517 0.07392656924452902 0
3386 0.003737094096097072 0.07716202165048333 0
3387 0.01764070896320689 0.04151384628605164 0
3388 -0.01764070894104552 0.04151384633227437 0
3389 0.02088549264230015 0.04982853385576064 0
3390 -0.02088549260852041 0.04982853390470274 0
3391 0.01594715840830895 0.1039058931097263 0
3392 -0.02089792212178906 0.08506876465821737 0
3393 0.02089792216808549 0.08506876470097031 0
3394 0.006157170046327386 0.1433416177229444 0
3395 -0.01625417447469171 0.06006559010994411 0
3396 0.01625417449580363 0.0600655900821085 0
3397 0.01308856501424524 0.07647720730250336 0
3398 0.05092144782251332 0.02682615870059043 0
3399 -0.05092144782085922 0.02682615869679214 0
3400 0.005032955464900838 0.07865990174463486 0
3401 -0.015947158408323 0.1039058931096891 0
3402 -0.02125627627520361 0.07198775291554549 0
3403 0.02125627628948273 0.07198775286484646 0
3404 0.06598980916764016 0.04281214368006565 0
3405 -0.0659898091673205 0.04281214368038596 0
3406 -0.0200472357944777 0.09573209839301322 0
3407 0.02004723576229441 0.09573209840704688 0
3408 -0.005880282898466933 0.08011666597613844 0
3409 0.01310444201172998 0.07294370404098333 0
3410 -0.01752218254051311 0.09531571822443739 0
3411 0.01752218252537716 0.09531571824112145 0
3412 -0.01624061873547785 0.1062600360761544 0
3413 0.0162406187354875 0.1062600360761792 0
3414 0.01598301986575988 0.1083293858716535 0
3415 -0.06782575819095631 0.0315615221533721 0
3416 0.06782575818987924 0.03156152215265514 0
3417 0.01190254368361417 0.07090558157045229 0
3418 -0.006621813536184232 0.06186922274950651 0
3419 -0.01233404717342369 0.05428437717395156 0
3420 0.01233534158661084 0.0542786361837067 0
3421 0.04817174299400916 0.0264250485434778 0
3422 -0.04817174299151186 0.026425048538483 0
3423 0.01510405282798625 0.09473449664975897 0
3424 -0.01510405282806343 0.09473449663298507 0
3425 -0.01598301986575265 0.1083293858716219 0
3426 0.0182447026078403 0.1031019365654439 0
3427 -0.01824470260922476 0.1031019365662595 0
3428 -0.005540487112251424 0.0779563236946223 0
3429 -0.00843832378371388 0.06674376162245067 0
3430 0.02052065809424661 0.04766027103847754 0
3431 -0.02052065807237699 0.04766027110230091 0
3432 -0.003930625267769466 0.06964128029425602 0
3433 -0.02843302687555048 0.0208268638294045 0
3434 0.0284330269143759 0.02082686377661068 0
3435 0.008810105204620366 0.08176563679285732 0
3436 -0.01603090057741102 0.1105505950506229 0
3437 0.0160309005774124 0.1105505950506641 0
3438 0.01836138585325611 0.1047303726596713 0
3439 -0.01836138585319471 0.1047303726597705 0
3440 0.01239606231150167 0.05847176085808711 0
3441 -0.01239558732009934 0.05847124114023261 0
3442 0.01565597754888104 0.05624483790180656 0
3443 -0.01565597752773488 0.05624483794087621 0
3444 -0.01351819585574494 0.1316328394818178 0
3445 0.01351819581827909 0.1316328395288844 0
3446 -0.01831294800015832 0.06321526827645056 0
3447 0.01831287665685119 0.0632149043338857 0
3448 -0.02064448340346939 0.05178601515872651 0
3449 0.02064448342678787 0.05178601512172352 0
3450 -0.0160057338576995 0.1127777777777587 0
3451 0.01600573385769804 0.112777777777798 0
3452 0.03399844195763809 0.04676505611132104 0
3453 -0.03399844194738043 0.0467650561025084 0
3454 0.06107812165820726 0.04208464757827754 0
3455 -0.06107812165842884 0.04208464757855004 0
3456 -0.009859977142833383 0.06313181192708121 0
3457 0.0008430827348942817 0.07199423380595284 0
3458 -0.00475687902486617 0.1398261248691471 0
3459 0.02914056386520644 0.04722068332700489 0
3460 -0.0291405638292978 0.0472206833337274 0
3461 -0.02593817435776143 0.05369771859776076 0
3462 0.02593817437723221 0.0536977185663205 0
3463 -0.005964331069308261 0.07580908830744401 0
3464 -0.01355367621025027 0.06143269405660166 0
3465 0.01354893431042973 0.06139836666335209 0
3466 -0.01603908114676672 0.1149928785969332 0
3467 0.01600573379645914 0.1172222222222283 0
3468 0.01603908114676422 0.1149928785969629 0
3469 -0.01381269317505168 0.05540679929517946 0
3470 0.01381269321303545 0.05540679927323447 0
3471 0.007421408018424845 0.08160738806298488 0
3472 -0.008688311114724149 0.07940442948397505 0
3473 -0.0197399369737004 0.05982950620806515 0
3474 0.01973993696869619 0.05982950616773544 0
3475 -0.01600573379646393 0.1172222222222169 0
3476 -0.01601697008991109 0.1196507256096525 0
3477 0.01601697009035523 0.1196507256101717 0
3478 -0.0244067183433491 0.05219146164780584 0
3479 0.02440671836023801 0.05219146160864064 0
3480 -0.01500865642127988 0.07307133981620259 0
3481 0.02277268552209813 0.1273298719514034 0
3482 -0.02277268550713918 0.127329871905826 0
3483 -0.007304871263398799 0.0835703965378648 0
3484 0.02262827965293155 0.02595424804882088 0
3485 -0.02262827962762456 0.02595424811078015 0
3486 0.009018764474219117 0.07714326595985183 0
3487 0.004255434635315827 0.08069695888128431 0
3488 0.003355903844390787 0.07479968033492891 0
3489 -0.008137631857833569 0.07570409874717453 0
3490 0.01927695115601344 0.1238909380367542 0
3491 -0.01927695114523088 0.1238909380237258 0
3492 -0.02041179388390935 0.06094909348708872 0
3493 0.02041179387762563 0.06094909345057809 0
3494 -0.01766748334170085 0.08223660308033534 0
3495 0.01766748341772088 0.08223660308803041 0
3496 -0.01192373330450806 0.07106302560797752 0
3497 0.01139708938081519 0.08296121176556434 0
3498 0.01404764601010961 0.05729373205414018 0
3499 -0.01404764599416797 0.05729373205406611 0
3500 0.004883312136370299 0.07099260629039615 0
3501 0.002297128614110235 0.08045468867036744 0
3502 -0.03049171105134477 0.04524991457377987 0
3503 0.03049171108266078 0.04524991457495679 0
3504 0.02220939982095913 0.04336175808307476 0
3505 -0.02220939977867513 0.04336175814993144 0
3506 0.01420790566540234 0.05923849633398068 0
3507 -0.01420790564742942 0.05923849631031423 0
3508 -0.01131867056234039 0.08284020216754662 0
3509 -0.01055591527177057 0.1320960383119009 0
3510 0.01055591522804502 0.1320960383467598 0
3511 -0.01539381424726366 0.06969258411697495 0
3512 0.01539382910190266 0.06969251335588655 0
3513 0.03297132609093133 0.03623451531479086 0
3514 -0.03297132607831681 0.03623451530202512 0
3515 0.006673495544693805 0.07984591490284035 0
3516 -0.01405086511285779 0.06563963528341887 0
3517 0.01404641085550911 0.06565079372530844 0
3518 0.01971161667576096 0.1303573099716857 0
3519 -0.01971161669184704 0.1303573099143979 0
3520 -0.03350517335136176 0.02178894861697415 0
3521 0.0335051733637535 0.021788948596146 0
3522 0.01499267653521532 0.07307232458215736 0
3523 -0.002719500713475866 0.1402853744626967 0
3524 -0.0169679545161331 0.08685479510267191 0
3525 0.01696795457520388 0.08685479515413055 0
3526 -0.01350195190014859 0.05311244314748723 0
3527 0.01350195192549821 0.05311244313114968 0
3528 -0.0009126830113279712 0.07528613126684792 0
3529 -0.01001929815698842 0.1470783443846098 0
3530 -0.01308193823276324 0.06241094565696135 0
3531 -0.001872266125786101 0.07705164819090488 0
3532 0.006475292233981646 0.06006516395674766 0
3533 -0.04332499469451883 0.04856058089966919 0
3534 0.0433249946943258 0.04856058089975694 0
3535 0.01128484070152806 0.08870398745955954 0
3536 -0.01128480216461375 0.08870421020440383 0
3537 0.00914657762592219 0.05980236840962076 0
3538 0.02332978167011799 0.1004104250588566 0
3539 -0.02332978167532714 0.1004104250629858 0
3540 -0.05925034917844701 0.0277251957620592 0
3541 0.05925034917960943 0.02772519576402521 0
3542 -0.005060801623532089 0.08113513362140676 0
3543 -0.02106698345259643 0.05773824563427353 0
3544 0.02106698345214689 0.05773824560119802 0
3545 0.003953841430214692 0.06518067374487675 0
3546 0.01593191604988274 0.05106692769377992 0
3547 -0.0159319160381191 0.0510669277485697 0
3548 0.006681824764339013 0.08543909604193672 0
3549 -0.04064358933458068 0.02872647014656083 0
3550 0.04064358935004889 0.02872647014551548 0
3551 -0.01032009812604093 0.06550720238316304 0
3552 0.01275276374187934 0.06044441874002891 0
3553 -0.01276488303365562 0.06043793215150449 0
3554 -0.00533696579413032 0.06586964024354058 0
3555 0.01354255142265164 0.06384386653975183 0
3556 0.006028382213712552 0.06391736592819283 0
3557 -0.02758642631206579 0.04871320029823602 0
3558 0.02758642634629736 0.04871320028173516 0
3559 0.009293761546625883 0.1472503442448757 0
3560 -0.01472362965210025 0.0582034456476466 0
3561 0.01472362967407862 0.05820344564226665 0
3562 -0.01976308743094854 0.07049595499963084 0
3563 0.01976308744711739 0.07049595495148697 0
3564 -0.009236211270376533 0.06400724031700578 0
3565 -0.01587309827022526 0.09937876406615775 0
3566 0.01587309826702667 0.09937876406687736 0
3567 -0.01446599316557479 0.04784867612039983 0
3568 0.01446599318380274 0.04784867609053766 0
3569 0.03828564338151819 0.01305304454266314 0
3570 -0.03828564336698984 0.01305304455679198 0
3571 0.05376233958186162 0.03455864911519835 0
3572 -0.05376233958619052 0.03455864911335604 0
3573 0.005162667844651099 0.06041311030025445 0
3574 0.0008273050929913618 0.06648892745484336 0
3575 0.0166573158904622 0.06207406628264818 0
3576 -0.01665010646374378 0.06210796740708814 0
3577 -0.01692888518240041 0.05178416180256633 0
3578 0.01692888519969924 0.05178416175153947 0
3579 -0.009024280934202092 0.08235269290677072 0
3580 -0.006321472907314743 0.1472049844671615 0
3581 -0.01725068174144141 0.07280716935457672 0
3582 0.01724577233888892 0.07280984474919469 0
3583 -0.0211682477845504 0.08088823388255854 0
3584 0.02116824785219166 0.08088823373023789 0
3585 0.04825594109796713 0.02120330414922796 0
3586 -0.04825594109045951 0.02120330414701146 0
3587 -0.008082176765269738 0.07336214694382268 0
3588 0.03109902365610206 0.04761642529569084 0
3589 -0.03109902362044693 0.04761642530382249 0
3590 0.001807029768244115 0.1360213552484666 0
3591 -0.01678231079444646 0.05894682415469694 0
3592 0.01678231080293507 0.05894682413015162 0
3593 0.03438749960364024 0.04909341996002024 0
3594 -0.03438749960061797 0.04909341995691266 0
3595 -0.003931233583148838 0.07941157115977865 0
3596 -0.03336005913113627 0.0327831030266811 0
3597 0.03336005918064083 0.03278310303840588 0
3598 0.01688441346514329 0.1358896502149199 0
3599 -0.01688441352344507 0.1358896501668927 0
3600 0.003052002133354518 0.08431484833516746 0
3601 -0.04321810794332796 0.02122749361574546 0
3602 0.04321810795126958 0.02122749361216729 0
3603 -0.005198110477836212 0.06027711484144688 0
3604 0.002866479158939748 0.06695544675358306 0
3605 0.007851481002496738 0.06313457018456897 0
3606 0.01337611976402358 0.08873749643222291 0
3607 -0.01337611971452854 0.08873749638494279 0
3608 0.01129138451419577 0.07790266624176177 0
3609 -0.03174319270997461 0.04354824803373713 0
3610 0.0317431927439507 0.04354824805275147 0
3611 -0.0006317890376656504 0.1378279604294979 0
3612 0.06156784383756887 0.02955030604234498 0
3613 -0.06156784383303324 0.02955030604240507 0
3614 -0.01842810416885922 0.1074259857716463 0
3615 0.01842810416893638 0.1074259857716554 0
3616 -0.004123699743945232 0.1353885428980253 0
3617 0.002088553775345649 0.1384411490546861 0
3618 -0.006143290209463993 0.07210587451177601 0
3619 -0.001793318397976898 0.1358233232024611 0
3620 0.009221713714848884 0.07849191449266496 0
3621 0.02351772779607495 0.03843937202760122 0
3622 -0.02351772772983778 0.03843937209706844 0
3623 0.002325491083596582 0.0687718231528312 0
3624 -0.02041495212235827 0.06323141276919444 0
3625 0.02041495212412332 0.06323141273146049 0
3626 -0.05326057403179674 0.04820794579821225 0
3627 0.05326057403182827 0.0482079457983 0
3628 -0.003105425957945033 0.06338457895704312 0
3629 0.002618724422975037 0.07555539622227012 0
3630 0.02052196704862491 0.1027212728292009 0
3631 -0.02052196704912425 0.1027212728315424 0
3632 -0.02262015357504542 0.05489860977719206 0
3633 0.0226201535953935 0.05489860974672957 0
3634 0.007195046588860485 0.08355038365343699 0
3635 -0.06397243076672618 0.02459205907114536 0
3636 0.06397243076428907 0.02459205907022373 0
3637 0.0009097359456320103 0.07308067513642481 0
3638 -0.01547402619290584 0.04546618922278687 0
3639 0.0154740262187667 0.04546618916903362 0
3640 -0.040272298367556 0.04536011068144581 0
3641 0.04027229836601917 0.04536011068606439 0
3642 -0.06010957349924651 0.04771179315865114 0
3643 0.06010957349949654 0.04771179315867719 0
3644 0.01241758456961936 0.08725447939570546 0
3645 -0.01241758451363064 0.0872544793556092 0
3646 -0.04334890686957105 0.0455216436201758 0
3647 0.04334890686849019 0.0455216436218475 0
3648 0.01820108202215031 0.1091632742574486 0
3649 -0.01820108202212815 0.1091632742574119 0
3650 0.03313245402967616 0.0476992058389222 0
3651 -0.03313245401784259 0.04769920583109067 0
3652 -0.008826745460513416 0.06826522619694381 0
3653 0.0005233288424747734 0.06866883620098714 0
3654 -0.002453408491928931 0.1472541396596378 0
3655 -0.02313887898922293 0.05826138759982589 0
3656 0.02313887898912339 0.05826138757499297 0
3657 0.01006619163162163 0.06127129478725597 0
3658 0.01424319305803003 0.07952803642146949 0
3659 -0.008290177070587068 0.08437896594729852 0
3660 -0.02102115326466046 0.07076411287476192 0
3661 0.02102115327903313 0.07076411282678308 0
3662 -0.02025728619782743 0.09844427700878951 0
3663 0.02025728617926128 0.09844427701063337 0
3664 -0.03684676872757873 0.04895293841566561 0
3665 0.03684676872519974 0.04895293842135585 0
3666 0.001703987892888087 0.07733801381342367 0
3667 0.002533108284696321 0.06238954400460737 0
3668 -0.01840894100083504 0.07516355272884961 0
3669 0.01840337847923329 0.07516397483723712 0
3670 0.07190236846662293 0.04290455537754644 0
3671 -0.07190236846689502 0.04290455537877374 0
3672 0.007572022980934803 0.05499591637346291 0
3673 -0.01754862920207427 0.05697283219264013 0
3674 0.01754862920698649 0.05697283214941626 0
3675 -0.003568327012136325 0.06122667786070722 0
3676 -0.01309950961593936 0.07622650249314039 0
3677 0.02129950801079661 0.02727455062814547 0
3678 -0.02129950799239823 0.02727455066806989 0
3679 0.008652718578531225 0.06482719344542881 0
3680 -0.01977599372567222 0.0642859181069175 0
3681 0.01977599373153676 0.06428591807020574 0
3682 -0.002210710604089069 0.065159989640033 0
3683 -0.006994128375185687 0.08044186160905574 0
3684 -0.0352431554562113 0.01767435485859599 0
3685 0.03524315546527316 0.01767435484007536 0
3686 -0.05388783562720465 0.03785519446303481 0
3687 0.05388783562638022 0.03785519445854231 0
3688 0.006025125832403361 0.08369562443974243 0
3689 -0.00800521082635791 0.0566417022695762 0
3690 0.02014081191217812 0.04196957829616044 0
3691 -0.02014081187517867 0.04196957836424338 0
3692 -0.01698321057223739 0.06471101250229713 0
3693 0.01698317418311857 0.06471082680849008 0
3694 0.03867549552308336 0.04729414025785116 0
3695 -0.03867549552571445 0.04729414024987411 0
3696 0.01651160439626512 0.04362754028459107 0
3697 -0.01651160437167644 0.04362754034771818 0
3698 -0.02105524585732172 0.05653626334158472 0
3699 0.02105524586168984 0.056536263308892 0
3700 0.02167901130599229 0.03309832138586047 0
3701 -0.02167901128019559 0.03309832145586269 0
3702 0.01545638518962483 0.08762782576547873 0
3703 -0.01545638513623852 0.08762782571892955 0
3704 -0.00612960056312544 0.07686900442756713 0
3705 0.004268878286558191 0.06318567222508752 0
3706 -0.04755527046595888 0.04842009337727173 0
3707 0.04755527046578843 0.04842009337765239 0
3708 0.02245391114740324 0.04676633718615396 0
3709 -0.02245391111489515 0.04676633725038618 0
3710 0.0005453192733530998 0.06980145524736833 0
3711 0.03165097018279615 0.03791150978404059 0
3712 -0.03165097015669247 0.03791150977122847 0
3713 0.01054288293595988 0.07388709351769003 0
3714 -0.01828969178795417 0.1118783069182465 0
3715 0.01828969178796109 0.1118783069182878 0
3716 -0.001210713570152785 0.06350606174687586 0
3717 -0.01490565504750979 0.05164799068552228 0
3718 0.01490565505683325 0.05164799064823875 0
3719 -0.0008159439788656163 0.06815517461514813 0
3720 0.01646883831862332 0.04766458670732132 0
3721 -0.01646883829654866 0.04766458675361682 0
3722 0.01080990717408725 0.08166354540347283 0
3723 -0.04974947208483826 0.007622402198734116 0
3724 0.0497494720998197 0.00762240219480726 0
3725 -0.004625156274753195 0.07336486533646919 0
3726 -0.01767346923399762 0.06900966220467393 0
3727 0.01767346925330113 0.06900966216498289 0
3728 0.01442393101906063 0.05631731358911444 0
3729 -0.01442393098007959 0.05631731360146254 0
3730 -0.01802434787858252 0.06509264208121701 0
3731 0.01802434182214094 0.06509261110501209 0
3732 -0.02384589523023833 0.06472693252116488 0
3733 0.02384589523617606 0.06472693249279943 0
3734 -0.02914710018921053 0.02845194430924193 0
3735 0.02914710025374738 0.02845194429555571 0
3736 -0.002788591067950087 0.07655779368571861 0
3737 -0.01254025025969444 0.05152383315809662 0
3738 0.01254025026011326 0.05152383316077399 0
3739 -0.05319978975662176 0.02005061788154039 0
3740 0.05319978976289123 0.0200506178841364 0
3741 -0.02302563411564349 0.1244187147008721 0
3742 0.02302563412068721 0.1244187146959906 0
3743 0.03658512817304321 0.03001308675812669 0
3744 -0.03658512813517319 0.03001308676318197 0
3745 0.002385820645655041 0.06364781495426891 0
3746 -0.01875983907996004 0.06171659248830675 0
3747 0.01875983908386536 0.06171659244714381 0
3748 -0.01418854012498419 0.07957728871547118 0
3749 0.005561456900866374 0.08202198940393771 0
3750 -0.007813360199111049 0.05485560426457052 0
3751 -0.007697963769901835 0.06333980200198112 0
3752 -0.0105772327563183 0.1346074672860796 0
3753 0.0105772327066778 0.1346074673145737 0
3754 0.0149097132503239 0.06140486611134088 0
3755 -0.01478591455721292 0.06141836664954045 0
3756 0.0007605247939663228 0.06543636805649239 0
3757 0.009254979756258087 0.05556002697604807 0
3758 0.01239056599710409 0.04768062032945396 0
3759 -0.0123905659910869 0.04768062033743643 0
3760 -0.01822571102246039 0.1136353716759809 0
3761 0.01822571102246937 0.1136353716760213 0
3762 -0.008045325487023962 0.05916966290525388 0
3763 0.02244824187252992 0.0616248421839453 0
3764 -0.02244824187555607 0.061624842209282 0
3765 -0.03318789860812467 0.04264298655614845 0
3766 0.03318789863858261 0.04264298658543271 0
3767 0.001573603339429289 0.07039829779725966 0
3768 -0.001782476310793242 0.07379401972135416 0
3769 0.01434240876977276 0.08667291969475228 0
3770 -0.01434240871007633 0.08667291965325821 0
3771 0.002735097189344832 0.07667713337192429 0
3772 0.007808562217774108 0.05672987088984609 0
3773 0.007031197327996881 0.07168002674327476 0
3774 -0.01612232498906684 0.06653044647979159 0
3775 0.0161223250048522 0.06653044645259198 0
3776 -0.01466786337971829 0.08067366194283122 0
3777 -0.01906937065457995 0.03924239666409122 0
3778 0.01906937067921875 0.03924239660022173 0
3779 -0.01838599515616411 0.1208783308042591 0
3780 0.01838599515832193 0.1208783308076035 0
3781 -0.07250454278642762 0.02998542918731391 0
3782 0.0725045427860892 0.02998542918516459 0
3783 0.05768730733879365 0.03766201267813887 0
3784 -0.05768730733986775 0.03766201267978508 0
3785 -0.002885959062967289 0.08440523219891613 0
3786 0.0431373083483062 0.04016030858280984 0
3787 -0.04313730835848269 0.04016030858616336 0
3788 -0.01455641054580322 0.07437730464378584 0
3789 -0.009656084590542797 0.05310129174769791 0
3790 0.009660886422185044 0.05310333826764993 0
3791 -0.02247553362256934 0.1381081378315853 0
3792 0.022475533578753 0.1381081379366628 0
3793 -0.03779861064827964 0.007062506154331759 0
3794 0.03779861067944926 0.007062506148195572 0
3795 -0.007098968099166039 0.0857372423637193 0
3796 -0.01144600196475795 0.06375856685427674 0
3797 -0.03770249378795641 0.04459007308167303 0
3798 0.03770249378771129 0.0445900730980851 0
3799 -0.009563707444119902 0.07865603035385171 0
3800 -0.008747099156837735 0.08670675177046305 0
3801 -0.002129959041371265 0.05903807374870278 0
3802 0.01761520968172385 0.1233707023427188 0
3803 -0.01761520967670921 0.1233707023319708 0
3804 0.03760065084995537 0.02123771820056226 0
3805 -0.03760065084177738 0.02123771821277873 0
3806 -0.01325497213222662 0.06481165653018497 0
3807 -0.02145407418837831 0.05460246758885899 0
3808 0.02145407420549665 0.054602467556981 0
3809 -0.01236671711726695 0.05621007384913142 0
3810 0.01236671714285942 0.05621007381071243 0
3811 -0.01796227365984833 0.05884679740696525 0
3812 0.01796227366281886 0.05884679737170256 0
3813 0.0163735224375418 0.03910767157408186 0
3814 -0.01637352240483592 0.03910767164974593 0
3815 -0.002708154659345897 0.07542134928222788 0
3816 0.03203903378330322 0.04956623520967156 0
3817 -0.03203903376149143 0.04956623521401891 0
3818 0.01360891612421581 0.06666973612771439 0
3819 -0.01360222765929052 0.06664684723761424 0
3820 -0.006782367589110377 0.06744910391999756 0
3821 0.05140260866659817 0.02207736384038451 0
3822 -0.05140260866133448 0.02207736383869702 0
3823 0.001396788042161903 0.1475488033219546 0
3824 -0.003874852596505211 0.06623256191564583 0
3825 0.01696092184627469 0.06096067488532952 0
3826 -0.01696030878279239 0.06096355765517476 0
3827 -0.01340930804666595 0.08207693291242375 0
3828 0.01938503769182475 0.0563183272395477 0
3829 -0.01938503768965518 0.05631832728038669 0
3830 -0.009294907080710032 0.05544668238749489 0
3831 -0.02331294645080509 0.10259312875041 0
3832 0.0233129464486919 0.1025931287432642 0
3833 0.01634968935535951 0.0571083011646495 0
3834 -0.01634968934286347 0.05710830120276329 0
3835 0.004738851884703224 0.05651273168710155 0
3836 0.01659875642907351 0.08001276662272636 0
3837 -0.0165872920479851 0.07999890779158667 0
3838 0.02367292802539768 0.07149269935652018 0
3839 -0.02367292801674048 0.0714926993824806 0
3840 -0.0155161517593615 0.05303907516417743 0
3841 0.01551615177549399 0.05303907511693841 0
3842 -0.02351916094923224 0.0225394278533192 0
3843 0.02351916095521657 0.02253942781050637 0
3844 0.04799329609725964 0.03129027069854834 0
3845 -0.0479932961035705 0.03129027069543601 0
3846 -0.01025449367548849 0.06126970662976637 0
3847 0.01025289995053336 0.06531740226678769 0
3848 -0.02826116494983107 0.01162083606560388 0
3849 0.02826116497338223 0.01162083602841849 0
3850 -0.01828969078360895 0.1163227513227415 0
3851 0.01828969078358822 0.1163227513227611 0
3852 0.04124869501414419 0.034380128729475 0
3853 -0.0412486950258421 0.03438012872291901 0
3854 -0.02123285924060819 0.09057474144881165 0
3855 0.02123285926834139 0.09057474150490726 0
3856 -0.01091004182702068 0.08179632562222519 0
3857 -0.05587618266611377 0.04806096100213519 0
3858 0.05587618266622905 0.0480609610022429 0
3859 0.01323151254093132 0.08447591850833222 0
3860 -0.01321990968540537 0.084441510057082 0
3861 -0.01132125521869706 0.06162920032900461 0
3862 0.01431391385444221 0.08944394044347684 0
3863 -0.01431391382264489 0.08944394039595817 0
3864 0.0100150149491326 0.07198508842197639 0
3865 0.005571868367203362 0.07743772032996898 0
3866 -0.04086906268515507 0.0488404884496134 0
3867 0.0408690626849266 0.0488404884498544 0
3868 -0.01722207095571603 0.09245739049751919 0
3869 0.01722207094740743 0.09245739053100661 0
3870 -0.05078363072144481 0.04085369358039301 0
3871 0.05078363072120783 0.04085369358368113 0
3872 0.01462163081383578 0.07467575903584601 0
3873 0.01567272064298502 0.08248888567240317 0
3874 -0.01561751940964022 0.08245723705369774 0
3875 -0.02462259991992992 0.05347290651065299 0
3876 0.0246225999371901 0.0534729064770439 0
3877 -0.01314494515630306 0.05938467518353964 0
3878 0.01314300445494551 0.05938584292411575 0
3879 0.03388234006084168 0.02640029524007019 0
3880 -0.03388234004725669 0.02640029524904301 0
3881 0.01448682768055706 0.08082255740605016 0
3882 -0.01304330239626108 0.07292532153918202 0
3883 0.00276522125038424 0.06562161707489701 0
3884 -0.003632428976029742 0.07185212242683123 0
3885 -0.006909319591716964 0.07510200540390888 0
3886 0.05970394319608457 0.02458588460095884 0
3887 -0.05970394319554971 0.02458588460005615 0
3888 0.02399676274296508 0.06839057209567781 0
3889 -0.02399676273820191 0.06839057212706576 0
3890 -0.01819894992989701 0.1180852841824268 0
3891 0.01819894992998535 0.1180852841825112 0
3892 -0.01439253887765116 0.1334048780561291 0
3893 0.01439253882883498 0.1334048781015265 0
3894 0.01272937693663096 0.1293828206872657 0
3895 -0.01272937696419744 0.1293828206457077 0
3896 -0.02335107979935701 0.1051054516376082 0
3897 0.02335107979970743 0.1051054516381086 0
3898 0.0005837136502337758 0.06033983204859331 0
3899 0.00827378866715206 0.06674504742447948 0
3900 0.02012485710422689 0.04901957459480154 0
3901 -0.02012485707499781 0.04901957464695069 0
3902 -0.0400303778489214 0.002913423905242215 0
3903 0.04003037784873203 0.002913423904203058 0
3904 -0.04053187412922028 0.03755751263226655 0
3905 0.04053187412932197 0.03755751264547297 0
3906 0.05719064884456126 0.02262492920962558 0
3907 -0.05719064884088366 0.02262492920733496 0
3908 -0.03750663663798307 0.01883316903821345 0
3909 0.03750663664830161 0.01883316902722484 0
3910 -0.0261332298045983 0.05171500770911393 0
3911 0.02613322983021164 0.05171500767250008 0
3912 -0.001361617574243484 0.06970003715103845 0
3913 -0.005196795773423362 0.0791902097628316 0
3914 -0.01058495032939394 0.06738977368490108 0
3915 0.01748306711869216 0.04851373597169101 0
3916 -0.01748306709566706 0.04851373602056627 0
3917 -0.005268091444016094 0.07093347303516859 0
3918 0.03077570047696943 0.01393207761061554 0
3919 -0.03077570046170695 0.01393207764232154 0
3920 0.01100086447000104 0.05947248286589885 0
3921 -0.01098404210208581 0.05952165981861823 0
3922 0.01138059965300492 0.0616240381020819 0
3923 -0.01964974571783437 0.06647372947268743 0
3924 0.01964974572875811 0.06647372943468059 0
3925 0.02360397388499885 0.08250732104104062 0
3926 -0.02360397385619742 0.08250732108898118 0
3927 0.02326332839929007 0.1074446754592091 0
3928 -0.02326332839919659 0.1074446754590798 0
3929 -0.009968074355623817 0.07249568898631237 0
3930 0.004317766175664458 0.07512992861222088 0
3931 -0.01894369881449309 0.07164688021058702 0
3932 0.01894369883295808 0.07164688015378307 0
3933 0.00871107209814994 0.07968946975658825 0
3934 0.02335450913138562 0.05206246341054001 0
3935 -0.02335450911442117 0.05206246344893092 0
3936 -0.01995091073349137 0.0686310257606557 0
3937 0.0199509107470341 0.06863102571902467 0
3938 -0.01510719877271102 0.05453512947088912 0
3939 0.01510719880325323 0.05453512943517668 0
3940 0.02178352534479978 0.04772564871399478 0
3941 -0.02178352531983303 0.04772564877127428 0
3942 -0.02119875520397234 0.08864197034103211 0
3943 0.02119875523692078 0.08864197040301613 0
3944 -0.02195150327455808 0.04992756628381194 0
3945 0.02195150330524891 0.04992756624510127 0
3946 -0.005337662223002801 0.06475744449669843 0
3947 0.02935451710142948 0.03677133863104253 0
3948 -0.0293545170448574 0.03677133866937762 0
3949 -0.01133945484132404 0.07539561413828366 0
3950 0.03626397420714927 0.04244190294904716 0
3951 -0.03626397419566132 0.04244190291506642 0
3952 0.01315590087699144 0.0744210532418962 0
3953 0.01358122878766974 0.08194368995845099 0
3954 -0.02213312941247508 0.1437243435756902 0
3955 0.02213312928538172 0.1437243436337598 0
3956 -0.02081883541640372 0.03928999845436949 0
3957 0.0208188354536612 0.03928999838279096 0
3958 0.02174099496507398 0.04549700200946843 0
3959 -0.02174099493388979 0.04549700207878053 0
3960 0.01128351001180149 0.07554127470087824 0
3961 -0.05144828392898597 0.002960988762496643 0
3962 0.05144828394080984 0.002960988763233917 0
3963 0.04356586996746475 0.0312344119698276 0
3964 -0.04356586997692848 0.03123441195285412 0
3965 -0.01232161505372259 0.08019384830335927 0
3966 0.0018699367640108 0.05911646836036934 0
3967 -0.03095896519097201 0.02960615265573176 0
3968 0.03095896523581296 0.02960615264856157 0
3969 0.01695593548119948 0.1259163598230951 0
3970 -0.01695593547032936 0.1259163597900472 0
3971 -0.009838768238165378 0.0593742866203979 0
3972 -0.05510303240722984 0.02518427688522896 0
3973 0.05510303240786717 0.02518427689161704 0
3974 -0.02119810403769923 0.1232733566814029 0
3975 0.02119810404736299 0.1232733566864125 0
3976 0.02747315807287606 0.03546283639067165 0
3977 -0.02747315804327708 0.03546283646428475 0
3978 -0.01007647782409889 0.07389768948573633 0
3979 0.01272056945188131 0.09061179253665168 0
3980 -0.01272056942811453 0.09061179249634228 0
3981 -0.01705943380064549 0.06705915211306708 0
3982 0.01705943381621708 0.06705915207985698 0
3983 0.0004777627391030109 0.06351077141484845 0
3984 0.02643651642252773 0.01557882882981657 0
3985 -0.02643651641046973 0.01557882884924221 0
3986 -0.0611668143114691 0.0196214312754965 0
3987 0.06116681431515769 0.01962143127537243 0
3988 0.005898305583954297 0.07042578237860553 0
3989 0.02554484670108421 0.04973587162986909 0
3990 -0.02554484667330763 0.04973587166693499 0
3991 -0.02148805021499088 0.08680463024220179 0
3992 0.02148805026032115 0.08680463029519739 0
3993 0.06304683609759322 0.0439840270220945 0
3994 -0.0630468360972968 0.04398402702243302 0
3995 -0.06675381063643424 0.01159141581123077 0
3996 0.06675381064049259 0.01159141581281974 0
3997 0.05651588987749148 0.02775391223030027 0
3998 -0.05651588987679552 0.0277539122261178 0
3999 -0.01016958496286437 0.0704607507875015 0
4000 0.01813929595131495 0.0858354987263399 0
4001 -0.01813929588396868 0.08583549865064605 0
4002 -0.03162145130931843 0.04081838529910786 0
4003 0.03162145134578469 0.04081838533888434 0
4004 0.07199498271161579 0.01803381959726807 0
4005 -0.07199498271231879 0.01803381959797788 0
4006 -0.004724227623167845 0.05655568296868913 0
4007 -0.01494335043792091 0.07685550395165308 0
4008 0.01316181761612224 0.06486876625235219 0
4009 -0.005170543639689879 0.06787538465641466 0
4010 0.0008572466688481177 0.05933233478488364 0
4011 -0.01089484148797069 0.07886260656191471 0
4012 -0.02223459344802752 0.04891968513616538 0
4013 0.0222345934640837 0.04891968509741626 0
4014 0.01204523451165579 0.06562495437345489 0
4015 -0.005359964954063627 0.06877222588157997 0
4016 0.02212343573498327 0.06259155380377274 0
4017 -0.02212343573038449 0.06259155384339511 0
4018 0.02593181893398916 0.04333473329031499 0
4019 -0.02593181888876672 0.04333473331254181 0
4020 0.01043789408356775 0.05670970249689623 0
4021 0.02459036562282154 0.04300137750432488 0
4022 -0.02459036555515105 0.04300137754962367 0
4023 0.02802065501681544 0.04110583587667761 0
4024 -0.02802065497441134 0.04110583588035835 0
4025 0.003022801299957684 0.1416210434445709 0
4026 -0.02721796430722288 0.05041139775299431 0
4027 0.0272179643272492 0.05041139771670615 0
4028 0.0348844898904721 0.04103917540963907 0
4029 -0.03488448985801958 0.04103917537099651 0
4030 0.01509442832102697 0.0414350695897366 0
4031 -0.01509442832281572 0.04143506965826857 0
4032 -0.01740038725322725 0.07003034878178634 0
4033 0.01740038727237896 0.07003034873905463 0
4034 -0.0008413780464222987 0.07323583658970459 0
4035 0.05681411614658882 0.04147370489270127 0
4036 -0.05681411614741953 0.04147370489491259 0
4037 0.04497473398541782 0.0460502368590097 0
4038 -0.04497473398582502 0.04605023685697968 0
4039 -0.01100018367473525 0.06904257147628236 0
4040 -0.02230176056312113 0.06777853934067679 0
4041 0.02230176056839449 0.06777853930018263 0
4042 -0.01480937813390497 0.1291266960515279 0
4043 0.01480937811751575 0.1291266960993881 0
4044 -0.001208392964974848 0.05741569423970501 0
4045 0.001389741965740061 0.06093811811913291 0
4046 0.01864668075572134 0.07747326315411519 0
4047 -0.01865465844244841 0.07745113244171795 0
4048 -0.0007443277410452611 0.0794197228484271 0
4049 0.002667615120312785 0.06988510563945292 0
4050 -0.01000637334597176 0.08560272944560504 0
4051 0.01005507628212183 0.08572809455193703 0
4052 0.0209706703889644 0.08208623622891689 0
4053 -0.0209706702678082 0.0820862362540758 0
4054 0.007639482298436964 0.06949151685316234 0
4055 -0.01036385518728904 0.05670928557221915 0
4056 0.01468365225429904 0.07643930595368156 0
4057 0.04309602057264865 0.04349669832995396 0
4058 -0.04309602057477716 0.04349669832810075 0
4059 -0.00943333846743491 0.06227200507806017 0
4060 0.01962850515529786 0.08405613279964098 0
4061 -0.01962850511469653 0.08405613275425332 0
4062 0.02081362659338559 0.104805988322516 0
4063 -0.02081362658934688 0.1048059883227467 0
4064 -0.02384972852538806 0.07373737024202556 0
4065 0.02384972853099764 0.07373737021021516 0
4066 -0.002654500907208001 0.07231544782240916 0
4067 -0.02610090834940405 0.03742923156683855 0
4068 0.02610090840825401 0.03742923148853006 0
4069 -0.006335619535171534 0.1345793371514433 0
4070 0.006337752994918323 0.13456763421021 0
4071 -0.01527026444016533 0.0645675422608312 0
4072 0.01520742817589895 0.06458172816750392 0
4073 -0.02950468367125697 0.01614902534334696 0
4074 0.02950468368365382 0.01614902531174438 0
4075 -0.002670284152050902 0.06832805459155802 0
4076 -0.02383037947082653 0.07729398285829774 0
4077 0.02383037951197561 0.077293982786253 0
4078 0.01033905465790839 0.07870693374520092 0
4079 -0.00328077834843904 0.1374229895014941 0
4080 -0.003886971002306655 0.0594383524410894 0
4081 0.009442057762323061 0.07513868349438478 0
4082 0.005168879257367306 0.05862430212102462 0
4083 0.02650896549963631 0.04830928415067415 0
4084 -0.02650896546568451 0.04830928417046769 0
4085 0.02069893476749837 0.06707178993585412 0
4086 -0.02069893475566062 0.06707178997789304 0
4087 -0.02406998126098733 0.06271794074645734 0
4088 0.02406998126450689 0.06271794073020517 0
4089 0.01643717995258733 0.08419025688213733 0
4090 -0.01643717982409874 0.08419025682669047 0
4091 -0.005238703953440713 0.08504653622665889 0
4092 -0.003298044635017937 0.07057983984961294 0
4093 0.003227067761463387 0.08224401692401895 0
4094 0.001131288700789082 0.05744564402944119 0
4095 -0.00361362658911805 0.07495490001109245 0
4096 0.01791671638247102 0.07968072311650531 0
4097 -0.01791692583769355 0.07967994387216516 0
4098 -0.05626490171714801 0.0454481825060928 0
4099 0.05626490171718823 0.04544818250654439 0
4100 0.02603515946559034 0.02508200128775535 0
4101 -0.02603515942917706 0.02508200133444407 0
4102 7.413621752998602e-008 0.07483947977842177 0
4103 -0.02037106780866678 0.1074117858673503 0
4104 0.02037106780888839 0.1074117858673061 0
4105 -0.02253981772267011 0.04455385311547008 0
4106 0.022539817758941 0.04455385305134303 0
4107 -0.03443502765553429 0.02983279703065655 0
4108 0.03443502770085326 0.02983279702942598 0
4109 -0.001799946896602084 0.07145434520970588 0
4110 -0.003449981035522193 0.06510602112935684 0
4111 -0.0008521410663904421 0.05917196708919637 0
4112 0.001719472125435626 0.0715232519830222 0
4113 -0.01713089494656174 0.04958239338969013 0
4114 0.01713089496663042 0.04958239334095703 0
4115 0.008384692284784386 0.1335950421327049 0
4116 -0.008384637007918595 0.133596183771851 0
4117 0.0002793567999325887 0.1393873511828136 0
4118 -0.006485145877321573 0.063805156173079 0
4119 -0.01124959302030975 0.0741166218249424 0
4120 -0.02179315659225517 0.05293863212386929 0
4121 0.02179315660977007 0.0529386320931749 0
4122 -0.02888421087854364 0.009422554132619936 0
4123 0.02888421088652534 0.00942255411494902 0
4124 -0.01834088628761111 0.09638912064039634 0
4125 0.01834088626898955 0.09638912065173044 0
4126 0.0129199949892366 0.05511556436666442 0
4127 -0.01291993881257924 0.05511581345254231 0
4128 0.009941572734740587 0.06656209060097157 0
4129 -0.003660965827095245 0.07826606473812912 0
4130 -0.0005904507626949769 0.07830103968458203 0
4131 -0.07259596746075647 0.01240345888538821 0
4132 0.0725959674604171 0.01240345888372663 0
4133 0.0336178499953274 0.01059282773798311 0
4134 -0.03361784997751376 0.01059282776993039 0
4135 -0.0113989371076712 0.07221204421382998 0
4136 0.008745036940624788 0.06362706417717719 0
4137 -0.06342511998815209 0.03422118655260185 0
4138 0.06342511998767773 0.03422118655536066 0
4139 0.0496671317245009 0.01321323490701972 0
4140 -0.04966713170806296 0.01321323491088142 0
4141 0.004059230378314425 0.06992562134175653 0
4142 0.007228996949511075 0.07574784272656979 0
4143 -0.05187771059068605 0.009104963389626684 0
4144 0.05187771060525889 0.009104963386847737 0
4145 -0.002344068845147806 0.08341719064886036 0
4146 -0.01835253295429953 0.05781124290786817 0
4147 0.01835253294820047 0.05781124286603108 0
4148 -0.02049882483074245 0.09999101532337193 0
4149 0.02049882481571121 0.09999101532010399 0
4150 0.02040092482849739 0.1187407422275694 0
4151 -0.02040092482797719 0.118740742225968 0
4152 -0.03556072377161319 0.04921807457692392 0
4153 0.03556072377161497 0.04921807458238729 0
4154 -0.06802241971326703 0.01409878440202934 0
4155 0.0680224197177744 0.01409878440490425 0
4156 -0.04466452201648289 0.01862372207179209 0
4157 0.04466452202371225 0.01862372207067781 0
4158 0.009691150133343637 0.0621091180558449 0
4159 -0.01755442676784935 0.0537560493347889 0
4160 0.01755442678405333 0.05375604928378448 0
4161 -0.001740458222179533 0.06088687286270478 0
4162 0.003446357755661989 0.137599685696758 0
4163 -0.001810088114991391 0.0748553326597793 0
4164 0.00122311123966919 0.07910592774322812 0
4165 -0.02820145469441881 0.0469210781925502 0
4166 0.02820145473285687 0.04692107818666505 0
4167 -0.02329923991251983 0.1160223257384178 0
4168 0.02329923991271955 0.1160223257388033 0
4169 -0.01676606959724687 0.07159781483556346 0
4170 0.01670739559202454 0.07161083584684941 0
4171 0.02027576172685659 0.05090848091570616 0
4172 -0.0202757617002078 0.0509084809597098 0
4173 0.0356017139034131 0.02499779718584521 0
4174 -0.03560171388761829 0.02499779719808047 0
4175 -0.02385908271092486 0.0859032483129642 0
4176 0.0238590827277723 0.08590324833926405 0
4177 0.009464376996842681 0.06817330520294997 0
4178 -0.01774788838799882 0.03495504077086713 0
4179 0.01774788837269923 0.03495504075261609 0
4180 -0.05979897662349009 0.01267662643075523 0
4181 0.05979897663324451 0.01267662643211192 0
4182 -0.007008053837318413 0.07155501523826829 0
4183 -0.01584367754269906 0.09393875597076456 0
4184 0.01584367753983756 0.09393875599397242 0
4185 0.01859850725130244 0.08142741086731227 0
4186 -0.01859853707050252 0.08142729953870244 0
4187 0.01136023658943419 0.07448917382696986 0
4188 0.06817804768523308 0.02618312173463151 0
4189 -0.06817804768549499 0.02618312173747534 0
4190 -0.0133624167046279 0.0741693711957483 0
4191 -0.03914486407929715 0.04279890882314977 0
4192 0.03914486407392264 0.04279890884069568 0
4193 -0.01974207058128014 0.07532522258799561 0
4194 0.01974140838831239 0.07532527278636796 0
4195 -0.0002817465158971993 0.0620279813926972 0
4196 0.009407520284658525 0.1443956326707741 0
4197 -0.0003373924379954727 0.0640043960163908 0
4198 0.01539803840244221 0.09155062203267636 0
4199 -0.01539803839203283 0.09155062199299278 0
4200 0.03310206873543731 0.01932179532094872 0
4201 -0.03310206872119583 0.01932179534937455 0
4202 -0.0007286774798085639 0.07643514615017792 0
4203 0.007940241351263682 0.0586205692931161 0
4204 -0.01883205223685365 0.04732937489484319 0
4205 0.01883205226049176 0.04732937484196333 0
4206 0.05576017533041037 0.01996273601853506 0
4207 -0.05576017532078335 0.01996273601364623 0
4208 0.02271659054685955 0.1320334313889119 0
4209 -0.02271659056430845 0.1320334313183163 0
4210 -0.03343342489717067 0.03946848507298666 0
4211 0.03343342492908522 0.03946848511464978 0
4212 0.001367332002700073 0.06812960225137446 0
4213 -0.03185041666533159 0.02568756227790354 0
4214 0.03185041669952632 0.02568756227477356 0
4215 0.004616745191400705 0.0730553815967129 0
4216 0.01933853550782108 0.08855752646177095 0
4217 -0.01933853547125563 0.08855752639908365 0
4218 0.03543192208314017 0.01492381548860821 0
4219 -0.03543192207047931 0.01492381550959116 0
4220 -0.04917128574048634 0.0487580624664028 0
4221 0.04917128574055481 0.04875806246654642 0
4222 -0.006742251909256581 0.139645398889602 0
4223 -0.01724917351660116 0.03653582016131153 0
4224 0.017249173545296 0.03653582011980858 0
4225 0.02336227624932952 0.1182075161161706 0
4226 -0.02336227624896432 0.1182075161150238 0
4227 0.01957062913279771 0.1268677081019587 0
4228 -0.0195706291260911 0.1268677080644753 0
4229 0.02097669467060293 0.04311741153020539 0
4230 -0.02097669463546033 0.04311741159883517 0
4231 0.02945106778577304 0.05061576905346045 0
4232 -0.02945106774884972 0.05061576907085637 0
4233 -0.02381614662436461 0.08981954221038045 0
4234 0.02381614665500392 0.08981954221023905 0
4235 0.0008304498525960242 0.0755215683604169 0
4236 -0.02329637043020011 0.1136435878691366 0
4237 0.02329637043026145 0.1136435878691661 0
4238 -0.0002609770329159331 0.06499807784382461 0
4239 -0.01643497933619494 0.1315786727547645 0
4240 0.01643497930619842 0.1315786728124154 0
4241 -0.02111759823487708 0.1212350549321396 0
4242 0.02111759823716436 0.1212350549345598 0
4243 0.00715183719074791 0.06393730455560151 0
4244 0.01885914369163817 0.04096914943440465 0
4245 -0.01885914366222214 0.04096914949469118 0
4246 0.02328510455371565 0.10985127229431 0
4247 -0.02328510455366243 0.1098512722943554 0
4248 0.02450747423919122 0.05729997398309367 0
4249 -0.02450747423978461 0.05729997400328302 0
4250 0.00164673230661913 0.06708418180364797 0
4251 -0.02514631547547447 0.05142079751338698 0
4252 0.02514631549804919 0.05142079747469691 0
4253 0.03679985558906661 0.03939756406078067 0
4254 -0.03679985554531029 0.0393975640239437 0
4255 0.01726988999324338 0.04489365088331219 0
4256 -0.01726988995810388 0.04489365094132731 0
4257 0.05456003241942463 0.04166400547087942 0
4258 -0.05456003241927003 0.04166400547040115 0
4259 -0.01236471730704188 0.06513651895764172 0
4260 -0.01913207502967123 0.04923055577954767 0
4261 0.01913207505707005 0.04923055572616836 0
4262 -0.002060508179946359 0.06402768303954569 0
4263 -0.0003284623096066787 0.08276028818222081 0
4264 -0.04714597418265446 0.04694390685387515 0
4265 0.04714597418189387 0.04694390685484098 0
4266 0.01096196988816095 0.06879888410916662 0
4267 0.008222129232756325 0.06130307332269939 0
4268 0.0113570592214107 0.1372986522346726 0
4269 -0.01135705928095906 0.1372986522068914 0
4270 0.04216019340040875 0.04904737403347265 0
4271 -0.04216019340038082 0.0490473740336984 0
4272 -0.0131664809889749 0.1369950904793051 0
4273 0.01316648092659444 0.1369950905098071 0
4274 -0.008998313295958599 0.08040984172160918 0
4275 -0.01291339095060788 0.0772368238457746 0
4276 0.0224223442075938 0.07384905622909355 0
4277 -0.02242234419958642 0.07384905628077579 0
4278 -0.04368842271714231 0.03780629017967917 0
4279 0.04368842271209186 0.03780629019310294 0
4280 8.6934159611524e-006 0.07370758320141868 0
4281 0.02025751917813175 0.08623141581133188 0
4282 -0.02025751910151334 0.08623141574381113 0
4283 0.008984462211648494 0.05370523339694912 0
4284 0.01774548033483985 0.1300588562414661 0
4285 -0.01774548035201453 0.1300588561870169 0
4286 0.005284937711825666 0.07218186311296694 0
4287 -0.007658822481158835 0.06985920495062301 0
4288 0.04453540469238311 0.02843667480529395 0
4289 -0.04453540469589756 0.02843667480069233 0
4290 -0.001152843511329497 0.0625269724876531 0
4291 0.02794800873225349 0.04338045379352078 0
4292 -0.02794800869042302 0.04338045379617994 0
4293 -0.000384945630179828 0.07051602507566193 0
4294 -0.03983417484497424 0.01550818369014402 0
4295 0.03983417485675123 0.01550818368183363 0
4296 -0.02226622080992024 0.03680993923067076 0
4297 0.02226622084352706 0.03680993919851687 0
4298 -0.01849632168786484 0.07375474216145554 0
4299 0.01849134004723615 0.0737572350402155 0
4300 0.007522445922110366 0.0739089916216326 0
4301 0.02840605528257757 0.03821674470953293 0
4302 -0.02840605519292831 0.03821674475070153 0
4303 -0.04462684187713688 0.02397611577072034 0
4304 0.04462684188410448 0.0239761157713501 0
4305 0.03497688529795134 0.03797560644716846 0
4306 -0.03497688530168474 0.03797560643595054 0
4307 0.02040325905393079 0.1161385897585398 0
4308 -0.02040325905351298 0.1161385897583585 0
4309 0.02934036122432514 0.04325116989326283 0
4310 -0.0293403611834528 0.04325116989211814 0
4311 0.006250474522178404 0.07235560032649119 0
4312 0.02632227523553283 0.04134099519570864 0
4313 -0.02632227512459553 0.0413409952371101 0
4314 0.01009077566547446 0.05497747650712196 0
4315 0.01080571806961649 0.05109194559338608 0
4316 -0.01080571806929803 0.05109194558708879 0
4317 -0.01865983180161378 0.05228043146968639 0
4318 0.01865983182403285 0.05228043142462117 0
4319 0.005889543268126116 0.1400660898905596 0
4320 0.02434829478023017 0.04142998833667421 0
4321 -0.02434829471149723 0.04142998840743091 0
4322 -0.008497444632918724 0.08145578923655852 0
4323 -0.006069273685190121 0.07019123850923786 0
4324 0.004187752069032929 0.06699115985252538 0
4325 -0.0614324700730217 0.006825438634518114 0
4326 0.06143247008314714 0.00682543863370468 0
4327 -0.02568929524013286 0.05472761628018028 0
4328 0.02568929525564551 0.05472761625133568 0
4329 -0.004018368098744485 0.08065034044270555 0
4330 -0.02258942818116375 0.06326293587661096 0
4331 0.02258942818811776 0.06326293584347802 0
4332 0.02310909889104182 0.033297116827884 0
4333 -0.02310909886140777 0.03329711690273398 0
4334 0.003190616448240132 0.07998145829134026 0
4335 0.02042731443450927 0.1118012795292235 0
4336 -0.0204273144344993 0.1118012795291983 0
4337 -0.07237007847349704 0.0229502667938943 0
4338 0.07237007847402874 0.02295026679316555 0
4339 -0.01013239051599922 0.06821694441719722 0
4340 -0.006552764010582441 0.08403541559611102 0
4341 -0.008800582949553607 0.07261259591722435 0
4342 -0.02133962704649105 0.05897231050242302 0
4343 0.02133962704356758 0.05897231047468549 0
4344 -0.001978297400036611 0.0619211677844109 0
4345 -0.01065947830632271 0.0535173119648522 0
4346 0.01066730013251548 0.0535107458670611 0
4347 -0.01259040635939758 0.06326957897145688 0
4348 0.01095063007735788 0.05533398764151483 0
4349 -0.01105729206742851 0.05536216667089679 0
4350 -0.02405503023643516 0.06649779108424207 0
4351 0.02405503022894377 0.06649779105041231 0
4352 -0.01114882934654769 0.07712208512949362 0
4353 -0.02099255873534173 0.1282492382520771 0
4354 0.02099255872687401 0.1282492383127315 0
4355 -0.02280775571397388 0.05311153665255219 0
4356 0.02280775573024509 0.05311153662015158 0
4357 -0.00710643866924984 0.07856719554605987 0
4358 0.05786809851280923 0.04475205984407442 0
4359 -0.05786809851269234 0.0447520598441134 0
4360 0.01130295157470153 0.07192891090973805 0
4361 -0.01081621025602079 0.06308634264341242 0
4362 0.00175090014089775 0.07346702041317177 0
4363 0.01361305921883792 0.1430244055976556 0
4364 -0.01364663425384422 0.1429188310026114 0
4365 -0.03694241085240049 0.04789745003951819 0
4366 0.03694241084535783 0.04789745005221822 0
4367 0.0231310833998566 0.1118025590508321 0
4368 -0.02313108339985478 0.111802559050828 0
4369 -0.01648539875972735 0.09595073793309063 0
4370 0.01648539874881636 0.09595073794604504 0
4371 -0.007379350285277832 0.06529718137120263 0
4372 0.02537623014889031 0.02324341358307398 0
4373 -0.02537623012901038 0.0232434136302973 0
4374 0.02892206300899951 0.04907071681677009 0
4375 -0.02892206297394503 0.04907071683241268 0
4376 0.006623682400479684 0.06889336840448076 0
4377 -0.03060414097438833 0.03482629023223011 0
4378 0.03060414100743631 0.0348262902097739 0
4379 0.009314864251287974 0.08734688039012646 0
4380 -0.01790231377151362 0.1335404627018683 0
4381 0.01790231371590247 0.1335404627652515 0
4382 -0.0437735962090008 0.006790444449546978 0
4383 0.04377359622454585 0.006790444445745607 0
4384 -0.009364611857360329 0.08736076886579511 0
4385 -0.009893331165674851 0.07564633576407703 0
4386 0.07264115541601396 0.02749007056150882 0
4387 -0.07264115541609686 0.02749007056333432 0
4388 -0.006919095903007207 0.07052684179361383 0
4389 -0.02342985973132204 0.0565104563707339 0
4390 0.02342985973954256 0.05651045634037358 0
4391 0.01194909231072528 0.07285024205797556 0
4392 -0.002919745987196853 0.0667271436125309 0
4393 -0.02438876195063386 0.0323723958954089 0
4394 0.02438876199008123 0.03237239583204564 0
4395 -0.03196179928111751 0.0471471357578398 0
4396 0.03196179930418445 0.04714713575930166 0
4397 -0.01993626772168825 0.03048871951506489 0
4398 0.01993626775968256 0.03048871943371794 0
4399 -0.01703109949905489 0.0553858927796191 0
4400 0.01703109952792603 0.05538589273149055 0
4401 -0.03556280798395987 0.02243332633984033 0
4402 0.03556280799871837 0.02243332632152387 0
4403 -0.05207485570979915 0.01770349836131488 0
4404 0.05207485571879518 0.01770349836296485 0
4405 -0.02435806282333176 0.0593277230674924 0
4406 0.02435806282140753 0.05932772305978506 0
4407 0.005981368194879101 0.05738518836578151 0
4408 -0.01448064716808027 0.08293900529246975 0
4409 0.0145422767327174 0.08295328735294479 0
4410 0.01576613545752757 0.1284265484662396 0
4411 -0.01576613546784245 0.1284265484204405 0
4412 -0.01879871443260149 0.06751203863640906 0
4413 0.01879871444674548 0.0675120385994407 0
4414 -0.03990730209962536 0.03997276210126115 0
4415 0.03990730209344369 0.03997276210899139 0
4416 -0.01676448302922042 0.05437103087591232 0
4417 0.01676448305285283 0.05437103082505188 0
4418 -0.01955871970038075 0.05454989239294755 0
4419 0.01955871971691773 0.05454989234490436 0
4420 0.05306009187107771 0.03991079394312404 0
4421 -0.05306009187003909 0.03991079394276054 0
4422 -0.02015861771114042 0.05242422624755987 0
4423 0.02015861773231544 0.05242422620768506 0
4424 -0.01008788435900303 0.05494363945867812 0
4425 -0.02431769058278765 0.02628373213708682 0
4426 0.02431769061776192 0.02628373207174548 0
4427 -0.006663183149698829 0.06598666018821903 0
4428 -0.00265218550246516 0.07338918040442584 0
4429 -0.06576662892459489 0.01806098130705768 0
4430 0.06576662892807995 0.01806098130355886 0
4431 -0.002218159794565766 0.1384066104976439 0
4432 0.02403466951071098 0.07869256227495919 0
4433 -0.0240346695189254 0.07869256229314599 0
4434 0.02492771725100926 0.04781329576151983 0
4435 -0.02492771723431954 0.04781329581330246 0
4436 -0.005343386701194474 0.05828750183300402 0
4437 0.01718087318742651 0.08909678454428974 0
4438 -0.01718087316582197 0.08909678449398233 0
4439 -0.03794586620798108 0.04926114985390292 0
4440 0.03794586620674709 0.0492611498564289 0
4441 0.02772895357161915 0.04477864782124732 0
4442 -0.02772895353199246 0.04477864782568765 0
4443 0.03898886729123232 0.03049462584032681 0
4444 -0.03898886726426741 0.03049462584347687 0
4445 -0.008317017270236446 0.06392864672616862 0
4446 0.00157669662117569 0.1449267230568034 0
4447 0.01160848803769997 0.08775333894781551 0
4448 -0.01160838975678944 0.08775390745911238 0
4449 -0.0165936796314535 0.1244677502988337 0
4450 0.01659367963584834 0.1244677503178898 0
4451 -0.01558899933713974 0.04862081074838438 0
4452 0.01558899935510175 0.0486208107097994 0
4453 -0.01619841222588137 0.1419305630969843 0
4454 0.01619596497962136 0.1419382580696217 0
4455 -0.01191520927782936 0.05253350190017161 0
4456 0.01191520928804403 0.05253350190875834 0
4457 -0.01016391937515771 0.1358568584419002 0
4458 0.01016391932507431 0.1358568584646409 0
4459 -0.0210392371862758 0.05367806551683768 0
4460 0.02103923720618777 0.05367806548460992 0
4461 0.008201274215077355 0.07528073373250782 0
4462 0.007551220223360939 0.06487485292328329 0
4463 -0.02028348028795585 0.08017590988865596 0
4464 0.02028348035643549 0.08017590981373075 0
4465 -0.007441124923429267 0.05818216174000893 0
4466 0.007281904779272048 0.08065191136048454 0
4467 -0.03419553806959245 0.04449044483401789 0
4468 0.03419553808553297 0.04449044485959572 0
4469 0.02885472567579591 0.03298140762909552 0
4470 -0.02885472563807009 0.03298140767630538 0
4471 -0.02193711737939946 0.08272918176421439 0
4472 0.02193711756498675 0.0827291817640477 0
4473 -0.06080086382912719 0.01673967587603076 0
4474 0.06080086383267989 0.01673967587768751 0
4475 -0.06249600719249387 0.002536750199003921 0
4476 0.06249600719660296 0.002536750197759225 0
4477 -0.008971607516902449 0.05368733146962301 0
4478 -0.01833595097073448 0.05499061977426226 0
4479 0.0183359509873016 0.054990619725015 0
4480 0.008945078567456596 0.07239262161204534 0
4481 -0.03059671405310024 0.03177556277436067 0
4482 0.0305967140937515 0.03177556275435226 0
4483 -0.001363592004802508 0.08102938705279636 0
4484 0.005188297287136264 0.08392121129986856 0
4485 -0.005758800278145472 0.1414221512894364 0
4486 -0.03046036470997184 0.05009232744075473 0
4487 0.03046036473630453 0.05009232743048243 0
4488 -0.01798192296448462 0.09166468858015574 0
4489 0.01798192295313579 0.09166468861909915 0
4490 -0.06462557828344805 0.04782474489342106 0
4491 0.06462557828357353 0.04782474489352896 0
4492 -0.02142824501647396 0.05211812500632711 0
4493 0.02142824503578033 0.05211812497200755 0
4494 0.03061179017462734 0.0393567408417668 0
4495 -0.03061179013741129 0.03935674084575214 0
4496 0.005007420116088837 0.06796632239783761 0
4497 0.02962496003967819 0.02257324010480052 0
4498 -0.02962496000337048 0.02257324014206778 0
4499 0.006804850062693669 0.06112188396859135 0
4500 0.009124946967841862 0.08413739506123941 0
4501 -0.01492285925070272 0.06529314929908371 0
4502 0.0149288710288327 0.06533964307130427 0
4503 -0.01528023397706942 0.1351856233723138 0
4504 0.01528023391544862 0.1351856234111339 0
4505 -0.02011112825107244 0.06522320381315143 0
4506 0.02011112825863417 0.06522320377601766 0
4507 -0.004534759386330444 0.1378243365838472 0
4508 0.02786249291580372 0.05203947188005803 0
4509 -0.02786249288262311 0.05203947191525581 0
4510 0.01204324914313179 0.04862665174083203 0
4511 -0.01204324912733577 0.0486266517538388 0
4512 -0.01874702824089596 0.06422541378133578 0
4513 0.01874701534573413 0.06422534793800294 0
4514 0.005744329922269425 0.06940481392289655 0
4515 -0.008767646134725608 0.07412873292651623 0
4516 0.02588376956129818 0.0332166069184196 0
4517 -0.02588376952627948 0.03321660698147183 0
4518 -0.05258807404409498 0.03643339307537322 0
4519 0.05258807404222149 0.03643339307585725 0
4520 -0.01259130682752644 0.05335282008532258 0
4521 0.01259152257813906 0.05335186325221614 0
4522 -0.009573336482675669 0.06053935557235249 0
4523 -0.03791398981738975 0.03390628545706675 0
4524 0.03791398985292237 0.03390628552012865 0
4525 0.01891594735684999 0.08990971735489715 0
4526 -0.01891594733724228 0.08990971729552981 0
4527 -0.0184305599789724 0.09394694207724569 0
4528 0.01843055995898835 0.09394694210113412 0
4529 -0.04488868437167113 0.04868577172314556 0
4530 0.04488868437160529 0.04868577172365693 0
4531 0.0138755414221157 0.06311418889482559 0
4532 0.00741792258407455 0.08621047265274392 0
4533 -0.01307962428291563 0.04948787158922651 0
4534 0.01307962427710661 0.04948787157734542 0
4535 -0.02177176263820583 0.06893206669514368 0
4536 0.02177176264677698 0.06893206665243379 0
4537 0.04545361092043727 0.01650143328964492 0
4538 -0.04545361091279593 0.01650143329398632 0
4539 0.01969904210733755 0.08251100161286989 0
4540 -0.01969904188488727 0.08251100157892047 0
4541 0.01740478426767515 0.04275750060337411 0
4542 -0.01740478424288848 0.04275750066258568 0
4543 0.008544580192509588 0.07024437999382727 0
4544 -0.03656389739467268 0.01038604627891035 0
4545 0.03656389740811809 0.01038604625243083 0
4546 0.003621445998668016 0.07281009203241187 0
4547 -0.01494838235100477 0.04979413309320677 0
4548 0.01494838235738779 0.04979413306126067 0
4549 -0.01270903707009803 0.04653551861863026 0
4550 0.01270903707055445 0.04653551861881818 0
4551 -0.03118684734433027 0.002434029953014109 0
4552 0.03118684733809942 0.002434029950610303 0
4553 -0.01925872325614371 0.05091434370512174 0
4554 0.01925872328180698 0.05091434365853405 0
4555 0.01386598944227991 0.0485679593966277 0
4556 -0.01386598943152962 0.0485679594235143 0
4557 -0.03187941623299984 0.04595659837535593 0
4558 0.03187941625702272 0.04595659838108039 0
4559 0.003654077239933782 0.05939508110769141 0
4560 -0.01848482120314152 0.1224733459287795 0
4561 0.01848482120836621 0.1224733459364943 0
4562 -0.009540173152817914 0.05799464213042077 0
4563 0.01068654832669143 0.06429106390424016 0
4564 0.004625631259028264 0.05954488933669831 0
4565 -0.02508155127793189 0.04659147353081809 0
4566 0.02508155132237046 0.04659147350369727 0
4567 -0.02449148508530942 0.035374789311499 0
4568 0.02449148510559158 0.0353747892494249 0
4569 -0.0378497494572434 0.03839457340279003 0
4570 0.03784974946556036 0.0383945734068019 0
4571 -0.05281484399685866 0.04654526988038874 0
4572 0.05281484399726664 0.04654526988067394 0
4573 0.01071911522497353 0.08627386305192011 0
4574 -0.01071952741695093 0.08626908056986596 0
4575 -0.009111993515932865 0.06938636152735614 0
4576 -0.02654068797544533 0.04665663581033998 0
4577 0.02654068802086921 0.04665663579744032 0
4578 0.06656752236702708 0.0292454778891117 0
4579 -0.06656752236611399 0.0292454778923656 0
4580 0.01032640562684976 0.07029351894965183 0
4581 -0.01727145605037179 0.1026544434242238 0
4582 0.01727145604923716 0.1026544434250282 0
4583 -0.008180017173571112 0.08355590671760754 0
4584 -0.0226705104573524 0.05910695083277048 0
4585 0.02267051045452811 0.05910695080798464 0
4586 0.01389757345849261 0.09264940165895283 0
4587 -0.01389757344850905 0.09264940163051985 0
4588 -0.06981740312233192 0.04821925338786344 0
4589 0.06981740312255162 0.04821925338804575 0
4590 0.01998179971011005 0.09262437576294125 0
4591 -0.01998179972821734 0.09262437571975655 0
4592 0.00401545010472406 0.08339993180215577 0
4593 -0.05932315951609546 0.03320306502352272 0
4594 0.05932315951796002 0.03320306502304864 0
4595 -0.01332350941306087 0.05197403209003665 0
4596 0.01332350941887037 0.05197403208364619 0
4597 -0.00846485404887389 0.1428001600660027 0
4598 -0.006125569208725038 0.05738009849564255 0
4599 0.04629445138619073 0.002297592564560422 0
4600 -0.04629445137086333 0.002297592571257247 0
4601 0.03175441347902559 0.02322340762197025 0
4602 -0.03175441346298398 0.02322340764593542 0
4603 -0.01906906631247157 0.1255115128480227 0
4604 0.01906906632365105 0.1255115128722112 0
4605 0.009570814202096057 0.05803087391061427 0
4606 -0.02077107907716507 0.05507503526692512 0
4607 0.02077107908968298 0.05507503523306329 0
4608 0.002939246737879197 0.06816537182869216 0
4609 -0.02954586845086335 0.02600541348302854 0
4610 0.02954586849758604 0.02600541346570423 0
4611 -0.01872214753086732 0.03749256705477168 0
4612 0.01872214755490964 0.03749256698825797 0
4613 -0.009563788292413052 0.0648965718571588 0
4614 -0.01827483236109897 0.09909767856257098 0
4615 0.01827483234774373 0.09909767856246024 0
4616 -0.0223038865502912 0.07927409728630322 0
4617 0.02230388657169587 0.0792740971694265 0
4618 -0.03000596591659636 0.04707046442613098 0
4619 0.03000596595017774 0.04707046441880647 0
4620 -0.01207320364954353 0.067658539525789 0
4621 0.007087265583379271 0.06568844635355582 0
4622 0.01185623758795101 0.06344481488834208 0
4623 -0.04303348765902493 0.03497686650745536 0
4624 0.04303348765950505 0.03497686652809494 0
4625 -0.0005842049393496981 0.08438679425334429 0
4626 -0.02374060733148834 0.05030087363954325 0
4627 0.02374060735158852 0.05030087359656549 0
4628 -0.01005275509287764 0.07705274886657885 0
4629 0.003886879184125915 0.08168462932369441 0
4630 -0.06885249793919422 0.0343791150650157 0
4631 0.06885249793813412 0.03437911506337123 0
4632 0.009502963361192711 0.1409485343189593 0
4633 -0.009514621145982106 0.1408319257819968 0
4634 0.04275621019839601 0.04703505458678511 0
4635 -0.04275621019928912 0.04703505458626331 0
4636 -0.003752895887989365 0.08465976211014896 0
4637 -0.01658223265190609 0.07472535047032371 0
4638 0.0165570700442106 0.07469675159069741 0
4639 -0.02362295969485333 0.08105748806502276 0
4640 0.02362295965941357 0.08105748799763265 0
4641 0.01393114616324334 0.0784114335753768 0
4642 0.04059571750959272 0.04768514072727451 0
4643 -0.0405957175105922 0.0476851407263601 0
4644 5.871615792149139e-005 0.07156135456988603 0
4645 0.01332420180142208 0.08763946270733004 0
4646 -0.01332420174742057 0.08763946266389949 0
4647 0.04967798265054818 0.01756190995350004 0
4648 -0.04967798264382489 0.01756190995758334 0
4649 0.03478267014457941 0.00258756950248547 0
4650 -0.0347826701402156 0.002587569504624585 0
4651 0.01486950129973646 0.1307118203722874 0
4652 -0.01486950132581006 0.1307118203194501 0
4653 0.005313379931445668 0.08104925045989847 0
4654 -0.02632157809657439 0.04475292827754117 0
4655 0.02632157813840587 0.04475292826572638 0
4656 -0.02145297130760206 0.03116359667516114 0
4657 0.02145297133886538 0.03116359660297169 0
4658 0.001763222891765533 0.08445419831205762 0
4659 -0.02428755150639858 0.05455056410446057 0
4660 0.0242875515225959 0.0545505640747553 0
4661 0.01138298943017326 0.06719578012511113 0
4662 -0.00918969488324833 0.05624623770738515 0
4663 0.01911221631281859 0.03491688404042612 0
4664 -0.01911221631702397 0.03491688413908273 0
4665 0.02236009208235543 0.04131111883106262 0
4666 -0.02236009202533946 0.04131111891357769 0
4667 -0.008357294728576234 0.06098874759957067 0
4668 -0.006806149081541544 0.06091828089361627 0
4669 0.007250194174852025 0.07878326492935891 0
4670 -0.0004607660946573444 0.1433329653602037 0
4671 0.02599095228229249 0.03947167350177597 0
4672 -0.02599095219373987 0.03947167359501152 0
4673 -0.009192690587478741 0.0859388591889832 0
4674 -0.02376401048101558 0.08443027625105509 0
4675 0.02376401051006602 0.0844302762685135 0
4676 -0.04181099270077265 0.01920324608469992 0
4677 0.04181099270763598 0.01920324607850874 0
4678 0.0217532729783369 0.08419766926144999 0
4679 -0.02175327288572997 0.08419766922007767 0
4680 -0.01359116622433535 0.06989150271910816 0
4681 0.01356639098366186 0.0698599714664844 0
4682 -0.02225805316585013 0.075201571863177 0
4683 0.02225805317431277 0.07520157180268408 0
4684 -0.04694053060199804 0.01199938684142293 0
4685 0.04694053061784412 0.01199938683758478 0
4686 0.00992622192991161 0.05912759329530187 0
4687 0.01222142344652655 0.07865590469617904 0
4688 0.009670296624655444 0.07425217117045793 0
4689 0.0317870649525723 0.03285223214942476 0
4690 -0.03178706491185306 0.03285223216023402 0
4691 -0.04634336819211354 0.03948158051260517 0
4692 0.04634336819081515 0.03948158051917749 0
4693 -0.06183760893183141 0.02300022929468935 0
4694 0.06183760893245374 0.0230002292939987 0
4695 -0.004676359101690571 0.05955605474750622 0
4696 -0.02223861987160216 0.03939353654735481 0
4697 0.02223861994884008 0.03939353647884619 0
4698 0.006895817155938603 0.07061965758452898 0
4699 -0.02282480681616937 0.05721658555561766 0
4700 0.02282480682065981 0.05721658552635313 0
4701 -0.006497523256120693 0.05928623097525411 0
4702 -0.01196311488742664 0.06581043976412129 0
4703 0.05820498024864484 0.04864728763524061 0
4704 -0.0582049802485518 0.04864728763529459 0
4705 -0.03495262806943355 0.005757275719757747 0
4706 0.03495262807372835 0.00575727570465851 0
4707 -0.01437129672723354 0.0694573065086985 0
4708 0.01436777438121623 0.06945272119366046 0
4709 -0.0117620485958575 0.0692962086719742 0
4710 -0.007071962805174876 0.05983459632208103 0
4711 0.0173890370287642 0.104893770151028 0
4712 -0.01738903702873583 0.1048937701510405 0
4713 0.003930903379843915 0.05692310182036189 0
4714 -0.06394213536210187 0.02874497634730065 0
4715 0.06394213536365677 0.02874497634514838 0
4716 -0.003787919576657185 0.08264544428464207 0
4717 0.01413322209498036 0.09035605405625727 0
4718 -0.01413322207758801 0.0903560540085868 0
4719 -0.01380438800836992 0.04406930507449316 0
4720 0.01380438800139363 0.04406930506243077 0
4721 0.008185440401853884 0.07891550872675973 0
4722 0.007974753680990845 0.06751986145776863 0
4723 0.004577364740582505 0.07682260068673909 0
4724 0.07309340391586135 0.03424980814291858 0
4725 -0.07309340391625446 0.03424980814401431 0
4726 0.008654047383610839 0.05665316718869681 0
4727 0.0160898413551392 0.07637564757159213 0
4728 0.008139326906068476 0.1429585540569135 0
4729 0.007520256480351734 0.08460387101614454 0
4730 0.0001230895843975345 0.06675211022253874 0
4731 -0.01189060759380838 0.07304503979655866 0
4732 -0.04558756087371373 0.03767418474775405 0
4733 0.0455875608753329 0.03767418475744986 0
4734 -0.003502992553537411 0.0686801777299678 0
4735 -0.002206192516048057 0.0693318990565493 0
4736 -0.01166603101942116 0.1328188959657798 0
4737 0.01166603097347721 0.1328188960028706 0
4738 0.01573949578998133 0.0466734089752252 0
4739 -0.0157394957686461 0.04667340902241753 0
4740 0.07324568482851225 0.04821507890915026 0
4741 -0.07324568482850222 0.04821507890925952 0
4742 -0.008274481826661141 0.06579195275613652 0
4743 -0.006241733877099971 0.08569379394700211 0
4744 -0.06849894490204234 0.009206606787696896 0
4745 0.06849894490446158 0.009206606787896142 0
4746 -0.01863182476680117 0.04645497658077943 0
4747 0.01863182479054557 0.0464549765273933 0
4748 0.0725655175531926 0.006099188191318963 0
4749 -0.0725655175533275 0.006099188191136899 0
4750 0.005610602400589975 0.06561480902231699 0
4751 0.01232628553162965 0.08617416972001674 0
4752 -0.01232628547488988 0.08617416968750115 0
4753 0.01209985764884315 0.06761452714527005 0
4754 -0.001803952624000234 0.07802525014600012 0
4755 -0.01369982109697662 0.07817908931578099 0
4756 -0.06891518682357678 0.002316954700401247 0
4757 0.06891518682752666 0.002316954696637505 0
4758 -0.02007085100538617 0.07907659634995071 0
4759 0.02007085103147016 0.0790765962742557 0
4760 -0.02237725541904552 0.07236398622823229 0
4761 0.02237725543005061 0.07236398618151699 0
4762 0.01957494786757466 0.1482595045894478 0
4763 -0.0195749479009463 0.1482595045680024 0
4764 0.007142005027404602 0.1386170884103624 0
4765 0.001435025171315668 0.08283098381364261 0
4766 0.04976921501588355 0.04595330607506422 0
4767 -0.04976921501602547 0.04595330607433841 0
4768 0.004265407804252151 0.05799445418963639 0
4769 -0.01536916180344751 0.06741550895104197 0
4770 0.01536917012945298 0.06741551172631964 0
4771 -0.02048989375568229 0.1091887080183021 0
4772 0.02048989375567475 0.1091887080183502 0
4773 0.01135487722663872 0.07358787889816053 0
4774 0.02915557150437353 0.04121811599340217 0
4775 -0.02915557145427485 0.04121811598783143 0
4776 -0.02170747190637589 0.06441759131626995 0
4777 0.02170747191230781 0.06441759127607963 0
4778 -0.002289168915651511 0.06625131439842442 0
4779 0.00439449707162223 0.06130097252449357 0
4780 -0.01846482305417422 0.0483128242695827 0
4781 0.01846482307852775 0.04831282421770181 0
4782 0.008615409832733928 0.08481040425616851 0
4783 -0.001701468089784074 0.08179878081496672 0
4784 -0.004774315034555425 0.06339484623816638 0
4785 -0.03050830647794987 0.005061923295862824 0
4786 0.03050830647821459 0.005061923283918592 0
4787 -0.02392165529997077 0.07500998102762099 0
4788 0.02392165529507788 0.07500998097138391 0
4789 0.01321609534662192 0.0719876472374016 0
4790 -0.02334951797125004 0.04884592859799362 0
4791 0.02334951799237012 0.04884592855416274 0
4792 0.003424744620989349 0.06374192034760703 0
4793 0.009617267814985052 0.05635070332189343 0
4794 0.007267843183981587 0.05816873298069505 0
4795 0.01388745950609398 0.1273319160451371 0
4796 -0.01388745952032291 0.1273319160079154 0
4797 0.01115904505446795 0.08424832190691241 0
4798 -0.01949688965348304 0.06944429957737232 0
4799 0.01949688966857684 0.06944429953386962 0
4800 -0.004627092751461379 0.07761567471684878 0
4801 -0.01893919972126643 0.1020506442837018 0
4802 0.01893919971616216 0.1020506442816273 0
4803 -0.03707132706275421 0.04597889933338621 0
4804 0.03707132706269935 0.04597889935175836 0
4805 0.01480691516379733 0.1251811637102424 0
4806 -0.01480691516615623 0.1251811636878193 0
4807 0.03084406778733327 0.04850529692227567 0
4808 -0.030844067755735 0.04850529692972596 0
4809 -0.01609155068131559 0.07652460421369384 0
4810 0.03016502223356025 0.04907244157418095 0
4811 -0.03016502220122089 0.04907244158638213 0
4812 0.02266023758469308 0.03006724272722758 0
4813 -0.02266023754846624 0.03006724280118183 0
4814 -0.04935902387832303 0.0348386002693081 0
4815 0.04935902387609185 0.0348386002728006 0
4816 0.01526862468375179 0.04416779003209924 0
4817 -0.01526862466288263 0.0441677900904686 0
4818 0.0001814316206030037 0.05886668918537771 0
4819 0.01892534452915264 0.07875806795991913 0
4820 -0.01892670902909892 0.07875424966688047 0
4821 -0.01725762794484419 0.1007264461800427 0
4822 0.01725762793817983 0.1007264461826703 0
4823 0.0002170500586077585 0.08181207052452875 0
4824 0.02471688449576962 0.03731422025065217 0
4825 -0.02471688442247719 0.03731422035496759 0
4826 -0.008698077811044123 0.07111203973842666 0
4827 -0.02034093164600759 0.07414325731201296 0
4828 0.02034086408526355 0.07414326238303197 0
4829 0.0144236208072538 0.08415053668252019 0
4830 -0.01445593167578766 0.08413969739556121 0
4831 -0.02417781393628286 0.06936874363861342 0
4832 0.02417781392317305 0.06936874359222532 0
4833 -0.01111370363346577 0.1310913838972922 0
4834 0.01111370359402022 0.1310913839349367 0
4835 0.006244288686172214 0.05909474066639295 0
4836 -0.01015241051309717 0.06659266995220436 0
4837 -0.009657440996585009 0.1325871911252107 0
4838 0.009657440952744033 0.1325871911557594 0
4839 -0.05344104288737414 0.01567555610344749 0
4840 0.05344104289859096 0.01567555611208893 0
4841 0.0004925669574218717 0.06248989668253614 0
4842 0.04105631568749841 0.01130733236395053 0
4843 -0.04105631567120709 0.01130733236975807 0
4844 -0.01211129449950248 0.07905916405735333 0
4845 -0.05680898348583107 0.01677974906752364 0
4846 0.05680898349198057 0.01677974906563951 0
4847 0.03508350688343325 0.04830440075052396 0
4848 -0.03508350688080834 0.04830440074232955 0
4849 0.06897127736487185 0.04156845058641906 0
4850 -0.06897127736554771 0.04156845058691324 0
4851 0.0236483912520705 0.09659556423572115 0
4852 -0.0236483912678854 0.09659556425482091 0
4853 0.01264122646917355 0.08344062684938815 0
4854 0.003737850672281655 0.06219307452050394 0
4855 -0.03322616053089456 0.01339308512980789 0
4856 0.03322616054607039 0.01339308510280467 0
4857 -0.01157339487286811 0.08585442420604072 0
4858 0.0115230163938502 0.08590996814780691 0
4859 0.00466053128181055 0.1378618987258943 0
4860 0.01337576199470097 0.08560080552475882 0
4861 -0.01335990683307388 0.08563587264716431 0
4862 -0.01779307232254274 0.05029673788025614 0
4863 0.01779307234509972 0.0502967378312075 0
4864 0.05776387787223279 0.002172669857075218 0
4865 -0.05776387786404246 0.002172669860828973 0
4866 -0.03782963576891371 0.04323068045152603 0
4867 0.03782963574422565 0.04323068048328078 0
4868 -0.004344398561547684 0.07631674214305548 0
4869 0.03886391597119036 0.04913944633439796 0
4870 -0.03886391597209028 0.04913944633339493 0
4871 0.009085533908267837 0.08053457168759565 0
4872 -0.02052703767584224 0.1136188867963318 0
4873 0.02052703767584453 0.1136188867963856 0
4874 -0.008769760042415106 0.1378987357312026 0
4875 0.008735115923834144 0.1379436291642838 0
4876 -0.02271729194273923 0.07713038415281138 0
4877 0.02271729198914401 0.07713038404717469 0
4878 -0.01429608204503532 0.05469654327805298 0
4879 0.01429608207763553 0.05469654325090847 0
4880 0.04113599896732258 0.04173858829134014 0
4881 -0.04113599897590624 0.04173858828741848 0
4882 0.02270854417261546 0.06519663870903991 0
4883 -0.02270854416764284 0.0651966387458625 0
4884 -0.02101477934452221 0.09332778338553407 0
4885 0.02101477932273687 0.09332778342283524 0
4886 -0.01659613497591801 0.08198596712965184 0
4887 0.01668894160565143 0.08201047792330496 0
4888 -0.002261733032128378 0.1420455688185603 0
4889 -0.01015409597605589 0.08472145071247036 0
4890 0.006401576062337597 0.1476182959218864 0
4891 0.004032328221941487 0.08495114624617824 0
4892 -0.06943467467527867 0.02323009366058694 0
4893 0.06943467467545379 0.0232300936589617 0
4894 0.02338413617155676 0.04646260327158815 0
4895 -0.02338413613536815 0.04646260333340924 0
4896 0.01894928509994183 0.06254332210503898 0
4897 -0.01894928880350742 0.06254334109335981 0
4898 -0.006851692638797294 0.05654876559436386 0
4899 -0.01624916992522504 0.07338972361782867 0
4900 0.01624564860365813 0.07338954371794433 0
4901 0.00127910099505804 0.06393605715396267 0
4902 0.007434467871925581 0.05978629673711865 0
4903 0.02277895606238975 0.06641846133196566 0
4904 -0.02277895605955879 0.06641846136947199 0
4905 0.005036239215368566 0.06387241783485524 0
4906 0.005022887476590108 0.1449508681608136 0
4907 -0.03599919506554513 0.04616281823907679 0
4908 0.03599919506908376 0.04616281825965087 0
4909 0.001385336356330531 0.1372011084209583 0
4910 -0.0186169459106873 0.08453446357936836 0
4911 0.01861694599139348 0.08453446369896109 0
4912 -0.02040526625848171 0.05934170950197728 0
4913 0.02040526625407507 0.05934170946366264 0
4914 -0.02237345070930565 0.02422885066442415 0
4915 0.02237345072403957 0.02422885062037573 0
4916 0.04068290680326414 0.03904744172315981 0
4917 -0.04068290681088182 0.03904744171821815 0
4918 -0.00727768251937014 0.06677969248124324 0
4919 0.01041836881033422 0.05177027122671403 0
4920 -0.01041836881045639 0.05177027121340717 0
4921 -0.01795991641780174 0.07633526814306014 0
4922 0.01789973484835696 0.07632601011313497 0
4923 -0.024866543650199 0.05046217836837332 0
4924 0.02486654367460244 0.0504621783281595 0
4925 -0.009730583898018817 0.1443397238586165 0
4926 0.01080130900709125 0.06105636486047218 0
4927 -0.006135196091796772 0.06908446885549788 0
4928 -0.02425767175201586 0.07241649980003935 0
4929 0.02425767177359116 0.07241649979999541 0
4930 -0.01885589501284708 0.0438635465090387 0
4931 0.01885589503998016 0.04386354645011997 0
4932 -0.01775845377833108 0.05233094766898071 0
4933 0.0177584537982777 0.05233094761994448 0
4934 -0.0178593641481418 0.08806299605756174 0
4935 0.01785936418838401 0.08806299611252107 0
4936 -0.01421615369669424 0.07624870473547532 0
4937 0.01144971535445394 0.06412183237784989 0
4938 0.01711660446020197 0.1070283780114457 0
4939 -0.01711660446017434 0.1070283780114212 0
4940 0.02424241254973132 0.06559264770207653 0
4941 -0.02424241253743398 0.06559264772983221 0
4942 0.01078649358785058 0.07710019805021405 0
4943 0.005277390559048038 0.06137740675661989 0
4944 0.02690314611618861 0.01940781674360957 0
4945 -0.02690314610284054 0.0194078167781437 0
4946 -0.01144025086506809 0.06720867864441725 0
4947 -0.001188586098350938 0.08351789990739562 0
4948 0.02339868269268963 0.1339457237094818 0
4949 -0.02339868266881112 0.1339457236204882 0
4950 -6.095893809993136e-005 0.0774247875579074 0
4951 -0.02011781201242011 0.05789685789939074 0
4952 0.02011781200558125 0.05789685786297777 0
4953 -0.02225106987406478 0.08038158334742748 0
4954 0.02225106986636088 0.08038158319684106 0
4955 0.005536587776578937 0.06643475492209697 0
4956 0.01896718051299644 0.1191199005623548 0
4957 -0.01896718051250776 0.1191199005606331 0
4958 0.03759190750906136 0.0470506309592467 0
4959 -0.03759190751251551 0.04705063094775908 0
4960 -0.03417680391013476 0.04345848304024451 0
4961 0.03417680392969508 0.04345848306877701 0
4962 0.01149960217831673 0.05879075909755772 0
4963 -0.01150307439731137 0.05876193201244569 0
4964 -0.01272843827880952 0.08352656142780414 0
4965 -0.01324289152578827 0.07198221603670915 0
4966 -0.04119303569969636 0.02512756991442593 0
4967 0.04119303571189309 0.02512756990629302 0
4968 -0.004176764642750196 0.07253884118642447 0
4969 0.07294278942349892 0.001977035391032039 0
4970 -0.07294278942361324 0.00197703539092657 0
4971 -0.01904133157912458 0.09842390693546244 0
4972 0.01904133156177097 0.09842390693792236 0
4973 0.00839179929096278 0.06031983438357953 0
4974 -0.02357987144496313 0.04483255175771114 0
4975 0.02357987148241865 0.04483255169681064 0
4976 -0.009793508407617318 0.0713183342679565 0
4977 0.009849979740008327 0.07102865032205949 0
4978 0.003456323013469406 0.05844287745617782 0
4979 0.01042519000299182 0.06307820177398632 0
4980 -0.003959949935630621 0.06189623991620485 0
4981 -0.05566604647441818 0.006516284455426681 0
4982 0.05566604649167015 0.00651628445473869 0
4983 -0.01493891355495076 0.0525389151233044 0
4984 0.01493891357045363 0.05253891508475073 0
4985 -0.02322269539594188 0.1481843103754433 0
4986 0.02322269540481601 0.1481843103839513 0
4987 -0.04682150217922023 0.03240709059437143 0
4988 0.04682150217866481 0.03240709060455587 0
4989 -0.059715669658962 0.03744803028839799 0
4990 0.05971566965830258 0.03744803028810026 0
4991 0.003019596456239224 0.07885508162466968 0
4992 0.002927113572931803 0.05716589916803292 0
4993 0.009133269129390052 0.0857341552971559 0
4994 -0.0158958529460933 0.06842267191399586 0
4995 0.01589585297043857 0.06842267187233721 0
4996 -0.01510574747098475 0.07212429503719099 0
4997 0.01510384395800109 0.072133448807186 0
4998 -0.01216308968923849 0.1479256118237676 0
4999 0.0120480630828981 0.1478641593128721 0
5000 0.006812670915710529 0.0551709603400032 0
5001 0.04265402007340998 0.00233424657321474 0
5002 -0.04265402006605026 0.002334246571561097 0
5003 -0.003577538528703862 0.073911600784661 0
5004 -0.005639868281657927 0.07156527057486455 0
5005 8.301298601469979e-005 0.08021632105632395 0
5006 -0.06690647420483395 0.04486159707791636 0
5007 0.06690647420495224 0.04486159707774651 0
5008 0.02882236475523003 0.05007694539479256 0
5009 -0.02882236471855448 0.05007694541667004 0
5010 -0.01442407177108724 0.1382193069293038 0
5011 0.01442407170304169 0.1382193069592481 0
5012 -0.01698318770030524 0.09780529898793881 0
5013 0.01698318769006281 0.09780529899058399 0
5014 0.01573719351362391 0.1206099570656615 0
5015 -0.01573719351322333 0.1206099570640772 0
5016 -0.01681770705758232 0.06816467777602764 0
5017 0.01681770707823886 0.06816467773583756 0
5018 -0.006662063294101759 0.07964966488217709 0
5019 0.02587259422790794 0.03009491687983441 0
5020 -0.02587259417873998 0.0300949169521454 0
$EndNodes
$Elements
10125
1 1 2 11 1 1 21
2 1 2 11 1 21 22
3 1 2 11 1 22 23
4 1 2 11 1 23 24
5 1 2 11 1 24 25
6 1 2 11 1 25 26
7 1 2 11 1 26 27
8 1 2 11 1 27 28
9 1 2 11 1 28 29
10 1 2 11 1 29 30
11 1 2 11 1 30 31
12 1 2 11 1 31 14
13 1 2 10 2 14 32
14 1 2 10 2 32 33
15 1 2 10 2 33 34
16 1 2 10 2 34 35
17 1 2 10 2 35 36
18 1 2 10 2 36 37
19 1 2 10 2 37 38
20 1 2 10 2 38 39
21 1 2 10 2 39 40
22 1 2 10 2 40 41
23 1 2 10 2 41 42
24 1 2 10 2 42 43
25 1 2 10 2 43 44
26 1 2 10 2 44 45
27 1 2 10 2 45 46
28 1 2 10 2 46 47
29 1 2 10 2 47 48
30 1 2 10 2 48 49
31 1 2 10 2 49 50
32 1 2 10 2 50 51
33 1 2 10 2 51 52
34 1 2 10 2 52 53
35 1 2 10 2 53 54
36 1 2 10 2 54 13
37 1 2 9 3 12 55
38 1 2 9 3 55 56
39 1 2 9 3 56 57
40 1 2 9 3 57 58
41 1 2 9 3 58 59
42 1 2 9 3 59 60
43 1 2 9 3 60 61
44 1 2 9 3 61 62
45 1 2 9 3 62 63
46 1 2 9 3 63 64
47 1 2 9 3 64 65
48 1 2 9 3 65 66
49 1 2 9 3 66 67
50 1 2 9 3 67 68
51 1 2 9 3 68 69
52 1 2 9 3 69 70
53 1 2 9 3 70 71
54 1 2 9 3 71 72
55 1 2 9 3 72 73
56 1 2 9 3 73 74
57 1 2 9 3 74 75
58 1 2 9 3 75 76
59 1 2 9 3 76 77
60 1 2 9 3 77 78
61 1 2 9 3 78 13
62 1 2 8 4 12 79
63 1 2 8 4 79 80
64 1 2 8 4 80 81
65 1 2 8 4 81 82
66 1 2 8 4 82 83
67 1 2 8 4 83 84
68 1 2 8 4 84 85
69 1 2 8 4 85 86
70 1 2 8 4 86 87
71 1 2 8 4 87 88
72 1 2 8 4 88 89
73 1 2 8 4 89 90
74 1 2 8 4 90 91
75 1 2 8 4 91 92
76 1 2 8 4 92 93
77 1 2 8 4 93 94
78 1 2 8 4 94 95
79 1 2 8 4 95 96
80 1 2 8 4 96 97
81 1 2 8 4 97 98
82 1 2 8 4 98 99
83 1 2 8 4 99 100
84 1 2 8 4 100 101
85 1 2 8 4 101 11
86 1 2 7 5 11 102
87 1 2 7 5 102 103
88 1 2 7 5 103 104
89 1 2 7 5 104 105
90 1 2 7 5 105 106
91 1 2 7 5 106 107
92 1 2 7 5 107 108
93 1 2 7 5 108 109
94 1 2 7 5 109 110
95 1 2 7 5 110 111
96 1 2 7 5 111 112
97 1 2 7 5 112 10
98 1 2 6 6 10 113
99 1 2 6 6 113 114
100 1 2 6 6 114 115
101 1 2 6 6 115 116
102 1 2 6 6 116 117
103 1 2 6 6 117 118
104 1 2 6 6 118 119
105 1 2 6 6 119 120
106 1 2 6 6 120 121
107 1 2 6 6 121 122
108 1 2 6 6 122 123
109 1 2 6 6 123 124
110 1 2 6 6 124 125
111 1 2 6 6 125 9
112 1 2 5 7 9 126
113 1 2 5 7 126 127
114 1 2 5 7 127 128
115 1 2 5 7 128 129
116 1 2 5 7 129 130
117 1 2 5 7 130 131
118 1 2 5 7 131 132
119 1 2 5 7 132 133
120 1 2 5 7 133 134
121 1 2 5 7 134 135
122 1 2 5 7 135 136
123 1 2 5 7 136 137
124 1 2 5 7 137 138
125 1 2 5 7 138 139
126 1 2 5 7 139 140
127 1 2 5 7 140 141
128 1 2 5 7 141 142
129 1 2 5 7 142 143
130 1 2 5 7 143 8
131 1 2 4 8 7 144
132 1 2 4 8 144 145
133 1 2 4 8 145 146
134 1 2 4 8 146 147
135 1 2 4 8 147 148
136 1 2 4 8 148 149
137 1 2 4 8 149 150
138 1 2 4 8 150 151
139 1 2 4 8 151 152
140 1 2 4 8 152 153
141 1 2 4 8 153 154
142 1 2 4 8 154 155
143 1 2 4 8 155 156
144 1 2 4 8 156 8
145 1 2 3 9 7 157
146 1 2 3 9 157 158
147 1 2 3 9 158 159
148 1 2 3 9 159 160
149 1 2 3 9 160 161
150 1 2 3 9 161 162
151 1 2 3 9 162 163
152 1 2 3 9 163 164
153 1 2 3 9 164 165
154 1 2 3 9 165 166
155 1 2 3 9 166 167
156 1 2 3 9 167 168
157 1 2 3 9 168 169
158 1 2 3 9 169 170
159 1 2 3 9 170 171
160 1 2 3 9 171 172
161 1 2 3 9 172 173
162 1 2 3 9 173 174
163 1 2 3 9 174 175
164 1 2 3 9 175 176
165 1 2 3 9 176 177
166 1 2 3 9 177 178
167 1 2 3 9 178 179
168 1 2 3 9 179 180
169 1 2 3 9 180 181
170 1 2 3 9 181 182
171 1 2 3 9 182 183
172 1 2 3 9 183 184
173 1 2 3 9 184 185
174 1 2 3 9 185 186
175 1 2 3 9 186 187
176 1 2 3 9 187 188
177 1 2 3 9 188 189
178 1 2 3 9 189 190
179 1 2 3 9 190 191
180 1 2 3 9 191 192
181 1 2 3 9 192 193
182 1 2 3 9 193 194
183 1 2 3 9 194 195
184 1 2 3 9 195 196
185 1 2 3 9 196 6
186 1 2 2 10 6 197
187 1 2 2 10 197 198
188 1 2 2 10 198 199
189 1 2 2 10 199 200
190 1 2 2 10 200 201
191 1 2 2 10 201 202
192 1 2 2 10 202 203
193 1 2 2 10 203 204
194 1 2 2 10 204 205
195 1 2 2 10 205 206
196 1 2 2 10 206 207
197 1 2 2 10 207 208
198 1 2 2 10 208 209
199 1 2 2 10 209 5
200 1 2 1 11 5 210
201 1 2 1 11 210 211
202 1 2 1 11 211 212
203 1 2 1 11 212 213
204 1 2 1 11 213 214
205 1 2 1 11 214 215
206 1 2 1 11 215 216
207 1 2 1 11 216 217
208 1 2 1 11 217 218
209 1 2 1 11 218 219
210 1 2 1 11 219 220
211 1 2 1 11 220 221
212 1 2 1 11 221 222
213 1 2 1 11 222 223
214 1 2 1 11 223 224
215 1 2 1 11 224 225
216 1 2 1 11 225 226
217 1 2 1 11 226 227
218 1 2 1 11 227 228
219 1 2 1 11 228 229
220 1 2 1 11 229 230
221 1 2 1 11 230 231
222 1 2 1 11 231 232
223 1 2 1 11 232 233
224 1 2 1 11 233 234
225 1 2 1 11 234 235
226 1 2 1 11 235 236
227 1 2 1 11 236 237
228 1 2 1 11 237 238
229 1 2 1 11 238 239
230 1 2 1 11 239 240
231 1 2 1 11 240 241
232 1 2 1 11 241 242
233 1 2 1 11 242 243
234 1 2 1 11 243 244
235 1 2 1 11 244 245
236 1 2 1 11 245 246
237 1 2 1 11 246 247
238 1 2 1 11 247 248
239 1 2 1 11 248 249
240 1 2 1 11 249 4
241 1 2 12 14 2 281
242 1 2 12 14 281 282
243 1 2 12 14 282 283
244 1 2 12 14 283 284
245 1 2 12 14 284 285
246 1 2 12 14 285 286
247 1 2 12 14 286 287
248 1 2 12 14 287 288
249 1 2 12 14 288 289
250 1 2 12 14 289 290
251 1 2 12 14 290 291
252 1 2 12 14 291 292
253 1 2 12 14 292 293
254 1 2 12 14 293 1
255 1 2 13 15 15 294
256 1 2 13 15 294 295
257 1 2 13 15 295 296
258 1 2 13 15 296 297
259 1 2 13 15 297 298
260 1 2 13 15 298 299
261 1 2 13 15 299 300
262 1 2 13 15 300 301
263 1 2 13 15 301 302
264 1 2 13 15 302 303
265 1 2 13 15 303 304
266 1 2 13 15 304 305
267 1 2 13 15 305 306
268 1 2 13 15 306 307
269 1 2 13 15 307 308
270 1 2 13 15 308 309
271 1 2 13 15 309 310
272 1 2 13 15 310 16
273 1 2 15 16 17 311
274 1 2 15 16 311 312
275 1 2 15 16 312 313
276 1 2 15 16 313 314
277 1 2 15 16 314 315
278 1 2 15 16 315 316
279 1 2 15 16 316 317
280 1 2 15 16 317 318
281 1 2 15 16 318 319
282 1 2 15 16 319 320
283 1 2 15 16 320 321
284 1 2 15 16 321 322
285 1 2 15 16 322 323
286 1 2 15 16 323 324
287 1 2 15 16 324 325
288 1 2 15 16 325 326
289 1 2 15 16 326 327
290 1 2 15 16 327 328
291 1 2 15 16 328 329
292 1 2 15 16 329 330
293 1 2 15 16 330 19
294 1 2 14 17 19 331
295 1 2 14 17 331 332
296 1 2 14 17 332 333
297 1 2 14 17 333 334
298 1 2 14 17 334 335
299 1 2 14 17 335 336
300 1 2 14 17 336 337
301 1 2 14 17 337 338
302 1 2 14 17 338 339
303 1 2 14 17 339 340
304 1 2 14 17 340 341
305 1 2 14 17 341 342
306 1 2 14 17 342 343
307 1 2 14 17 343 344
308 1 2 14 17 344 345
309 1 2 14 17 345 346
310 1 2 14 17 346 347
311 1 2 14 17 347 348
312 1 2 14 17 348 349
313 1 2 14 17 349 350
314 1 2 14 17 350 16
315 1 2 18 18 15 351
316 1 2 18 18 351 352
317 1 2 18 18 352 353
318 1 2 18 18 353 354
319 1 2 18 18 354 355
320 1 2 18 18 355 356
321 1 2 18 18 356 357
322 1 2 18 18 357 358
323 1 2 18 18 358 359
324 1 2 18 18 359 360
325 1 2 18 18 360 361
326 1 2 18 18 361 362
327 1 2 18 18 362 363
328 1 2 18 18 363 364
329 1 2 18 18 364 365
330 1 2 18 18 365 366
331 1 2 18 18 366 367
332 1 2 18 18 367 368
333 1 2 18 18 368 369
334 1 2 18 18 369 370
335 1 2 18 18 370 20
336 1 2 17 19 20 371
337 1 2 17 19 371 372
338 1 2 17 19 372 373
339 1 2 17 19 373 374
340 1 2 17 19 374 375
341 1 2 17 19 375 376
342 1 2 17 19 376 377
343 1 2 17 19 377 378
344 1 2 17 19 378 379
345 1 2 17 19 379 380
346 1 2 17 19 380 381
347 1 2 17 19 381 382
348 1 2 17 19 382 383
349 1 2 17 19 383 384
350 1 2 17 19 384 385
351 1 2 17 19 385 386
352 1 2 17 19 386 387
353 1 2 17 19 387 388
354 1 2 17 19 388 389
355 1 2 17 19 389 390
356 1 2 17 19 390 18
357 1 2 16 20 17 391
358 1 2 16 20 391 392
359 1 2 16 20 392 393
360 1 2 16 20 393 394
361 1 2 16 20 394 395
362 1 2 16 20 395 396
363 1 2 16 20 396 397
364 1 2 16 20 397 398
365 1 2 16 20 398 399
366 1 2 16 20 399 400
367 1 2 16 20 400 401
368 1 2 16 20 401 402
369 1 2 16 20 402 403
370 1 2 16 20 403 404
371 1 2 16 20 404 405
372 1 2 16 20 405 406
373 1 2 16 20 406 407
374 1 2 16 20 407 18
375 2 2 19 22 803 473 1354
376 2 2 19 22 569 745 919
377 2 2 19 22 786 401 1214
378 2 2 19 22 798 602 940
379 2 2 19 22 677 1072 1315
380 2 2 19 22 764 566 1484
381 2 2 19 22 544 737 1019
382 2 2 19 22 948 1105 1345
383 2 2 19 22 399 1015 1214
384 2 2 19 22 577 738 1088
385 2 2 19 22 773 572 1472
386 2 2 19 22 737 544 1410
387 2 2 19 22 730 487 1586
388 2 2 19 22 741 490 951
389 2 2 19 22 870 468 1243
390 2 2 19 22 487 730 1057
391 2 2 19 22 1413 556 1535
392 2 2 19 22 414 765 1317
393 2 2 19 22 442 745 1114
394 2 2 19 22 1001 559 1134
395 2 2 19 22 326 327 832
396 2 2 19 22 699 1030 1118
397 2 2 19 22 902 561 1026
398 2 2 19 22 436 1351 1499
399 2 2 19 22 800 438 1550
400 2 2 19 22 828 450 1267
401 2 2 19 22 658 828 1267
402 2 2 19 22 308 993 1409
403 2 2 19 22 1141 766 1492
404 2 2 19 22 451 843 1460
405 2 2 19 22 634 948 1345
406 2 2 19 22 1354 473 1556
407 2 2 19 22 944 451 1460
408 2 2 19 22 714 807 1452
409 2 2 19 22 1072 677 1292
410 2 2 19 22 581 787 1068
411 2 2 19 22 556 917 1535
412 2 2 19 22 815 582 1115
413 2 2 19 22 865 432 1421
414 2 2 19 22 732 633 1330
415 2 2 19 22 1243 468 1482
416 2 2 19 22 955 800 1550
417 2 2 19 22 471 882 1144
418 2 2 19 22 490 748 1585
419 2 2 19 22 836 479 1549
420 2 2 19 22 313 314 827
421 2 2 19 22 1059 423 1275
422 2 2 19 22 922 531 1720
423 2 2 19 22 633 732 1328
424 2 2 19 22 1030 482 1118
425 2 2 19 22 1436 836 1549
426 2 2 19 22 740 865 1421
427 2 2 19 22 582 758 1105
428 2 2 19 22 1260 946 1419
429 2 2 19 22 829 922 1720
430 2 2 19 22 852 411 1313
431 2 2 19 22 882 471 1175
432 2 2 19 22 531 847 1379
433 2 2 19 22 1119 735 1375
434 2 2 19 22 742 553 1462
435 2 2 19 22 1452 807 1662
436 2 2 19 22 306 305 839
437 2 2 19 22 501 1119 1375
438 2 2 19 22 488 742 1516
439 2 2 19 22 919 672 1329
440 2 2 19 22 847 531 922
441 2 2 19 22 745 442 1239
442 2 2 19 22 740 620 1142
443 2 2 19 22 663 1019 1106
444 2 2 19 22 578 922 923
445 2 2 19 22 1313 411 1388
446 2 2 19 22 899 725 1349
447 2 2 19 22 963 410 1638
448 2 2 19 22 566 762 1031
449 2 2 19 22 535 810 915
450 2 2 19 22 1122 520 1615
451 2 2 19 22 820 963 1638
452 2 2 19 22 434 780 1405
453 2 2 19 22 780 659 1405
454 2 2 19 22 491 899 1349
455 2 2 19 22 384 784 1319
456 2 2 19 22 1264 531 1379
457 2 2 19 22 738 577 1427
458 2 2 19 22 439 805 986
459 2 2 19 22 620 740 1281
460 2 2 19 22 542 770 1000
461 2 2 19 22 794 450 891
462 2 2 19 22 753 1310 1357
463 2 2 19 22 1010 302 1195
464 2 2 19 22 504 802 916
465 2 2 19 22 875 436 1499
466 2 2 19 22 508 743 1139
467 2 2 19 22 743 508 1408
468 2 2 19 22 802 545 916
469 2 2 19 22 783 504 916
470 2 2 19 22 630 812 1215
471 2 2 19 22 449 1238 1724
472 2 2 19 22 812 425 1215
473 2 2 19 22 582 1070 1115
474 2 2 19 22 539 841 1722
475 2 2 19 22 553 742 1076
476 2 2 19 22 572 1053 1472
477 2 2 19 22 841 1544 1722
478 2 2 19 22 490 741 1121
479 2 2 19 22 447 748 1297
480 2 2 19 22 742 488 1076
481 2 2 19 22 902 1026 1206
482 2 2 19 22 558 897 1030
483 2 2 19 22 748 447 1197
484 2 2 19 22 766 1141 1431
485 2 2 19 22 701 1199 1450
486 2 2 19 22 1238 449 1465
487 2 2 19 22 439 1182 1369
488 2 2 19 22 1051 684 1337
489 2 2 19 22 770 465 1130
490 2 2 19 22 590 770 1130
491 2 2 19 22 797 550 903
492 2 2 19 22 514 796 1335
493 2 2 19 22 1111 343 1248
494 2 2 19 22 354 355 854
495 2 2 19 22 784 384 1075
496 2 2 19 22 1019 472 1106
497 2 2 19 22 516 868 869
498 2 2 19 22 920 1237 1286
499 2 2 19 22 813 603 1164
500 2 2 19 22 324 325 861
501 2 2 19 22 868 609 869
502 2 2 19 22 547 1250 1544
503 2 2 19 22 780 434 949
504 2 2 19 22 326 832 1123
505 2 2 19 22 823 603 966
506 2 2 19 22 477 1002 1107
507 2 2 19 22 566 1031 1484
508 2 2 19 22 1002 694 1107
509 2 2 19 22 745 569 1385
510 2 2 19 22 554 758 1506
511 2 2 19 22 440 789 1508
512 2 2 19 22 831 540 971
513 2 2 19 22 798 567 1380
514 2 2 19 22 489 744 1077
515 2 2 19 22 744 489 1477
516 2 2 19 22 1179 981 1345
517 2 2 19 22 834 705 1601
518 2 2 19 22 578 847 922
519 2 2 19 22 411 852 1134
520 2 2 19 22 505 747 1371
521 2 2 19 22 748 490 1063
522 2 2 19 22 852 631 1134
523 2 2 19 22 1412 1025 1420
524 2 2 19 22 796 445 917
525 2 2 19 22 1240 531 1264
526 2 2 19 22 1310 511 1357
527 2 2 19 22 1355 834 1601
528 2 2 19 22 992 414 1317
529 2 2 19 22 575 792 1438
530 2 2 19 22 747 505 1149
531 2 2 19 22 758 554 1046
532 2 2 19 22 793 585 1079
533 2 2 19 22 503 819 1131
534 2 2 19 22 819 614 1131
535 2 2 19 22 920 462 1237
536 2 2 19 22 791 624 1266
537 2 2 19 22 893 492 1332
538 2 2 19 22 718 893 1332
539 2 2 19 22 765 414 1503
540 2 2 19 22 882 631 1144
541 2 2 19 22 440 1141 1492
542 2 2 19 22 746 992 1317
543 2 2 19 22 567 754 1043
544 2 2 19 22 631 882 1001
545 2 2 19 22 882 502 1001
546 2 2 19 22 685 837 1378
547 2 2 19 22 628 776 988
548 2 2 19 22 453 829 1258
549 2 2 19 22 839 305 1716
550 2 2 19 22 554 806 1309
551 2 2 19 22 559 801 1044
552 2 2 19 22 758 582 1229
553 2 2 19 22 640 882 1175
554 2 2 19 22 993 726 1409
555 2 2 19 22 754 567 1055
556 2 2 19 22 810 448 915
557 2 2 19 22 815 513 962
558 2 2 19 22 513 817 962
559 2 2 19 22 334 838 1444
560 2 2 19 22 827 314 1053
561 2 2 19 22 494 790 1116
562 2 2 19 22 541 834 976
563 2 2 19 22 946 537 1419
564 2 2 19 22 973 459 1098
565 2 2 19 22 547 921 1250
566 2 2 19 22 772 626 998
567 2 2 19 22 726 1101 1127
568 2 2 19 22 828 658 1341
569 2 2 19 22 622 981 1179
570 2 2 19 22 676 1009 1312
571 2 2 19 22 401 400 1214
572 2 2 19 22 837 514 1378
573 2 2 19 22 1326 751 1510
574 2 2 19 22 776 628 1327
575 2 2 19 22 585 793 1121
576 2 2 19 22 626 772 1321
577 2 2 19 22 514 837 1201
578 2 2 19 22 837 635 1201
579 2 2 19 22 824 624 1204
580 2 2 19 22 473 1025 1412
581 2 2 19 22 777 947 1399
582 2 2 19 22 947 433 1399
583 2 2 19 22 1014 1526 1677
584 2 2 19 22 633 785 1330
585 2 2 19 22 803 570 1023
586 2 2 19 22 509 803 1023
587 2 2 19 22 567 798 940
588 2 2 19 22 562 818 1627
589 2 2 19 22 672 919 1239
590 2 2 19 22 1101 486 1127
591 2 2 19 22 631 1001 1134
592 2 2 19 22 795 1122 1615
593 2 2 19 22 465 770 1675
594 2 2 19 22 922 453 923
595 2 2 19 22 828 619 974
596 2 2 19 22 415 808 958
597 2 2 19 22 801 559 1001
598 2 2 19 22 502 801 1001
599 2 2 19 22 808 549 958
600 2 2 19 22 861 325 1123
601 2 2 19 22 1589 794 1741
602 2 2 19 22 520 1122 1328
603 2 2 19 22 854 355 1079
604 2 2 19 22 550 849 975
605 2 2 19 22 849 574 975
606 2 2 19 22 1199 766 1450
607 2 2 19 22 560 1014 1677
608 2 2 19 22 531 1240 1720
609 2 2 19 22 526 839 905
610 2 2 19 22 759 510 1404
611 2 2 19 22 1199 701 1357
612 2 2 19 22 808 415 1054
613 2 2 19 22 655 973 1098
614 2 2 19 22 749 1302 1530
615 2 2 19 22 566 764 1187
616 2 2 19 22 611 827 932
617 2 2 19 22 823 577 1432
618 2 2 19 22 603 823 1164
619 2 2 19 22 432 865 1176
620 2 2 19 22 769 575 1042
621 2 2 19 22 602 798 1129
622 2 2 19 22 510 759 1148
623 2 2 19 22 794 891 1741
624 2 2 19 22 400 399 1214
625 2 2 19 22 545 802 961
626 2 2 19 22 550 797 1566
627 2 2 19 22 807 714 1504
628 2 2 19 22 890 564 918
629 2 2 19 22 333 334 1444
630 2 2 19 22 806 554 1677
631 2 2 19 22 802 416 961
632 2 2 19 22 789 440 1492
633 2 2 19 22 474 1452 1662
634 2 2 19 22 460 959 1103
635 2 2 19 22 762 566 1149
636 2 2 19 22 843 451 1203
637 2 2 19 22 789 844 1508
638 2 2 19 22 844 789 1712
639 2 2 19 22 364 929 1441
640 2 2 19 22 308 307 993
641 2 2 19 22 449 903 975
642 2 2 19 22 612 772 1253
643 2 2 19 22 370 20 871
644 2 2 19 22 439 986 1570
645 2 2 19 22 776 610 1247
646 2 2 19 22 829 453 922
647 2 2 19 22 568 814 1336
648 2 2 19 22 959 653 1103
649 2 2 19 22 820 565 944
650 2 2 19 22 364 365 929
651 2 2 19 22 1026 696 1143
652 2 2 19 22 876 455 952
653 2 2 19 22 599 876 952
654 2 2 19 22 1030 897 1217
655 2 2 19 22 865 632 1176
656 2 2 19 22 717 909 1436
657 2 2 19 22 306 839 1194
658 2 2 19 22 827 572 932
659 2 2 19 22 828 1341 1742
660 2 2 19 22 751 1326 1682
661 2 2 19 22 575 769 1148
662 2 2 19 22 770 590 1145
663 2 2 19 22 866 654 1500
664 2 2 19 22 770 542 1108
665 2 2 19 22 851 525 914
666 2 2 19 22 476 1026 1143
667 2 2 19 22 1072 712 1315
668 2 2 19 22 818 891 1627
669 2 2 19 22 1112 576 1158
670 2 2 19 22 763 1112 1158
671 2 2 19 22 1317 765 1665
672 2 2 19 22 450 828 974
673 2 2 19 22 684 1051 1368
674 2 2 19 22 817 557 962
675 2 2 19 22 572 773 1083
676 2 2 19 22 652 836 1082
677 2 2 19 22 475 919 1329
678 2 2 19 22 626 900 1467
679 2 2 19 22 1207 454 1393
680 2 2 19 22 1087 866 1500
681 2 2 19 22 614 819 1616
682 2 2 19 22 727 876 1429
683 2 2 19 22 876 517 1429
684 2 2 19 22 1007 647 1167
685 2 2 19 22 796 917 1335
686 2 2 19 22 820 529 963
687 2 2 19 22 1105 758 1602
688 2 2 19 22 1546 448 1732
689 2 2 19 22 968 1415 1454
690 2 2 19 22 659 780 1486
691 2 2 19 22 896 628 1461
692 2 2 19 22 774 494 1116
693 2 2 19 22 772 612 1648
694 2 2 19 22 423 1029 1275
695 2 2 19 22 494 774 1170
696 2 2 19 22 495 1112 1652
697 2 2 19 22 610 776 1666
698 2 2 19 22 544 930 1196
699 2 2 19 22 417 826 983
700 2 2 19 22 1009 676 1439
701 2 2 19 22 437 801 1052
702 2 2 19 22 778 573 1100
703 2 2 19 22 826 556 983
704 2 2 19 22 747 1163 1192
705 2 2 19 22 1182 439 1493
706 2 2 19 22 900 968 1467
707 2 2 19 22 817 418 1005
708 2 2 19 22 493 788 1654
709 2 2 19 22 520 797 1383
710 2 2 19 22 557 817 1005
711 2 2 19 22 898 486 1231
712 2 2 19 22 849 550 937
713 2 2 19 22 1017 639 1081
714 2 2 19 22 785 633 1052
715 2 2 19 22 1056 1354 1664
716 2 2 19 22 661 898 1231
717 2 2 19 22 577 823 966
718 2 2 19 22 573 778 1299
719 2 2 19 22 733 931 1509
720 2 2 19 22 544 840 1410
721 2 2 19 22 824 1204 1662
722 2 2 19 22 692 1040 1339
723 2 2 19 22 782 586 1093
724 2 2 19 22 830 639 1017
725 2 2 19 22 453 1258 1523
726 2 2 19 22 600 780 1110
727 2 2 19 22 577 784 1075
728 2 2 19 22 951 490 1585
729 2 2 19 22 710 1051 1337
730 2 2 19 22 1112 763 1652
731 2 2 19 22 780 600 1124
732 2 2 19 22 967 896 1461
733 2 2 19 22 1330 785 1468
734 2 2 19 22 1015 398 1342
735 2 2 19 22 383 384 1319
736 2 2 19 22 803 509 1442
737 2 2 19 22 504 783 1084
738 2 2 19 22 1163 428 1192
739 2 2 19 22 473 803 1443
740 2 2 19 22 1135 497 1665
741 2 2 19 22 586 782 1139
742 2 2 19 22 784 577 1088
743 2 2 19 22 842 644 1168
744 2 2 19 22 888 1715 1729
745 2 2 19 22 1058 662 1138
746 2 2 19 22 567 1043 1380
747 2 2 19 22 550 859 937
748 2 2 19 22 449 975 1006
749 2 2 19 22 455 849 937
750 2 2 19 22 666 861 1515
751 2 2 19 22 565 867 1033
752 2 2 19 22 399 398 1015
753 2 2 19 22 801 502 1426
754 2 2 19 22 867 588 1033
755 2 2 19 22 788 580 1552
756 2 2 19 22 644 842 1375
757 2 2 19 22 549 808 1289
758 2 2 19 22 607 915 1546
759 2 2 19 22 918 564 952
760 2 2 19 22 953 1159 1689
761 2 2 19 22 813 1164 1595
762 2 2 19 22 856 649 1047
763 2 2 19 22 448 938 1732
764 2 2 19 22 1344 736 1623
765 2 2 19 22 667 906 1360
766 2 2 19 22 584 855 936
767 2 2 19 22 855 515 936
768 2 2 19 22 544 1196 1633
769 2 2 19 22 419 968 1454
770 2 2 19 22 1042 575 1438
771 2 2 19 22 909 717 1607
772 2 2 19 22 819 449 1006
773 2 2 19 22 791 888 1729
774 2 2 19 22 1418 607 1546
775 2 2 19 22 952 564 979
776 2 2 19 22 888 791 1266
777 2 2 19 22 554 879 1677
778 2 2 19 22 1040 692 1571
779 2 2 19 22 482 1072 1292
780 2 2 19 22 923 579 990
781 2 2 19 22 910 595 1154
782 2 2 19 22 316 1252 1472
783 2 2 19 22 599 952 979
784 2 2 19 22 1188 759 1218
785 2 2 19 22 945 554 1309
786 2 2 19 22 760 1009 1352
787 2 2 19 22 1009 597 1352
788 2 2 19 22 873 597 935
789 2 2 19 22 522 873 935
790 2 2 19 22 1056 570 1354
791 2 2 19 22 487 907 1241
792 2 2 19 22 515 855 1067
793 2 2 19 22 907 671 1241
794 2 2 19 22 886 416 1066
795 2 2 19 22 856 683 1403
796 2 2 19 22 859 550 1566
797 2 2 19 22 909 527 1436
798 2 2 19 22 765 1135 1665
799 2 2 19 22 787 581 1119
800 2 2 19 22 664 1111 1248
801 2 2 19 22 1165 735 1220
802 2 2 19 22 527 1060 1513
803 2 2 19 22 1302 431 1530
804 2 2 19 22 577 1075 1432
805 2 2 19 22 562 890 918
806 2 2 19 22 393 964 1496
807 2 2 19 22 613 854 965
808 2 2 19 22 1182 728 1369
809 2 2 19 22 854 585 965
810 2 2 19 22 401 786 1208
811 2 2 19 22 856 1403 1691
812 2 2 19 22 835 537 1018
813 2 2 19 22 811 602 1483
814 2 2 19 22 862 515 1067
815 2 2 19 22 839 526 1096
816 2 2 19 22 596 839 1096
817 2 2 19 22 580 788 1157
818 2 2 19 22 801 437 1044
819 2 2 19 22 969 421 1081
820 2 2 19 22 639 969 1081
821 2 2 19 22 430 1188 1218
822 2 2 19 22 565 820 1638
823 2 2 19 22 836 652 1344
824 2 2 19 22 479 836 1344
825 2 2 19 22 864 587 954
826 2 2 19 22 518 864 954
827 2 2 19 22 792 575 1198
828 2 2 19 22 788 493 1157
829 2 2 19 22 584 936 1107
830 2 2 19 22 445 840 1251
831 2 2 19 22 818 562 1555
832 2 2 19 22 940 602 1406
833 2 2 19 22 814 568 1613
834 2 2 19 22 783 1133 1540
835 2 2 19 22 1252 773 1472
836 2 2 19 22 953 469 1159
837 2 2 19 22 446 880 1346
838 2 2 19 22 853 651 1408
839 2 2 19 22 845 494 1170
840 2 2 19 22 616 845 1170
841 2 2 19 22 572 827 1053
842 2 2 19 22 967 420 1446
843 2 2 19 22 832 595 1123
844 2 2 19 22 861 1092 1515
845 2 2 19 22 370 871 1065
846 2 2 19 22 651 853 1190
847 2 2 19 22 1018 537 1308
848 2 2 19 22 441 956 1146
849 2 2 19 22 438 800 1366
850 2 2 19 22 594 1017 1081
851 2 2 19 22 967 1446 1572
852 2 2 19 22 1133 563 1540
853 2 2 19 22 845 662 1058
854 2 2 19 22 893 541 988
855 2 2 19 22 445 796 1189
856 2 2 19 22 1334 763 1505
857 2 2 19 22 1310 753 1689
858 2 2 19 22 908 569 919
859 2 2 19 22 821 555 1430
860 2 2 19 22 406 1180 1484
861 2 2 19 22 790 494 1418
862 2 2 19 22 377 378 930
863 2 2 19 22 846 643 1210
864 2 2 19 22 899 540 987
865 2 2 19 22 416 802 1066
866 2 2 19 22 1039 1245 1549
867 2 2 19 22 956 647 1007
868 2 2 19 22 451 944 1033
869 2 2 19 22 449 819 1465
870 2 2 19 22 540 899 998
871 2 2 19 22 475 908 919
872 2 2 19 22 643 846 1371
873 2 2 19 22 954 587 1118
874 2 2 19 22 295 792 1277
875 2 2 19 22 883 622 1261
876 2 2 19 22 837 685 1507
877 2 2 19 22 489 830 1017
878 2 2 19 22 1351 718 1499
879 2 2 19 22 541 893 989
880 2 2 19 22 1240 816 1720
881 2 2 19 22 624 791 1204
882 2 2 19 22 1068 787 1573
883 2 2 19 22 393 392 964
884 2 2 19 22 555 821 1152
885 2 2 19 22 890 450 974
886 2 2 19 22 427 1165 1220
887 2 2 19 22 450 794 1267
888 2 2 19 22 792 295 1438
889 2 2 19 22 477 1284 1705
890 2 2 19 22 442 1114 1312
891 2 2 19 22 546 833 1045
892 2 2 19 22 512 887 1271
893 2 2 19 22 1526 806 1677
894 2 2 19 22 1039 561 1245
895 2 2 19 22 525 851 1110
896 2 2 19 22 851 600 1110
897 2 2 19 22 613 822 1386
898 2 2 19 22 1238 799 1724
899 2 2 19 22 909 681 1255
900 2 2 19 22 906 667 1498
901 2 2 19 22 800 955 1659
902 2 2 19 22 805 439 1369
903 2 2 19 22 739 925 1481
904 2 2 19 22 1250 768 1544
905 2 2 19 22 990 579 1013
906 2 2 19 22 556 826 1335
907 2 2 19 22 725 1018 1308
908 2 2 19 22 302 301 1195
909 2 2 19 22 570 803 1354
910 2 2 19 22 1265 457 1359
911 2 2 19 22 819 1006 1616
912 2 2 19 22 833 546 1020
913 2 2 19 22 634 981 1069
914 2 2 19 22 1049 1440 1504
915 2 2 19 22 981 493 1069
916 2 2 19 22 931 536 1509
917 2 2 19 22 879 554 1506
918 2 2 19 22 955 524 1659
919 2 2 19 22 535 915 1610
920 2 2 19 22 796 514 1201
921 2 2 19 22 797 520 1173
922 2 2 19 22 553 880 1462
923 2 2 19 22 607 1058 1138
924 2 2 19 22 599 979 980
925 2 2 19 22 864 518 1086
926 2 2 19 22 979 422 980
927 2 2 19 22 841 444 1723
928 2 2 19 22 540 831 1522
929 2 2 19 22 352 822 1396
930 2 2 19 22 1008 574 1071
931 2 2 19 22 910 1154 1273
932 2 2 19 22 462 1330 1468
933 2 2 19 22 338 339 884
934 2 2 19 22 611 825 1373
935 2 2 19 22 1073 477 1705
936 2 2 19 22 1140 751 1159
937 2 2 19 22 469 1140 1159
938 2 2 19 22 1180 764 1484
939 2 2 19 22 585 854 1079
940 2 2 19 22 1255 681 1356
941 2 2 19 22 928 795 1604
942 2 2 19 22 591 939 1143
943 2 2 19 22 895 422 1032
944 2 2 19 22 521 928 1604
945 2 2 19 22 375 376 926
946 2 2 19 22 518 872 1086
947 2 2 19 22 606 1125 1421
948 2 2 19 22 925 535 1481
949 2 2 19 22 912 418 1099
950 2 2 19 22 866 598 1567
951 2 2 19 22 1016 814 1613
952 2 2 19 22 1403 513 1691
953 2 2 19 22 743 1183 1227
954 2 2 19 22 834 541 1541
955 2 2 19 22 1203 451 1507
956 2 2 19 22 705 834 1541
957 2 2 19 22 867 565 1004
958 2 2 19 22 464 1007 1167
959 2 2 19 22 925 458 1013
960 2 2 19 22 918 455 1678
961 2 2 19 22 559 901 1134
962 2 2 19 22 720 1207 1393
963 2 2 19 22 446 1346 1569
964 2 2 19 22 621 925 1013
965 2 2 19 22 595 861 1123
966 2 2 19 22 345 346 1043
967 2 2 19 22 802 504 1341
968 2 2 19 22 480 892 1413
969 2 2 19 22 455 937 1678
970 2 2 19 22 860 549 1289
971 2 2 19 22 542 896 967
972 2 2 19 22 564 890 974
973 2 2 19 22 736 1216 1623
974 2 2 19 22 830 489 1153
975 2 2 19 22 592 889 1050
976 2 2 19 22 598 830 1153
977 2 2 19 22 1146 956 1487
978 2 2 19 22 889 412 1050
979 2 2 19 22 907 487 1057
980 2 2 19 22 410 963 1244
981 2 2 19 22 1002 559 1044
982 2 2 19 22 900 543 968
983 2 2 19 22 1104 730 1586
984 2 2 19 22 1080 438 1366
985 2 2 19 22 809 1509 1624
986 2 2 19 22 875 538 997
987 2 2 19 22 562 859 1555
988 2 2 19 22 1069 589 1181
989 2 2 19 22 977 548 1219
990 2 2 19 22 458 867 1004
991 2 2 19 22 1060 527 1255
992 2 2 19 22 455 918 952
993 2 2 19 22 553 1016 1613
994 2 2 19 22 850 534 1286
995 2 2 19 22 1219 548 1560
996 2 2 19 22 480 1413 1727
997 2 2 19 22 453 856 1047
998 2 2 19 22 418 817 1099
999 2 2 19 22 1083 720 1393
1000 2 2 19 22 450 890 1627
1001 2 2 19 22 679 1260 1419
1002 2 2 19 22 1021 568 1336
1003 2 2 19 22 627 927 1361
1004 2 2 19 22 687 1027 1303
1005 2 2 19 22 891 450 1627
1006 2 2 19 22 1341 504 1742
1007 2 2 19 22 819 503 1719
1008 2 2 19 22 377 930 1394
1009 2 2 19 22 635 837 1622
1010 2 2 19 22 806 361 1309
1011 2 2 19 22 906 519 1360
1012 2 2 19 22 529 820 1460
1013 2 2 19 22 303 1010 1287
1014 2 2 19 22 883 1261 1655
1015 2 2 19 22 565 881 1004
1016 2 2 19 22 361 806 1526
1017 2 2 19 22 425 812 1132
1018 2 2 19 22 903 550 975
1019 2 2 19 22 810 589 1178
1020 2 2 19 22 929 691 1441
1021 2 2 19 22 448 810 1178
1022 2 2 19 22 513 815 1115
1023 2 2 19 22 865 740 1142
1024 2 2 19 22 303 302 1010
1025 2 2 19 22 881 565 1638
1026 2 2 19 22 810 535 1235
1027 2 2 19 22 969 639 996
1028 2 2 19 22 842 501 1375
1029 2 2 19 22 589 810 1435
1030 2 2 19 22 1715 441 1729
1031 2 2 19 22 1183 429 1227
1032 2 2 19 22 812 630 1543
1033 2 2 19 22 730 1104 1496
1034 2 2 19 22 610 1010 1195
1035 2 2 19 22 963 529 1428
1036 2 2 19 22 452 842 1168
1037 2 2 19 22 838 334 1126
1038 2 2 19 22 858 650 1404
1039 2 2 19 22 417 904 1097
1040 2 2 19 22 1011 488 1516
1041 2 2 19 22 902 413 1245
1042 2 2 19 22 831 971 1233
1043 2 2 19 22 313 827 1137
1044 2 2 19 22 887 512 1266
1045 2 2 19 22 927 469 1091
1046 2 2 19 22 1078 749 1530
1047 2 2 19 22 345 1043 1686
1048 2 2 19 22 555 1466 1712
1049 2 2 19 22 602 811 1296
1050 2 2 19 22 887 638 1271
1051 2 2 19 22 1040 719 1339
1052 2 2 19 22 879 447 1297
1053 2 2 19 22 1013 579 1037
1054 2 2 19 22 621 1013 1037
1055 2 2 19 22 413 1334 1505
1056 2 2 19 22 567 940 1365
1057 2 2 19 22 837 451 1064
1058 2 2 19 22 1060 756 1513
1059 2 2 19 22 964 730 1496
1060 2 2 19 22 496 1193 1581
1061 2 2 19 22 826 417 1097
1062 2 2 19 22 451 1033 1064
1063 2 2 19 22 939 591 1464
1064 2 2 19 22 412 897 1128
1065 2 2 19 22 1071 574 1557
1066 2 2 19 22 1164 823 1660
1067 2 2 19 22 1035 724 1251
1068 2 2 19 22 714 1049 1504
1069 2 2 19 22 568 880 1613
1070 2 2 19 22 1428 529 1676
1071 2 2 19 22 456 846 1210
1072 2 2 19 22 603 813 1305
1073 2 2 19 22 882 640 1256
1074 2 2 19 22 986 805 1587
1075 2 2 19 22 724 1413 1535
1076 2 2 19 22 502 882 1256
1077 2 2 19 22 635 1059 1275
1078 2 2 19 22 530 986 1587
1079 2 2 19 22 1029 423 1138
1080 2 2 19 22 1222 841 1723
1081 2 2 19 22 451 837 1507
1082 2 2 19 22 662 1029 1138
1083 2 2 19 22 1009 760 1312
1084 2 2 19 22 1107 936 1284
1085 2 2 19 22 549 860 1653
1086 2 2 19 22 840 544 1633
1087 2 2 19 22 846 505 1371
1088 2 2 19 22 384 385 1075
1089 2 2 19 22 494 845 1058
1090 2 2 19 22 770 1108 1675
1091 2 2 19 22 523 1589 1741
1092 2 2 19 22 311 825 1471
1093 2 2 19 22 699 957 1030
1094 2 2 19 22 855 584 1617
1095 2 2 19 22 817 513 1403
1096 2 2 19 22 582 815 1229
1097 2 2 19 22 1204 474 1662
1098 2 2 19 22 1125 740 1421
1099 2 2 19 22 870 569 1085
1100 2 2 19 22 919 745 1239
1101 2 2 19 22 624 824 1298
1102 2 2 19 22 350 1362 1483
1103 2 2 19 22 650 858 1257
1104 2 2 19 22 1159 629 1689
1105 2 2 19 22 630 1215 1452
1106 2 2 19 22 974 619 1162
1107 2 2 19 22 933 523 1741
1108 2 2 19 22 885 421 1071
1109 2 2 19 22 818 933 1741
1110 2 2 19 22 954 1118 1292
1111 2 2 19 22 343 344 1248
1112 2 2 19 22 383 1319 1533
1113 2 2 19 22 574 849 1557
1114 2 2 19 22 849 455 1558
1115 2 2 19 22 821 408 1152
1116 2 2 19 22 797 903 1383
1117 2 2 19 22 382 383 1533
1118 2 2 19 22 600 851 1681
1119 2 2 19 22 523 933 1579
1120 2 2 19 22 847 578 1629
1121 2 2 19 22 1116 790 1732
1122 2 2 19 22 656 835 1384
1123 2 2 19 22 469 927 1140
1124 2 2 19 22 927 627 1140
1125 2 2 19 22 1015 612 1214
1126 2 2 19 22 578 923 990
1127 2 2 19 22 1362 811 1483
1128 2 2 19 22 966 603 1463
1129 2 2 19 22 976 834 1254
1130 2 2 19 22 1094 604 1212
1131 2 2 19 22 732 1094 1212
1132 2 2 19 22 827 611 1137
1133 2 2 19 22 741 1265 1359
1134 2 2 19 22 1141 731 1431
1135 2 2 19 22 318 319 921
1136 2 2 19 22 980 422 1090
1137 2 2 19 22 927 1056 1361
1138 2 2 19 22 691 929 1698
1139 2 2 19 22 859 562 1678
1140 2 2 19 22 598 1126 1567
1141 2 2 19 22 421 885 1081
1142 2 2 19 22 508 853 1408
1143 2 2 19 22 506 1326 1510
1144 2 2 19 22 885 594 1081
1145 2 2 19 22 822 352 1386
1146 2 2 19 22 1065 871 1738
1147 2 2 19 22 408 821 1288
1148 2 2 19 22 470 878 1632
1149 2 2 19 22 855 415 1563
1150 2 2 19 22 569 870 1385
1151 2 2 19 22 929 1179 1698
1152 2 2 19 22 580 1065 1738
1153 2 2 19 22 822 613 1311
1154 2 2 19 22 534 1080 1174
1155 2 2 19 22 431 1045 1711
1156 2 2 19 22 1080 708 1174
1157 2 2 19 22 839 596 1194
1158 2 2 19 22 427 960 1165
1159 2 2 19 22 566 1187 1618
1160 2 2 19 22 960 644 1165
1161 2 2 19 22 933 1470 1579
1162 2 2 19 22 1000 770 1145
1163 2 2 19 22 617 895 1333
1164 2 2 19 22 567 1365 1714
1165 2 2 19 22 790 1546 1732
1166 2 2 19 22 719 1040 1280
1167 2 2 19 22 1040 636 1280
1168 2 2 19 22 692 935 1571
1169 2 2 19 22 1034 621 1037
1170 2 2 19 22 426 1034 1037
1171 2 2 19 22 1020 1313 1683
1172 2 2 19 22 853 454 1190
1173 2 2 19 22 876 727 1558
1174 2 2 19 22 341 342 931
1175 2 2 19 22 455 876 1558
1176 2 2 19 22 1466 555 1695
1177 2 2 19 22 591 1089 1464
1178 2 2 19 22 587 864 1645
1179 2 2 19 22 672 1240 1264
1180 2 2 19 22 825 611 1291
1181 2 2 19 22 563 895 1032
1182 2 2 19 22 362 363 945
1183 2 2 19 22 492 893 1713
1184 2 2 19 22 916 545 1120
1185 2 2 19 22 619 828 1742
1186 2 2 19 22 975 574 1006
1187 2 2 19 22 595 832 1154
1188 2 2 19 22 825 311 1373
1189 2 2 19 22 598 838 1126
1190 2 2 19 22 931 733 1458
1191 2 2 19 22 1187 848 1618
1192 2 2 19 22 977 381 1533
1193 2 2 19 22 601 862 1067
1194 2 2 19 22 588 867 1668
1195 2 2 19 22 867 458 1669
1196 2 2 19 22 1062 463 1356
1197 2 2 19 22 623 1417 1729
1198 2 2 19 22 639 830 1316
1199 2 2 19 22 1027 478 1303
1200 2 2 19 22 1059 588 1147
1201 2 2 19 22 1091 469 1690
1202 2 2 19 22 511 1199 1357
1203 2 2 19 22 298 297 941
1204 2 2 19 22 415 855 1617
1205 2 2 19 22 321 322 942
1206 2 2 19 22 830 598 1694
1207 2 2 19 22 1143 939 1368
1208 2 2 19 22 1045 833 1711
1209 2 2 19 22 835 656 1651
1210 2 2 19 22 454 932 1393
1211 2 2 19 22 537 835 1419
1212 2 2 19 22 833 605 1711
1213 2 2 19 22 552 969 996
1214 2 2 19 22 404 403 946
1215 2 2 19 22 926 376 1394
1216 2 2 19 22 416 864 1545
1217 2 2 19 22 978 429 1183
1218 2 2 19 22 917 556 1335
1219 2 2 19 22 415 874 1054
1220 2 2 19 22 838 598 1153
1221 2 2 19 22 923 453 1047
1222 2 2 19 22 651 978 1183
1223 2 2 19 22 1021 331 1643
1224 2 2 19 22 646 831 1233
1225 2 2 19 22 907 1057 1574
1226 2 2 19 22 510 858 1404
1227 2 2 19 22 1121 793 1376
1228 2 2 19 22 1509 536 1624
1229 2 2 19 22 1047 649 1293
1230 2 2 19 22 831 646 1295
1231 2 2 19 22 354 854 1171
1232 2 2 19 22 576 911 1113
1233 2 2 19 22 426 948 1181
1234 2 2 19 22 948 634 1181
1235 2 2 19 22 331 332 1643
1236 2 2 19 22 873 522 1136
1237 2 2 19 22 1051 476 1368
1238 2 2 19 22 832 715 1514
1239 2 2 19 22 862 601 1166
1240 2 2 19 22 452 862 1166
1241 2 2 19 22 990 458 1740
1242 2 2 19 22 1360 736 1519
1243 2 2 19 22 715 832 1294
1244 2 2 19 22 832 327 1294
1245 2 2 19 22 371 372 1012
1246 2 2 19 22 693 1003 1363
1247 2 2 19 22 551 956 1007
1248 2 2 19 22 458 1004 1740
1249 2 2 19 22 948 426 1070
1250 2 2 19 22 1282 809 1624
1251 2 2 19 22 624 887 1266
1252 2 2 19 22 721 1063 1376
1253 2 2 19 22 381 382 1533
1254 2 2 19 22 548 1035 1251
1255 2 2 19 22 960 427 1300
1256 2 2 19 22 861 595 1092
1257 2 2 19 22 605 833 1494
1258 2 2 19 22 674 960 1300
1259 2 2 19 22 1193 757 1581
1260 2 2 19 22 444 841 1414
1261 2 2 19 22 935 1391 1571
1262 2 2 19 22 703 1412 1420
1263 2 2 19 22 840 445 1410
1264 2 2 19 22 578 881 1629
1265 2 2 19 22 1090 422 1671
1266 2 2 19 22 895 563 1048
1267 2 2 19 22 458 990 1013
1268 2 2 19 22 991 466 1457
1269 2 2 19 22 834 648 1254
1270 2 2 19 22 598 866 1087
1271 2 2 19 22 648 834 1355
1272 2 2 19 22 786 1214 1253
1273 2 2 19 22 1214 612 1253
1274 2 2 19 22 793 1079 1606
1275 2 2 19 22 1466 844 1712
1276 2 2 19 22 577 966 1427
1277 2 2 19 22 593 871 1236
1278 2 2 19 22 848 665 1163
1279 2 2 19 22 665 848 1658
1280 2 2 19 22 662 845 1434
1281 2 2 19 22 479 1344 1623
1282 2 2 19 22 468 870 1085
1283 2 2 19 22 445 1251 1535
1284 2 2 19 22 1156 660 1631
1285 2 2 19 22 899 491 1706
1286 2 2 19 22 926 663 1106
1287 2 2 19 22 841 539 1684
1288 2 2 19 22 864 416 1645
1289 2 2 19 22 752 1175 1433
1290 2 2 19 22 886 1066 1259
1291 2 2 19 22 874 415 1617
1292 2 2 19 22 856 453 1523
1293 2 2 19 22 683 856 1523
1294 2 2 19 22 486 1101 1479
1295 2 2 19 22 462 920 1094
1296 2 2 19 22 984 696 1026
1297 2 2 19 22 920 604 1094
1298 2 2 19 22 1213 486 1479
1299 2 2 19 22 842 452 1406
1300 2 2 19 22 872 608 1086
1301 2 2 19 22 632 865 1591
1302 2 2 19 22 972 428 1337
1303 2 2 19 22 631 852 1144
1304 2 2 19 22 982 546 1045
1305 2 2 19 22 684 972 1337
1306 2 2 19 22 597 873 1661
1307 2 2 19 22 501 842 1296
1308 2 2 19 22 1061 625 1237
1309 2 2 19 22 707 1061 1237
1310 2 2 19 22 764 1180 1382
1311 2 2 19 22 944 565 1033
1312 2 2 19 22 522 894 1136
1313 2 2 19 22 428 972 1192
1314 2 2 19 22 637 1051 1270
1315 2 2 19 22 708 1080 1366
1316 2 2 19 22 1051 710 1270
1317 2 2 19 22 1417 791 1729
1318 2 2 19 22 653 1010 1103
1319 2 2 19 22 1010 610 1103
1320 2 2 19 22 845 616 1680
1321 2 2 19 22 972 643 1192
1322 2 2 19 22 1018 725 1372
1323 2 2 19 22 435 1018 1372
1324 2 2 19 22 893 988 1713
1325 2 2 19 22 846 456 1463
1326 2 2 19 22 913 583 1095
1327 2 2 19 22 1430 555 1712
1328 2 2 19 22 1069 493 1654
1329 2 2 19 22 924 423 1147
1330 2 2 19 22 957 558 1030
1331 2 2 19 22 964 392 1093
1332 2 2 19 22 652 1082 1440
1333 2 2 19 22 430 994 1339
1334 2 2 19 22 1045 431 1302
1335 2 2 19 22 994 692 1339
1336 2 2 19 22 521 874 1278
1337 2 2 19 22 1147 588 1668
1338 2 2 19 22 1070 649 1115
1339 2 2 19 22 591 904 1089
1340 2 2 19 22 930 663 1394
1341 2 2 19 22 1020 546 1313
1342 2 2 19 22 512 1078 1202
1343 2 2 19 22 1354 706 1664
1344 2 2 19 22 373 374 1024
1345 2 2 19 22 1078 700 1202
1346 2 2 19 22 487 1124 1586
1347 2 2 19 22 505 846 1305
1348 2 2 19 22 555 1152 1695
1349 2 2 19 22 429 978 1315
1350 2 2 19 22 937 859 1678
1351 2 2 19 22 854 613 1171
1352 2 2 19 22 904 417 1089
1353 2 2 19 22 978 677 1315
1354 2 2 19 22 443 1117 1348
1355 2 2 19 22 876 599 1151
1356 2 2 19 22 517 876 1151
1357 2 2 19 22 1248 754 1306
1358 2 2 19 22 1195 767 1247
1359 2 2 19 22 610 1195 1247
1360 2 2 19 22 878 1232 1632
1361 2 2 19 22 602 1129 1483
1362 2 2 19 22 1085 569 1641
1363 2 2 19 22 1198 575 1670
1364 2 2 19 22 869 609 1209
1365 2 2 19 22 580 938 1552
1366 2 2 19 22 579 923 1047
1367 2 2 19 22 456 869 1209
1368 2 2 19 22 634 1069 1181
1369 2 2 19 22 561 984 1026
1370 2 2 19 22 1531 809 1650
1371 2 2 19 22 483 1179 1345
1372 2 2 19 22 655 1015 1342
1373 2 2 19 22 735 898 1220
1374 2 2 19 22 891 818 1741
1375 2 2 19 22 1003 434 1363
1376 2 2 19 22 540 998 1688
1377 2 2 19 22 534 850 1593
1378 2 2 19 22 910 467 1092
1379 2 2 19 22 669 857 1188
1380 2 2 19 22 595 910 1092
1381 2 2 19 22 572 1083 1393
1382 2 2 19 22 416 886 1645
1383 2 2 19 22 808 1054 1274
1384 2 2 19 22 515 862 1367
1385 2 2 19 22 871 593 1738
1386 2 2 19 22 509 865 1142
1387 2 2 19 22 608 872 1207
1388 2 2 19 22 872 454 1207
1389 2 2 19 22 850 1286 1634
1390 2 2 19 22 564 974 1162
1391 2 2 19 22 862 452 1168
1392 2 2 19 22 1180 679 1382
1393 2 2 19 22 1010 653 1287
1394 2 2 19 22 459 973 1402
1395 2 2 19 22 992 746 1343
1396 2 2 19 22 528 992 1343
1397 2 2 19 22 1129 798 1649
1398 2 2 19 22 454 853 1521
1399 2 2 19 22 927 570 1056
1400 2 2 19 22 857 669 1737
1401 2 2 19 22 994 430 1218
1402 2 2 19 22 889 592 1191
1403 2 2 19 22 912 1099 1340
1404 2 2 19 22 857 1198 1670
1405 2 2 19 22 853 508 1291
1406 2 2 19 22 484 1009 1439
1407 2 2 19 22 925 739 1669
1408 2 2 19 22 1063 490 1376
1409 2 2 19 22 650 994 1218
1410 2 2 19 22 466 991 1578
1411 2 2 19 22 1176 753 1473
1412 2 2 19 22 906 475 1186
1413 2 2 19 22 615 906 1186
1414 2 2 19 22 878 470 1657
1415 2 2 19 22 1029 662 1038
1416 2 2 19 22 602 1296 1406
1417 2 2 19 22 886 524 1276
1418 2 2 19 22 673 1208 1608
1419 2 2 19 22 1015 655 1098
1420 2 2 19 22 612 1015 1098
1421 2 2 19 22 681 1062 1356
1422 2 2 19 22 897 558 1128
1423 2 2 19 22 1296 842 1406
1424 2 2 19 22 731 1141 1225
1425 2 2 19 22 1141 645 1225
1426 2 2 19 22 1444 838 1527
1427 2 2 19 22 962 557 1197
1428 2 2 19 22 668 875 1422
1429 2 2 19 22 1120 545 1453
1430 2 2 19 22 1114 676 1312
1431 2 2 19 22 294 15 1042
1432 2 2 19 22 837 1064 1622
1433 2 2 19 22 435 911 1384
1434 2 2 19 22 911 656 1384
1435 2 2 19 22 1175 471 1433
1436 2 2 19 22 418 873 1497
1437 2 2 19 22 895 1048 1333
1438 2 2 19 22 433 1000 1145
1439 2 2 19 22 1313 688 1683
1440 2 2 19 22 411 901 1324
1441 2 2 19 22 858 613 1609
1442 2 2 19 22 901 641 1324
1443 2 2 19 22 457 965 1359
1444 2 2 19 22 381 977 1219
1445 2 2 19 22 688 1313 1388
1446 2 2 19 22 1245 413 1607
1447 2 2 19 22 998 899 1706
1448 2 2 19 22 332 333 1444
1449 2 2 19 22 589 1034 1181
1450 2 2 19 22 516 869 1370
1451 2 2 19 22 438 1080 1525
1452 2 2 19 22 892 480 1709
1453 2 2 19 22 873 418 1661
1454 2 2 19 22 649 856 1691
1455 2 2 19 22 808 1274 1289
1456 2 2 19 22 1274 503 1289
1457 2 2 19 22 720 1083 1639
1458 2 2 19 22 1277 792 1447
1459 2 2 19 22 959 460 1400
1460 2 2 19 22 620 1036 1050
1461 2 2 19 22 613 858 1311
1462 2 2 19 22 749 1271 1326
1463 2 2 19 22 324 861 1268
1464 2 2 19 22 1012 372 1726
1465 2 2 19 22 1335 826 1378
1466 2 2 19 22 1072 642 1279
1467 2 2 19 22 712 1072 1279
1468 2 2 19 22 664 1248 1306
1469 2 2 19 22 1482 468 1693
1470 2 2 19 22 858 510 1311
1471 2 2 19 22 993 307 1194
1472 2 2 19 22 486 898 1127
1473 2 2 19 22 609 868 1728
1474 2 2 19 22 881 578 1740
1475 2 2 19 22 519 906 1200
1476 2 2 19 22 861 666 1268
1477 2 2 19 22 663 926 1394
1478 2 2 19 22 906 615 1200
1479 2 2 19 22 988 541 1692
1480 2 2 19 22 454 872 1190
1481 2 2 19 22 1088 738 1709
1482 2 2 19 22 675 982 1045
1483 2 2 19 22 1156 299 1177
1484 2 2 19 22 338 884 1263
1485 2 2 19 22 500 1224 1459
1486 2 2 19 22 869 456 1210
1487 2 2 19 22 812 1085 1641
1488 2 2 19 22 528 870 1243
1489 2 2 19 22 1031 762 1576
1490 2 2 19 22 767 1156 1631
1491 2 2 19 22 606 1411 1457
1492 2 2 19 22 1237 625 1286
1493 2 2 19 22 359 360 1014
1494 2 2 19 22 436 913 1095
1495 2 2 19 22 730 964 1057
1496 2 2 19 22 964 586 1057
1497 2 2 19 22 654 866 1456
1498 2 2 19 22 641 1073 1269
1499 2 2 19 22 1073 704 1269
1500 2 2 19 22 329 330 1016
1501 2 2 19 22 582 948 1070
1502 2 2 19 22 514 1335 1378
1503 2 2 19 22 1367 960 1528
1504 2 2 19 22 735 1165 1375
1505 2 2 19 22 866 336 1456
1506 2 2 19 22 978 1389 1548
1507 2 2 19 22 872 518 1389
1508 2 2 19 22 332 1444 1643
1509 2 2 19 22 1094 732 1330
1510 2 2 19 22 1343 746 1439
1511 2 2 19 22 526 947 1096
1512 2 2 19 22 947 777 1096
1513 2 2 19 22 1180 405 1260
1514 2 2 19 22 907 743 1227
1515 2 2 19 22 1566 797 1647
1516 2 2 19 22 423 924 1138
1517 2 2 19 22 726 993 1101
1518 2 2 19 22 924 607 1138
1519 2 2 19 22 713 1444 1527
1520 2 2 19 22 880 553 1613
1521 2 2 19 22 894 618 1136
1522 2 2 19 22 994 1374 1580
1523 2 2 19 22 694 1002 1044
1524 2 2 19 22 871 20 1236
1525 2 2 19 22 911 576 1112
1526 2 2 19 22 989 436 1095
1527 2 2 19 22 705 989 1095
1528 2 2 19 22 351 352 1396
1529 2 2 19 22 763 1158 1505
1530 2 2 19 22 413 902 1334
1531 2 2 19 22 515 1367 1528
1532 2 2 19 22 1389 518 1548
1533 2 2 19 22 902 637 1334
1534 2 2 19 22 678 959 1400
1535 2 2 19 22 571 1029 1038
1536 2 2 19 22 1257 858 1609
1537 2 2 19 22 392 391 1093
1538 2 2 19 22 1183 743 1408
1539 2 2 19 22 911 435 1113
1540 2 2 19 22 1104 600 1681
1541 2 2 19 22 549 878 1537
1542 2 2 19 22 594 885 1489
1543 2 2 19 22 408 887 1298
1544 2 2 19 22 1215 714 1452
1545 2 2 19 22 868 1089 1728
1546 2 2 19 22 973 680 1402
1547 2 2 19 22 887 624 1298
1548 2 2 19 22 949 525 1110
1549 2 2 19 22 1089 417 1728
1550 2 2 19 22 780 949 1110
1551 2 2 19 22 1163 747 1618
1552 2 2 19 22 570 927 1091
1553 2 2 19 22 604 933 1212
1554 2 2 19 22 901 411 1134
1555 2 2 19 22 820 944 1460
1556 2 2 19 22 1374 522 1580
1557 2 2 19 22 458 925 1669
1558 2 2 19 22 908 667 1132
1559 2 2 19 22 1057 586 1574
1560 2 2 19 22 620 985 1142
1561 2 2 19 22 985 509 1142
1562 2 2 19 22 943 590 1193
1563 2 2 19 22 675 1045 1302
1564 2 2 19 22 435 987 1113
1565 2 2 19 22 1002 477 1205
1566 2 2 19 22 987 698 1113
1567 2 2 19 22 18 407 1031
1568 2 2 19 22 884 339 1185
1569 2 2 19 22 928 521 1278
1570 2 2 19 22 890 562 1627
1571 2 2 19 22 1152 824 1695
1572 2 2 19 22 1125 606 1457
1573 2 2 19 22 642 889 1679
1574 2 2 19 22 1171 613 1386
1575 2 2 19 22 865 509 1591
1576 2 2 19 22 996 639 1316
1577 2 2 19 22 336 866 1567
1578 2 2 19 22 877 545 1485
1579 2 2 19 22 422 895 1671
1580 2 2 19 22 420 976 1254
1581 2 2 19 22 868 516 1464
1582 2 2 19 22 1524 1062 1529
1583 2 2 19 22 470 999 1306
1584 2 2 19 22 1036 466 1223
1585 2 2 19 22 999 664 1306
1586 2 2 19 22 697 1277 1447
1587 2 2 19 22 971 419 1233
1588 2 2 19 22 982 471 1144
1589 2 2 19 22 616 926 1106
1590 2 2 19 22 618 894 1265
1591 2 2 19 22 894 457 1265
1592 2 2 19 22 463 1062 1524
1593 2 2 19 22 1182 519 1200
1594 2 2 19 22 690 991 1457
1595 2 2 19 22 931 342 1111
1596 2 2 19 22 728 1182 1200
1597 2 2 19 22 457 1257 1609
1598 2 2 19 22 645 1060 1255
1599 2 2 19 22 1032 619 1540
1600 2 2 19 22 1117 716 1348
1601 2 2 19 22 888 512 1202
1602 2 2 19 22 870 528 1385
1603 2 2 19 22 583 913 1135
1604 2 2 19 22 558 957 1420
1605 2 2 19 22 1067 855 1563
1606 2 2 19 22 921 687 1407
1607 2 2 19 22 573 980 1090
1608 2 2 19 22 593 1116 1732
1609 2 2 19 22 530 904 1246
1610 2 2 19 22 606 1028 1228
1611 2 2 19 22 436 875 1512
1612 2 2 19 22 875 668 1512
1613 2 2 19 22 935 597 1391
1614 2 2 19 22 930 378 1196
1615 2 2 19 22 590 943 1145
1616 2 2 19 22 878 549 1232
1617 2 2 19 22 901 559 1685
1618 2 2 19 22 1208 786 1608
1619 2 2 19 22 432 1176 1473
1620 2 2 19 22 1022 605 1224
1621 2 2 19 22 1137 611 1373
1622 2 2 19 22 874 521 1469
1623 2 2 19 22 1140 627 1301
1624 2 2 19 22 556 892 1630
1625 2 2 19 22 929 365 1261
1626 2 2 19 22 759 1188 1670
1627 2 2 19 22 1263 884 1445
1628 2 2 19 22 722 1027 1222
1629 2 2 19 22 1285 665 1353
1630 2 2 19 22 1027 547 1222
1631 2 2 19 22 948 582 1105
1632 2 2 19 22 1224 779 1459
1633 2 2 19 22 896 460 1327
1634 2 2 19 22 628 896 1327
1635 2 2 19 22 752 934 1175
1636 2 2 19 22 652 1049 1172
1637 2 2 19 22 934 640 1175
1638 2 2 19 22 1049 425 1172
1639 2 2 19 22 422 979 1640
1640 2 2 19 22 1033 588 1064
1641 2 2 19 22 373 1024 1726
1642 2 2 19 22 1319 784 1364
1643 2 2 19 22 380 381 1219
1644 2 2 19 22 304 905 1716
1645 2 2 19 22 1043 754 1686
1646 2 2 19 22 307 306 1194
1647 2 2 19 22 1032 422 1640
1648 2 2 19 22 941 297 1350
1649 2 2 19 22 418 912 1661
1650 2 2 19 22 586 964 1093
1651 2 2 19 22 459 900 1321
1652 2 2 19 22 900 626 1321
1653 2 2 19 22 1527 1077 1687
1654 2 2 19 22 1036 592 1050
1655 2 2 19 22 804 1482 1693
1656 2 2 19 22 397 914 1342
1657 2 2 19 22 603 1305 1463
1658 2 2 19 22 445 1189 1410
1659 2 2 19 22 687 921 1561
1660 2 2 19 22 538 875 1499
1661 2 2 19 22 925 621 1235
1662 2 2 19 22 535 925 1235
1663 2 2 19 22 593 938 1738
1664 2 2 19 22 583 1135 1377
1665 2 2 19 22 524 886 1259
1666 2 2 19 22 421 1008 1071
1667 2 2 19 22 1271 638 1326
1668 2 2 19 22 1135 765 1377
1669 2 2 19 22 641 901 1205
1670 2 2 19 22 593 1012 1116
1671 2 2 19 22 1012 774 1116
1672 2 2 19 22 897 642 1217
1673 2 2 19 22 970 716 1381
1674 2 2 19 22 447 879 1506
1675 2 2 19 22 512 888 1266
1676 2 2 19 22 637 902 1206
1677 2 2 19 22 953 753 1176
1678 2 2 19 22 632 953 1176
1679 2 2 19 22 905 839 1716
1680 2 2 19 22 635 1275 1575
1681 2 2 19 22 899 987 1372
1682 2 2 19 22 912 532 1352
1683 2 2 19 22 622 883 1331
1684 2 2 19 22 1370 972 1554
1685 2 2 19 22 1097 904 1320
1686 2 2 19 22 898 661 1220
1687 2 2 19 22 950 629 1159
1688 2 2 19 22 751 950 1159
1689 2 2 19 22 1011 573 1090
1690 2 2 19 22 1305 846 1463
1691 2 2 19 22 681 909 1505
1692 2 2 19 22 615 1186 1244
1693 2 2 19 22 909 413 1505
1694 2 2 19 22 1196 750 1633
1695 2 2 19 22 619 1084 1540
1696 2 2 19 22 1186 734 1244
1697 2 2 19 22 402 1208 1230
1698 2 2 19 22 524 955 1276
1699 2 2 19 22 545 877 1453
1700 2 2 19 22 1415 690 1454
1701 2 2 19 22 896 542 1534
1702 2 2 19 22 614 1150 1423
1703 2 2 19 22 1201 635 1575
1704 2 2 19 22 1131 614 1423
1705 2 2 19 22 724 1035 1727
1706 2 2 19 22 543 900 1538
1707 2 2 19 22 848 1163 1618
1708 2 2 19 22 716 970 1650
1709 2 2 19 22 774 1012 1726
1710 2 2 19 22 1052 633 1122
1711 2 2 19 22 437 1052 1122
1712 2 2 19 22 920 534 1174
1713 2 2 19 22 604 920 1174
1714 2 2 19 22 457 894 1257
1715 2 2 19 22 835 1018 1384
1716 2 2 19 22 880 446 1462
1717 2 2 19 22 750 1219 1560
1718 2 2 19 22 334 335 1126
1719 2 2 19 22 440 1060 1141
1720 2 2 19 22 864 1086 1545
1721 2 2 19 22 1060 645 1141
1722 2 2 19 22 1140 1301 1510
1723 2 2 19 22 963 615 1244
1724 2 2 19 22 880 568 1346
1725 2 2 19 22 314 315 1053
1726 2 2 19 22 713 1527 1687
1727 2 2 19 22 1012 593 1236
1728 2 2 19 22 893 718 1351
1729 2 2 19 22 1282 443 1348
1730 2 2 19 22 809 1282 1348
1731 2 2 19 22 711 1182 1493
1732 2 2 19 22 725 899 1372
1733 2 2 19 22 516 1370 1554
1734 2 2 19 22 561 902 1245
1735 2 2 19 22 993 596 1101
1736 2 2 19 22 433 943 1399
1737 2 2 19 22 695 1243 1482
1738 2 2 19 22 660 1156 1177
1739 2 2 19 22 943 657 1399
1740 2 2 19 22 887 408 1397
1741 2 2 19 22 638 887 1397
1742 2 2 19 22 736 1172 1519
1743 2 2 19 22 943 433 1145
1744 2 2 19 22 956 441 1325
1745 2 2 19 22 895 617 1671
1746 2 2 19 22 647 956 1325
1747 2 2 19 22 412 1128 1511
1748 2 2 19 22 489 1017 1477
1749 2 2 19 22 905 304 1287
1750 2 2 19 22 1133 444 1414
1751 2 2 19 22 671 907 1227
1752 2 2 19 22 617 910 1273
1753 2 2 19 22 617 1011 1090
1754 2 2 19 22 654 1263 1445
1755 2 2 19 22 945 363 1441
1756 2 2 19 22 898 735 1542
1757 2 2 19 22 1440 507 1504
1758 2 2 19 22 1188 857 1670
1759 2 2 19 22 1026 476 1206
1760 2 2 19 22 747 1192 1371
1761 2 2 19 22 915 607 1610
1762 2 2 19 22 997 697 1447
1763 2 2 19 22 485 997 1447
1764 2 2 19 22 412 889 1424
1765 2 2 19 22 889 642 1424
1766 2 2 19 22 894 522 1374
1767 2 2 19 22 318 921 1407
1768 2 2 19 22 904 591 1246
1769 2 2 19 22 689 1319 1364
1770 2 2 19 22 929 622 1179
1771 2 2 19 22 1074 630 1452
1772 2 2 19 22 369 370 1065
1773 2 2 19 22 528 1114 1385
1774 2 2 19 22 926 616 1234
1775 2 2 19 22 1114 745 1385
1776 2 2 19 22 989 893 1351
1777 2 2 19 22 596 1096 1479
1778 2 2 19 22 597 1009 1391
1779 2 2 19 22 1096 777 1479
1780 2 2 19 22 1074 623 1109
1781 2 2 19 22 632 1023 1091
1782 2 2 19 22 1049 714 1215
1783 2 2 19 22 1023 570 1091
1784 2 2 19 22 630 1074 1109
1785 2 2 19 22 611 932 1521
1786 2 2 19 22 425 1049 1215
1787 2 2 19 22 533 1531 1650
1788 2 2 19 22 892 556 1413
1789 2 2 19 22 942 322 1169
1790 2 2 19 22 310 309 1068
1791 2 2 19 22 341 931 1458
1792 2 2 19 22 1253 772 1706
1793 2 2 19 22 1117 761 1423
1794 2 2 19 22 552 1117 1423
1795 2 2 19 22 569 908 1641
1796 2 2 19 22 527 909 1255
1797 2 2 19 22 1041 709 1503
1798 2 2 19 22 1105 483 1345
1799 2 2 19 22 691 945 1441
1800 2 2 19 22 950 408 1288
1801 2 2 19 22 579 1047 1293
1802 2 2 19 22 629 950 1288
1803 2 2 19 22 298 941 1177
1804 2 2 19 22 776 1247 1713
1805 2 2 19 22 526 905 1488
1806 2 2 19 22 773 1252 1303
1807 2 2 19 22 1252 687 1303
1808 2 2 19 22 1027 687 1561
1809 2 2 19 22 851 914 1637
1810 2 2 19 22 727 1071 1557
1811 2 2 19 22 1060 440 1508
1812 2 2 19 22 756 1060 1508
1813 2 2 19 22 797 1173 1647
1814 2 2 19 22 1019 737 1480
1815 2 2 19 22 814 1016 1734
1816 2 2 19 22 607 924 1610
1817 2 2 19 22 903 449 1724
1818 2 2 19 22 558 1025 1128
1819 2 2 19 22 667 908 1498
1820 2 2 19 22 969 552 1150
1821 2 2 19 22 908 475 1498
1822 2 2 19 22 460 896 1400
1823 2 2 19 22 1149 505 1520
1824 2 2 19 22 897 412 1424
1825 2 2 19 22 694 928 1565
1826 2 2 19 22 1182 711 1216
1827 2 2 19 22 1004 881 1740
1828 2 2 19 22 519 1182 1216
1829 2 2 19 22 642 897 1424
1830 2 2 19 22 444 1133 1600
1831 2 2 19 22 653 905 1287
1832 2 2 19 22 1020 465 1494
1833 2 2 19 22 665 1155 1353
1834 2 2 19 22 321 942 1501
1835 2 2 19 22 679 1180 1260
1836 2 2 19 22 1024 774 1726
1837 2 2 19 22 480 1035 1364
1838 2 2 19 22 958 601 1563
1839 2 2 19 22 875 997 1422
1840 2 2 19 22 1035 689 1364
1841 2 2 19 22 1310 821 1430
1842 2 2 19 22 1245 717 1549
1843 2 2 19 22 900 459 1402
1844 2 2 19 22 413 909 1607
1845 2 2 19 22 958 549 1537
1846 2 2 19 22 645 1255 1356
1847 2 2 19 22 355 356 1079
1848 2 2 19 22 562 918 1678
1849 2 2 19 22 914 397 1637
1850 2 2 19 22 536 931 1437
1851 2 2 19 22 509 985 1442
1852 2 2 19 22 985 682 1442
1853 2 2 19 22 986 530 1246
1854 2 2 19 22 594 1489 1701
1855 2 2 19 22 467 910 1333
1856 2 2 19 22 743 907 1574
1857 2 2 19 22 921 319 1250
1858 2 2 19 22 904 530 1320
1859 2 2 19 22 312 313 1137
1860 2 2 19 22 316 317 1252
1861 2 2 19 22 1042 15 1739
1862 2 2 19 22 1103 610 1666
1863 2 2 19 22 982 675 1433
1864 2 2 19 22 471 982 1433
1865 2 2 19 22 375 926 1234
1866 2 2 19 22 644 960 1367
1867 2 2 19 22 17 311 1471
1868 2 2 19 22 722 1120 1453
1869 2 2 19 22 414 992 1614
1870 2 2 19 22 1218 759 1404
1871 2 2 19 22 482 1030 1217
1872 2 2 19 22 1637 396 1681
1873 2 2 19 22 1420 957 1525
1874 2 2 19 22 1544 768 1722
1875 2 2 19 22 807 1466 1695
1876 2 2 19 22 836 1436 1513
1877 2 2 19 22 1197 557 1585
1878 2 2 19 22 461 996 1316
1879 2 2 19 22 511 1310 1430
1880 2 2 19 22 793 1249 1376
1881 2 2 19 22 1249 721 1376
1882 2 2 19 22 980 573 1299
1883 2 2 19 22 913 436 1512
1884 2 2 19 22 668 913 1512
1885 2 2 19 22 877 1639 1699
1886 2 2 19 22 614 1008 1708
1887 2 2 19 22 979 564 1162
1888 2 2 19 22 299 298 1177
1889 2 2 19 22 452 940 1406
1890 2 2 19 22 910 617 1333
1891 2 2 19 22 667 1360 1519
1892 2 2 19 22 932 454 1521
1893 2 2 19 22 913 668 1584
1894 2 2 19 22 955 699 1605
1895 2 2 19 22 545 961 1485
1896 2 2 19 22 612 1098 1648
1897 2 2 19 22 532 912 1340
1898 2 2 19 22 979 1162 1640
1899 2 2 19 22 1202 771 1715
1900 2 2 19 22 534 920 1286
1901 2 2 19 22 888 1202 1715
1902 2 2 19 22 353 354 1171
1903 2 2 19 22 774 1024 1170
1904 2 2 19 22 978 651 1389
1905 2 2 19 22 914 655 1342
1906 2 2 19 22 475 906 1498
1907 2 2 19 22 1189 737 1410
1908 2 2 19 22 622 929 1261
1909 2 2 19 22 946 403 1230
1910 2 2 19 22 600 1104 1586
1911 2 2 19 22 608 961 1545
1912 2 2 19 22 994 650 1374
1913 2 2 19 22 905 653 1488
1914 2 2 19 22 1291 611 1521
1915 2 2 19 22 732 1173 1328
1916 2 2 19 22 676 1343 1439
1917 2 2 19 22 403 402 1230
1918 2 2 19 22 997 538 1502
1919 2 2 19 22 995 539 1395
1920 2 2 19 22 666 995 1395
1921 2 2 19 22 983 609 1728
1922 2 2 19 22 656 911 1590
1923 2 2 19 22 915 448 1546
1924 2 2 19 22 1199 511 1430
1925 2 2 19 22 789 1199 1430
1926 2 2 19 22 853 1291 1521
1927 2 2 19 22 1025 682 1128
1928 2 2 19 22 395 394 1104
1929 2 2 19 22 734 1264 1379
1930 2 2 19 22 342 343 1111
1931 2 2 19 22 1522 831 1524
1932 2 2 19 22 599 980 1299
1933 2 2 19 22 795 928 1743
1934 2 2 19 22 494 1058 1418
1935 2 2 19 22 883 1448 1656
1936 2 2 19 22 542 967 1572
1937 2 2 19 22 405 404 1260
1938 2 2 19 22 936 674 1284
1939 2 2 19 22 1052 801 1426
1940 2 2 19 22 643 972 1370
1941 2 2 19 22 655 914 1518
1942 2 2 19 22 605 1022 1711
1943 2 2 19 22 983 556 1630
1944 2 2 19 22 636 1211 1317
1945 2 2 19 22 1211 746 1317
1946 2 2 19 22 404 946 1260
1947 2 2 19 22 636 1040 1211
1948 2 2 19 22 917 445 1535
1949 2 2 19 22 378 379 1196
1950 2 2 19 22 1040 484 1211
1951 2 2 19 22 456 966 1463
1952 2 2 19 22 914 525 1518
1953 2 2 19 22 669 1322 1358
1954 2 2 19 22 783 916 1600
1955 2 2 19 22 1003 693 1599
1956 2 2 19 22 809 1348 1650
1957 2 2 19 22 365 366 1261
1958 2 2 19 22 1264 734 1329
1959 2 2 19 22 596 993 1194
1960 2 2 19 22 1028 606 1421
1961 2 2 19 22 697 997 1502
1962 2 2 19 22 696 986 1697
1963 2 2 19 22 652 1172 1344
1964 2 2 19 22 951 557 1449
1965 2 2 19 22 1172 736 1344
1966 2 2 19 22 1346 744 1569
1967 2 2 19 22 841 1222 1544
1968 2 2 19 22 1117 443 1707
1969 2 2 19 22 1222 547 1544
1970 2 2 19 22 938 580 1738
1971 2 2 19 22 957 699 1550
1972 2 2 19 22 438 957 1550
1973 2 2 19 22 1448 755 1656
1974 2 2 19 22 933 818 1702
1975 2 2 19 22 999 536 1437
1976 2 2 19 22 1326 638 1682
1977 2 2 19 22 934 752 1710
1978 2 2 19 22 461 970 1381
1979 2 2 19 22 723 1133 1414
1980 2 2 19 22 1208 673 1230
1981 2 2 19 22 921 547 1561
1982 2 2 19 22 938 593 1732
1983 2 2 19 22 424 934 1361
1984 2 2 19 22 613 965 1609
1985 2 2 19 22 885 1071 1429
1986 2 2 19 22 296 295 1277
1987 2 2 19 22 992 528 1243
1988 2 2 19 22 1436 527 1513
1989 2 2 19 22 1063 721 1603
1990 2 2 19 22 1286 625 1634
1991 2 2 19 22 551 1041 1416
1992 2 2 19 22 1041 695 1416
1993 2 2 19 22 325 326 1123
1994 2 2 19 22 1154 488 1273
1995 2 2 19 22 762 1149 1520
1996 2 2 19 22 934 424 1390
1997 2 2 19 22 640 934 1390
1998 2 2 19 22 367 1448 1655
1999 2 2 19 22 987 540 1522
2000 2 2 19 22 1193 590 1387
2001 2 2 19 22 698 987 1522
2002 2 2 19 22 757 1193 1387
2003 2 2 19 22 362 945 1309
2004 2 2 19 22 970 533 1650
2005 2 2 19 22 1051 637 1206
2006 2 2 19 22 541 989 1541
2007 2 2 19 22 989 705 1541
2008 2 2 19 22 339 340 1185
2009 2 2 19 22 476 1051 1206
2010 2 2 19 22 1213 777 1399
2011 2 2 19 22 657 1213 1399
2012 2 2 19 22 717 1436 1549
2013 2 2 19 22 1024 616 1170
2014 2 2 19 22 414 1041 1503
2015 2 2 19 22 1133 783 1600
2016 2 2 19 22 677 954 1292
2017 2 2 19 22 348 349 1129
2018 2 2 19 22 748 1063 1297
2019 2 2 19 22 657 943 1474
2020 2 2 19 22 1063 560 1297
2021 2 2 19 22 949 434 1621
2022 2 2 19 22 328 1290 1294
2023 2 2 19 22 1639 478 1699
2024 2 2 19 22 930 544 1583
2025 2 2 19 22 322 323 1169
2026 2 2 19 22 576 1062 1158
2027 2 2 19 22 1062 681 1158
2028 2 2 19 22 305 304 1716
2029 2 2 19 22 419 1454 1539
2030 2 2 19 22 1229 447 1506
2031 2 2 19 22 1100 742 1462
2032 2 2 19 22 426 1037 1721
2033 2 2 19 22 1184 669 1358
2034 2 2 19 22 928 694 1532
2035 2 2 19 22 1657 1055 1714
2036 2 2 19 22 935 692 1580
2037 2 2 19 22 446 1100 1462
2038 2 2 19 22 749 1078 1271
2039 2 2 19 22 421 969 1708
2040 2 2 19 22 1225 463 1455
2041 2 2 19 22 522 935 1580
2042 2 2 19 22 18 1031 1576
2043 2 2 19 22 695 992 1243
2044 2 2 19 22 576 1113 1529
2045 2 2 19 22 1276 587 1645
2046 2 2 19 22 359 1014 1392
2047 2 2 19 22 940 452 1365
2048 2 2 19 22 664 999 1437
2049 2 2 19 22 402 401 1208
2050 2 2 19 22 886 1276 1645
2051 2 2 19 22 407 406 1484
2052 2 2 19 22 406 405 1180
2053 2 2 19 22 932 572 1393
2054 2 2 19 22 1223 466 1578
2055 2 2 19 22 616 1024 1234
2056 2 2 19 22 1034 426 1181
2057 2 2 19 22 939 684 1368
2058 2 2 19 22 684 939 1554
2059 2 2 19 22 693 1363 1568
2060 2 2 19 22 674 936 1528
2061 2 2 19 22 701 1028 1473
2062 2 2 19 22 1028 432 1473
2063 2 2 19 22 300 299 1156
2064 2 2 19 22 968 543 1415
2065 2 2 19 22 939 516 1554
2066 2 2 19 22 465 1160 1494
2067 2 2 19 22 769 1042 1739
2068 2 2 19 22 936 515 1528
2069 2 2 19 22 1122 633 1328
2070 2 2 19 22 663 930 1583
2071 2 2 19 22 995 723 1684
2072 2 2 19 22 1006 574 1616
2073 2 2 19 22 672 1264 1329
2074 2 2 19 22 584 1278 1617
2075 2 2 19 22 1070 426 1721
2076 2 2 19 22 1278 874 1617
2077 2 2 19 22 1011 617 1273
2078 2 2 19 22 1579 800 1589
2079 2 2 19 22 398 397 1342
2080 2 2 19 22 423 1059 1147
2081 2 2 19 22 1489 863 1701
2082 2 2 19 22 950 751 1682
2083 2 2 19 22 1240 442 1490
2084 2 2 19 22 371 1012 1236
2085 2 2 19 22 816 1240 1490
2086 2 2 19 22 805 1676 1736
2087 2 2 19 22 933 604 1470
2088 2 2 19 22 319 320 1250
2089 2 2 19 22 1016 330 1734
2090 2 2 19 22 924 1147 1481
2091 2 2 19 22 574 1008 1616
2092 2 2 19 22 1187 481 1658
2093 2 2 19 22 981 622 1331
2094 2 2 19 22 848 1187 1658
2095 2 2 19 22 1054 670 1274
2096 2 2 19 22 1073 641 1205
2097 2 2 19 22 554 945 1598
2098 2 2 19 22 938 448 1552
2099 2 2 19 22 477 1073 1205
2100 2 2 19 22 709 1041 1619
2101 2 2 19 22 497 1280 1665
2102 2 2 19 22 1068 309 1409
2103 2 2 19 22 490 1121 1376
2104 2 2 19 22 1085 812 1543
2105 2 2 19 22 1448 883 1655
2106 2 2 19 22 682 1025 1443
2107 2 2 19 22 945 691 1598
2108 2 2 19 22 1025 473 1443
2109 2 2 19 22 941 1350 1502
2110 2 2 19 22 387 388 1164
2111 2 2 19 22 489 1077 1527
2112 2 2 19 22 389 1283 1595
2113 2 2 19 22 469 953 1690
2114 2 2 19 22 753 953 1689
2115 2 2 19 22 408 950 1397
2116 2 2 19 22 629 1310 1689
2117 2 2 19 22 642 1072 1217
2118 2 2 19 22 516 939 1464
2119 2 2 19 22 709 1102 1377
2120 2 2 19 22 953 632 1690
2121 2 2 19 22 1102 583 1377
2122 2 2 19 22 396 395 1681
2123 2 2 19 22 1072 482 1217
2124 2 2 19 22 1139 782 1620
2125 2 2 19 22 1038 662 1434
2126 2 2 19 22 1150 614 1708
2127 2 2 19 22 985 620 1582
2128 2 2 19 22 557 1005 1449
2129 2 2 19 22 601 1067 1563
2130 2 2 19 22 618 1005 1497
2131 2 2 19 22 510 1148 1553
2132 2 2 19 22 947 526 1551
2133 2 2 19 22 620 1050 1582
2134 2 2 19 22 1251 840 1560
2135 2 2 19 22 968 419 1467
2136 2 2 19 22 548 1251 1560
2137 2 2 19 22 626 971 1688
2138 2 2 19 22 447 1229 1730
2139 2 2 19 22 525 949 1559
2140 2 2 19 22 543 991 1415
2141 2 2 19 22 1250 320 1501
2142 2 2 19 22 420 967 1461
2143 2 2 19 22 533 970 1445
2144 2 2 19 22 754 1055 1306
2145 2 2 19 22 970 654 1445
2146 2 2 19 22 389 390 1283
2147 2 2 19 22 310 1068 1573
2148 2 2 19 22 1228 1028 1577
2149 2 2 19 22 433 947 1594
2150 2 2 19 22 537 946 1597
2151 2 2 19 22 419 971 1467
2152 2 2 19 22 331 1021 1336
2153 2 2 19 22 965 585 1359
2154 2 2 19 22 615 963 1428
2155 2 2 19 22 741 951 1718
2156 2 2 19 22 954 677 1548
2157 2 2 19 22 328 329 1290
2158 2 2 19 22 466 1036 1281
2159 2 2 19 22 976 628 1692
2160 2 2 19 22 557 951 1585
2161 2 2 19 22 518 954 1548
2162 2 2 19 22 470 1055 1657
2163 2 2 19 22 361 362 1309
2164 2 2 19 22 1024 374 1234
2165 2 2 19 22 493 981 1331
2166 2 2 19 22 976 420 1461
2167 2 2 19 22 873 1136 1497
2168 2 2 19 22 1429 517 1489
2169 2 2 19 22 636 1317 1665
2170 2 2 19 22 885 1429 1489
2171 2 2 19 22 824 1152 1298
2172 2 2 19 22 723 995 1495
2173 2 2 19 22 1223 693 1568
2174 2 2 19 22 771 1202 1451
2175 2 2 19 22 592 1036 1223
2176 2 2 19 22 981 634 1345
2177 2 2 19 22 1146 623 1729
2178 2 2 19 22 488 1011 1273
2179 2 2 19 22 698 1522 1524
2180 2 2 19 22 696 984 1570
2181 2 2 19 22 1080 703 1525
2182 2 2 19 22 984 439 1570
2183 2 2 19 22 1202 700 1451
2184 2 2 19 22 1034 589 1435
2185 2 2 19 22 646 1539 1725
2186 2 2 19 22 1502 538 1596
2187 2 2 19 22 699 955 1550
2188 2 2 19 22 539 995 1684
2189 2 2 19 22 1270 495 1652
2190 2 2 19 22 941 1502 1596
2191 2 2 19 22 628 988 1692
2192 2 2 19 22 526 959 1551
2193 2 2 19 22 959 678 1551
2194 2 2 19 22 787 1119 1625
2195 2 2 19 22 653 959 1488
2196 2 2 19 22 415 958 1563
2197 2 2 19 22 956 551 1487
2198 2 2 19 22 621 1034 1435
2199 2 2 19 22 740 1125 1281
2200 2 2 19 22 472 1019 1480
2201 2 2 19 22 966 456 1427
2202 2 2 19 22 959 526 1488
2203 2 2 19 22 1022 1224 1588
2204 2 2 19 22 957 438 1525
2205 2 2 19 22 463 1295 1455
2206 2 2 19 22 601 958 1537
2207 2 2 19 22 1352 597 1661
2208 2 2 19 22 436 989 1351
2209 2 2 19 22 485 1198 1737
2210 2 2 19 22 912 1352 1661
2211 2 2 19 22 1185 340 1458
2212 2 2 19 22 971 540 1688
2213 2 2 19 22 1198 857 1737
2214 2 2 19 22 680 1559 1621
2215 2 2 19 22 851 1637 1681
2216 2 2 19 22 746 1211 1439
2217 2 2 19 22 1084 783 1540
2218 2 2 19 22 961 608 1485
2219 2 2 19 22 961 416 1545
2220 2 2 19 22 350 16 1362
2221 2 2 19 22 815 962 1730
2222 2 2 19 22 960 674 1528
2223 2 2 19 22 409 1566 1647
2224 2 2 19 22 1084 619 1742
2225 2 2 19 22 1061 424 1242
2226 2 2 19 22 1559 949 1621
2227 2 2 19 22 758 1046 1602
2228 2 2 19 22 987 435 1372
2229 2 2 19 22 1104 394 1496
2230 2 2 19 22 360 361 1526
2231 2 2 19 22 536 999 1624
2232 2 2 19 22 965 457 1609
2233 2 2 19 22 970 461 1500
2234 2 2 19 22 20 371 1236
2235 2 2 19 22 541 976 1692
2236 2 2 19 22 998 626 1688
2237 2 2 19 22 1307 646 1725
2238 2 2 19 22 1119 501 1625
2239 2 2 19 22 295 294 1438
2240 2 2 19 22 1148 769 1553
2241 2 2 19 22 1029 571 1275
2242 2 2 19 22 329 1016 1290
2243 2 2 19 22 1066 802 1341
2244 2 2 19 22 315 316 1472
2245 2 2 19 22 357 358 1249
2246 2 2 19 22 971 626 1467
2247 2 2 19 22 508 1139 1620
2248 2 2 19 22 654 970 1500
2249 2 2 19 22 1169 323 1268
2250 2 2 19 22 1002 1205 1685
2251 2 2 19 22 1290 715 1294
2252 2 2 19 22 1284 674 1705
2253 2 2 19 22 805 1369 1676
2254 2 2 19 22 506 1301 1314
2255 2 2 19 22 1301 752 1314
2256 2 2 19 22 879 1297 1677
2257 2 2 19 22 1297 560 1677
2258 2 2 19 22 304 303 1287
2259 2 2 19 22 525 973 1518
2260 2 2 19 22 1074 474 1417
2261 2 2 19 22 628 976 1461
2262 2 2 19 22 670 1238 1465
2263 2 2 19 22 1043 346 1380
2264 2 2 19 22 1022 700 1530
2265 2 2 19 22 431 1022 1530
2266 2 2 19 22 973 525 1559
2267 2 2 19 22 680 973 1559
2268 2 2 19 22 417 983 1728
2269 2 2 19 22 942 1395 1722
2270 2 2 19 22 336 337 1456
2271 2 2 19 22 706 1354 1556
2272 2 2 19 22 1086 608 1545
2273 2 2 19 22 349 350 1483
2274 2 2 19 22 374 375 1234
2275 2 2 19 22 616 1106 1680
2276 2 2 19 22 19 331 1336
2277 2 2 19 22 1395 539 1722
2278 2 2 19 22 972 684 1554
2279 2 2 19 22 619 1032 1640
2280 2 2 19 22 973 655 1518
2281 2 2 19 22 789 1430 1712
2282 2 2 19 22 468 1109 1693
2283 2 2 19 22 472 1038 1434
2284 2 2 19 22 996 461 1381
2285 2 2 19 22 1283 813 1595
2286 2 2 19 22 1216 736 1360
2287 2 2 19 22 519 1216 1360
2288 2 2 19 22 1077 744 1346
2289 2 2 19 22 758 1229 1506
2290 2 2 19 22 568 1077 1346
2291 2 2 19 22 997 485 1422
2292 2 2 19 22 1036 620 1281
2293 2 2 19 22 1251 724 1535
2294 2 2 19 22 991 690 1415
2295 2 2 19 22 369 1065 1475
2296 2 2 19 22 548 977 1626
2297 2 2 19 22 988 776 1713
2298 2 2 19 22 598 1087 1694
2299 2 2 19 22 553 1076 1547
2300 2 2 19 22 739 1147 1668
2301 2 2 19 22 323 324 1268
2302 2 2 19 22 346 347 1380
2303 2 2 19 22 1269 496 1581
2304 2 2 19 22 552 996 1611
2305 2 2 19 22 1501 942 1722
2306 2 2 19 22 546 982 1673
2307 2 2 19 22 480 1088 1709
2308 2 2 19 22 578 990 1740
2309 2 2 19 22 995 467 1495
2310 2 2 19 22 1279 642 1679
2311 2 2 19 22 1161 648 1167
2312 2 2 19 22 609 983 1630
2313 2 2 19 22 768 1250 1501
2314 2 2 19 22 625 1061 1242
2315 2 2 19 22 439 984 1493
2316 2 2 19 22 677 978 1548
2317 2 2 19 22 862 1168 1367
2318 2 2 19 22 1108 542 1572
2319 2 2 19 22 367 368 1448
2320 2 2 19 22 1037 579 1293
2321 2 2 19 22 984 561 1663
2322 2 2 19 22 337 338 1263
2323 2 2 19 22 682 985 1511
2324 2 2 19 22 1212 933 1702
2325 2 2 19 22 1039 711 1663
2326 2 2 19 22 986 696 1570
2327 2 2 19 22 1000 678 1534
2328 2 2 19 22 700 1022 1588
2329 2 2 19 22 542 1000 1534
2330 2 2 19 22 785 1052 1426
2331 2 2 19 22 838 1153 1527
2332 2 2 19 22 397 396 1637
2333 2 2 19 22 666 1169 1268
2334 2 2 19 22 999 702 1624
2335 2 2 19 22 1066 658 1259
2336 2 2 19 22 647 1161 1167
2337 2 2 19 22 693 991 1599
2338 2 2 19 22 991 543 1599
2339 2 2 19 22 680 1003 1538
2340 2 2 19 22 1003 543 1538
2341 2 2 19 22 1037 1293 1721
2342 2 2 19 22 733 1185 1458
2343 2 2 19 22 500 1425 1451
2344 2 2 19 22 1099 817 1403
2345 2 2 19 22 467 995 1515
2346 2 2 19 22 1009 484 1391
2347 2 2 19 22 995 666 1515
2348 2 2 19 22 560 1063 1603
2349 2 2 19 22 1189 796 1575
2350 2 2 19 22 448 1178 1552
2351 2 2 19 22 571 1189 1575
2352 2 2 19 22 1178 788 1552
2353 2 2 19 22 1083 478 1639
2354 2 2 19 22 1229 815 1730
2355 2 2 19 22 1079 356 1606
2356 2 2 19 22 784 1088 1364
2357 2 2 19 22 991 693 1578
2358 2 2 19 22 992 695 1614
2359 2 2 19 22 1114 528 1343
2360 2 2 19 22 509 1023 1591
2361 2 2 19 22 676 1114 1343
2362 2 2 19 22 1054 874 1469
2363 2 2 19 22 761 1117 1707
2364 2 2 19 22 931 1111 1437
2365 2 2 19 22 1028 701 1577
2366 2 2 19 22 692 994 1580
2367 2 2 19 22 1005 618 1449
2368 2 2 19 22 476 1143 1368
2369 2 2 19 22 1533 689 1626
2370 2 2 19 22 1048 467 1333
2371 2 2 19 22 1151 599 1299
2372 2 2 19 22 977 1533 1626
2373 2 2 19 22 1082 756 1644
2374 2 2 19 22 507 1082 1644
2375 2 2 19 22 1018 435 1384
2376 2 2 19 22 702 999 1632
2377 2 2 19 22 999 470 1632
2378 2 2 19 22 748 1197 1585
2379 2 2 19 22 1121 741 1359
2380 2 2 19 22 463 1225 1356
2381 2 2 19 22 623 1146 1693
2382 2 2 19 22 1146 804 1693
2383 2 2 19 22 1000 433 1594
2384 2 2 19 22 585 1121 1359
2385 2 2 19 22 1003 680 1621
2386 2 2 19 22 772 998 1706
2387 2 2 19 22 311 312 1373
2388 2 2 19 22 1445 884 1704
2389 2 2 19 22 648 1459 1592
2390 2 2 19 22 1076 488 1514
2391 2 2 19 22 702 1232 1653
2392 2 2 19 22 715 1076 1514
2393 2 2 19 22 1071 727 1429
2394 2 2 19 22 1007 464 1517
2395 2 2 19 22 327 328 1294
2396 2 2 19 22 1005 418 1497
2397 2 2 19 22 559 1002 1685
2398 2 2 19 22 547 1027 1561
2399 2 2 19 22 1125 466 1281
2400 2 2 19 22 1078 512 1271
2401 2 2 19 22 551 1007 1619
2402 2 2 19 22 678 1000 1594
2403 2 2 19 22 495 1285 1353
2404 2 2 19 22 434 1003 1621
2405 2 2 19 22 1055 470 1306
2406 2 2 19 22 543 1003 1599
2407 2 2 19 22 468 1085 1543
2408 2 2 19 22 617 1090 1671
2409 2 2 19 22 986 1246 1697
2410 2 2 19 22 1099 683 1340
2411 2 2 19 22 385 386 1432
2412 2 2 19 22 352 353 1386
2413 2 2 19 22 869 1210 1370
2414 2 2 19 22 943 1193 1474
2415 2 2 19 22 1041 551 1619
2416 2 2 19 22 685 1203 1507
2417 2 2 19 22 1405 659 1476
2418 2 2 19 22 491 1253 1706
2419 2 2 19 22 782 1093 1700
2420 2 2 19 22 1025 558 1420
2421 2 2 19 22 1076 715 1547
2422 2 2 19 22 1044 437 1532
2423 2 2 19 22 780 1124 1486
2424 2 2 19 22 1016 553 1547
2425 2 2 19 22 1366 800 1579
2426 2 2 19 22 1247 492 1713
2427 2 2 19 22 533 1445 1704
2428 2 2 19 22 1154 832 1514
2429 2 2 19 22 1244 734 1379
2430 2 2 19 22 432 1028 1421
2431 2 2 19 22 1008 421 1708
2432 2 2 19 22 410 1244 1379
2433 2 2 19 22 1314 675 1478
2434 2 2 19 22 573 1011 1516
2435 2 2 19 22 1276 955 1605
2436 2 2 19 22 1095 583 1628
2437 2 2 19 22 1392 1014 1603
2438 2 2 19 22 495 1270 1285
2439 2 2 19 22 1269 704 1338
2440 2 2 19 22 1270 710 1285
2441 2 2 19 22 1414 841 1684
2442 2 2 19 22 505 1305 1520
2443 2 2 19 22 1190 872 1389
2444 2 2 19 22 1017 594 1477
2445 2 2 19 22 1008 614 1616
2446 2 2 19 22 982 1144 1673
2447 2 2 19 22 1109 468 1543
2448 2 2 19 22 1305 813 1520
2449 2 2 19 22 1027 722 1699
2450 2 2 19 22 478 1027 1699
2451 2 2 19 22 297 296 1350
2452 2 2 19 22 474 1204 1417
2453 2 2 19 22 1454 781 1539
2454 2 2 19 22 1398 702 1653
2455 2 2 19 22 1481 535 1610
2456 2 2 19 22 924 1481 1610
2457 2 2 19 22 670 1054 1469
2458 2 2 19 22 478 1083 1303
2459 2 2 19 22 1068 1409 1562
2460 2 2 19 22 1083 773 1303
2461 2 2 19 22 694 1044 1532
2462 2 2 19 22 588 1059 1622
2463 2 2 19 22 826 1097 1378
2464 2 2 19 22 1014 360 1526
2465 2 2 19 22 790 1418 1546
2466 2 2 19 22 437 1122 1743
2467 2 2 19 22 833 1020 1494
2468 2 2 19 22 1122 795 1743
2469 2 2 19 22 1082 836 1513
2470 2 2 19 22 348 1129 1649
2471 2 2 19 22 1075 385 1432
2472 2 2 19 22 1254 648 1592
2473 2 2 19 22 658 1066 1341
2474 2 2 19 22 1064 588 1622
2475 2 2 19 22 1019 663 1583
2476 2 2 19 22 928 1278 1565
2477 2 2 19 22 729 1657 1714
2478 2 2 19 22 581 1127 1542
2479 2 2 19 22 1127 898 1542
2480 2 2 19 22 1014 560 1603
2481 2 2 19 22 568 1021 1687
2482 2 2 19 22 1021 713 1687
2483 2 2 19 22 1233 419 1539
2484 2 2 19 22 1136 618 1497
2485 2 2 19 22 1167 648 1355
2486 2 2 19 22 778 1100 1731
2487 2 2 19 22 1100 446 1731
2488 2 2 19 22 1039 479 1623
2489 2 2 19 22 1056 424 1361
2490 2 2 19 22 711 1039 1623
2491 2 2 19 22 465 1020 1683
2492 2 2 19 22 477 1107 1284
2493 2 2 19 22 335 336 1567
2494 2 2 19 22 1031 407 1484
2495 2 2 19 22 1324 757 1388
2496 2 2 19 22 411 1324 1388
2497 2 2 19 22 544 1019 1583
2498 2 2 19 22 1280 497 1322
2499 2 2 19 22 719 1280 1322
2500 2 2 19 22 1191 775 1476
2501 2 2 19 22 427 1262 1300
2502 2 2 19 22 1022 431 1711
2503 2 2 19 22 742 1100 1516
2504 2 2 19 22 498 1191 1476
2505 2 2 19 22 1262 704 1300
2506 2 2 19 22 357 1249 1606
2507 2 2 19 22 706 1556 1634
2508 2 2 19 22 486 1213 1231
2509 2 2 19 22 1213 657 1231
2510 2 2 19 22 1023 632 1591
2511 2 2 19 22 1470 708 1579
2512 2 2 19 22 713 1021 1643
2513 2 2 19 22 775 1191 1568
2514 2 2 19 22 1191 592 1568
2515 2 2 19 22 1224 605 1401
2516 2 2 19 22 1226 659 1241
2517 2 2 19 22 779 1224 1401
2518 2 2 19 22 1093 391 1700
2519 2 2 19 22 1100 573 1516
2520 2 2 19 22 685 1097 1320
2521 2 2 19 22 671 1226 1241
2522 2 2 19 22 590 1130 1387
2523 2 2 19 22 1130 688 1387
2524 2 2 19 22 317 318 1407
2525 2 2 19 22 657 1221 1231
2526 2 2 19 22 294 1042 1438
2527 2 2 19 22 1221 661 1231
2528 2 2 19 22 1082 507 1440
2529 2 2 19 22 1164 388 1595
2530 2 2 19 22 496 1269 1338
2531 2 2 19 22 1313 546 1673
2532 2 2 19 22 852 1313 1673
2533 2 2 19 22 387 1164 1660
2534 2 2 19 22 969 1150 1708
2535 2 2 19 22 358 359 1392
2536 2 2 19 22 1119 581 1542
2537 2 2 19 22 1311 510 1553
2538 2 2 19 22 735 1119 1542
2539 2 2 19 22 712 1272 1315
2540 2 2 19 22 1272 429 1315
2541 2 2 19 22 376 377 1394
2542 2 2 19 22 1118 482 1292
2543 2 2 19 22 822 1311 1553
2544 2 2 19 22 1226 671 1347
2545 2 2 19 22 571 1038 1735
2546 2 2 19 22 1038 472 1480
2547 2 2 19 22 462 1094 1330
2548 2 2 19 22 309 308 1409
2549 2 2 19 22 1187 764 1382
2550 2 2 19 22 500 1161 1425
2551 2 2 19 22 1446 686 1572
2552 2 2 19 22 734 1186 1329
2553 2 2 19 22 563 1032 1540
2554 2 2 19 22 703 1420 1525
2555 2 2 19 22 424 1061 1390
2556 2 2 19 22 1163 665 1304
2557 2 2 19 22 712 1279 1347
2558 2 2 19 22 428 1163 1304
2559 2 2 19 22 606 1228 1411
2560 2 2 19 22 1228 781 1411
2561 2 2 19 22 1089 868 1464
2562 2 2 19 22 1249 793 1606
2563 2 2 19 22 530 1203 1320
2564 2 2 19 22 675 1302 1478
2565 2 2 19 22 1263 654 1456
2566 2 2 19 22 1203 685 1320
2567 2 2 19 22 1239 442 1240
2568 2 2 19 22 672 1239 1240
2569 2 2 19 22 1161 500 1459
2570 2 2 19 22 1160 605 1494
2571 2 2 19 22 1049 652 1440
2572 2 2 19 22 1162 619 1640
2573 2 2 19 22 1425 771 1451
2574 2 2 19 22 792 1198 1447
2575 2 2 19 22 831 1295 1524
2576 2 2 19 22 1113 698 1529
2577 2 2 19 22 1058 607 1418
2578 2 2 19 22 503 1131 1646
2579 2 2 19 22 1131 761 1646
2580 2 2 19 22 363 364 1441
2581 2 2 19 22 561 1039 1663
2582 2 2 19 22 1235 621 1435
2583 2 2 19 22 689 1035 1626
2584 2 2 19 22 671 1272 1347
2585 2 2 19 22 661 1221 1338
2586 2 2 19 22 1035 480 1727
2587 2 2 19 22 1088 480 1364
2588 2 2 19 22 1279 498 1347
2589 2 2 19 22 1304 710 1337
2590 2 2 19 22 1258 683 1523
2591 2 2 19 22 1363 434 1405
2592 2 2 19 22 1035 548 1626
2593 2 2 19 22 775 1363 1405
2594 2 2 19 22 1453 877 1699
2595 2 2 19 22 340 341 1458
2596 2 2 19 22 1124 487 1486
2597 2 2 19 22 632 1091 1690
2598 2 2 19 22 344 345 1686
2599 2 2 19 22 517 1151 1674
2600 2 2 19 22 479 1039 1549
2601 2 2 19 22 1151 778 1674
2602 2 2 19 22 1314 752 1433
2603 2 2 19 22 1046 483 1602
2604 2 2 19 22 671 1227 1272
2605 2 2 19 22 1220 661 1262
2606 2 2 19 22 427 1220 1262
2607 2 2 19 22 1227 429 1272
2608 2 2 19 22 464 1355 1601
2609 2 2 19 22 775 1405 1476
2610 2 2 19 22 300 1156 1642
2611 2 2 19 22 778 1151 1299
2612 2 2 19 22 1156 767 1642
2613 2 2 19 22 1152 408 1298
2614 2 2 19 22 1128 682 1511
2615 2 2 19 22 623 1074 1417
2616 2 2 19 22 900 1402 1538
2617 2 2 19 22 1053 315 1472
2618 2 2 19 22 1322 497 1358
2619 2 2 19 22 1400 896 1534
2620 2 2 19 22 368 369 1475
2621 2 2 19 22 484 1040 1571
2622 2 2 19 22 649 1070 1721
2623 2 2 19 22 1087 461 1694
2624 2 2 19 22 523 1579 1589
2625 2 2 19 22 473 1412 1556
2626 2 2 19 22 467 1048 1495
2627 2 2 19 22 1412 850 1556
2628 2 2 19 22 586 1139 1574
2629 2 2 19 22 850 1412 1593
2630 2 2 19 22 1411 690 1457
2631 2 2 19 22 1139 743 1574
2632 2 2 19 22 799 1238 1604
2633 2 2 19 22 1041 414 1614
2634 2 2 19 22 1238 521 1604
2635 2 2 19 22 695 1041 1614
2636 2 2 19 22 721 1249 1392
2637 2 2 19 22 1262 661 1338
2638 2 2 19 22 1249 358 1392
2639 2 2 19 22 1350 697 1502
2640 2 2 19 22 1097 685 1378
2641 2 2 19 22 804 1146 1487
2642 2 2 19 22 1204 791 1417
2643 2 2 19 22 1475 1065 1717
2644 2 2 19 22 860 1646 1707
2645 2 2 19 22 1147 739 1481
2646 2 2 19 22 1352 532 1733
2647 2 2 19 22 394 393 1496
2648 2 2 19 22 580 1157 1717
2649 2 2 19 22 320 321 1501
2650 2 2 19 22 1115 649 1691
2651 2 2 19 22 669 1188 1323
2652 2 2 19 22 1188 430 1323
2653 2 2 19 22 889 1191 1679
2654 2 2 19 22 428 1304 1337
2655 2 2 19 22 301 300 1642
2656 2 2 19 22 704 1073 1705
2657 2 2 19 22 947 1551 1594
2658 2 2 19 22 1551 678 1594
2659 2 2 19 22 474 1074 1452
2660 2 2 19 22 660 1318 1332
2661 2 2 19 22 1318 718 1332
2662 2 2 19 22 908 1132 1641
2663 2 2 19 22 698 1524 1529
2664 2 2 19 22 15 351 1739
2665 2 2 19 22 605 1160 1401
2666 2 2 19 22 390 18 1576
2667 2 2 19 22 1160 686 1401
2668 2 2 19 22 683 1099 1403
2669 2 2 19 22 691 1046 1598
2670 2 2 19 22 483 1046 1698
2671 2 2 19 22 719 1323 1339
2672 2 2 19 22 1323 430 1339
2673 2 2 19 22 1050 412 1582
2674 2 2 19 22 1046 554 1598
2675 2 2 19 22 660 1332 1631
2676 2 2 19 22 1173 520 1328
2677 2 2 19 22 1149 566 1618
2678 2 2 19 22 747 1149 1618
2679 2 2 19 22 660 1177 1596
2680 2 2 19 22 575 1148 1670
2681 2 2 19 22 1112 495 1590
2682 2 2 19 22 1148 759 1670
2683 2 2 19 22 452 1166 1365
2684 2 2 19 22 1288 821 1310
2685 2 2 19 22 1166 729 1365
2686 2 2 19 22 1048 563 1635
2687 2 2 19 22 1186 475 1329
2688 2 2 19 22 1426 502 1491
2689 2 2 19 22 16 310 1573
2690 2 2 19 22 1046 691 1698
2691 2 2 19 22 717 1245 1607
2692 2 2 19 22 388 389 1595
2693 2 2 19 22 1062 576 1529
2694 2 2 19 22 794 1659 1672
2695 2 2 19 22 1155 656 1353
2696 2 2 19 22 356 357 1606
2697 2 2 19 22 379 380 1612
2698 2 2 19 22 409 1212 1702
2699 2 2 19 22 424 1056 1664
2700 2 2 19 22 1556 850 1634
2701 2 2 19 22 704 1262 1338
2702 2 2 19 22 456 1209 1427
2703 2 2 19 22 1361 934 1710
2704 2 2 19 22 1209 738 1427
2705 2 2 19 22 916 1120 1600
2706 2 2 19 22 726 1127 1562
2707 2 2 19 22 410 1379 1629
2708 2 2 19 22 1379 847 1629
2709 2 2 19 22 347 348 1649
2710 2 2 19 22 1127 581 1562
2711 2 2 19 22 312 1137 1373
2712 2 2 19 22 366 367 1655
2713 2 2 19 22 386 387 1660
2714 2 2 19 22 1061 707 1696
2715 2 2 19 22 501 1296 1625
2716 2 2 19 22 753 1357 1473
2717 2 2 19 22 464 1167 1355
2718 2 2 19 22 1285 710 1304
2719 2 2 19 22 391 17 1700
2720 2 2 19 22 372 373 1726
2721 2 2 19 22 1296 811 1625
2722 2 2 19 22 330 19 1734
2723 2 2 19 22 461 1087 1500
2724 2 2 19 22 1267 794 1672
2725 2 2 19 22 1132 812 1641
2726 2 2 19 22 1667 816 1733
2727 2 2 19 22 703 1080 1593
2728 2 2 19 22 1080 534 1593
2729 2 2 19 22 1157 493 1656
2730 2 2 19 22 1059 635 1622
2731 2 2 19 22 755 1157 1656
2732 2 2 19 22 1055 567 1714
2733 2 2 19 22 464 1102 1517
2734 2 2 19 22 1111 664 1437
2735 2 2 19 22 1221 657 1474
2736 2 2 19 22 668 1184 1358
2737 2 2 19 22 581 1068 1562
2738 2 2 19 22 1221 496 1338
2739 2 2 19 22 551 1416 1487
2740 2 2 19 22 1168 644 1367
2741 2 2 19 22 1416 804 1487
2742 2 2 19 22 487 1241 1486
2743 2 2 19 22 756 1082 1513
2744 2 2 19 22 700 1078 1530
2745 2 2 19 22 1165 644 1375
2746 2 2 19 22 296 1277 1350
2747 2 2 19 22 1157 755 1717
2748 2 2 19 22 1277 697 1350
2749 2 2 19 22 659 1226 1476
2750 2 2 19 22 942 1169 1395
2751 2 2 19 22 1257 894 1374
2752 2 2 19 22 1101 596 1479
2753 2 2 19 22 768 1501 1722
2754 2 2 19 22 1349 673 1608
2755 2 2 19 22 498 1226 1347
2756 2 2 19 22 1150 552 1423
2757 2 2 19 22 761 1131 1423
2758 2 2 19 22 1258 532 1340
2759 2 2 19 22 532 1258 1667
2760 2 2 19 22 1258 829 1667
2761 2 2 19 22 750 1196 1612
2762 2 2 19 22 665 1285 1304
2763 2 2 19 22 683 1258 1340
2764 2 2 19 22 725 1308 1349
2765 2 2 19 22 1196 379 1612
2766 2 2 19 22 1065 580 1717
2767 2 2 19 22 1322 669 1323
2768 2 2 19 22 719 1322 1323
2769 2 2 19 22 589 1069 1654
2770 2 2 19 22 1272 712 1347
2771 2 2 19 22 353 1171 1386
2772 2 2 19 22 485 1184 1422
2773 2 2 19 22 1291 508 1620
2774 2 2 19 22 785 1426 1491
2775 2 2 19 22 1192 643 1371
2776 2 2 19 22 1092 467 1515
2777 2 2 19 22 705 1095 1628
2778 2 2 19 22 627 1361 1710
2779 2 2 19 22 1225 645 1356
2780 2 2 19 22 481 1187 1382
2781 2 2 19 22 825 1291 1620
2782 2 2 19 22 442 1312 1490
2783 2 2 19 22 1312 760 1490
2784 2 2 19 22 1259 658 1672
2785 2 2 19 22 629 1288 1310
2786 2 2 19 22 1377 765 1503
2787 2 2 19 22 656 1155 1651
2788 2 2 19 22 1401 686 1446
2789 2 2 19 22 779 1401 1446
2790 2 2 19 22 1238 670 1469
2791 2 2 19 22 425 1132 1519
2792 2 2 19 22 1319 689 1533
2793 2 2 19 22 1169 666 1395
2794 2 2 19 22 658 1267 1672
2795 2 2 19 22 1199 789 1492
2796 2 2 19 22 1200 615 1428
2797 2 2 19 22 466 1125 1457
2798 2 2 19 22 651 1190 1389
2799 2 2 19 22 1210 643 1370
2800 2 2 19 22 1398 860 1707
2801 2 2 19 22 721 1392 1603
2802 2 2 19 22 443 1398 1707
2803 2 2 19 22 1166 601 1564
2804 2 2 19 22 1102 709 1517
2805 2 2 19 22 729 1166 1564
2806 2 2 19 22 1077 568 1687
2807 2 2 19 22 1161 647 1425
2808 2 2 19 22 731 1225 1455
2809 2 2 19 22 690 1411 1454
2810 2 2 19 22 1411 781 1454
2811 2 2 19 22 1193 496 1474
2812 2 2 19 22 1185 733 1704
2813 2 2 19 22 651 1183 1408
2814 2 2 19 22 1307 499 1431
2815 2 2 19 22 668 1358 1584
2816 2 2 19 22 731 1307 1431
2817 2 2 19 22 1108 686 1675
2818 2 2 19 22 711 1493 1663
2819 2 2 19 22 1155 665 1658
2820 2 2 19 22 1318 660 1596
2821 2 2 19 22 1203 530 1587
2822 2 2 19 22 843 1203 1587
2823 2 2 19 22 583 1102 1628
2824 2 2 19 22 1117 552 1611
2825 2 2 19 22 716 1117 1611
2826 2 2 19 22 1144 852 1673
2827 2 2 19 22 1184 668 1422
2828 2 2 19 22 1129 349 1483
2829 2 2 19 22 503 1274 1719
2830 2 2 19 22 1107 694 1565
2831 2 2 19 22 1172 425 1519
2832 2 2 19 22 749 1326 1478
2833 2 2 19 22 1326 506 1478
2834 2 2 19 22 630 1109 1543
2835 2 2 19 22 584 1107 1565
2836 2 2 19 22 650 1257 1374
2837 2 2 19 22 1676 529 1736
2838 2 2 19 22 648 1161 1459
2839 2 2 19 22 1308 673 1349
2840 2 2 19 22 650 1218 1404
2841 2 2 19 22 504 1084 1742
2842 2 2 19 22 669 1184 1737
2843 2 2 19 22 604 1174 1470
2844 2 2 19 22 1178 589 1654
2845 2 2 19 22 1174 708 1470
2846 2 2 19 22 728 1200 1428
2847 2 2 19 22 788 1178 1654
2848 2 2 19 22 1102 464 1601
2849 2 2 19 22 1106 472 1680
2850 2 2 19 22 686 1108 1572
2851 2 2 19 22 1646 761 1707
2852 2 2 19 22 563 1133 1635
2853 2 2 19 22 1133 723 1635
2854 2 2 19 22 1242 706 1634
2855 2 2 19 22 483 1105 1602
2856 2 2 19 22 1252 317 1407
2857 2 2 19 22 1230 673 1597
2858 2 2 19 22 1098 459 1648
2859 2 2 19 22 751 1140 1510
2860 2 2 19 22 497 1135 1584
2861 2 2 19 22 1198 485 1447
2862 2 2 19 22 860 1289 1646
2863 2 2 19 22 911 1112 1590
2864 2 2 19 22 1132 667 1519
2865 2 2 19 22 1228 499 1725
2866 2 2 19 22 781 1228 1725
2867 2 2 19 22 1307 731 1455
2868 2 2 19 22 646 1307 1455
2869 2 2 19 22 1362 787 1625
2870 2 2 19 22 1247 767 1631
2871 2 2 19 22 460 1103 1666
2872 2 2 19 22 492 1247 1631
2873 2 2 19 22 762 1283 1576
2874 2 2 19 22 1211 484 1439
2875 2 2 19 22 811 1362 1625
2876 2 2 19 22 687 1252 1407
2877 2 2 19 22 608 1207 1536
2878 2 2 19 22 1283 390 1576
2879 2 2 19 22 1207 720 1536
2880 2 2 19 22 395 1104 1681
2881 2 2 19 22 1130 465 1683
2882 2 2 19 22 443 1282 1398
2883 2 2 19 22 1282 702 1398
2884 2 2 19 22 1118 587 1605
2885 2 2 19 22 1158 681 1505
2886 2 2 19 22 728 1428 1676
2887 2 2 19 22 488 1154 1514
2888 2 2 19 22 699 1118 1605
2889 2 2 19 22 707 1237 1468
2890 2 2 19 22 1126 335 1567
2891 2 2 19 22 1237 462 1468
2892 2 2 19 22 766 1431 1450
2893 2 2 19 22 1431 499 1450
2894 2 2 19 22 1120 444 1600
2895 2 2 19 22 461 1316 1694
2896 2 2 19 22 810 1235 1435
2897 2 2 19 22 1109 623 1693
2898 2 2 19 22 502 1256 1491
2899 2 2 19 22 962 1197 1730
2900 2 2 19 22 1124 600 1586
2901 2 2 19 22 1536 720 1639
2902 2 2 19 22 877 1536 1639
2903 2 2 19 22 1336 814 1734
2904 2 2 19 22 19 1336 1734
2905 2 2 19 22 686 1160 1675
2906 2 2 19 22 506 1314 1478
2907 2 2 19 22 1363 775 1568
2908 2 2 19 22 1451 700 1588
2909 2 2 19 22 1153 489 1527
2910 2 2 19 22 786 1253 1608
2911 2 2 19 22 1253 491 1608
2912 2 2 19 22 513 1115 1691
2913 2 2 19 22 1135 913 1584
2914 2 2 19 22 1209 609 1636
2915 2 2 19 22 738 1209 1636
2916 2 2 19 22 591 1143 1697
2917 2 2 19 22 701 1450 1577
2918 2 2 19 22 1261 366 1655
2919 2 2 19 22 1365 729 1714
2920 2 2 19 22 1353 656 1590
2921 2 2 19 22 777 1213 1479
2922 2 2 19 22 766 1199 1492
2923 2 2 19 22 1362 16 1573
2924 2 2 19 22 1283 762 1520
2925 2 2 19 22 804 1416 1482
2926 2 2 19 22 787 1362 1573
2927 2 2 19 22 1331 883 1656
2928 2 2 19 22 813 1283 1520
2929 2 2 19 22 1195 301 1642
2930 2 2 19 22 1248 344 1686
2931 2 2 19 22 496 1221 1474
2932 2 2 19 22 816 1490 1733
2933 2 2 19 22 673 1308 1597
2934 2 2 19 22 1293 649 1721
2935 2 2 19 22 1226 498 1476
2936 2 2 19 22 444 1120 1723
2937 2 2 19 22 1120 722 1723
2938 2 2 19 22 1191 498 1679
2939 2 2 19 22 495 1353 1590
2940 2 2 19 22 337 1263 1456
2941 2 2 19 22 521 1238 1469
2942 2 2 19 22 409 1555 1566
2943 2 2 19 22 1555 859 1566
2944 2 2 19 22 520 1383 1615
2945 2 2 19 22 1242 424 1664
2946 2 2 19 22 1383 799 1615
2947 2 2 19 22 884 1185 1704
2948 2 2 19 22 688 1130 1683
2949 2 2 19 22 1325 771 1425
2950 2 2 19 22 647 1325 1425
2951 2 2 19 22 1387 688 1388
2952 2 2 19 22 757 1387 1388
2953 2 2 19 22 1219 750 1612
2954 2 2 19 22 380 1219 1612
2955 2 2 19 22 1300 704 1705
2956 2 2 19 22 1205 901 1685
2957 2 2 19 22 675 1314 1433
2958 2 2 19 22 996 1381 1611
2959 2 2 19 22 1241 659 1486
2960 2 2 19 22 1564 878 1657
2961 2 2 19 22 729 1564 1657
2962 2 2 19 22 1143 696 1697
2963 2 2 19 22 803 1442 1443
2964 2 2 19 22 1442 682 1443
2965 2 2 19 22 1459 779 1592
2966 2 2 19 22 823 1432 1660
2967 2 2 19 22 1391 484 1571
2968 2 2 19 22 1275 571 1575
2969 2 2 19 22 1432 386 1660
2970 2 2 19 22 1155 481 1651
2971 2 2 19 22 1295 646 1455
2972 2 2 19 22 1177 941 1596
2973 2 2 19 22 1256 707 1491
2974 2 2 19 22 481 1155 1658
2975 2 2 19 22 1290 1016 1547
2976 2 2 19 22 1179 483 1698
2977 2 2 19 22 732 1212 1647
2978 2 2 19 22 1212 409 1647
2979 2 2 19 22 441 1146 1729
2980 2 2 19 22 499 1228 1577
2981 2 2 19 22 798 1380 1649
2982 2 2 19 22 1380 347 1649
2983 2 2 19 22 1160 465 1675
2984 2 2 19 22 1224 500 1588
2985 2 2 19 22 1173 732 1647
2986 2 2 19 22 1318 538 1499
2987 2 2 19 22 1189 571 1735
2988 2 2 19 22 796 1201 1575
2989 2 2 19 22 737 1189 1735
2990 2 2 19 22 1409 726 1562
2991 2 2 19 22 693 1223 1578
2992 2 2 19 22 646 1233 1539
2993 2 2 19 22 1382 679 1703
2994 2 2 19 22 1466 807 1504
2995 2 2 19 22 507 1466 1504
2996 2 2 19 22 844 1466 1644
2997 2 2 19 22 760 1352 1733
2998 2 2 19 22 782 1471 1620
2999 2 2 19 22 1466 507 1644
3000 2 2 19 22 1321 772 1648
3001 2 2 19 22 459 1321 1648
3002 2 2 19 22 1302 749 1478
3003 2 2 19 22 1508 844 1644
3004 2 2 19 22 756 1508 1644
3005 2 2 19 22 1471 825 1620
3006 2 2 19 22 592 1223 1568
3007 2 2 19 22 1651 481 1703
3008 2 2 19 22 767 1195 1642
3009 2 2 19 22 410 1629 1638
3010 2 2 19 22 1629 881 1638
3011 2 2 19 22 1256 640 1696
3012 2 2 19 22 776 1327 1666
3013 2 2 19 22 1327 460 1666
3014 2 2 19 22 679 1419 1703
3015 2 2 19 22 755 1475 1717
3016 2 2 19 22 1301 506 1510
3017 2 2 19 22 951 1449 1718
3018 2 2 19 22 1216 711 1623
3019 2 2 19 22 1308 537 1597
3020 2 2 19 22 529 1460 1736
3021 2 2 19 22 946 1230 1597
3022 2 2 19 22 1460 843 1736
3023 2 2 19 22 755 1448 1475
3024 2 2 19 22 1397 950 1682
3025 2 2 19 22 638 1397 1682
3026 2 2 19 22 1448 368 1475
3027 2 2 19 22 718 1318 1499
3028 2 2 19 22 1357 701 1473
3029 2 2 19 22 1246 591 1697
3030 2 2 19 22 1184 485 1737
3031 2 2 19 22 733 1531 1704
3032 2 2 19 22 532 1667 1733
3033 2 2 19 22 1413 724 1727
3034 2 2 19 22 1197 447 1730
3035 2 2 19 22 1295 463 1524
3036 2 2 19 22 707 1468 1491
3037 2 2 19 22 1468 785 1491
3038 2 2 19 22 420 1254 1592
3039 2 2 19 22 1232 702 1632
3040 2 2 19 22 538 1318 1596
3041 2 2 19 22 1278 584 1565
3042 2 2 19 22 641 1269 1581
3043 2 2 19 22 715 1290 1547
3044 2 2 19 22 1232 549 1653
3045 2 2 19 22 625 1242 1634
3046 2 2 19 22 1636 892 1709
3047 2 2 19 22 738 1636 1709
3048 2 2 19 22 587 1276 1605
3049 2 2 19 22 769 1396 1553
3050 2 2 19 22 1659 524 1672
3051 2 2 19 22 771 1325 1715
3052 2 2 19 22 1325 441 1715
3053 2 2 19 22 1358 497 1584
3054 2 2 19 22 706 1242 1664
3055 2 2 19 22 1396 822 1553
3056 2 2 19 22 722 1222 1723
3057 2 2 19 22 709 1377 1503
3058 2 2 19 22 1444 713 1643
3059 2 2 19 22 1416 695 1482
3060 2 2 19 22 618 1265 1718
3061 2 2 19 22 1539 781 1725
3062 2 2 19 22 1265 741 1718
3063 2 2 19 22 754 1248 1686
3064 2 2 19 22 524 1259 1672
3065 2 2 19 22 702 1282 1624
3066 2 2 19 22 481 1382 1703
3067 2 2 19 22 637 1270 1652
3068 2 2 19 22 707 1256 1696
3069 2 2 19 22 1038 1480 1735
3070 2 2 19 22 1301 627 1710
3071 2 2 19 22 752 1301 1710
3072 2 2 19 22 1324 641 1581
3073 2 2 19 22 757 1324 1581
3074 2 2 19 22 1280 636 1665
3075 2 2 19 22 1007 1517 1619
3076 2 2 19 22 498 1279 1679
3077 2 2 19 22 1289 503 1646
3078 2 2 19 22 1569 863 1731
3079 2 2 19 22 446 1569 1731
3080 2 2 19 22 835 1651 1703
3081 2 2 19 22 779 1446 1592
3082 2 2 19 22 1446 420 1592
3083 2 2 19 22 1274 670 1719
3084 2 2 19 22 1383 903 1724
3085 2 2 19 22 640 1390 1696
3086 2 2 19 22 763 1334 1652
3087 2 2 19 22 1334 637 1652
3088 2 2 19 22 670 1465 1719
3089 2 2 19 22 1465 819 1719
3090 2 2 19 22 678 1400 1534
3091 2 2 19 22 1489 517 1674
3092 2 2 19 22 863 1489 1674
3093 2 2 19 22 1402 680 1538
3094 2 2 19 22 491 1349 1608
3095 2 2 19 22 1509 809 1531
3096 2 2 19 22 1332 492 1631
3097 2 2 19 22 1390 1061 1696
3098 2 2 19 22 708 1366 1579
3099 2 2 19 22 1450 499 1577
3100 2 2 19 22 1668 867 1669
3101 2 2 19 22 739 1668 1669
3102 2 2 19 22 493 1331 1656
3103 2 2 19 22 674 1300 1705
3104 2 2 19 22 500 1451 1588
3105 2 2 19 22 1557 849 1558
3106 2 2 19 22 727 1557 1558
3107 2 2 19 22 1316 830 1694
3108 2 2 19 22 1348 716 1650
3109 2 2 19 22 351 1396 1739
3110 2 2 19 22 499 1307 1725
3111 2 2 19 22 1381 716 1611
3112 2 2 19 22 1485 608 1536
3113 2 2 19 22 877 1485 1536
3114 2 2 19 22 744 1477 1701
3115 2 2 19 22 1412 703 1593
3116 2 2 19 22 472 1434 1680
3117 2 2 19 22 733 1509 1531
3118 2 2 19 22 860 1398 1653
3119 2 2 19 22 1369 728 1676
3120 2 2 19 22 1560 840 1633
3121 2 2 19 22 412 1511 1582
3122 2 2 19 22 1495 1048 1635
3123 2 2 19 22 723 1495 1635
3124 2 2 19 22 1569 744 1701
3125 2 2 19 22 601 1537 1564
3126 2 2 19 22 1537 878 1564
3127 2 2 19 22 799 1383 1724
3128 2 2 19 22 1674 778 1731
3129 2 2 19 22 863 1674 1731
3130 2 2 19 22 1587 805 1736
3131 2 2 19 22 723 1414 1684
3132 2 2 19 22 843 1587 1736
3133 2 2 19 22 1511 985 1582
3134 2 2 19 22 1434 845 1680
3135 2 2 19 22 1102 1601 1628
3136 2 2 19 22 1419 835 1703
3137 2 2 19 22 1396 769 1739
3138 2 2 19 22 1589 800 1659
3139 2 2 19 22 1555 409 1702
3140 2 2 19 22 818 1555 1702
3141 2 2 19 22 1517 709 1619
3142 2 2 19 22 17 1471 1700
3143 2 2 19 22 1471 782 1700
3144 2 2 19 22 609 1630 1636
3145 2 2 19 22 1630 892 1636
3146 2 2 19 22 722 1453 1699
3147 2 2 19 22 1449 618 1718
3148 2 2 19 22 1493 984 1663
3149 2 2 19 22 1477 594 1701
3150 2 2 19 22 1604 795 1615
3151 2 2 19 22 799 1604 1615
3152 2 2 19 22 750 1560 1633
3153 2 2 19 22 1480 737 1735
3154 2 2 19 22 1601 705 1628
3155 2 2 19 22 1490 760 1733
3156 2 2 19 22 1531 533 1704
3157 2 2 19 22 928 1532 1743
3158 2 2 19 22 794 1589 1659
3159 2 2 19 22 824 1662 1695
3160 2 2 19 22 1662 807 1695
3161 2 2 19 22 863 1569 1701
3162 2 2 19 22 816 1667 1720
3163 2 2 19 22 1667 829 1720
3164 2 2 19 22 1532 437 1743
3165 2 2 19 24 2071 3649 2888
3166 2 2 19 24 2889 3648 2072
3167 2 2 19 24 2581 3957 1954
3168 2 2 19 24 1953 3956 2582
3169 2 2 19 24 2828 3340 1886
3170 2 2 19 24 1904 4025 2587
3171 2 2 19 24 2649 3073 1833
3172 2 2 19 24 2669 3671 283
3173 2 2 19 24 123 3670 2668
3174 2 2 19 24 2699 2911 2015
3175 2 2 19 24 2014 2912 2700
3176 2 2 19 24 3270 4263 2021
3177 2 2 19 24 2138 3269 2583
3178 2 2 19 24 2046 3207 2784
3179 2 2 19 24 2979 3012 2097
3180 2 2 19 24 2098 3011 2978
3181 2 2 19 24 4049 4141 2686
3182 2 2 19 24 1913 3591 2871
3183 2 2 19 24 2872 3592 1912
3184 2 2 19 24 2686 2966 1794
3185 2 2 19 24 2197 3600 2605
3186 2 2 19 24 1836 3641 3085
3187 2 2 19 24 3086 3640 1837
3188 2 2 19 24 2538 3409 2063
3189 2 2 19 24 3157 4814 2707
3190 2 2 19 24 2708 4815 3158
3191 2 2 19 24 2045 3042 2785
3192 2 2 19 24 2784 3043 2046
3193 2 2 19 24 348 2701 349
3194 2 2 19 24 312 2702 313
3195 2 2 19 24 2279 4059 2820
3196 2 2 19 24 2548 3769 2087
3197 2 2 19 24 2088 3770 2549
3198 2 2 19 24 2472 3407 2143
3199 2 2 19 24 2144 3406 2471
3200 2 2 19 24 2532 3228 2062
3201 2 2 19 24 2909 2922 2105
3202 2 2 19 24 2106 2923 2910
3203 2 2 19 24 2063 3236 2531
3204 2 2 19 24 2533 4235 4102
3205 2 2 19 24 2117 4585 2544
3206 2 2 19 24 2543 4584 2118
3207 2 2 19 24 2094 2966 2686
3208 2 2 19 24 2828 4266 3340
3209 2 2 19 24 1797 4294 2469
3210 2 2 19 24 2470 4295 1798
3211 2 2 19 24 2820 4059 2487
3212 2 2 19 24 2979 4296 3012
3213 2 2 19 24 3011 4297 2978
3214 2 2 19 24 2704 3503 1772
3215 2 2 19 24 1773 3502 2703
3216 2 2 19 24 2992 4045 2499
3217 2 2 19 24 2634 3953 2066
3218 2 2 19 24 2014 4264 2752
3219 2 2 19 24 2753 4265 2015
3220 2 2 19 24 1922 3144 2568
3221 2 2 19 24 2619 2883 1805
3222 2 2 19 24 1954 2978 2581
3223 2 2 19 24 2582 2979 1953
3224 2 2 19 24 1852 3148 2723
3225 2 2 19 24 1805 2982 2619
3226 2 2 19 24 3400 3865 1771
3227 2 2 19 24 2077 3998 2950
3228 2 2 19 24 2951 3997 2078
3229 2 2 19 24 78 3300 13
3230 2 2 19 24 12 3299 55
3231 2 2 19 24 2989 3962 107
3232 2 2 19 24 26 3961 2988
3233 2 2 19 24 2044 3227 2574
3234 2 2 19 24 2263 3931 3562
3235 2 2 19 24 3563 3932 2264
3236 2 2 19 24 3173 3287 207
3237 2 2 19 24 199 3288 3174
3238 2 2 19 24 38 2638 37
3239 2 2 19 24 96 2639 95
3240 2 2 19 24 2914 3714 2071
3241 2 2 19 24 2072 3715 2916
3242 2 2 19 24 2255 3648 2889
3243 2 2 19 24 2888 3649 2256
3244 2 2 19 24 2289 4136 3605
3245 2 2 19 24 2053 3362 3151
3246 2 2 19 24 3152 3361 2054
3247 2 2 19 24 13 3300 3260
3248 2 2 19 24 3261 3299 12
3249 2 2 19 24 2092 4057 2516
3250 2 2 19 24 2517 4058 2093
3251 2 2 19 24 1754 2927 2710
3252 2 2 19 24 2060 3413 2843
3253 2 2 19 24 2844 3412 2059
3254 2 2 19 24 1794 4049 2686
3255 2 2 19 24 2668 2938 2099
3256 2 2 19 24 2100 2937 2669
3257 2 2 19 24 2533 4362 1983
3258 2 2 19 24 1983 3279 2533
3259 2 2 19 24 1807 4045 2992
3260 2 2 19 24 2188 3157 2707
3261 2 2 19 24 2708 3158 2189
3262 2 2 19 24 3395 3591 1913
3263 2 2 19 24 1912 3592 3396
3264 2 2 19 24 3312 4266 2004
3265 2 2 19 24 2977 4136 2289
3266 2 2 19 24 2577 4263 3270
3267 2 2 19 24 128 4491 3286
3268 2 2 19 24 3285 4490 278
3269 2 2 19 24 2865 3931 2263
3270 2 2 19 24 2264 3932 2866
3271 2 2 19 24 330 2776 19
3272 2 2 19 24 2004 2939 2621
3273 2 2 19 24 2895 3066 2010
3274 2 2 19 24 2752 4264 2527
3275 2 2 19 24 2528 4265 2753
3276 2 2 19 24 2469 3280 1797
3277 2 2 19 24 1798 3281 2470
3278 2 2 19 24 2568 4011 1922
3279 2 2 19 24 108 2989 107
3280 2 2 19 24 26 2988 25
3281 2 2 19 24 1867 3337 3138
3282 2 2 19 24 3139 3336 1868
3283 2 2 19 24 2143 3663 2472
3284 2 2 19 24 2471 3662 2144
3285 2 2 19 24 2449 3029 218
3286 2 2 19 24 188 3030 2450
3287 2 2 19 24 2113 2997 2846
3288 2 2 19 24 2847 2996 2112
3289 2 2 19 24 2531 3211 2063
3290 2 2 19 24 2062 3210 2532
3291 2 2 19 24 1792 3007 2611
3292 2 2 19 24 2612 3008 1793
3293 2 2 19 24 1881 4814 3157
3294 2 2 19 24 3158 4815 1880
3295 2 2 19 24 3963 4288 2521
3296 2 2 19 24 2520 4289 3964
3297 2 2 19 24 3624 3680 2451
3298 2 2 19 24 2452 3681 3625
3299 2 2 19 24 2232 3465 2736
3300 2 2 19 24 2331 3823 3654
3301 2 2 19 24 1952 4027 2505
3302 2 2 19 24 2506 4026 1951
3303 2 2 19 24 2063 3522 2538
3304 2 2 19 24 2092 2911 2699
3305 2 2 19 24 2700 2912 2093
3306 2 2 19 24 3604 4324 2652
3307 2 2 19 24 1833 3725 2649
3308 2 2 19 24 2736 3465 1751
3309 2 2 19 24 2087 3374 2548
3310 2 2 19 24 2549 3375 2088
3311 2 2 19 24 3114 4438 2722
3312 2 2 19 24 2721 4437 3115
3313 2 2 19 24 1816 2921 2654
3314 2 2 19 24 2325 3492 3473
3315 2 2 19 24 3474 3493 2326
3316 2 2 19 24 2059 3614 2838
3317 2 2 19 24 2839 3615 2060
3318 2 2 19 24 2818 3044 61
3319 2 2 19 24 2621 4177 2004
3320 2 2 19 24 2184 4164 2662
3321 2 2 19 24 2483 4098 3048
3322 2 2 19 24 3047 4099 2484
3323 2 2 19 24 2547 4118 3080
3324 2 2 19 24 2205 4618 2523
3325 2 2 19 24 2524 4619 2204
3326 2 2 19 24 2493 4287 2798
3327 2 2 19 24 2101 3865 2724
3328 2 2 19 24 3102 4659 3875
3329 2 2 19 24 3876 4660 3103
3330 2 2 19 24 2003 2994 2620
3331 2 2 19 24 2829 4025 1904
3332 2 2 19 24 3229 3433 2394
3333 2 2 19 24 2393 3434 3230
3334 2 2 19 24 2653 4319 1904
3335 2 2 19 24 3140 3323 2583
3336 2 2 19 24 2036 3044 2818
3337 2 2 19 24 2138 4329 3595
3338 2 2 19 24 2841 2965 2147
3339 2 2 19 24 2081 3760 2915
3340 2 2 19 24 2913 3761 2084
3341 2 2 19 24 2505 3911 1952
3342 2 2 19 24 1951 3910 2506
3343 2 2 19 24 2516 3786 2092
3344 2 2 19 24 2093 3787 2517
3345 2 2 19 24 1814 2920 2678
3346 2 2 19 24 2544 3365 2117
3347 2 2 19 24 2118 3366 2543
3348 2 2 19 24 4008 4014 2009
3349 2 2 19 24 2722 4438 2136
3350 2 2 19 24 2137 4437 2721
3351 2 2 19 24 1764 3227 3122
3352 2 2 19 24 3151 3362 2459
3353 2 2 19 24 2460 3361 3152
3354 2 2 19 24 3337 4325 3138
3355 2 2 19 24 3139 4326 3336
3356 2 2 19 24 2422 4324 3604
3357 2 2 19 24 2009 4014 2754
3358 2 2 19 24 2012 3076 2575
3359 2 2 19 24 2576 3075 2013
3360 2 2 19 24 260 3354 3123
3361 2 2 19 24 3124 3355 146
3362 2 2 19 24 2865 3581 2049
3363 2 2 19 24 2050 3582 2866
3364 2 2 19 24 2033 3621 3013
3365 2 2 19 24 3014 3622 2032
3366 2 2 19 24 69 2731 70
3367 2 2 19 24 2888 3436 2071
3368 2 2 19 24 2072 3437 2889
3369 2 2 19 24 2020 3114 2722
3370 2 2 19 24 2721 3115 2019
3371 2 2 19 24 3227 4499 3122
3372 2 2 19 24 2744 3853 1991
3373 2 2 19 24 1992 3852 2745
3374 2 2 19 24 3435 3471 2368
3375 2 2 19 24 2865 4169 3581
3376 2 2 19 24 3582 4170 2866
3377 2 2 19 24 1824 3930 2627
3378 2 2 19 24 2846 2997 2159
3379 2 2 19 24 2158 2996 2847
3380 2 2 19 24 2731 3018 2047
3381 2 2 19 24 2164 3810 3184
3382 2 2 19 24 3183 3809 2165
3383 2 2 19 24 3175 3670 125
3384 2 2 19 24 281 3671 3176
3385 2 2 19 24 2591 4663 2978
3386 2 2 19 24 2979 4664 2590
3387 2 2 19 24 2664 3108 1889
3388 2 2 19 24 1888 3107 2665
3389 2 2 19 24 2754 4937 2009
3390 2 2 19 24 2067 4118 3946
3391 2 2 19 24 2071 3436 2914
3392 2 2 19 24 2916 3437 2072
3393 2 2 19 24 2599 3071 1829
3394 2 2 19 24 1830 3072 2600
3395 2 2 19 24 2271 3714 2914
3396 2 2 19 24 2916 3715 2272
3397 2 2 19 24 128 3286 127
3398 2 2 19 24 279 3285 278
3399 2 2 19 24 3540 3998 2077
3400 2 2 19 24 2078 3997 3541
3401 2 2 19 24 2620 4051 2003
3402 2 2 19 24 2022 4339 3652
3403 2 2 19 24 2798 4575 2493
3404 2 2 19 24 3035 4854 3667
3405 2 2 19 24 3290 3454 2249
3406 2 2 19 24 2248 3455 3289
3407 2 2 19 24 1968 3127 2603
3408 2 2 19 24 2604 3128 1969
3409 2 2 19 24 2928 3850 2081
3410 2 2 19 24 2084 3851 2930
3411 2 2 19 24 3197 3402 2399
3412 2 2 19 24 2400 3403 3198
3413 2 2 19 24 1934 3362 2536
3414 2 2 19 24 2537 3361 1935
3415 2 2 19 24 3080 4118 1765
3416 2 2 19 24 2574 3227 1764
3417 2 2 19 24 2678 4263 2051
3418 2 2 19 24 2215 3690 3093
3419 2 2 19 24 3094 3691 2216
3420 2 2 19 24 2016 3356 2727
3421 2 2 19 24 2728 3357 2017
3422 2 2 19 24 2574 3705 2044
3423 2 2 19 24 357 2873 358
3424 2 2 19 24 383 2874 384
3425 2 2 19 24 3464 3755 2344
3426 2 2 19 24 2343 3754 3465
3427 2 2 19 24 3279 4235 2533
3428 2 2 19 24 2731 2943 2315
3429 2 2 19 24 2004 4177 3312
3430 2 2 19 24 2798 4287 1744
3431 2 2 19 24 2710 2927 2048
3432 2 2 19 24 2153 3317 3087
3433 2 2 19 24 3088 3318 2154
3434 2 2 19 24 2047 2943 2731
3435 2 2 19 24 361 2837 362
3436 2 2 19 24 379 2836 380
3437 2 2 19 24 1933 4276 2949
3438 2 2 19 24 2948 4277 1932
3439 2 2 19 24 2011 3194 2569
3440 2 2 19 24 2646 3032 1745
3441 2 2 19 24 2741 4516 2023
3442 2 2 19 24 2024 4517 2740
3443 2 2 19 24 3101 3749 1984
3444 2 2 19 24 1816 3824 2921
3445 2 2 19 24 2036 4407 3044
3446 2 2 19 24 2272 3761 2913
3447 2 2 19 24 2915 3760 2271
3448 2 2 19 24 41 4397 2636
3449 2 2 19 24 2637 4398 92
3450 2 2 19 24 2048 3719 2767
3451 2 2 19 24 2563 4634 3534
3452 2 2 19 24 3533 4635 2564
3453 2 2 19 24 2723 2920 2184
3454 2 2 19 24 2546 3010 2028
3455 2 2 19 24 2029 3009 2545
3456 2 2 19 24 1834 3406 3265
3457 2 2 19 24 3266 3407 1835
3458 2 2 19 24 2182 3433 3229
3459 2 2 19 24 3230 3434 2183
3460 2 2 19 24 3085 3641 2323
3461 2 2 19 24 2322 3640 3086
3462 2 2 19 24 2797 4091 2057
3463 2 2 19 24 1872 2937 2757
3464 2 2 19 24 2758 2938 1871
3465 2 2 19 24 374 4891 2942
3466 2 2 19 24 2240 3066 2895
3467 2 2 19 24 2802 3503 2204
3468 2 2 19 24 2205 3502 2803
3469 2 2 19 24 2573 4408 3827
3470 2 2 19 24 1924 3872 3522
3471 2 2 19 24 3252 3610 1772
3472 2 2 19 24 1773 3609 3253
3473 2 2 19 24 1965 4372 2639
3474 2 2 19 24 2638 4373 1964
3475 2 2 19 24 1909 3113 2676
3476 2 2 19 24 3652 4575 2022
3477 2 2 19 24 2105 3598 2891
3478 2 2 19 24 2892 3599 2106
3479 2 2 19 24 2752 2912 2014
3480 2 2 19 24 2015 2911 2753
3481 2 2 19 24 3865 4723 2724
3482 2 2 19 24 2874 4198 2545
3483 2 2 19 24 2546 4199 2873
3484 2 2 19 24 4130 4754 2608
3485 2 2 19 24 3875 4659 2481
3486 2 2 19 24 2482 4660 3876
3487 2 2 19 24 2522 3749 3101
3488 2 2 19 24 3522 3872 2538
3489 2 2 19 24 2567 4161 3106
3490 2 2 19 24 2423 4238 2710
3491 2 2 19 24 3336 3350 2176
3492 2 2 19 24 2177 3349 3337
3493 2 2 19 24 208 3173 207
3494 2 2 19 24 199 3174 198
3495 2 2 19 24 2350 4141 4049
3496 2 2 19 24 2539 4516 2741
3497 2 2 19 24 2740 4517 2540
3498 2 2 19 24 2718 3641 2055
3499 2 2 19 24 2056 3640 2719
3500 2 2 19 24 2079 3965 3144
3501 2 2 19 24 2710 4238 1754
3502 2 2 19 24 3035 3667 1807
3503 2 2 19 24 2066 3953 2868
3504 2 2 19 24 2071 3714 2881
3505 2 2 19 24 2882 3715 2072
3506 2 2 19 24 2859 3762 2058
3507 2 2 19 24 3846 3861 3063
3508 2 2 19 24 3278 3853 2744
3509 2 2 19 24 2745 3852 3277
3510 2 2 19 24 2992 3966 2018
3511 2 2 19 24 1965 4610 2658
3512 2 2 19 24 2659 4609 1964
3513 2 2 19 24 3144 3965 2568
3514 2 2 19 24 2206 4162 3291
3515 2 2 19 24 2474 3350 3336
3516 2 2 19 24 3337 3349 2473
3517 2 2 19 24 2639 3434 1965
3518 2 2 19 24 1964 3433 2638
3519 2 2 19 24 2611 3721 1792
3520 2 2 19 24 1793 3720 2612
3521 2 2 19 24 2099 2938 2758
3522 2 2 19 24 2757 2937 2100
3523 2 2 19 24 4276 4683 2949
3524 2 2 19 24 2948 4682 4277
3525 2 2 19 24 1904 4319 2829
3526 2 2 19 24 259 3354 260
3527 2 2 19 24 146 3355 147
3528 2 2 19 24 3087 3317 2375
3529 2 2 19 24 2374 3318 3088
3530 2 2 19 24 3043 3693 2046
3531 2 2 19 24 2045 3692 3042
3532 2 2 19 24 2693 3338 2141
3533 2 2 19 24 2142 3339 2694
3534 2 2 19 24 2678 4483 1814
3535 2 2 19 24 2348 4288 3963
3536 2 2 19 24 3964 4289 2349
3537 2 2 19 24 2915 3466 2081
3538 2 2 19 24 2084 3468 2913
3539 2 2 19 24 2583 4783 3140
3540 2 2 19 24 2875 4653 3487
3541 2 2 19 24 2805 3114 2020
3542 2 2 19 24 2019 3115 2804
3543 2 2 19 24 2587 3617 1904
3544 2 2 19 24 2082 3890 2929
3545 2 2 19 24 2931 3891 2083
3546 2 2 19 24 2235 3495 3319
3547 2 2 19 24 3320 3494 2236
3548 2 2 19 24 2605 3148 2197
3549 2 2 19 24 2652 4608 3604
3550 2 2 19 24 1764 3556 2574
3551 2 2 19 24 3824 4392 2921
3552 2 2 19 24 2495 3829 3077
3553 2 2 19 24 3078 3828 2494
3554 2 2 19 24 155 3816 2981
3555 2 2 19 24 2980 3817 251
3556 2 2 19 24 3137 4046 1800
3557 2 2 19 24 1799 4047 3136
3558 2 2 19 24 3342 3598 2105
3559 2 2 19 24 2106 3599 3343
3560 2 2 19 24 1932 3402 3197
3561 2 2 19 24 3198 3403 1933
3562 2 2 19 24 3013 3621 2462
3563 2 2 19 24 2463 3622 3014
3564 2 2 19 24 3077 3829 2039
3565 2 2 19 24 2040 3828 3078
3566 2 2 19 24 288 4005 2660
3567 2 2 19 24 2661 4004 118
3568 2 2 19 24 283 3671 282
3569 2 2 19 24 124 3670 123
3570 2 2 19 24 2081 3466 2928
3571 2 2 19 24 2930 3468 2084
3572 2 2 19 24 2016 2918 2876
3573 2 2 19 24 2877 2919 2017
3574 2 2 19 24 2057 4091 2946
3575 2 2 19 24 2868 3497 2066
3576 2 2 19 24 2569 4056 2011
3577 2 2 19 24 3304 4875 1945
3578 2 2 19 24 1944 4874 3303
3579 2 2 19 24 351 2759 352
3580 2 2 19 24 389 2760 390
3581 2 2 19 24 2523 3502 2205
3582 2 2 19 24 2204 3503 2524
3583 2 2 19 24 3106 4161 1815
3584 2 2 19 24 3071 4699 4389
3585 2 2 19 24 4390 4700 3072
3586 2 2 19 24 2651 4222 1944
3587 2 2 19 24 2099 4631 3372
3588 2 2 19 24 3373 4630 2100
3589 2 2 19 24 2975 4706 1961
3590 2 2 19 24 1962 4705 2974
3591 2 2 19 24 42 4397 41
3592 2 2 19 24 92 4398 91
3593 2 2 19 24 2658 3735 1821
3594 2 2 19 24 1822 3734 2659
3595 2 2 19 24 69 3018 2731
3596 2 2 19 24 2210 3680 3624
3597 2 2 19 24 3625 3681 2211
3598 2 2 19 24 66 2796 67
3599 2 2 19 24 3548 4729 2594
3600 2 2 19 24 2654 3432 1973
3601 2 2 19 24 2466 3693 3043
3602 2 2 19 24 3042 3692 2465
3603 2 2 19 24 2548 3374 1766
3604 2 2 19 24 1767 3375 2549
3605 2 2 19 24 3093 3690 2509
3606 2 2 19 24 2508 3691 3094
3607 2 2 19 24 158 3092 157
3608 2 2 19 24 249 3091 248
3609 2 2 19 24 2347 4754 4130
3610 2 2 19 24 2131 2922 2909
3611 2 2 19 24 2910 2923 2132
3612 2 2 19 24 2541 3406 2144
3613 2 2 19 24 2143 3407 2542
3614 2 2 19 24 2875 3487 2196
3615 2 2 19 24 2428 4262 3628
3616 2 2 19 24 2066 3189 2634
3617 2 2 19 24 2976 4950 4202
3618 2 2 19 24 2398 4281 2685
3619 2 2 19 24 2684 4282 2397
3620 2 2 19 24 2285 3850 2928
3621 2 2 19 24 2930 3851 2286
3622 2 2 19 24 2978 4612 2591
3623 2 2 19 24 2590 4611 2979
3624 2 2 19 24 2046 4072 3207
3625 2 2 19 24 2098 3305 2617
3626 2 2 19 24 2618 3306 2097
3627 2 2 19 24 2295 3834 2871
3628 2 2 19 24 2872 3833 2296
3629 2 2 19 24 155 2981 156
3630 2 2 19 24 250 2980 251
3631 2 2 19 24 2262 3846 3063
3632 2 2 19 24 2785 3284 2045
3633 2 2 19 24 2867 3946 2547
3634 2 2 19 24 2079 3508 2972
3635 2 2 19 24 3069 3732 247
3636 2 2 19 24 159 3733 3070
3637 2 2 19 24 3534 4270 2563
3638 2 2 19 24 2564 4271 3533
3639 2 2 19 24 3943 3992 2905
3640 2 2 19 24 2906 3991 3942
3641 2 2 19 24 2927 3719 2048
3642 2 2 19 24 3614 4103 2838
3643 2 2 19 24 2839 4104 3615
3644 2 2 19 24 2599 3543 1941
3645 2 2 19 24 1942 3544 2600
3646 2 2 19 24 3673 3834 2295
3647 2 2 19 24 2296 3833 3674
3648 2 2 19 24 2016 4382 3356
3649 2 2 19 24 3357 4383 2017
3650 2 2 19 24 3762 4710 2058
3651 2 2 19 24 3372 4631 2712
3652 2 2 19 24 2713 4630 3373
3653 2 2 19 24 3291 4162 2476
3654 2 2 19 24 3048 4098 1905
3655 2 2 19 24 1906 4099 3047
3656 2 2 19 24 2649 4095 3073
3657 2 2 19 24 3946 4118 2547
3658 2 2 19 24 2062 3882 2640
3659 2 2 19 24 2019 4198 2874
3660 2 2 19 24 2873 4199 2020
3661 2 2 19 24 2799 4256 2153
3662 2 2 19 24 2154 4255 2800
3663 2 2 19 24 2929 3890 2285
3664 2 2 19 24 2286 3891 2931
3665 2 2 19 24 46 3814 2808
3666 2 2 19 24 2807 3813 87
3667 2 2 19 24 2837 4384 362
3668 2 2 19 24 4054 4543 1745
3669 2 2 19 24 2709 4371 2007
3670 2 2 19 24 2610 4562 3971
3671 2 2 19 24 379 4379 2836
3672 2 2 19 24 1966 4374 2755
3673 2 2 19 24 2756 4375 1967
3674 2 2 19 24 357 4587 2873
3675 2 2 19 24 2874 4586 384
3676 2 2 19 24 2021 4765 3270
3677 2 2 19 24 2991 4119 3949
3678 2 2 19 24 3971 4562 1811
3679 2 2 19 24 2573 3827 2972
3680 2 2 19 24 1867 4180 3307
3681 2 2 19 24 3308 4181 1868
3682 2 2 19 24 2583 3323 2138
3683 2 2 19 24 2536 3601 1934
3684 2 2 19 24 1935 3602 2537
3685 2 2 19 24 2652 3104 2350
3686 2 2 19 24 1822 3351 2671
3687 2 2 19 24 2672 3352 1821
3688 2 2 19 24 2553 3360 2175
3689 2 2 19 24 2617 3700 2098
3690 2 2 19 24 2097 3701 2618
3691 2 2 19 24 3159 3810 2164
3692 2 2 19 24 2165 3809 3160
3693 2 2 19 24 3429 3652 2461
3694 2 2 19 24 2796 4111 2360
3695 2 2 19 24 2344 3755 3038
3696 2 2 19 24 3039 3754 2343
3697 2 2 19 24 3503 4558 2524
3698 2 2 19 24 2523 4557 3502
3699 2 2 19 24 2079 3856 3508
3700 2 2 19 24 374 2942 375
3701 2 2 19 24 1772 3610 2704
3702 2 2 19 24 2703 3609 1773
3703 2 2 19 24 2153 4256 3007
3704 2 2 19 24 3008 4255 2154
3705 2 2 19 24 2906 3942 2355
3706 2 2 19 24 2356 3943 2905
3707 2 2 19 24 1816 4009 2683
3708 2 2 19 24 2624 3164 2317
3709 2 2 19 24 2316 3163 2625
3710 2 2 19 24 2093 4058 2700
3711 2 2 19 24 2699 4057 2092
3712 2 2 19 24 3953 4409 2572
3713 2 2 19 24 2976 4202 1755
3714 2 2 19 24 2164 4962 2609
3715 2 2 19 24 2610 4963 2165
3716 2 2 19 24 2109 3108 2664
3717 2 2 19 24 2665 3107 2108
3718 2 2 19 24 2165 3293 2610
3719 2 2 19 24 2731 4006 70
3720 2 2 19 24 1941 4699 2599
3721 2 2 19 24 2600 4700 1942
3722 2 2 19 24 1821 3301 2658
3723 2 2 19 24 2659 3302 1822
3724 2 2 19 24 43 3306 2618
3725 2 2 19 24 2617 3305 90
3726 2 2 19 24 2501 4459 2761
3727 2 2 19 24 2762 4460 2502
3728 2 2 19 24 2683 4009 2327
3729 2 2 19 24 2593 4046 3137
3730 2 2 19 24 3136 4047 2592
3731 2 2 19 24 1745 4543 2646
3732 2 2 19 24 3066 3219 2010
3733 2 2 19 24 2011 3218 3065
3734 2 2 19 24 2499 3966 2992
3735 2 2 19 24 1772 3503 2802
3736 2 2 19 24 2803 3502 1773
3737 2 2 19 24 2028 4199 2546
3738 2 2 19 24 2545 4198 2029
3739 2 2 19 24 3102 3875 1910
3740 2 2 19 24 1911 3876 3103
3741 2 2 19 24 3018 3801 2047
3742 2 2 19 24 3269 4483 2583
3743 2 2 19 24 229 3131 2953
3744 2 2 19 24 2952 3130 177
3745 2 2 19 24 1969 4366 2604
3746 2 2 19 24 2603 4365 1968
3747 2 2 19 24 2085 3171 2689
3748 2 2 19 24 2690 3170 2086
3749 2 2 19 24 1992 3963 3025
3750 2 2 19 24 3026 3964 1991
3751 2 2 19 24 3383 4581 2034
3752 2 2 19 24 2035 4582 3384
3753 2 2 19 24 2929 3476 2082
3754 2 2 19 24 2083 3477 2931
3755 2 2 19 24 1784 3906 3024
3756 2 2 19 24 3023 3907 1785
3757 2 2 19 24 2761 4459 1975
3758 2 2 19 24 1976 4460 2762
3759 2 2 19 24 2709 4118 2067
3760 2 2 19 24 2442 3147 2786
3761 2 2 19 24 2787 3146 2441
3762 2 2 19 24 4263 4947 2051
3763 2 2 19 24 2102 4979 4563
3764 2 2 19 24 1847 3471 3435
3765 2 2 19 24 1966 4810 4374
3766 2 2 19 24 4375 4811 1967
3767 2 2 19 24 2229 3777 2808
3768 2 2 19 24 2807 3778 2230
3769 2 2 19 24 2585 4875 3304
3770 2 2 19 24 3303 4874 2584
3771 2 2 19 24 1997 3577 2679
3772 2 2 19 24 2680 3578 1998
3773 2 2 19 24 2507 5003 3725
3774 2 2 19 24 2594 4532 3548
3775 2 2 19 24 1918 4662 4055
3776 2 2 19 24 1745 4698 4054
3777 2 2 19 24 4102 4235 1755
3778 2 2 19 24 1817 2912 2752
3779 2 2 19 24 2753 2911 1818
3780 2 2 19 24 2609 3368 2164
3781 2 2 19 24 2662 4164 2983
3782 2 2 19 24 125 3670 124
3783 2 2 19 24 282 3671 281
3784 2 2 19 24 3653 3719 2412
3785 2 2 19 24 90 4398 2617
3786 2 2 19 24 2618 4397 43
3787 2 2 19 24 2122 3238 2690
3788 2 2 19 24 2689 3239 2121
3789 2 2 19 24 2849 3492 2325
3790 2 2 19 24 2326 3493 2848
3791 2 2 19 24 332 2823 333
3792 2 2 19 24 2683 3554 1816
3793 2 2 19 24 2784 3754 2300
3794 2 2 19 24 2301 3755 2785
3795 2 2 19 24 2685 4281 1938
3796 2 2 19 24 1939 4282 2684
3797 2 2 19 24 2748 4610 1965
3798 2 2 19 24 1964 4609 2749
3799 2 2 19 24 2627 4215 1824
3800 2 2 19 24 2995 3725 1833
3801 2 2 19 24 2002 4889 2781
3802 2 2 19 24 1829 3698 2599
3803 2 2 19 24 2600 3699 1830
3804 2 2 19 24 2942 4891 2663
3805 2 2 19 24 3367 4177 2621
3806 2 2 19 24 1751 3754 2784
3807 2 2 19 24 2785 3755 1750
3808 2 2 19 24 3547 3577 1997
3809 2 2 19 24 1998 3578 3546
3810 2 2 19 24 2634 3189 1753
3811 2 2 19 24 66 4094 2796
3812 2 2 19 24 2704 4558 3503
3813 2 2 19 24 3502 4557 2703
3814 2 2 19 24 2720 3899 1940
3815 2 2 19 24 3138 4180 1867
3816 2 2 19 24 1868 4181 3139
3817 2 2 19 24 1852 4093 3148
3818 2 2 19 24 294 2814 15
3819 2 2 19 24 18 2815 407
3820 2 2 19 24 2373 3946 2867
3821 2 2 19 24 247 3732 246
3822 2 2 19 24 160 3733 159
3823 2 2 19 24 2057 2965 2841
3824 2 2 19 24 2021 4823 2723
3825 2 2 19 24 2868 3953 2572
3826 2 2 19 24 2613 4951 1774
3827 2 2 19 24 1775 4952 2614
3828 2 2 19 24 2070 3628 2867
3829 2 2 19 24 61 3044 62
3830 2 2 19 24 2560 3610 3252
3831 2 2 19 24 3253 3609 2559
3832 2 2 19 24 2964 4130 2052
3833 2 2 19 24 3906 4206 3024
3834 2 2 19 24 3023 4207 3907
3835 2 2 19 24 2958 4115 2134
3836 2 2 19 24 2135 4116 2956
3837 2 2 19 24 3725 5003 2649
3838 2 2 19 24 2950 3315 2188
3839 2 2 19 24 2189 3314 2951
3840 2 2 19 24 1808 4119 2991
3841 2 2 19 24 406 2842 405
3842 2 2 19 24 296 2845 295
3843 2 2 19 24 3319 3495 2551
3844 2 2 19 24 2550 3494 3320
3845 2 2 19 24 2268 3248 3080
3846 2 2 19 24 2299 3899 2720
3847 2 2 19 24 3042 3576 2785
3848 2 2 19 24 2784 3575 3043
3849 2 2 19 24 2547 4784 2867
3850 2 2 19 24 2953 3223 228
3851 2 2 19 24 178 3224 2952
3852 2 2 19 24 3080 3248 2070
3853 2 2 19 24 2223 3497 2994
3854 2 2 19 24 2141 3338 2647
3855 2 2 19 24 2648 3339 2142
3856 2 2 19 24 2690 3238 1839
3857 2 2 19 24 1838 3239 2689
3858 2 2 19 24 2410 4553 2679
3859 2 2 19 24 2680 4554 2411
3860 2 2 19 24 4048 4130 2964
3861 2 2 19 24 4293 4644 3129
3862 2 2 19 24 1766 3525 2548
3863 2 2 19 24 2549 3524 1767
3864 2 2 19 24 2620 4797 2884
3865 2 2 19 24 2323 3641 2718
3866 2 2 19 24 2719 3640 2322
3867 2 2 19 24 404 2843 403
3868 2 2 19 24 298 2844 297
3869 2 2 19 24 2978 4663 2098
3870 2 2 19 24 2097 4664 2979
3871 2 2 19 24 158 4088 3092
3872 2 2 19 24 3091 4087 248
3873 2 2 19 24 2843 4711 2060
3874 2 2 19 24 2059 4712 2844
3875 2 2 19 24 2048 4778 2710
3876 2 2 19 24 3323 4329 2138
3877 2 2 19 24 2079 3827 2670
3878 2 2 19 24 2477 4293 3129
3879 2 2 19 24 2599 4699 3071
3880 2 2 19 24 3072 4700 2600
3881 2 2 19 24 2372 4195 3292
3882 2 2 19 24 2677 3884 2080
3883 2 2 19 24 2080 3917 2677
3884 2 2 19 24 2575 4894 2012
3885 2 2 19 24 2013 4895 2576
3886 2 2 19 24 2069 3257 2900
3887 2 2 19 24 2901 3256 2068
3888 2 2 19 24 2668 3372 123
3889 2 2 19 24 283 3373 2669
3890 2 2 19 24 2129 4648 2644
3891 2 2 19 24 2645 4647 2130
3892 2 2 19 24 2800 4931 2154
3893 2 2 19 24 2153 4930 2799
3894 2 2 19 24 2207 3856 2770
3895 2 2 19 24 2018 3966 2993
3896 2 2 19 24 3292 4195 2650
3897 2 2 19 24 2838 3439 2059
3898 2 2 19 24 2060 3438 2839
3899 2 2 19 24 2144 3223 2541
3900 2 2 19 24 2542 3224 2143
3901 2 2 19 24 1889 3359 2664
3902 2 2 19 24 2665 3358 1888
3903 2 2 19 24 2711 3172 1824
3904 2 2 19 24 2977 4979 2102
3905 2 2 19 24 61 5000 2818
3906 2 2 19 24 2278 3219 3066
3907 2 2 19 24 3065 3218 2277
3908 2 2 19 24 1983 3382 2627
3909 2 2 19 24 2679 4317 2410
3910 2 2 19 24 2411 4318 2680
3911 2 2 19 24 2119 3216 2660
3912 2 2 19 24 2661 3217 2120
3913 2 2 19 24 38 3842 2638
3914 2 2 19 24 2639 3843 95
3915 2 2 19 24 2107 3172 2711
3916 2 2 19 24 2781 2982 2207
3917 2 2 19 24 1913 3507 3038
3918 2 2 19 24 3039 3506 1912
3919 2 2 19 24 2813 2998 72
3920 2 2 19 24 2689 3171 1838
3921 2 2 19 24 1839 3170 2690
3922 2 2 19 24 2736 3062 2232
3923 2 2 19 24 3604 4608 1960
3924 2 2 19 24 2051 4783 2678
3925 2 2 19 24 1748 3711 2632
3926 2 2 19 24 2633 3712 1749
3927 2 2 19 24 3497 3722 2066
3928 2 2 19 24 2080 5004 3917
3929 2 2 19 24 1774 4912 2613
3930 2 2 19 24 2614 4913 1775
3931 2 2 19 24 2758 3290 2140
3932 2 2 19 24 2139 3289 2757
3933 2 2 19 24 2219 4174 3880
3934 2 2 19 24 3879 4173 2218
3935 2 2 19 24 1915 3652 3429
3936 2 2 19 24 3038 3507 2344
3937 2 2 19 24 2343 3506 3039
3938 2 2 19 24 1871 3290 2758
3939 2 2 19 24 2757 3289 1872
3940 2 2 19 24 3487 4653 2522
3941 2 2 19 24 2660 4337 288
3942 2 2 19 24 118 4338 2661
3943 2 2 19 24 2940 4606 4418
3944 2 2 19 24 4419 4607 2941
3945 2 2 19 24 3177 3550 2054
3946 2 2 19 24 2053 3549 3178
3947 2 2 19 24 1758 3067 2761
3948 2 2 19 24 2762 3068 1759
3949 2 2 19 24 3384 4582 2842
3950 2 2 19 24 2845 4581 3383
3951 2 2 19 24 2178 3829 3363
3952 2 2 19 24 3364 3828 2179
3953 2 2 19 24 2653 3274 1945
3954 2 2 19 24 50 2903 49
3955 2 2 19 24 84 2902 83
3956 2 2 19 24 3127 4848 2603
3957 2 2 19 24 2604 4847 3128
3958 2 2 19 24 2167 3168 2825
3959 2 2 19 24 2824 3169 2168
3960 2 2 19 24 71 2813 72
3961 2 2 19 24 2528 4766 3226
3962 2 2 19 24 3225 4767 2527
3963 2 2 19 24 2608 4754 3531
3964 2 2 19 24 1864 4284 3232
3965 2 2 19 24 3231 4285 1863
3966 2 2 19 24 249 3366 3091
3967 2 2 19 24 3092 3365 157
3968 2 2 19 24 3600 4592 2663
3969 2 2 19 24 2376 3986 2742
3970 2 2 19 24 2743 3987 2377
3971 2 2 19 24 2559 3765 1955
3972 2 2 19 24 1956 3766 2560
3973 2 2 19 24 2184 3501 2723
3974 2 2 19 24 2265 3560 2871
3975 2 2 19 24 2872 3561 2266
3976 2 2 19 24 3600 4658 2605
3977 2 2 19 24 3986 4693 2742
3978 2 2 19 24 2743 4694 3987
3979 2 2 19 24 3397 4056 2569
3980 2 2 19 24 2764 3428 1770
3981 2 2 19 24 2315 4006 2731
3982 2 2 19 24 2137 3702 3525
3983 2 2 19 24 3524 3703 2136
3984 2 2 19 24 2973 3628 2070
3985 2 2 19 24 2010 4007 2895
3986 2 2 19 24 2926 2950 2188
3987 2 2 19 24 2189 2951 2925
3988 2 2 19 24 2721 3862 1892
3989 2 2 19 24 1893 3863 2722
3990 2 2 19 24 2974 4705 2691
3991 2 2 19 24 2692 4706 2975
3992 2 2 19 24 2796 4818 4111
3993 2 2 19 24 2881 3649 2071
3994 2 2 19 24 2072 3648 2882
3995 2 2 19 24 3473 3492 2194
3996 2 2 19 24 2195 3493 3474
3997 2 2 19 24 2034 4821 3383
3998 2 2 19 24 3384 4822 2035
3999 2 2 19 24 3615 4104 1851
4000 2 2 19 24 1850 4103 3614
4001 2 2 19 24 2884 4797 1806
4002 2 2 19 24 2627 3488 1983
4003 2 2 19 24 2734 3083 2451
4004 2 2 19 24 2452 3084 2735
4005 2 2 19 24 2723 3501 1852
4006 2 2 19 24 2171 4304 3602
4007 2 2 19 24 3601 4303 2170
4008 2 2 19 24 2871 3560 1913
4009 2 2 19 24 1912 3561 2872
4010 2 2 19 24 229 2953 228
4011 2 2 19 24 178 2952 177
4012 2 2 19 24 2081 3850 3022
4013 2 2 19 24 3021 3851 2084
4014 2 2 19 24 3271 3652 1915
4015 2 2 19 24 2493 3652 3271
4016 2 2 19 24 1824 3246 2724
4017 2 2 19 24 2355 4233 2906
4018 2 2 19 24 2905 4234 2356
4019 2 2 19 24 2223 3435 2676
4020 2 2 19 24 3065 4096 3836
4021 2 2 19 24 3837 4097 3066
4022 2 2 19 24 2727 4684 2016
4023 2 2 19 24 2017 4685 2728
4024 2 2 19 24 1887 3237 2841
4025 2 2 19 24 2686 3500 2094
4026 2 2 19 24 1752 4755 2840
4027 2 2 19 24 300 2887 299
4028 2 2 19 24 402 2890 401
4029 2 2 19 24 2611 4256 2005
4030 2 2 19 24 2006 4255 2612
4031 2 2 19 24 3151 4174 2219
4032 2 2 19 24 2218 4173 3152
4033 2 2 19 24 2906 4233 231
4034 2 2 19 24 175 4234 2905
4035 2 2 19 24 2043 4376 3348
4036 2 2 19 24 2277 4096 3065
4037 2 2 19 24 3066 4097 2278
4038 2 2 19 24 2121 4180 2689
4039 2 2 19 24 2690 4181 2122
4040 2 2 19 24 290 3195 289
4041 2 2 19 24 117 3196 116
4042 2 2 19 24 1771 3865 3059
4043 2 2 19 24 4371 4742 2007
4044 2 2 19 24 2693 4555 2431
4045 2 2 19 24 2432 4556 2694
4046 2 2 19 24 1954 4612 2978
4047 2 2 19 24 2979 4611 1953
4048 2 2 19 24 2301 3395 3038
4049 2 2 19 24 3039 3396 2300
4050 2 2 19 24 3497 4797 2994
4051 2 2 19 24 2350 4608 2652
4052 2 2 19 24 3331 3950 1783
4053 2 2 19 24 1782 3951 3330
4054 2 2 19 24 2689 3138 2085
4055 2 2 19 24 2086 3139 2690
4056 2 2 19 24 2092 3192 2911
4057 2 2 19 24 2912 3193 2093
4058 2 2 19 24 4202 4950 2608
4059 2 2 19 24 400 2889 399
4060 2 2 19 24 302 2888 301
4061 2 2 19 24 4389 4699 2287
4062 2 2 19 24 2288 4700 4390
4063 2 2 19 24 3518 4284 1864
4064 2 2 19 24 1863 4285 3519
4065 2 2 19 24 2601 4454 2131
4066 2 2 19 24 2132 4453 2602
4067 2 2 19 24 3096 3232 2075
4068 2 2 19 24 2076 3231 3095
4069 2 2 19 24 2697 3783 2249
4070 2 2 19 24 2248 3784 2698
4071 2 2 19 24 1834 4124 3406
4072 2 2 19 24 3407 4125 1835
4073 2 2 19 24 2801 3659 2247
4074 2 2 19 24 2602 3173 2132
4075 2 2 19 24 2131 3174 2601
4076 2 2 19 24 3025 3963 2521
4077 2 2 19 24 2520 3964 3026
4078 2 2 19 24 3295 3871 2454
4079 2 2 19 24 2453 3870 3294
4080 2 2 19 24 35 3985 2642
4081 2 2 19 24 2643 3984 98
4082 2 2 19 24 3426 4802 1845
4083 2 2 19 24 1843 4801 3427
4084 2 2 19 24 2107 3773 3032
4085 2 2 19 24 2089 3545 2864
4086 2 2 19 24 98 3849 2643
4087 2 2 19 24 2642 3848 35
4088 2 2 19 24 2772 3371 1844
4089 2 2 19 24 1842 3370 2773
4090 2 2 19 24 2151 4518 3005
4091 2 2 19 24 3004 4519 2150
4092 2 2 19 24 2092 3786 2817
4093 2 2 19 24 2816 3787 2093
4094 2 2 19 24 2840 4755 4275
4095 2 2 19 24 1883 3377 3206
4096 2 2 19 24 3205 3376 1884
4097 2 2 19 24 1752 3965 2670
4098 2 2 19 24 1768 3783 2697
4099 2 2 19 24 2698 3784 1769
4100 2 2 19 24 1754 4730 2927
4101 2 2 19 24 1979 3892 3444
4102 2 2 19 24 3445 3893 1980
4103 2 2 19 24 2186 4529 2729
4104 2 2 19 24 2730 4530 2187
4105 2 2 19 24 2965 3341 2147
4106 2 2 19 24 2647 3639 2141
4107 2 2 19 24 2142 3638 2648
4108 2 2 19 24 1955 3765 2597
4109 2 2 19 24 2598 3766 1956
4110 2 2 19 24 1955 4002 2559
4111 2 2 19 24 2560 4003 1956
4112 2 2 19 24 2281 3822 3586
4113 2 2 19 24 3585 3821 2280
4114 2 2 19 24 2348 3550 3177
4115 2 2 19 24 3178 3549 2349
4116 2 2 19 24 2099 3372 2668
4117 2 2 19 24 2669 3373 2100
4118 2 2 19 24 4055 4662 2497
4119 2 2 19 24 2781 4889 2982
4120 2 2 19 24 2940 4418 2039
4121 2 2 19 24 2040 4419 2941
4122 2 2 19 24 3654 3823 203
4123 2 2 19 24 2192 3033 2891
4124 2 2 19 24 2892 3034 2193
4125 2 2 19 24 1981 3083 2734
4126 2 2 19 24 2735 3084 1982
4127 2 2 19 24 3107 3513 2108
4128 2 2 19 24 2109 3514 3108
4129 2 2 19 24 1785 4693 3986
4130 2 2 19 24 3987 4694 1784
4131 2 2 19 24 2331 3654 3249
4132 2 2 19 24 1824 4215 2711
4133 2 2 19 24 2820 3751 2279
4134 2 2 19 24 3265 3406 2541
4135 2 2 19 24 2542 3407 3266
4136 2 2 19 24 2317 4492 2624
4137 2 2 19 24 2625 4493 2316
4138 2 2 19 24 2377 4430 2743
4139 2 2 19 24 2742 4429 2376
4140 2 2 19 24 2155 4056 3397
4141 2 2 19 24 2660 4005 2119
4142 2 2 19 24 2120 4004 2661
4143 2 2 19 24 2206 3291 3264
4144 2 2 19 24 2490 4266 3312
4145 2 2 19 24 304 2914 303
4146 2 2 19 24 398 2916 397
4147 2 2 19 24 2360 3801 3018
4148 2 2 19 24 2911 3192 1818
4149 2 2 19 24 1817 3193 2912
4150 2 2 19 24 2067 4371 2709
4151 2 2 19 24 3113 3722 2676
4152 2 2 19 24 3363 3829 2495
4153 2 2 19 24 2494 3828 3364
4154 2 2 19 24 2654 4009 1816
4155 2 2 19 24 1750 3284 2785
4156 2 2 19 24 2196 3400 2875
4157 2 2 19 24 2925 2951 2078
4158 2 2 19 24 2077 2950 2926
4159 2 2 19 24 2057 3237 2797
4160 2 2 19 24 2670 3965 2079
4161 2 2 19 24 2451 4505 2734
4162 2 2 19 24 2735 4506 2452
4163 2 2 19 24 2818 3672 2224
4164 2 2 19 24 2924 3486 1873
4165 2 2 19 24 3884 4968 2080
4166 2 2 19 24 3047 3295 2454
4167 2 2 19 24 2453 3294 3048
4168 2 2 19 24 232 2906 231
4169 2 2 19 24 175 2905 174
4170 2 2 19 24 3267 3387 2321
4171 2 2 19 24 2320 3388 3268
4172 2 2 19 24 2993 4978 2018
4173 2 2 19 24 4470 4481 2671
4174 2 2 19 24 2672 4482 4469
4175 2 2 19 24 2082 3476 2696
4176 2 2 19 24 2695 3477 2083
4177 2 2 19 24 3249 3654 2175
4178 2 2 19 24 2895 4007 2475
4179 2 2 19 24 3525 3702 2548
4180 2 2 19 24 2549 3703 3524
4181 2 2 19 24 2016 4684 2765
4182 2 2 19 24 2766 4685 2017
4183 2 2 19 24 2409 3486 2924
4184 2 2 19 24 4129 4800 3353
4185 2 2 19 24 3622 4296 2582
4186 2 2 19 24 2581 4297 3621
4187 2 2 19 24 396 2913 395
4188 2 2 19 24 306 2915 305
4189 2 2 19 24 1840 3819 2996
4190 2 2 19 24 2997 3818 1841
4191 2 2 19 24 48 3268 47
4192 2 2 19 24 86 3267 85
4193 2 2 19 24 2880 4637 1923
4194 2 2 19 24 1779 3342 2922
4195 2 2 19 24 2923 3343 1778
4196 2 2 19 24 1812 4296 3622
4197 2 2 19 24 3621 4297 1813
4198 2 2 19 24 2662 3501 2184
4199 2 2 19 24 2796 4094 2371
4200 2 2 19 24 2480 3035 2992
4201 2 2 19 24 2073 3004 2932
4202 2 2 19 24 2933 3005 2074
4203 2 2 19 24 2106 3034 2892
4204 2 2 19 24 2891 3033 2105
4205 2 2 19 24 2249 3454 3036
4206 2 2 19 24 3037 3455 2248
4207 2 2 19 24 3827 4408 1971
4208 2 2 19 24 3192 4692 2932
4209 2 2 19 24 2933 4691 3193
4210 2 2 19 24 2002 3659 2801
4211 2 2 19 24 1973 4015 2654
4212 2 2 19 24 364 3800 2801
4213 2 2 19 24 3180 3461 257
4214 2 2 19 24 149 3462 3179
4215 2 2 19 24 3714 4336 2881
4216 2 2 19 24 2882 4335 3715
4217 2 2 19 24 2598 3950 3331
4218 2 2 19 24 3330 3951 2597
4219 2 2 19 24 2001 3864 2641
4220 2 2 19 24 3195 4005 289
4221 2 2 19 24 117 4004 3196
4222 2 2 19 24 2030 4590 2945
4223 2 2 19 24 2944 4591 2031
4224 2 2 19 24 2733 3530 2231
4225 2 2 19 24 2728 3281 1798
4226 2 2 19 24 1797 3280 2727
4227 2 2 19 24 3667 4854 2415
4228 2 2 19 24 2821 3505 1757
4229 2 2 19 24 1756 3504 2822
4230 2 2 19 24 3731 4513 1789
4231 2 2 19 24 1788 4512 3730
4232 2 2 19 24 2005 3638 2611
4233 2 2 19 24 2612 3639 2006
4234 2 2 19 24 308 2928 307
4235 2 2 19 24 394 2930 393
4236 2 2 19 24 2841 3237 2057
4237 2 2 19 24 2875 3400 1771
4238 2 2 19 24 2640 3480 2062
4239 2 2 19 24 1868 3996 3188
4240 2 2 19 24 3187 3995 1867
4241 2 2 19 24 2778 4750 2089
4242 2 2 19 24 2953 3131 2031
4243 2 2 19 24 2030 3130 2952
4244 2 2 19 24 3121 4585 2117
4245 2 2 19 24 2118 4584 3120
4246 2 2 19 24 3005 4518 2707
4247 2 2 19 24 2708 4519 3004
4248 2 2 19 24 2932 4692 2073
4249 2 2 19 24 2074 4691 2933
4250 2 2 19 24 1814 4483 3269
4251 2 2 19 24 4 3366 249
4252 2 2 19 24 157 3365 7
4253 2 2 19 24 2190 3301 3112
4254 2 2 19 24 3111 3302 2191
4255 2 2 19 24 3925 4675 2705
4256 2 2 19 24 2706 4674 3926
4257 2 2 19 24 2552 4750 2778
4258 2 2 19 24 3025 3327 2492
4259 2 2 19 24 2491 3326 3026
4260 2 2 19 24 2167 4633 3168
4261 2 2 19 24 3169 4632 2168
4262 2 2 19 24 310 2929 309
4263 2 2 19 24 392 2931 391
4264 2 2 19 24 1839 4840 2645
4265 2 2 19 24 2644 4839 1838
4266 2 2 19 24 1903 4201 3684
4267 2 2 19 24 3685 4200 1902
4268 2 2 19 24 2450 4225 188
4269 2 2 19 24 218 4226 2449
4270 2 2 19 24 2825 3168 1778
4271 2 2 19 24 1779 3169 2824
4272 2 2 19 24 2521 4288 3250
4273 2 2 19 24 3251 4289 2520
4274 2 2 19 24 1897 3315 2950
4275 2 2 19 24 2951 3314 1896
4276 2 2 19 24 2771 3429 2461
4277 2 2 19 24 2456 4384 2837
4278 2 2 19 24 1944 4222 3240
4279 2 2 19 24 2058 4668 2820
4280 2 2 19 24 2281 3586 3134
4281 2 2 19 24 3135 3585 2280
4282 2 2 19 24 2431 3758 2693
4283 2 2 19 24 2694 3759 2432
4284 2 2 19 24 2308 3865 3400
4285 2 2 19 24 2732 4158 2289
4286 2 2 19 24 1765 3751 2820
4287 2 2 19 24 2627 3930 3488
4288 2 2 19 24 2883 3860 1805
4289 2 2 19 24 1806 3859 2884
4290 2 2 19 24 2508 3956 3777
4291 2 2 19 24 3778 3957 2509
4292 2 2 19 24 3229 4201 1903
4293 2 2 19 24 1902 4200 3230
4294 2 2 19 24 3396 3825 2300
4295 2 2 19 24 2301 3826 3395
4296 2 2 19 24 2723 4823 2920
4297 2 2 19 24 2764 3167 2228
4298 2 2 19 24 1991 3964 2744
4299 2 2 19 24 2745 3963 1992
4300 2 2 19 24 2351 4011 2840
4301 2 2 19 24 3054 3624 2451
4302 2 2 19 24 2452 3625 3055
4303 2 2 19 24 3602 4304 2537
4304 2 2 19 24 2536 4303 3601
4305 2 2 19 24 1923 3788 2880
4306 2 2 19 24 1744 4826 2798
4307 2 2 19 24 2019 3862 2721
4308 2 2 19 24 2722 3863 2020
4309 2 2 19 24 2836 4379 2455
4310 2 2 19 24 2770 3144 1922
4311 2 2 19 24 2535 4638 2747
4312 2 2 19 24 2746 4637 2534
4313 2 2 19 24 2641 3713 2001
4314 2 2 19 24 2397 4001 2684
4315 2 2 19 24 2685 4000 2398
4316 2 2 19 24 3996 4155 3188
4317 2 2 19 24 3187 4154 3995
4318 2 2 19 24 1940 3679 2720
4319 2 2 19 24 2026 4117 3611
4320 2 2 19 24 2645 4139 1839
4321 2 2 19 24 1838 4140 2644
4322 2 2 19 24 3362 3805 2459
4323 2 2 19 24 2460 3804 3361
4324 2 2 19 24 2043 3348 2968
4325 2 2 19 24 3226 4221 2528
4326 2 2 19 24 2527 4220 3225
4327 2 2 19 24 1973 3432 2677
4328 2 2 19 24 2559 4002 3253
4329 2 2 19 24 3252 4003 2560
4330 2 2 19 24 4247 4368 221
4331 2 2 19 24 185 4367 4246
4332 2 2 19 24 3083 4904 4883
4333 2 2 19 24 4882 4903 3084
4334 2 2 19 24 1961 4133 2975
4335 2 2 19 24 2974 4134 1962
4336 2 2 19 24 1819 4239 2557
4337 2 2 19 24 2556 4240 1820
4338 2 2 19 24 2194 3125 3120
4339 2 2 19 24 3121 3126 2195
4340 2 2 19 24 3929 4135 2114
4341 2 2 19 24 2138 3595 3298
4342 2 2 19 24 3881 3953 2634
4343 2 2 19 24 2858 3284 1750
4344 2 2 19 24 3120 3125 2118
4345 2 2 19 24 2117 3126 3121
4346 2 2 19 24 1776 4127 3809
4347 2 2 19 24 3810 4126 1777
4348 2 2 19 24 2711 4311 2107
4349 2 2 19 24 1753 3658 2634
4350 2 2 19 24 2141 3568 2693
4351 2 2 19 24 2694 3567 2142
4352 2 2 19 24 1751 4531 2736
4353 2 2 19 24 2354 3817 2980
4354 2 2 19 24 2981 3816 2353
4355 2 2 19 24 2945 3855 2030
4356 2 2 19 24 2031 3854 2944
4357 2 2 19 24 2723 4765 2021
4358 2 2 19 24 1944 3303 2437
4359 2 2 19 24 2438 3304 1945
4360 2 2 19 24 2227 3167 2764
4361 2 2 19 24 2107 4311 3773
4362 2 2 19 24 2037 4416 2885
4363 2 2 19 24 2886 4417 2038
4364 2 2 19 24 2976 3666 2052
4365 2 2 19 24 2805 4199 2028
4366 2 2 19 24 2029 4198 2804
4367 2 2 19 24 2724 3246 2101
4368 2 2 19 24 1819 4380 4239
4369 2 2 19 24 4240 4381 1820
4370 2 2 19 24 47 3814 46
4371 2 2 19 24 87 3813 86
4372 2 2 19 24 2801 3795 364
4373 2 2 19 24 2948 3136 2064
4374 2 2 19 24 2065 3137 2949
4375 2 2 19 24 3301 5019 3112
4376 2 2 19 24 3111 5020 3302
4377 2 2 19 24 2676 4871 1909
4378 2 2 19 24 3304 4458 2585
4379 2 2 19 24 2584 4457 3303
4380 2 2 19 24 2712 3416 2336
4381 2 2 19 24 2335 3415 2713
4382 2 2 19 24 230 3131 229
4383 2 2 19 24 177 3130 176
4384 2 2 19 24 2052 3666 2983
4385 2 2 19 24 2717 3378 2108
4386 2 2 19 24 2109 3379 2716
4387 2 2 19 24 2870 4648 2129
4388 2 2 19 24 2130 4647 2869
4389 2 2 19 24 2527 4767 2752
4390 2 2 19 24 2753 4766 2528
4391 2 2 19 24 3534 4634 2187
4392 2 2 19 24 2186 4635 3533
4393 2 2 19 24 2437 3145 1944
4394 2 2 19 24 2638 3322 37
4395 2 2 19 24 96 3321 2639
4396 2 2 19 24 2190 4812 2637
4397 2 2 19 24 2636 4813 2191
4398 2 2 19 24 3408 3542 2147
4399 2 2 19 24 2498 3249 2175
4400 2 2 19 24 2968 3348 2552
4401 2 2 19 24 2696 3779 2082
4402 2 2 19 24 2083 3780 2695
4403 2 2 19 24 2786 4655 2442
4404 2 2 19 24 2441 4654 2787
4405 2 2 19 24 1945 3274 2438
4406 2 2 19 24 2197 4592 3600
4407 2 2 19 24 2482 3876 3462
4408 2 2 19 24 3461 3875 2481
4409 2 2 19 24 4142 4461 3074
4410 2 2 19 24 2784 3207 1751
4411 2 2 19 24 2015 4037 2699
4412 2 2 19 24 2700 4038 2014
4413 2 2 19 24 3140 4783 2051
4414 2 2 19 24 1805 3508 2982
4415 2 2 19 24 1898 3826 3576
4416 2 2 19 24 3575 3825 1899
4417 2 2 19 24 2085 3272 2988
4418 2 2 19 24 2989 3273 2086
4419 2 2 19 24 1970 3953 3881
4420 2 2 19 24 3021 4307 3851
4421 2 2 19 24 3850 4308 3022
4422 2 2 19 24 2162 3811 3591
4423 2 2 19 24 3592 3812 2163
4424 2 2 19 24 2998 3689 2254
4425 2 2 19 24 2534 3668 2746
4426 2 2 19 24 2747 3669 2535
4427 2 2 19 24 2294 3075 2862
4428 2 2 19 24 2863 3076 2293
4429 2 2 19 24 3073 4095 2418
4430 2 2 19 24 4563 4979 2673
4431 2 2 19 24 3410 4527 2986
4432 2 2 19 24 2987 4528 3411
4433 2 2 19 24 2000 3216 2742
4434 2 2 19 24 2743 3217 1999
4435 2 2 19 24 3664 4152 263
4436 2 2 19 24 143 4153 3665
4437 2 2 19 24 1934 3805 3362
4438 2 2 19 24 3361 3804 1935
4439 2 2 19 24 1981 4904 3083
4440 2 2 19 24 3084 4903 1982
4441 2 2 19 24 2684 4217 1939
4442 2 2 19 24 1938 4216 2685
4443 2 2 19 24 3595 4129 3298
4444 2 2 19 24 3351 5020 2667
4445 2 2 19 24 2666 5019 3352
4446 2 2 19 24 2108 3513 2969
4447 2 2 19 24 2970 3514 2109
4448 2 2 19 24 1822 5020 3351
4449 2 2 19 24 3352 5019 1821
4450 2 2 19 24 270 3706 2729
4451 2 2 19 24 2730 3707 136
4452 2 2 19 24 3254 3606 2417
4453 2 2 19 24 2416 3607 3255
4454 2 2 19 24 3074 4461 1873
4455 2 2 19 24 2677 3917 1973
4456 2 2 19 24 2182 4073 3985
4457 2 2 19 24 3984 4074 2183
4458 2 2 19 24 3049 3545 2089
4459 2 2 19 24 2216 3505 2821
4460 2 2 19 24 2822 3504 2215
4461 2 2 19 24 2679 4862 1997
4462 2 2 19 24 1998 4863 2680
4463 2 2 19 24 1845 4802 3630
4464 2 2 19 24 3631 4801 1843
4465 2 2 19 24 2716 3596 2109
4466 2 2 19 24 2108 3597 2717
4467 2 2 19 24 3183 3441 2312
4468 2 2 19 24 2311 3440 3184
4469 2 2 19 24 1979 3325 2878
4470 2 2 19 24 2879 3324 1980
4471 2 2 19 24 2860 3151 2219
4472 2 2 19 24 2218 3152 2861
4473 2 2 19 24 2175 3360 2498
4474 2 2 19 24 3385 3587 2174
4475 2 2 19 24 2993 3966 2371
4476 2 2 19 24 118 4004 117
4477 2 2 19 24 289 4005 288
4478 2 2 19 24 3270 4765 2605
4479 2 2 19 24 3367 4054 2043
4480 2 2 19 24 3769 4645 2595
4481 2 2 19 24 2596 4646 3770
4482 2 2 19 24 2131 3259 3174
4483 2 2 19 24 3173 3258 2132
4484 2 2 19 24 3532 3573 1874
4485 2 2 19 24 2022 3999 2806
4486 2 2 19 24 2657 4135 3929
4487 2 2 19 24 2332 3606 3254
4488 2 2 19 24 3255 3607 2333
4489 2 2 19 24 2656 3663 2143
4490 2 2 19 24 2144 3662 2655
4491 2 2 19 24 2204 4441 2802
4492 2 2 19 24 2803 4442 2205
4493 2 2 19 24 3253 4002 2095
4494 2 2 19 24 2096 4003 3252
4495 2 2 19 24 2664 3359 2161
4496 2 2 19 24 2160 3358 2665
4497 2 2 19 24 2108 3378 2665
4498 2 2 19 24 2664 3379 2109
4499 2 2 19 24 2654 4734 3432
4500 2 2 19 24 2761 4317 1758
4501 2 2 19 24 1759 4318 2762
4502 2 2 19 24 3529 3580 205
4503 2 2 19 24 2008 3806 2858
4504 2 2 19 24 3978 4515 2967
4505 2 2 19 24 2597 4029 1955
4506 2 2 19 24 1956 4028 2598
4507 2 2 19 24 2621 4543 4054
4508 2 2 19 24 2133 3463 3073
4509 2 2 19 24 2822 4021 1756
4510 2 2 19 24 1757 4022 2821
4511 2 2 19 24 2101 3074 3059
4512 2 2 19 24 2412 3719 2927
4513 2 2 19 24 3351 4470 2671
4514 2 2 19 24 2672 4469 3352
4515 2 2 19 24 2897 4364 3168
4516 2 2 19 24 3169 4363 2896
4517 2 2 19 24 1757 4974 2787
4518 2 2 19 24 2786 4975 1756
4519 2 2 19 24 2209 4848 3127
4520 2 2 19 24 3128 4847 2208
4521 2 2 19 24 2060 4938 3413
4522 2 2 19 24 3412 4939 2059
4523 2 2 19 24 2729 4529 270
4524 2 2 19 24 136 4530 2730
4525 2 2 19 24 2519 3573 3532
4526 2 2 19 24 1944 3145 2651
4527 2 2 19 24 3348 4376 2578
4528 2 2 19 24 2621 4054 3367
4529 2 2 19 24 2558 4110 3682
4530 2 2 19 24 172 4675 3925
4531 2 2 19 24 3926 4674 234
4532 2 2 19 24 3016 3330 2282
4533 2 2 19 24 2283 3331 3017
4534 2 2 19 24 2758 3161 2099
4535 2 2 19 24 2100 3162 2757
4536 2 2 19 24 336 2956 337
4537 2 2 19 24 324 2958 325
4538 2 2 19 24 2798 3999 2022
4539 2 2 19 24 2676 3722 2223
4540 2 2 19 24 2442 4655 2955
4541 2 2 19 24 2954 4654 2441
4542 2 2 19 24 2885 3840 2037
4543 2 2 19 24 2038 3841 2886
4544 2 2 19 24 2946 3795 2247
4545 2 2 19 24 2230 3387 3267
4546 2 2 19 24 3268 3388 2229
4547 2 2 19 24 3628 4262 1919
4548 2 2 19 24 2089 3556 2778
4549 2 2 19 24 1887 3323 3140
4550 2 2 19 24 3003 3762 1811
4551 2 2 19 24 2175 3580 2553
4552 2 2 19 24 2701 3182 349
4553 2 2 19 24 312 3181 2702
4554 2 2 19 24 2321 3696 2902
4555 2 2 19 24 2903 3697 2320
4556 2 2 19 24 2992 3035 1807
4557 2 2 19 24 2770 3856 3144
4558 2 2 19 24 2524 4396 3588
4559 2 2 19 24 3589 4395 2523
4560 2 2 19 24 3168 4364 1778
4561 2 2 19 24 1779 4363 3169
4562 2 2 19 24 3406 4124 2471
4563 2 2 19 24 2472 4125 3407
4564 2 2 19 24 3441 3877 2312
4565 2 2 19 24 2311 3878 3440
4566 2 2 19 24 2143 3334 2656
4567 2 2 19 24 2655 3335 2144
4568 2 2 19 24 2632 3947 1748
4569 2 2 19 24 1749 3948 2633
4570 2 2 19 24 334 2957 335
4571 2 2 19 24 326 2959 327
4572 2 2 19 24 2759 3165 352
4573 2 2 19 24 389 3166 2760
4574 2 2 19 24 2797 3237 2339
4575 2 2 19 24 2846 3340 2113
4576 2 2 19 24 2505 4027 2999
4577 2 2 19 24 3000 4026 2506
4578 2 2 19 24 2858 3806 2302
4579 2 2 19 24 1763 3512 2739
4580 2 2 19 24 2738 3511 1762
4581 2 2 19 24 348 3203 2701
4582 2 2 19 24 2702 3204 313
4583 2 2 19 24 2112 3346 2847
4584 2 2 19 24 1951 4026 2894
4585 2 2 19 24 2893 4027 1952
4586 2 2 19 24 2670 3827 1971
4587 2 2 19 24 2485 4800 4129
4588 2 2 19 24 1837 4058 3086
4589 2 2 19 24 3085 4057 1836
4590 2 2 19 24 2813 4006 2315
4591 2 2 19 24 2479 3694 2908
4592 2 2 19 24 2907 3695 2478
4593 2 2 19 24 2055 3694 2718
4594 2 2 19 24 2719 3695 2056
4595 2 2 19 24 3777 4611 2808
4596 2 2 19 24 2807 4612 3778
4597 2 2 19 24 3392 4282 3991
4598 2 2 19 24 3992 4281 3393
4599 2 2 19 24 2761 4418 2501
4600 2 2 19 24 2502 4419 2762
4601 2 2 19 24 2994 3316 2223
4602 2 2 19 24 2644 4140 2129
4603 2 2 19 24 2130 4139 2645
4604 2 2 19 24 1767 4910 3320
4605 2 2 19 24 3319 4911 1766
4606 2 2 19 24 2781 3579 1846
4607 2 2 19 24 2693 4550 3338
4608 2 2 19 24 3339 4549 2694
4609 2 2 19 24 2114 3496 2806
4610 2 2 19 24 1796 3847 2754
4611 2 2 19 24 1847 3316 2737
4612 2 2 19 24 2744 3964 2349
4613 2 2 19 24 2348 3963 2745
4614 2 2 19 24 2729 4038 2186
4615 2 2 19 24 2187 4037 2730
4616 2 2 19 24 3059 3074 2212
4617 2 2 19 24 2446 3818 3200
4618 2 2 19 24 3201 3819 2445
4619 2 2 19 24 2955 4655 4441
4620 2 2 19 24 4442 4654 2954
4621 2 2 19 24 2327 3820 2683
4622 2 2 19 24 1916 3719 3653
4623 2 2 19 24 1787 4791 2863
4624 2 2 19 24 2862 4790 1786
4625 2 2 19 24 2198 3779 2696
4626 2 2 19 24 2695 3780 2199
4627 2 2 19 24 2776 3199 19
4628 2 2 19 24 3003 4465 3762
4629 2 2 19 24 2457 3431 2775
4630 2 2 19 24 2774 3430 2458
4631 2 2 19 24 2231 3861 2733
4632 2 2 19 24 1877 3764 3125
4633 2 2 19 24 3126 3763 1878
4634 2 2 19 24 2298 4252 3911
4635 2 2 19 24 3910 4251 2297
4636 2 2 19 24 2733 3861 1876
4637 2 2 19 24 2007 4445 2709
4638 2 2 19 24 2413 4481 4470
4639 2 2 19 24 4469 4482 2414
4640 2 2 19 24 1843 3439 2838
4641 2 2 19 24 2839 3438 1845
4642 2 2 19 24 2447 3587 3385
4643 2 2 19 24 2329 3840 2885
4644 2 2 19 24 2886 3841 2330
4645 2 2 19 24 1970 4409 3953
4646 2 2 19 24 2623 4978 2993
4647 2 2 19 24 3554 3824 1816
4648 2 2 19 24 3516 3819 1840
4649 2 2 19 24 1841 3818 3517
4650 2 2 19 24 2134 3304 2958
4651 2 2 19 24 2956 3303 2135
4652 2 2 19 24 2721 3702 2137
4653 2 2 19 24 2136 3703 2722
4654 2 2 19 24 1909 4078 3113
4655 2 2 19 24 1999 3636 2743
4656 2 2 19 24 2742 3635 2000
4657 2 2 19 24 4011 4844 2840
4658 2 2 19 24 1853 4336 3714
4659 2 2 19 24 3715 4335 1854
4660 2 2 19 24 2368 4871 3435
4661 2 2 19 24 2778 4621 2552
4662 2 2 19 24 2378 3542 3408
4663 2 2 19 24 2023 3976 2741
4664 2 2 19 24 2740 3977 2024
4665 2 2 19 24 3104 4514 1972
4666 2 2 19 24 2324 3472 2947
4667 2 2 19 24 2873 4587 2546
4668 2 2 19 24 2545 4586 2874
4669 2 2 19 24 2703 3262 2145
4670 2 2 19 24 2146 3263 2704
4671 2 2 19 24 3546 3578 2330
4672 2 2 19 24 2329 3577 3547
4673 2 2 19 24 2820 4668 3418
4674 2 2 19 24 1846 4583 2781
4675 2 2 19 24 2156 3643 2615
4676 2 2 19 24 2616 3642 2157
4677 2 2 19 24 2885 4416 4159
4678 2 2 19 24 4160 4417 2886
4679 2 2 19 24 1836 3647 3117
4680 2 2 19 24 3116 3646 1837
4681 2 2 19 24 1818 3871 3295
4682 2 2 19 24 3294 3870 1817
4683 2 2 19 24 3404 3993 1871
4684 2 2 19 24 1872 3994 3405
4685 2 2 19 24 2315 4598 2813
4686 2 2 19 24 4239 4380 2688
4687 2 2 19 24 2687 4381 4240
4688 2 2 19 24 2160 3905 3358
4689 2 2 19 24 3359 3904 2161
4690 2 2 19 24 1892 3702 2721
4691 2 2 19 24 2722 3703 1893
4692 2 2 19 24 3611 4117 2635
4693 2 2 19 24 2670 3748 1752
4694 2 2 19 24 2679 4553 3344
4695 2 2 19 24 3345 4554 2680
4696 2 2 19 24 2790 4185 4096
4697 2 2 19 24 4097 4186 2791
4698 2 2 19 24 2145 3765 3609
4699 2 2 19 24 3610 3766 2146
4700 2 2 19 24 191 4208 2811
4701 2 2 19 24 2812 4209 215
4702 2 2 19 24 4156 4676 3601
4703 2 2 19 24 3602 4677 4157
4704 2 2 19 24 2238 3357 2714
4705 2 2 19 24 2715 3356 2237
4706 2 2 19 24 2856 3551 1795
4707 2 2 19 24 3289 3455 1872
4708 2 2 19 24 1871 3454 3290
4709 2 2 19 24 3647 4634 3117
4710 2 2 19 24 3116 4635 3646
4711 2 2 19 24 1804 3114 2805
4712 2 2 19 24 2804 3115 1803
4713 2 2 19 24 330 3590 2776
4714 2 2 19 24 2057 4340 2965
4715 2 2 19 24 71 4006 2813
4716 2 2 19 24 1904 4859 2653
4717 2 2 19 24 3200 3818 2113
4718 2 2 19 24 2112 3819 3201
4719 2 2 19 24 1802 4117 2587
4720 2 2 19 24 2727 4843 1797
4721 2 2 19 24 1798 4842 2728
4722 2 2 19 24 1830 3808 3633
4723 2 2 19 24 3632 3807 1829
4724 2 2 19 24 2587 3233 1802
4725 2 2 19 24 2777 3313 2001
4726 2 2 19 24 1894 4129 3353
4727 2 2 19 24 2932 3004 2150
4728 2 2 19 24 2151 3005 2933
4729 2 2 19 24 2134 4458 3304
4730 2 2 19 24 3303 4457 2135
4731 2 2 19 24 3444 3892 2557
4732 2 2 19 24 2556 3893 3445
4733 2 2 19 24 2253 3962 2989
4734 2 2 19 24 2988 3961 2252
4735 2 2 19 24 2630 4450 3969
4736 2 2 19 24 3970 4449 2631
4737 2 2 19 24 3006 4901 3745
4738 2 2 19 24 2458 4205 2774
4739 2 2 19 24 2775 4204 2457
4740 2 2 19 24 3696 4816 2902
4741 2 2 19 24 2903 4817 3697
4742 2 2 19 24 3479 4252 2298
4743 2 2 19 24 2297 4251 3478
4744 2 2 19 24 68 3018 69
4745 2 2 19 24 3245 3752 2429
4746 2 2 19 24 2430 3753 3244
4747 2 2 19 24 2903 4031 49
4748 2 2 19 24 84 4030 2902
4749 2 2 19 24 2856 3796 2269
4750 2 2 19 24 2346 4134 2974
4751 2 2 19 24 2975 4133 2345
4752 2 2 19 24 2357 3410 2986
4753 2 2 19 24 2987 3411 2358
4754 2 2 19 24 2410 4317 2761
4755 2 2 19 24 2762 4318 2411
4756 2 2 19 24 1818 3192 2932
4757 2 2 19 24 2933 3193 1817
4758 2 2 19 24 2404 4300 2777
4759 2 2 19 24 1850 3649 2881
4760 2 2 19 24 2882 3648 1851
4761 2 2 19 24 2185 4729 3548
4762 2 2 19 24 2008 3796 2856
4763 2 2 19 24 2328 4202 3531
4764 2 2 19 24 2757 4137 2139
4765 2 2 19 24 2140 4138 2758
4766 2 2 19 24 4001 4910 1767
4767 2 2 19 24 1766 4911 4000
4768 2 2 19 24 369 2971 370
4769 2 2 19 24 2066 3722 3113
4770 2 2 19 24 2710 3682 2423
4771 2 2 19 24 222 4247 221
4772 2 2 19 24 185 4246 184
4773 2 2 19 24 2540 4567 2740
4774 2 2 19 24 2741 4568 2539
4775 2 2 19 24 4334 4991 2196
4776 2 2 19 24 2793 3568 2141
4777 2 2 19 24 2142 3567 2792
4778 2 2 19 24 2615 4358 2156
4779 2 2 19 24 2157 4359 2616
4780 2 2 19 24 1825 4443 3277
4781 2 2 19 24 3278 4444 1826
4782 2 2 19 24 2743 4430 3217
4783 2 2 19 24 3216 4429 2742
4784 2 2 19 24 2053 3151 2860
4785 2 2 19 24 2861 3152 2054
4786 2 2 19 24 2497 3689 3003
4787 2 2 19 24 2684 4934 4217
4788 2 2 19 24 4216 4935 2685
4789 2 2 19 24 3113 4078 2515
4790 2 2 19 24 1985 3420 3191
4791 2 2 19 24 3190 3419 1986
4792 2 2 19 24 2131 4454 2922
4793 2 2 19 24 2923 4453 2132
4794 2 2 19 24 2207 3579 2781
4795 2 2 19 24 2804 4198 2019
4796 2 2 19 24 2020 4199 2805
4797 2 2 19 24 2768 4002 1955
4798 2 2 19 24 1956 4003 2769
4799 2 2 19 24 2686 4141 3500
4800 2 2 19 24 3500 4141 1972
4801 2 2 19 24 3377 4301 3206
4802 2 2 19 24 3205 4302 3376
4803 2 2 19 24 2754 4014 1796
4804 2 2 19 24 2787 4974 3146
4805 2 2 19 24 3147 4975 2786
4806 2 2 19 24 2510 3855 2945
4807 2 2 19 24 2944 3854 2511
4808 2 2 19 24 351 3565 2759
4809 2 2 19 24 2760 3566 390
4810 2 2 19 24 2946 4743 3795
4811 2 2 19 24 1943 4034 3129
4812 2 2 19 24 2646 4543 2939
4813 2 2 19 24 1971 3776 2670
4814 2 2 19 24 3006 3745 1914
4815 2 2 19 24 2155 3952 3872
4816 2 2 19 24 2724 4723 2220
4817 2 2 19 24 1825 3378 2717
4818 2 2 19 24 2716 3379 1826
4819 2 2 19 24 2732 3537 2261
4820 2 2 19 24 4364 4453 1778
4821 2 2 19 24 1779 4454 4363
4822 2 2 19 24 3191 3420 2364
4823 2 2 19 24 2365 3419 3190
4824 2 2 19 24 3531 4202 2608
4825 2 2 19 24 1964 4101 2659
4826 2 2 19 24 2658 4100 1965
4827 2 2 19 24 3129 4034 2486
4828 2 2 19 24 2550 4186 3494
4829 2 2 19 24 3495 4185 2551
4830 2 2 19 24 3767 4112 2292
4831 2 2 19 24 2764 3704 3428
4832 2 2 19 24 3462 3876 2298
4833 2 2 19 24 2297 3875 3461
4834 2 2 19 24 3851 4307 1861
4835 2 2 19 24 1859 4308 3850
4836 2 2 19 24 2737 3634 1847
4837 2 2 19 24 2220 3930 2724
4838 2 2 19 24 3580 3654 204
4839 2 2 19 24 3060 3213 2116
4840 2 2 19 24 2115 3212 3061
4841 2 2 19 24 2234 4214 3090
4842 2 2 19 24 3089 4213 2233
4843 2 2 19 24 2880 3788 2217
4844 2 2 19 24 2740 4067 2202
4845 2 2 19 24 2203 4068 2741
4846 2 2 19 24 2640 4190 3788
4847 2 2 19 24 2340 3978 2967
4848 2 2 19 24 3533 4529 2186
4849 2 2 19 24 2187 4530 3534
4850 2 2 19 24 2717 3597 1950
4851 2 2 19 24 1949 3596 2716
4852 2 2 19 24 1975 4422 2761
4853 2 2 19 24 2762 4423 1976
4854 2 2 19 24 2534 4637 2880
4855 2 2 19 24 2720 3679 2102
4856 2 2 19 24 3551 4836 1795
4857 2 2 19 24 2712 4724 3372
4858 2 2 19 24 3373 4725 2713
4859 2 2 19 24 3469 4127 1776
4860 2 2 19 24 1777 4126 3470
4861 2 2 19 24 2925 3214 1768
4862 2 2 19 24 1769 3215 2926
4863 2 2 19 24 151 2999 152
4864 2 2 19 24 254 3000 255
4865 2 2 19 24 2336 3782 2712
4866 2 2 19 24 2713 3781 2335
4867 2 2 19 24 2681 3630 2221
4868 2 2 19 24 2222 3631 2682
4869 2 2 19 24 2169 3471 2819
4870 2 2 19 24 2697 3687 1768
4871 2 2 19 24 1769 3686 2698
4872 2 2 19 24 3135 3421 1747
4873 2 2 19 24 1746 3422 3134
4874 2 2 19 24 149 3179 150
4875 2 2 19 24 256 3180 257
4876 2 2 19 24 2819 3471 1847
4877 2 2 19 24 3788 4190 2217
4878 2 2 19 24 2249 4035 2697
4879 2 2 19 24 2698 4036 2248
4880 2 2 19 24 3284 4071 2045
4881 2 2 19 24 2637 3677 2190
4882 2 2 19 24 2191 3678 2636
4883 2 2 19 24 2724 3930 1824
4884 2 2 19 24 1919 4110 2867
4885 2 2 19 24 3067 4159 2388
4886 2 2 19 24 2389 4160 3068
4887 2 2 19 24 1937 3317 2775
4888 2 2 19 24 2774 3318 1936
4889 2 2 19 24 3268 3814 47
4890 2 2 19 24 86 3813 3267
4891 2 2 19 24 377 4532 3202
4892 2 2 19 24 2550 4540 4186
4893 2 2 19 24 4185 4539 2551
4894 2 2 19 24 3053 4639 236
4895 2 2 19 24 170 4640 3052
4896 2 2 19 24 2455 4573 2836
4897 2 2 19 24 2837 4574 2456
4898 2 2 19 24 2867 4110 2373
4899 2 2 19 24 1802 3523 2635
4900 2 2 19 24 1892 4645 3769
4901 2 2 19 24 3770 4646 1893
4902 2 2 19 24 2102 3847 2720
4903 2 2 19 24 2128 4363 3288
4904 2 2 19 24 3287 4364 2127
4905 2 2 19 24 2808 3814 2229
4906 2 2 19 24 2230 3813 2807
4907 2 2 19 24 3777 3956 1953
4908 2 2 19 24 1954 3957 3778
4909 2 2 19 24 2869 3585 2171
4910 2 2 19 24 2170 3586 2870
4911 2 2 19 24 2205 4442 2954
4912 2 2 19 24 2955 4441 2204
4913 2 2 19 24 3179 3462 2298
4914 2 2 19 24 2297 3461 3180
4915 2 2 19 24 3086 4058 2517
4916 2 2 19 24 2516 4057 3085
4917 2 2 19 24 2084 3761 3021
4918 2 2 19 24 3022 3760 2081
4919 2 2 19 24 2135 3752 3245
4920 2 2 19 24 3244 3753 2134
4921 2 2 19 24 2578 4514 3104
4922 2 2 19 24 4217 4934 2779
4923 2 2 19 24 2780 4935 4216
4924 2 2 19 24 3595 4329 2378
4925 2 2 19 24 72 2998 73
4926 2 2 19 24 3617 4117 2026
4927 2 2 19 24 2379 4185 2790
4928 2 2 19 24 2791 4186 2380
4929 2 2 19 24 2161 4523 2664
4930 2 2 19 24 2665 4524 2160
4931 2 2 19 24 2795 4040 2275
4932 2 2 19 24 2276 4041 2794
4933 2 2 19 24 4054 4698 2622
4934 2 2 19 24 2524 4558 4396
4935 2 2 19 24 4395 4557 2523
4936 2 2 19 24 2720 4128 2299
4937 2 2 19 24 2788 3636 1999
4938 2 2 19 24 2000 3635 2789
4939 2 2 19 24 2655 4148 2222
4940 2 2 19 24 2221 4149 2656
4941 2 2 19 24 2736 3555 2009
4942 2 2 19 24 2755 3459 1966
4943 2 2 19 24 1967 3460 2756
4944 2 2 19 24 2777 4461 2404
4945 2 2 19 24 3552 3878 2343
4946 2 2 19 24 2344 3877 3553
4947 2 2 19 24 2175 3654 3580
4948 2 2 19 24 1770 4357 2764
4949 2 2 19 24 3080 4784 2547
4950 2 2 19 24 2519 4499 3227
4951 2 2 19 24 2972 3827 2079
4952 2 2 19 24 3117 3641 1836
4953 2 2 19 24 1837 3640 3116
4954 2 2 19 24 3340 4266 2490
4955 2 2 19 24 2796 4044 67
4956 2 2 19 24 2239 3836 2854
4957 2 2 19 24 2855 3837 2240
4958 2 2 19 24 2990 3397 2569
4959 2 2 19 24 3392 3991 2337
4960 2 2 19 24 2338 3992 3393
4961 2 2 19 24 2461 4836 2771
4962 2 2 19 24 1778 5010 2825
4963 2 2 19 24 2824 5011 1779
4964 2 2 19 24 2009 4622 2736
4965 2 2 19 24 2022 4575 2798
4966 2 2 19 24 2828 4580 2004
4967 2 2 19 24 2829 3394 2027
4968 2 2 19 24 2368 4466 2763
4969 2 2 19 24 2671 3734 1822
4970 2 2 19 24 1821 3735 2672
4971 2 2 19 24 2795 3889 244
4972 2 2 19 24 162 3888 2794
4973 2 2 19 24 2775 3431 1937
4974 2 2 19 24 1936 3430 2774
4975 2 2 19 24 1942 4343 3544
4976 2 2 19 24 3543 4342 1941
4977 2 2 19 24 2261 3657 2732
4978 2 2 19 24 2289 4267 2732
4979 2 2 19 24 2663 4891 3600
4980 2 2 19 24 3141 4446 2027
4981 2 2 19 24 2062 4965 3882
4982 2 2 19 24 2302 3284 2858
4983 2 2 19 24 2826 3672 59
4984 2 2 19 24 3358 3905 2421
4985 2 2 19 24 2420 3904 3359
4986 2 2 19 24 2852 3730 2250
4987 2 2 19 24 2251 3731 2853
4988 2 2 19 24 2864 4905 2089
4989 2 2 19 24 2396 3213 3060
4990 2 2 19 24 3061 3212 2395
4991 2 2 19 24 2360 4044 2796
4992 2 2 19 24 2636 3678 41
4993 2 2 19 24 92 3677 2637
4994 2 2 19 24 2275 3296 3118
4995 2 2 19 24 3119 3297 2276
4996 2 2 19 24 3327 4733 2492
4997 2 2 19 24 2491 4732 3326
4998 2 2 19 24 2037 3938 3019
4999 2 2 19 24 3020 3939 2038
5000 2 2 19 24 2419 4212 3623
5001 2 2 19 24 3106 3675 2359
5002 2 2 19 24 3277 4443 2745
5003 2 2 19 24 2744 4444 3278
5004 2 2 19 24 2771 4836 3551
5005 2 2 19 24 2093 4691 2816
5006 2 2 19 24 2817 4692 2092
5007 2 2 19 24 3292 4111 1957
5008 2 2 19 24 1815 3675 3106
5009 2 2 19 24 2290 3256 2901
5010 2 2 19 24 2900 3257 2291
5011 2 2 19 24 2760 5013 2246
5012 2 2 19 24 2245 5012 2759
5013 2 2 19 24 195 2909 194
5014 2 2 19 24 212 2910 211
5015 2 2 19 24 1848 3690 3088
5016 2 2 19 24 3087 3691 1849
5017 2 2 19 24 2292 4112 3457
5018 2 2 19 24 2635 4117 1802
5019 2 2 19 24 2567 4111 3292
5020 2 2 19 24 3183 3499 1776
5021 2 2 19 24 1777 3498 3184
5022 2 2 19 24 4418 4606 2501
5023 2 2 19 24 2502 4607 4419
5024 2 2 19 24 377 3202 378
5025 2 2 19 24 2828 3417 2152
5026 2 2 19 24 2739 4033 1763
5027 2 2 19 24 1762 4032 2738
5028 2 2 19 24 2982 3508 2207
5029 2 2 19 24 3116 4643 2564
5030 2 2 19 24 2563 4642 3117
5031 2 2 19 24 3019 3938 2381
5032 2 2 19 24 2382 3939 3020
5033 2 2 19 24 1914 3883 3006
5034 2 2 19 24 3832 3897 2681
5035 2 2 19 24 2682 3896 3831
5036 2 2 19 24 1788 3730 2852
5037 2 2 19 24 2853 3731 1789
5038 2 2 19 24 1750 3530 2858
5039 2 2 19 24 1834 4527 3410
5040 2 2 19 24 3411 4528 1835
5041 2 2 19 24 3472 3799 2227
5042 2 2 19 24 2642 3919 3848
5043 2 2 19 24 3849 3918 2643
5044 2 2 19 24 3288 4363 2601
5045 2 2 19 24 2602 4364 3287
5046 2 2 19 24 1876 4361 2733
5047 2 2 19 24 385 3009 386
5048 2 2 19 24 355 3010 356
5049 2 2 19 24 2983 3666 1895
5050 2 2 19 24 2836 4573 1990
5051 2 2 19 24 1989 4574 2837
5052 2 2 19 24 2836 3535 380
5053 2 2 19 24 361 3536 2837
5054 2 2 19 24 3006 3883 2363
5055 2 2 19 24 2312 3499 3183
5056 2 2 19 24 3184 3498 2311
5057 2 2 19 24 2820 4667 2058
5058 2 2 19 24 2756 4165 1827
5059 2 2 19 24 1828 4166 2755
5060 2 2 19 24 3282 3811 2162
5061 2 2 19 24 2163 3812 3283
5062 2 2 19 24 2999 4027 2111
5063 2 2 19 24 2110 4026 3000
5064 2 2 19 24 1886 3340 2846
5065 2 2 19 24 3426 3438 2172
5066 2 2 19 24 2173 3439 3427
5067 2 2 19 24 111 3350 110
5068 2 2 19 24 23 3349 22
5069 2 2 19 24 2765 4140 1838
5070 2 2 19 24 1839 4139 2766
5071 2 2 19 24 2998 4898 3689
5072 2 2 19 24 2487 4667 2820
5073 2 2 19 24 2775 3317 2153
5074 2 2 19 24 2154 3318 2774
5075 2 2 19 24 2863 4791 3076
5076 2 2 19 24 3075 4790 2862
5077 2 2 19 24 2149 3285 3176
5078 2 2 19 24 3175 3286 2148
5079 2 2 19 24 2847 3346 1885
5080 2 2 19 24 4277 4682 2525
5081 2 2 19 24 2526 4683 4276
5082 2 2 19 24 2712 3782 121
5083 2 2 19 24 285 3781 2713
5084 2 2 19 24 2229 4245 3777
5085 2 2 19 24 3778 4244 2230
5086 2 2 19 24 3682 4110 1919
5087 2 2 19 24 1950 4108 2717
5088 2 2 19 24 2716 4107 1949
5089 2 2 19 24 2942 3688 2185
5090 2 2 19 24 2275 3889 2795
5091 2 2 19 24 2794 3888 2276
5092 2 2 19 24 2983 4991 2662
5093 2 2 19 24 2338 4678 2705
5094 2 2 19 24 2706 4679 2337
5095 2 2 19 24 1886 3417 2828
5096 2 2 19 24 3432 4734 2166
5097 2 2 19 24 2592 3185 3136
5098 2 2 19 24 3137 3186 2593
5099 2 2 19 24 3168 4633 2897
5100 2 2 19 24 2896 4632 3169
5101 2 2 19 24 2619 4857 2883
5102 2 2 19 24 2884 4858 2620
5103 2 2 19 24 2189 3571 2708
5104 2 2 19 24 2707 3572 2188
5105 2 2 19 24 2855 3776 1971
5106 2 2 19 24 2147 3542 2841
5107 2 2 19 24 2560 3766 3610
5108 2 2 19 24 3609 3765 2559
5109 2 2 19 24 2829 4319 1791
5110 2 2 19 24 2552 4621 2968
5111 2 2 19 24 2848 3493 1878
5112 2 2 19 24 1877 3492 2849
5113 2 2 19 24 3413 4938 2890
5114 2 2 19 24 2887 4939 3412
5115 2 2 19 24 2770 3579 2207
5116 2 2 19 24 3383 4821 2814
5117 2 2 19 24 2815 4822 3384
5118 2 2 19 24 4024 4313 3142
5119 2 2 19 24 3143 4312 4023
5120 2 2 19 24 2878 3325 1866
5121 2 2 19 24 1865 3324 2879
5122 2 2 19 24 2104 3295 3047
5123 2 2 19 24 3048 3294 2103
5124 2 2 19 24 2056 4643 3116
5125 2 2 19 24 3117 4642 2055
5126 2 2 19 24 2968 4621 1940
5127 2 2 19 24 3339 4719 51
5128 2 2 19 24 82 4720 3338
5129 2 2 19 24 91 4398 90
5130 2 2 19 24 43 4397 42
5131 2 2 19 24 1895 4991 2983
5132 2 2 19 24 1831 3526 2832
5133 2 2 19 24 2833 3527 1832
5134 2 2 19 24 2447 3885 3489
5135 2 2 19 24 2767 4075 2048
5136 2 2 19 24 2454 4257 3047
5137 2 2 19 24 3048 4258 2453
5138 2 2 19 24 3293 4562 2610
5139 2 2 19 24 1934 3908 3805
5140 2 2 19 24 3804 3909 1935
5141 2 2 19 24 2820 3418 1765
5142 2 2 19 24 2980 3651 2354
5143 2 2 19 24 2353 3650 2981
5144 2 2 19 24 121 4724 2712
5145 2 2 19 24 2713 4725 285
5146 2 2 19 24 1920 3585 2869
5147 2 2 19 24 2870 3586 1921
5148 2 2 19 24 2018 4559 2992
5149 2 2 19 24 1878 3625 2848
5150 2 2 19 24 2849 3624 1877
5151 2 2 19 24 3872 3952 2538
5152 2 2 19 24 1791 3394 2829
5153 2 2 19 24 2241 3936 2830
5154 2 2 19 24 2831 3937 2242
5155 2 2 19 24 2785 3576 2301
5156 2 2 19 24 2300 3575 2784
5157 2 2 19 24 2822 4320 4021
5158 2 2 19 24 4022 4321 2821
5159 2 2 19 24 1877 4017 3764
5160 2 2 19 24 3763 4016 1878
5161 2 2 19 24 2832 3526 2180
5162 2 2 19 24 2181 3527 2833
5163 2 2 19 24 115 3208 114
5164 2 2 19 24 292 3209 291
5165 2 2 19 24 2446 4014 4008
5166 2 2 19 24 2662 4991 4334
5167 2 2 19 24 3113 3189 2066
5168 2 2 19 24 2213 3844 3250
5169 2 2 19 24 3251 3845 2214
5170 2 2 19 24 2308 4723 3865
5171 2 2 19 24 1945 4764 2653
5172 2 2 19 24 4324 4496 2652
5173 2 2 19 24 1806 4853 3859
5174 2 2 19 24 2781 3659 2002
5175 2 2 19 24 2840 4844 1752
5176 2 2 19 24 363 3800 364
5177 2 2 19 24 2876 5002 2237
5178 2 2 19 24 2238 5001 2877
5179 2 2 19 24 264 3664 263
5180 2 2 19 24 143 3665 142
5181 2 2 19 24 2257 3822 3242
5182 2 2 19 24 3243 3821 2258
5183 2 2 19 24 2324 4322 4274
5184 2 2 19 24 277 3642 276
5185 2 2 19 24 130 3643 129
5186 2 2 19 24 2411 4423 2762
5187 2 2 19 24 2761 4422 2410
5188 2 2 19 24 1791 4764 3241
5189 2 2 19 24 3329 3908 1934
5190 2 2 19 24 1935 3909 3328
5191 2 2 19 24 2755 3558 1828
5192 2 2 19 24 1827 3557 2756
5193 2 2 19 24 2224 3772 2818
5194 2 2 19 24 3860 4964 1805
5195 2 2 19 24 3262 4557 1901
5196 2 2 19 24 1900 4558 3263
5197 2 2 19 24 2966 4112 1794
5198 2 2 19 24 1885 4709 2806
5199 2 2 19 24 154 4487 2898
5200 2 2 19 24 2899 4486 252
5201 2 2 19 24 2228 3704 2764
5202 2 2 19 24 3236 3417 1886
5203 2 2 19 24 2174 3587 3309
5204 2 2 19 24 2854 3836 1855
5205 2 2 19 24 1856 3837 2855
5206 2 2 19 24 3581 4298 2049
5207 2 2 19 24 2050 4299 3582
5208 2 2 19 24 2818 3772 2036
5209 2 2 19 24 2857 3397 2025
5210 2 2 19 24 2202 3977 2740
5211 2 2 19 24 2741 3976 2203
5212 2 2 19 24 1830 3633 3072
5213 2 2 19 24 3071 3632 1829
5214 2 2 19 24 2633 4495 3712
5215 2 2 19 24 3711 4494 2632
5216 2 2 19 24 236 4639 235
5217 2 2 19 24 171 4640 170
5218 2 2 19 24 3187 3307 2376
5219 2 2 19 24 2377 3308 3188
5220 2 2 19 24 2541 3223 2953
5221 2 2 19 24 2952 3224 2542
5222 2 2 19 24 3310 3826 1898
5223 2 2 19 24 1899 3825 3311
5224 2 2 19 24 2392 4112 2966
5225 2 2 19 24 2165 4963 3441
5226 2 2 19 24 3440 4962 2164
5227 2 2 19 24 2656 3538 2221
5228 2 2 19 24 2222 3539 2655
5229 2 2 19 24 4274 4322 2770
5230 2 2 19 24 2174 4182 3618
5231 2 2 19 24 3136 3185 2064
5232 2 2 19 24 2065 3186 3137
5233 2 2 19 24 2152 4580 2828
5234 2 2 19 24 201 4890 3559
5235 2 2 19 24 1974 4515 3978
5236 2 2 19 24 2746 4298 3581
5237 2 2 19 24 3582 4299 2747
5238 2 2 19 24 2814 3565 15
5239 2 2 19 24 18 3566 2815
5240 2 2 19 24 2875 3515 2169
5241 2 2 19 24 3705 4905 2864
5242 2 2 19 24 3443 3729 2265
5243 2 2 19 24 2266 3728 3442
5244 2 2 19 24 218 3029 217
5245 2 2 19 24 189 3030 188
5246 2 2 19 24 2848 3625 2211
5247 2 2 19 24 2210 3624 2849
5248 2 2 19 24 1782 3330 3016
5249 2 2 19 24 3017 3331 1783
5250 2 2 19 24 3262 3453 2282
5251 2 2 19 24 2283 3452 3263
5252 2 2 19 24 3666 3771 1895
5253 2 2 19 24 2553 3580 3529
5254 2 2 19 24 2127 4364 2897
5255 2 2 19 24 2896 4363 2128
5256 2 2 19 24 2806 3496 1885
5257 2 2 19 24 1831 3717 3212
5258 2 2 19 24 3213 3718 1832
5259 2 2 19 24 2192 3518 2811
5260 2 2 19 24 2812 3519 2193
5261 2 2 19 24 2834 4456 1985
5262 2 2 19 24 1986 4455 2835
5263 2 2 19 24 3172 3246 1824
5264 2 2 19 24 2789 3635 2260
5265 2 2 19 24 2259 3636 2788
5266 2 2 19 24 2280 3421 3135
5267 2 2 19 24 3134 3422 2281
5268 2 2 19 24 2427 4456 2834
5269 2 2 19 24 2835 4455 2426
5270 2 2 19 24 3065 3194 2011
5271 2 2 19 24 3448 4172 2410
5272 2 2 19 24 2411 4171 3449
5273 2 2 19 24 3630 4062 1845
5274 2 2 19 24 1843 4063 3631
5275 2 2 19 24 2714 3794 2238
5276 2 2 19 24 2237 3793 2715
5277 2 2 19 24 2239 3194 3065
5278 2 2 19 24 3118 3296 2200
5279 2 2 19 24 2201 3297 3119
5280 2 2 19 24 3350 4476 110
5281 2 2 19 24 23 4475 3349
5282 2 2 19 24 2819 3688 1984
5283 2 2 19 24 3118 3839 242
5284 2 2 19 24 164 3838 3119
5285 2 2 19 24 2494 3674 3078
5286 2 2 19 24 3077 3673 2495
5287 2 2 19 24 2797 4636 367
5288 2 2 19 24 2428 3628 2973
5289 2 2 19 24 3300 3737 2115
5290 2 2 19 24 2116 3738 3299
5291 2 2 19 24 2145 3609 2703
5292 2 2 19 24 2704 3610 2146
5293 2 2 19 24 3090 4214 3879
5294 2 2 19 24 3880 4213 3089
5295 2 2 19 24 2965 4340 3483
5296 2 2 19 24 2961 4254 1889
5297 2 2 19 24 1888 4253 2960
5298 2 2 19 24 1922 4274 2770
5299 2 2 19 24 2574 4905 3705
5300 2 2 19 24 59 4283 2826
5301 2 2 19 24 2771 4613 2007
5302 2 2 19 24 3108 3514 2319
5303 2 2 19 24 2318 3513 3107
5304 2 2 19 24 2091 3732 3069
5305 2 2 19 24 3070 3733 2090
5306 2 2 19 24 2225 3742 3481
5307 2 2 19 24 3482 3741 2226
5308 2 2 19 24 2240 3776 2855
5309 2 2 19 24 2426 3737 3300
5310 2 2 19 24 3299 3738 2427
5311 2 2 19 24 2016 3723 2918
5312 2 2 19 24 2919 3724 2017
5313 2 2 19 24 2448 3417 3236
5314 2 2 19 24 3007 4256 2611
5315 2 2 19 24 2612 4255 3008
5316 2 2 19 24 2155 3397 2857
5317 2 2 19 24 2859 3971 1811
5318 2 2 19 24 1846 3341 2965
5319 2 2 19 24 3032 3313 2107
5320 2 2 19 24 3027 4124 2125
5321 2 2 19 24 2126 4125 3028
5322 2 2 19 24 2105 3792 2909
5323 2 2 19 24 2910 3791 2106
5324 2 2 19 24 3734 4609 2659
5325 2 2 19 24 2658 4610 3735
5326 2 2 19 24 3106 3801 2567
5327 2 2 19 24 2204 4619 3459
5328 2 2 19 24 3460 4618 2205
5329 2 2 19 24 3458 4507 1931
5330 2 2 19 24 3210 4169 1762
5331 2 2 19 24 1763 4170 3211
5332 2 2 19 24 3204 4450 2630
5333 2 2 19 24 2631 4449 3203
5334 2 2 19 24 2767 3719 1916
5335 2 2 19 24 2734 4086 1981
5336 2 2 19 24 1982 4085 2735
5337 2 2 19 24 2752 3294 1817
5338 2 2 19 24 1818 3295 2753
5339 2 2 19 24 1970 3881 2854
5340 2 2 19 24 2529 4169 3210
5341 2 2 19 24 3211 4170 2530
5342 2 2 19 24 4119 4731 2657
5343 2 2 19 24 2779 4438 1804
5344 2 2 19 24 1803 4437 2780
5345 2 2 19 24 4319 4764 1791
5346 2 2 19 24 2854 3873 1970
5347 2 2 19 24 1971 3874 2855
5348 2 2 19 24 1924 4638 2904
5349 2 2 19 24 2788 4715 2259
5350 2 2 19 24 2260 4714 2789
5351 2 2 19 24 2467 4465 3031
5352 2 2 19 24 3282 3473 1774
5353 2 2 19 24 1775 3474 3283
5354 2 2 19 24 201 3559 200
5355 2 2 19 24 2878 3892 1979
5356 2 2 19 24 1980 3893 2879
5357 2 2 19 24 2990 4641 1753
5358 2 2 19 24 2466 4513 3731
5359 2 2 19 24 3730 4512 2465
5360 2 2 19 24 206 3529 205
5361 2 2 19 24 2305 4062 2681
5362 2 2 19 24 2682 4063 2304
5363 2 2 19 24 1771 3515 2875
5364 2 2 19 24 2007 4742 2771
5365 2 2 19 24 3544 4343 2614
5366 2 2 19 24 2613 4342 3543
5367 2 2 19 24 2150 3871 2932
5368 2 2 19 24 2933 3870 2151
5369 2 2 19 24 1955 4210 2768
5370 2 2 19 24 2769 4211 1956
5371 2 2 19 24 2922 3342 2105
5372 2 2 19 24 2106 3343 2923
5373 2 2 19 24 2058 4667 2859
5374 2 2 19 24 2749 4498 1964
5375 2 2 19 24 1965 4497 2748
5376 2 2 19 24 2515 3189 3113
5377 2 2 19 24 52 3339 51
5378 2 2 19 24 82 3338 81
5379 2 2 19 24 2349 3549 2744
5380 2 2 19 24 2745 3550 2348
5381 2 2 19 24 2587 4117 3617
5382 2 2 19 24 2014 4038 2729
5383 2 2 19 24 2730 4037 2015
5384 2 2 19 24 3167 3347 1879
5385 2 2 19 24 2602 3287 3173
5386 2 2 19 24 3174 3288 2601
5387 2 2 19 24 2818 5000 3672
5388 2 2 19 24 2764 4357 2227
5389 2 2 19 24 4638 4900 2747
5390 2 2 19 24 2746 4899 4637
5391 2 2 19 24 65 4992 2993
5392 2 2 19 24 2133 3704 3463
5393 2 2 19 24 4172 4553 2410
5394 2 2 19 24 2411 4554 4171
5395 2 2 19 24 2261 4686 3920
5396 2 2 19 24 1887 4716 3237
5397 2 2 19 24 2867 4784 2070
5398 2 2 19 24 3769 4860 2087
5399 2 2 19 24 2088 4861 3770
5400 2 2 19 24 2859 4667 2487
5401 2 2 19 24 2819 3749 2169
5402 2 2 19 24 2069 4414 3257
5403 2 2 19 24 3256 4415 2068
5404 2 2 19 24 3005 3326 2074
5405 2 2 19 24 2073 3327 3004
5406 2 2 19 24 2514 4605 2934
5407 2 2 19 24 294 3383 2814
5408 2 2 19 24 2815 3384 407
5409 2 2 19 24 2821 4666 2216
5410 2 2 19 24 2215 4665 2822
5411 2 2 19 24 2004 4580 2939
5412 2 2 19 24 2227 3799 3347
5413 2 2 19 24 3745 4901 2284
5414 2 2 19 24 2569 4641 2990
5415 2 2 19 24 3985 4073 2642
5416 2 2 19 24 2643 4074 3984
5417 2 2 19 24 2192 4381 2687
5418 2 2 19 24 2688 4380 2193
5419 2 2 19 24 2247 3659 3483
5420 2 2 19 24 2841 3542 1887
5421 2 2 19 24 2313 3945 3389
5422 2 2 19 24 3390 3944 2314
5423 2 2 19 24 2447 3489 2967
5424 2 2 19 24 3047 4257 1906
5425 2 2 19 24 1905 4258 3048
5426 2 2 19 24 2986 3868 2028
5427 2 2 19 24 2029 3869 2987
5428 2 2 19 24 2823 3616 333
5429 2 2 19 24 2044 4943 3227
5430 2 2 19 24 1916 3912 2767
5431 2 2 19 24 3848 3919 2346
5432 2 2 19 24 2345 3918 3849
5433 2 2 19 24 182 3897 3832
5434 2 2 19 24 3831 3896 224
5435 2 2 19 24 2924 4942 2409
5436 2 2 19 24 2609 4686 4605
5437 2 2 19 24 3209 4131 291
5438 2 2 19 24 115 4132 3208
5439 2 2 19 24 2763 3933 2368
5440 2 2 19 24 2934 4605 1810
5441 2 2 19 24 2908 3694 2055
5442 2 2 19 24 2056 3695 2907
5443 2 2 19 24 3226 4766 2104
5444 2 2 19 24 2103 4767 3225
5445 2 2 19 24 332 3619 2823
5446 2 2 19 24 2513 3886 3541
5447 2 2 19 24 3540 3887 2512
5448 2 2 19 24 2830 3936 1857
5449 2 2 19 24 1858 3937 2831
5450 2 2 19 24 1908 4451 3567
5451 2 2 19 24 3568 4452 1907
5452 2 2 19 24 2419 4049 3767
5453 2 2 19 24 2225 4354 4227
5454 2 2 19 24 4228 4353 2226
5455 2 2 19 24 1814 5005 2920
5456 2 2 19 24 3112 4394 1987
5457 2 2 19 24 1988 4393 3111
5458 2 2 19 24 2857 3952 2155
5459 2 2 19 24 2938 3404 1871
5460 2 2 19 24 1872 3405 2937
5461 2 2 19 24 3696 4255 2006
5462 2 2 19 24 2005 4256 3697
5463 2 2 19 24 2902 4030 2321
5464 2 2 19 24 2320 4031 2903
5465 2 2 19 24 2845 3383 295
5466 2 2 19 24 406 3384 2842
5467 2 2 19 24 2388 4478 3067
5468 2 2 19 24 3068 4479 2389
5469 2 2 19 24 2925 3571 2189
5470 2 2 19 24 2188 3572 2926
5471 2 2 19 24 2584 4874 2167
5472 2 2 19 24 2168 4875 2585
5473 2 2 19 24 2227 3347 3167
5474 2 2 19 24 2289 3605 3122
5475 2 2 19 24 3122 3605 1764
5476 2 2 19 24 2520 3845 3251
5477 2 2 19 24 3250 3844 2521
5478 2 2 19 24 3202 4532 2594
5479 2 2 19 24 2568 4844 4011
5480 2 2 19 24 2325 3473 3282
5481 2 2 19 24 3283 3474 2326
5482 2 2 19 24 3525 4000 2685
5483 2 2 19 24 2684 4001 3524
5484 2 2 19 24 2239 3658 3194
5485 2 2 19 24 2873 3980 358
5486 2 2 19 24 383 3979 2874
5487 2 2 19 24 1901 3453 3262
5488 2 2 19 24 3263 3452 1900
5489 2 2 19 24 2078 3612 3001
5490 2 2 19 24 3002 3613 2077
5491 2 2 19 24 3078 3674 1891
5492 2 2 19 24 1890 3673 3077
5493 2 2 19 24 3739 3822 2257
5494 2 2 19 24 2258 3821 3740
5495 2 2 19 24 3212 3717 2395
5496 2 2 19 24 2396 3718 3213
5497 2 2 19 24 2842 3391 405
5498 2 2 19 24 266 3866 2907
5499 2 2 19 24 2908 3867 140
5500 2 2 19 24 3687 4519 1768
5501 2 2 19 24 1769 4518 3686
5502 2 2 19 24 2381 3729 3443
5503 2 2 19 24 3442 3728 2382
5504 2 2 19 24 2952 4885 2030
5505 2 2 19 24 2031 4884 2953
5506 2 2 19 24 2651 4507 3458
5507 2 2 19 24 296 3401 2845
5508 2 2 19 24 123 3372 122
5509 2 2 19 24 284 3373 283
5510 2 2 19 24 2338 4176 2905
5511 2 2 19 24 2906 4175 2337
5512 2 2 19 24 3191 4348 4314
5513 2 2 19 24 3027 5012 2245
5514 2 2 19 24 2246 5013 3028
5515 2 2 19 24 369 3785 2971
5516 2 2 19 24 2918 3723 2252
5517 2 2 19 24 2253 3724 2919
5518 2 2 19 24 2572 4853 2868
5519 2 2 19 24 4096 4185 1855
5520 2 2 19 24 1856 4186 4097
5521 2 2 19 24 3028 5013 2126
5522 2 2 19 24 2125 5012 3027
5523 2 2 19 24 3026 3326 1881
5524 2 2 19 24 1880 3327 3025
5525 2 2 19 24 1994 3802 3490
5526 2 2 19 24 3491 3803 1993
5527 2 2 19 24 2805 4488 1804
5528 2 2 19 24 1803 4489 2804
5529 2 2 19 24 2054 3550 2861
5530 2 2 19 24 2860 3549 2053
5531 2 2 19 24 3281 4685 2130
5532 2 2 19 24 2129 4684 3280
5533 2 2 19 24 1786 4626 2862
5534 2 2 19 24 2863 4627 1787
5535 2 2 19 24 2673 4979 3062
5536 2 2 19 24 3062 4979 1875
5537 2 2 19 24 2269 3551 2856
5538 2 2 19 24 404 3391 2843
5539 2 2 19 24 2844 3401 297
5540 2 2 19 24 2846 4681 1886
5541 2 2 19 24 1885 4680 2847
5542 2 2 19 24 1826 3744 2716
5543 2 2 19 24 2717 3743 1825
5544 2 2 19 24 367 4091 2797
5545 2 2 19 24 3652 4339 2461
5546 2 2 19 24 1774 4951 3363
5547 2 2 19 24 3364 4952 1775
5548 2 2 19 24 2313 3900 3430
5549 2 2 19 24 3431 3901 2314
5550 2 2 19 24 2492 4624 3025
5551 2 2 19 24 3026 4623 2491
5552 2 2 19 24 2594 4993 3202
5553 2 2 19 24 2854 3881 2239
5554 2 2 19 24 2004 4266 2828
5555 2 2 19 24 3343 5010 1778
5556 2 2 19 24 1779 5011 3342
5557 2 2 19 24 2001 4688 2777
5558 2 2 19 24 2990 3608 2025
5559 2 2 19 24 1780 4402 4173
5560 2 2 19 24 4174 4401 1781
5561 2 2 19 24 2284 4841 3222
5562 2 2 19 24 3275 3642 277
5563 2 2 19 24 129 3643 3276
5564 2 2 19 24 2542 4885 2952
5565 2 2 19 24 2953 4884 2541
5566 2 2 19 24 2387 4024 3142
5567 2 2 19 24 3143 4023 2386
5568 2 2 19 24 44 3306 43
5569 2 2 19 24 90 3305 89
5570 2 2 19 24 2904 4638 2535
5571 2 2 19 24 3489 3885 2228
5572 2 2 19 24 3815 4163 2328
5573 2 2 19 24 2705 4675 2338
5574 2 2 19 24 2337 4674 2706
5575 2 2 19 24 2339 4636 2797
5576 2 2 19 24 1984 3749 2819
5577 2 2 19 24 2256 3649 3614
5578 2 2 19 24 3615 3648 2255
5579 2 2 19 24 2648 4719 3339
5580 2 2 19 24 3338 4720 2647
5581 2 2 19 24 1981 4086 2830
5582 2 2 19 24 2831 4085 1982
5583 2 2 19 24 364 3795 365
5584 2 2 19 24 2806 4039 2022
5585 2 2 19 24 2864 3545 1914
5586 2 2 19 24 3690 4229 3088
5587 2 2 19 24 3087 4230 3691
5588 2 2 19 24 1847 3634 2819
5589 2 2 19 24 2843 3413 403
5590 2 2 19 24 298 3412 2844
5591 2 2 19 24 3409 3952 1809
5592 2 2 19 24 2475 4755 2895
5593 2 2 19 24 3983 4841 2284
5594 2 2 19 24 3659 4583 3483
5595 2 2 19 24 3787 4278 1760
5596 2 2 19 24 1761 4279 3786
5597 2 2 19 24 2247 3795 2801
5598 2 2 19 24 3269 3298 2347
5599 2 2 19 24 1768 3571 2925
5600 2 2 19 24 2926 3572 1769
5601 2 2 19 24 2404 3246 3172
5602 2 2 19 24 3435 4871 2676
5603 2 2 19 24 4534 4555 3060
5604 2 2 19 24 3061 4556 4533
5605 2 2 19 24 3067 4418 2761
5606 2 2 19 24 2762 4419 3068
5607 2 2 19 24 1758 4159 3067
5608 2 2 19 24 3068 4160 1759
5609 2 2 19 24 3048 4571 2483
5610 2 2 19 24 2484 4572 3047
5611 2 2 19 24 2506 4509 3000
5612 2 2 19 24 2999 4508 2505
5613 2 2 19 24 2995 3385 2174
5614 2 2 19 24 2138 3298 3269
5615 2 2 19 24 2986 4183 2357
5616 2 2 19 24 2358 4184 2987
5617 2 2 19 24 2027 4906 3141
5618 2 2 19 24 1746 4303 3178
5619 2 2 19 24 3177 4304 1747
5620 2 2 19 24 2169 4653 2875
5621 2 2 19 24 3375 4830 2088
5622 2 2 19 24 2087 4829 3374
5623 2 2 19 24 2480 4779 3035
5624 2 2 19 24 2799 4930 1849
5625 2 2 19 24 1848 4931 2800
5626 2 2 19 24 3123 3354 2123
5627 2 2 19 24 2124 3355 3124
5628 2 2 19 24 2217 4936 2880
5629 2 2 19 24 2966 3382 2392
5630 2 2 19 24 2804 3869 2029
5631 2 2 19 24 2028 3868 2805
5632 2 2 19 24 3248 3603 2359
5633 2 2 19 24 2840 4352 2351
5634 2 2 19 24 2422 3883 3545
5635 2 2 19 24 3309 4182 2174
5636 2 2 19 24 2180 4878 2832
5637 2 2 19 24 2833 4879 2181
5638 2 2 19 24 4782 4993 2594
5639 2 2 19 24 2188 3315 3157
5640 2 2 19 24 3158 3314 2189
5641 2 2 19 24 2250 3981 2852
5642 2 2 19 24 2853 3982 2251
5643 2 2 19 24 2666 4394 3112
5644 2 2 19 24 3111 4393 2667
5645 2 2 19 24 2616 4098 3857
5646 2 2 19 24 3858 4099 2615
5647 2 2 19 24 3480 3788 1923
5648 2 2 19 24 2800 4255 3696
5649 2 2 19 24 3697 4256 2799
5650 2 2 19 24 2158 4769 2996
5651 2 2 19 24 2997 4770 2159
5652 2 2 19 24 2728 4685 3281
5653 2 2 19 24 3280 4684 2727
5654 2 2 19 24 1889 4306 2961
5655 2 2 19 24 2960 4305 1888
5656 2 2 19 24 1813 4297 3011
5657 2 2 19 24 3012 4296 1812
5658 2 2 19 24 3043 3447 2466
5659 2 2 19 24 2465 3446 3042
5660 2 2 19 24 1882 3603 3079
5661 2 2 19 24 3637 4362 2533
5662 2 2 19 24 3000 4509 255
5663 2 2 19 24 151 4508 2999
5664 2 2 19 24 2268 3603 3248
5665 2 2 19 24 2609 4605 3368
5666 2 2 19 24 3512 4995 2739
5667 2 2 19 24 2738 4994 3511
5668 2 2 19 24 2718 3798 2323
5669 2 2 19 24 2322 3797 2719
5670 2 2 19 24 2971 4625 370
5671 2 2 19 24 2206 3264 2959
5672 2 2 19 24 1870 3613 3002
5673 2 2 19 24 3001 3612 1869
5674 2 2 19 24 2422 3545 3049
5675 2 2 19 24 2028 4183 2986
5676 2 2 19 24 2987 4184 2029
5677 2 2 19 24 273 3225 272
5678 2 2 19 24 134 3226 133
5679 2 2 19 24 106 3962 2919
5680 2 2 19 24 2918 3961 27
5681 2 2 19 24 4157 4677 2470
5682 2 2 19 24 2469 4676 4156
5683 2 2 19 24 1838 4143 2765
5684 2 2 19 24 2766 4144 1839
5685 2 2 19 24 2224 3672 2826
5686 2 2 19 24 2876 4382 2016
5687 2 2 19 24 2017 4383 2877
5688 2 2 19 24 3148 4765 2723
5689 2 2 19 24 3079 3603 2268
5690 2 2 19 24 2159 4708 2846
5691 2 2 19 24 2847 4707 2158
5692 2 2 19 24 1768 4519 3571
5693 2 2 19 24 3572 4518 1769
5694 2 2 19 24 2371 4818 2796
5695 2 2 19 24 2792 4739 2142
5696 2 2 19 24 2141 4738 2793
5697 2 2 19 24 317 3155 318
5698 2 2 19 24 343 3156 344
5699 2 2 19 24 3271 4287 2493
5700 2 2 19 24 1796 4128 3847
5701 2 2 19 24 2871 3834 2265
5702 2 2 19 24 2266 3833 2872
5703 2 2 19 24 2061 4499 3532
5704 2 2 19 24 1873 4081 2924
5705 2 2 19 24 3725 4968 2507
5706 2 2 19 24 2325 3746 2849
5707 2 2 19 24 2848 3747 2326
5708 2 2 19 24 341 3133 342
5709 2 2 19 24 319 3132 320
5710 2 2 19 24 3430 3900 2458
5711 2 2 19 24 2457 3901 3431
5712 2 2 19 24 3680 4512 1788
5713 2 2 19 24 1789 4513 3681
5714 2 2 19 24 2891 4381 2192
5715 2 2 19 24 2193 4380 2892
5716 2 2 19 24 3541 3886 2259
5717 2 2 19 24 2260 3887 3540
5718 2 2 19 24 2628 3153 2075
5719 2 2 19 24 2076 3154 2629
5720 2 2 19 24 3517 4008 2303
5721 2 2 19 24 2221 3832 2681
5722 2 2 19 24 2682 3831 2222
5723 2 2 19 24 2905 3992 2338
5724 2 2 19 24 2337 3991 2906
5725 2 2 19 24 2806 3999 2114
5726 2 2 19 24 2034 4801 3370
5727 2 2 19 24 3371 4802 2035
5728 2 2 19 24 76 3789 2835
5729 2 2 19 24 2834 3790 57
5730 2 2 19 24 2176 4757 3149
5731 2 2 19 24 3150 4756 2177
5732 2 2 19 24 1844 4149 2772
5733 2 2 19 24 2773 4148 1842
5734 2 2 19 24 2085 4981 3171
5735 2 2 19 24 3170 4982 2086
5736 2 2 19 24 2794 4351 162
5737 2 2 19 24 244 4350 2795
5738 2 2 19 24 242 3839 241
5739 2 2 19 24 165 3838 164
5740 2 2 19 24 2920 5005 2184
5741 2 2 19 24 2219 3744 2860
5742 2 2 19 24 2861 3743 2218
5743 2 2 19 24 2850 3947 2203
5744 2 2 19 24 2202 3948 2851
5745 2 2 19 24 2114 4135 3496
5746 2 2 19 24 3657 4158 2732
5747 2 2 19 24 2871 3591 2295
5748 2 2 19 24 2296 3592 2872
5749 2 2 19 24 4056 4727 2011
5750 2 2 19 24 2075 3153 2630
5751 2 2 19 24 2631 3154 2076
5752 2 2 19 24 3857 4098 2483
5753 2 2 19 24 2484 4099 3858
5754 2 2 19 24 3247 4092 2166
5755 2 2 19 24 2030 3855 3130
5756 2 2 19 24 3131 3854 2031
5757 2 2 19 24 2497 4662 3689
5758 2 2 19 24 2852 3923 1788
5759 2 2 19 24 1789 3924 2853
5760 2 2 19 24 2639 4944 3434
5761 2 2 19 24 3433 4945 2638
5762 2 2 19 24 2473 4325 3337
5763 2 2 19 24 3336 4326 2474
5764 2 2 19 24 2959 3274 2206
5765 2 2 19 24 315 3153 316
5766 2 2 19 24 345 3154 346
5767 2 2 19 24 2765 3723 2016
5768 2 2 19 24 2017 3724 2766
5769 2 2 19 24 3080 3418 2268
5770 2 2 19 24 2703 4557 3262
5771 2 2 19 24 3263 4558 2704
5772 2 2 19 24 2025 3397 2990
5773 2 2 19 24 2948 4193 3136
5774 2 2 19 24 3137 4194 2949
5775 2 2 19 24 2538 3952 3409
5776 2 2 19 24 2042 4352 2840
5777 2 2 19 24 3132 3445 2675
5778 2 2 19 24 2674 3444 3133
5779 2 2 19 24 3348 4955 2552
5780 2 2 19 24 3567 4451 2792
5781 2 2 19 24 2793 4452 3568
5782 2 2 19 24 2442 4566 3147
5783 2 2 19 24 3146 4565 2441
5784 2 2 19 24 2586 4287 3271
5785 2 2 19 24 2675 3445 1980
5786 2 2 19 24 1979 3444 2674
5787 2 2 19 24 2772 4802 3371
5788 2 2 19 24 3370 4801 2773
5789 2 2 19 24 2774 4747 2154
5790 2 2 19 24 2153 4746 2775
5791 2 2 19 24 2893 3558 2111
5792 2 2 19 24 2110 3557 2894
5793 2 2 19 24 2917 4477 74
5794 2 2 19 24 2826 3757 2224
5795 2 2 19 24 2164 4020 3159
5796 2 2 19 24 64 4992 65
5797 2 2 19 24 2924 4081 2334
5798 2 2 19 24 3465 3754 1751
5799 2 2 19 24 1750 3755 3464
5800 2 2 19 24 1892 3862 3606
5801 2 2 19 24 3607 3863 1893
5802 2 2 19 24 3002 4593 2139
5803 2 2 19 24 2140 4594 3001
5804 2 2 19 24 2170 4156 3601
5805 2 2 19 24 3602 4157 2171
5806 2 2 19 24 2830 4086 2241
5807 2 2 19 24 2242 4085 2831
5808 2 2 19 24 352 3165 353
5809 2 2 19 24 388 3166 389
5810 2 2 19 24 3748 4755 1752
5811 2 2 19 24 3160 4055 2165
5812 2 2 19 24 2922 4454 1779
5813 2 2 19 24 1778 4453 2923
5814 2 2 19 24 2783 4830 3375
5815 2 2 19 24 3374 4829 2782
5816 2 2 19 24 1765 3418 3080
5817 2 2 19 24 2969 3513 1748
5818 2 2 19 24 1749 3514 2970
5819 2 2 19 24 3272 4865 2988
5820 2 2 19 24 2989 4864 3273
5821 2 2 19 24 2887 3412 299
5822 2 2 19 24 402 3413 2890
5823 2 2 19 24 1879 3489 3167
5824 2 2 19 24 3167 3489 2228
5825 2 2 19 24 74 3750 2917
5826 2 2 19 24 2390 4314 2826
5827 2 2 19 24 3296 3660 2200
5828 2 2 19 24 2201 3661 3297
5829 2 2 19 24 1864 3232 3096
5830 2 2 19 24 3095 3231 1863
5831 2 2 19 24 1833 3385 2995
5832 2 2 19 24 2867 3628 1919
5833 2 2 19 24 3092 4088 2342
5834 2 2 19 24 2341 4087 3091
5835 2 2 19 24 3682 4778 2558
5836 2 2 19 24 3743 4443 1825
5837 2 2 19 24 1826 4444 3744
5838 2 2 19 24 2902 4720 83
5839 2 2 19 24 50 4719 2903
5840 2 2 19 24 1985 4346 2834
5841 2 2 19 24 2835 4345 1986
5842 2 2 19 24 2947 3472 2227
5843 2 2 19 24 3351 4517 2024
5844 2 2 19 24 2023 4516 3352
5845 2 2 19 24 3091 3366 2118
5846 2 2 19 24 2117 3365 3092
5847 2 2 19 24 1836 4057 3647
5848 2 2 19 24 3646 4058 1837
5849 2 2 19 24 2531 3512 3211
5850 2 2 19 24 3210 3511 2532
5851 2 2 19 24 2355 3854 3131
5852 2 2 19 24 3130 3855 2356
5853 2 2 19 24 3197 3931 2049
5854 2 2 19 24 2050 3932 3198
5855 2 2 19 24 2890 3414 401
5856 2 2 19 24 300 3425 2887
5857 2 2 19 24 2313 4013 3945
5858 2 2 19 24 3944 4012 2314
5859 2 2 19 24 1804 4526 2779
5860 2 2 19 24 2780 4525 1803
5861 2 2 19 24 2592 4758 3185
5862 2 2 19 24 3186 4759 2593
5863 2 2 19 24 2801 4673 2002
5864 2 2 19 24 2920 4823 2678
5865 2 2 19 24 2852 3981 1995
5866 2 2 19 24 1996 3982 2853
5867 2 2 19 24 3587 4341 3309
5868 2 2 19 24 2685 4935 3525
5869 2 2 19 24 3524 4934 2684
5870 2 2 19 24 2865 4032 1762
5871 2 2 19 24 1763 4033 2866
5872 2 2 19 24 2857 4187 1809
5873 2 2 19 24 1895 3386 3369
5874 2 2 19 24 192 4208 191
5875 2 2 19 24 215 4209 214
5876 2 2 19 24 2171 4157 2869
5877 2 2 19 24 2870 4156 2170
5878 2 2 19 24 3025 4624 1992
5879 2 2 19 24 1991 4623 3026
5880 2 2 19 24 2399 3931 3197
5881 2 2 19 24 3198 3932 2400
5882 2 2 19 24 3040 4279 1761
5883 2 2 19 24 1760 4278 3041
5884 2 2 19 24 1783 3798 3017
5885 2 2 19 24 3016 3797 1782
5886 2 2 19 24 2995 3618 2080
5887 2 2 19 24 3497 4853 1806
5888 2 2 19 24 3009 3423 386
5889 2 2 19 24 355 3424 3010
5890 2 2 19 24 1775 4147 3364
5891 2 2 19 24 3363 4146 1774
5892 2 2 19 24 2487 4522 2859
5893 2 2 19 24 2200 3660 3402
5894 2 2 19 24 3403 3661 2201
5895 2 2 19 24 2880 4809 2534
5896 2 2 19 24 2904 3872 1924
5897 2 2 19 24 2037 3840 2832
5898 2 2 19 24 2833 3841 2038
5899 2 2 19 24 2184 5005 2964
5900 2 2 19 24 400 3414 2889
5901 2 2 19 24 93 4915 3484
5902 2 2 19 24 3485 4914 40
5903 2 2 19 24 2381 3443 3019
5904 2 2 19 24 3020 3442 2382
5905 2 2 19 24 2888 3425 301
5906 2 2 19 24 1810 4203 2934
5907 2 2 19 24 250 3594 2980
5908 2 2 19 24 2981 3593 156
5909 2 2 19 24 1929 3552 3064
5910 2 2 19 24 3063 3553 1930
5911 2 2 19 24 2885 3577 2329
5912 2 2 19 24 2330 3578 2886
5913 2 2 19 24 2940 3698 1829
5914 2 2 19 24 1830 3699 2941
5915 2 2 19 24 2810 4761 3838
5916 2 2 19 24 3839 4760 2809
5917 2 2 19 24 2192 4948 3033
5918 2 2 19 24 3034 4949 2193
5919 2 2 19 24 2274 3145 2957
5920 2 2 19 24 1765 4118 3751
5921 2 2 19 24 1983 3629 3279
5922 2 2 19 24 3149 4748 2176
5923 2 2 19 24 2177 4749 3150
5924 2 2 19 24 2328 4163 3528
5925 2 2 19 24 3021 3761 1854
5926 2 2 19 24 1853 3760 3022
5927 2 2 19 24 1815 4344 2973
5928 2 2 19 24 2426 4920 2835
5929 2 2 19 24 2834 4919 2427
5930 2 2 19 24 3388 4245 2229
5931 2 2 19 24 2230 4244 3387
5932 2 2 19 24 39 3842 38
5933 2 2 19 24 95 3843 94
5934 2 2 19 24 3045 4114 1998
5935 2 2 19 24 1997 4113 3046
5936 2 2 19 24 1873 3486 3074
5937 2 2 19 24 1808 4731 4119
5938 2 2 19 24 3074 3486 2212
5939 2 2 19 24 3751 4118 2709
5940 2 2 19 24 2972 3508 1805
5941 2 2 19 24 2835 4920 76
5942 2 2 19 24 57 4919 2834
5943 2 2 19 24 3178 4303 2536
5944 2 2 19 24 2537 4304 3177
5945 2 2 19 24 2967 3489 1879
5946 2 2 19 24 2960 4253 2290
5947 2 2 19 24 2291 4254 2961
5948 2 2 19 24 2095 4495 3205
5949 2 2 19 24 3206 4494 2096
5950 2 2 19 24 2832 3938 2037
5951 2 2 19 24 2038 3939 2833
5952 2 2 19 24 3633 3808 2425
5953 2 2 19 24 2424 3807 3632
5954 2 2 19 24 2203 3976 2850
5955 2 2 19 24 2851 3977 2202
5956 2 2 19 24 87 4224 2807
5957 2 2 19 24 2808 4223 46
5958 2 2 19 24 2889 3437 399
5959 2 2 19 24 302 3436 2888
5960 2 2 19 24 2973 4344 2428
5961 2 2 19 24 1849 4542 2799
5962 2 2 19 24 2800 4541 1848
5963 2 2 19 24 2816 4278 3787
5964 2 2 19 24 3786 4279 2817
5965 2 2 19 24 1811 3762 2859
5966 2 2 19 24 2826 4283 2390
5967 2 2 19 24 2942 3548 375
5968 2 2 19 24 2908 4869 2479
5969 2 2 19 24 2478 4870 2907
5970 2 2 19 24 3812 4147 1775
5971 2 2 19 24 1774 4146 3811
5972 2 2 19 24 2790 4464 2379
5973 2 2 19 24 2380 4463 2791
5974 2 2 19 24 3092 3763 2117
5975 2 2 19 24 2118 3764 3091
5976 2 2 19 24 3064 3552 2232
5977 2 2 19 24 2231 3553 3063
5978 2 2 19 24 3830 4662 1918
5979 2 2 19 24 2159 4995 3512
5980 2 2 19 24 3511 4994 2158
5981 2 2 19 24 2263 4032 2865
5982 2 2 19 24 2866 4033 2264
5983 2 2 19 24 2895 4755 3748
5984 2 2 19 24 2048 4075 2921
5985 2 2 19 24 1869 4138 3001
5986 2 2 19 24 3002 4137 1870
5987 2 2 19 24 2119 4005 3195
5988 2 2 19 24 3196 4004 2120
5989 2 2 19 24 2858 4347 2008
5990 2 2 19 24 2907 4870 266
5991 2 2 19 24 140 4869 2908
5992 2 2 19 24 3802 4561 3490
5993 2 2 19 24 3491 4560 3803
5994 2 2 19 24 2211 4896 2848
5995 2 2 19 24 2849 4897 2210
5996 2 2 19 24 2832 4983 1831
5997 2 2 19 24 1832 4984 2833
5998 2 2 19 24 2945 4590 2370
5999 2 2 19 24 2369 4591 2944
6000 2 2 19 24 3369 3386 2308
6001 2 2 19 24 2176 4748 3208
6002 2 2 19 24 3209 4749 2177
6003 2 2 19 24 2830 4040 1981
6004 2 2 19 24 1982 4041 2831
6005 2 2 19 24 3031 4465 2041
6006 2 2 19 24 205 3580 204
6007 2 2 19 24 2025 3960 2857
6008 2 2 19 24 2148 3670 3175
6009 2 2 19 24 3176 3671 2149
6010 2 2 19 24 2729 4264 2014
6011 2 2 19 24 2015 4265 2730
6012 2 2 19 24 1748 3947 2850
6013 2 2 19 24 2851 3948 1749
6014 2 2 19 24 3038 3395 1913
6015 2 2 19 24 1912 3396 3039
6016 2 2 19 24 2334 3960 2924
6017 2 2 19 24 2070 4784 3080
6018 2 2 19 24 2158 4994 4769
6019 2 2 19 24 4770 4995 2159
6020 2 2 19 24 4066 4109 2486
6021 2 2 19 24 3573 4943 4779
6022 2 2 19 24 1809 3952 2857
6023 2 2 19 24 311 3181 312
6024 2 2 19 24 349 3182 350
6025 2 2 19 24 2110 4375 3557
6026 2 2 19 24 3558 4374 2111
6027 2 2 19 24 103 3903 2962
6028 2 2 19 24 2963 3902 30
6029 2 2 19 24 68 4044 3018
6030 2 2 19 24 2940 3829 2178
6031 2 2 19 24 2179 3828 2941
6032 2 2 19 24 2917 4424 2391
6033 2 2 19 24 2373 3824 3554
6034 2 2 19 24 3665 4153 2604
6035 2 2 19 24 2603 4152 3664
6036 2 2 19 24 2319 3712 2768
6037 2 2 19 24 2769 3711 2318
6038 2 2 19 24 3708 4894 2575
6039 2 2 19 24 2576 4895 3709
6040 2 2 19 24 2170 4303 3134
6041 2 2 19 24 3135 4304 2171
6042 2 2 19 24 2898 3816 154
6043 2 2 19 24 252 3817 2899
6044 2 2 19 24 2994 4500 3316
6045 2 2 19 24 3184 3810 1777
6046 2 2 19 24 1776 3809 3183
6047 2 2 19 24 3521 4402 1780
6048 2 2 19 24 1781 4401 3520
6049 2 2 19 24 2971 4947 4625
6050 2 2 19 24 2166 4092 3432
6051 2 2 19 24 3292 3898 2372
6052 2 2 19 24 2914 3436 303
6053 2 2 19 24 398 3437 2916
6054 2 2 19 24 2477 4109 3247
6055 2 2 19 24 2626 4742 4371
6056 2 2 19 24 2965 3483 1846
6057 2 2 19 24 2687 3518 2192
6058 2 2 19 24 2193 3519 2688
6059 2 2 19 24 2237 4382 2876
6060 2 2 19 24 2877 4383 2238
6061 2 2 19 24 215 3482 2812
6062 2 2 19 24 2811 3481 191
6063 2 2 19 24 2213 3314 3158
6064 2 2 19 24 3157 3315 2214
6065 2 2 19 24 19 3199 331
6066 2 2 19 24 144 3220 145
6067 2 2 19 24 261 3221 262
6068 2 2 19 24 3031 4701 2467
6069 2 2 19 24 2078 4594 2925
6070 2 2 19 24 2926 4593 2077
6071 2 2 19 24 2782 3873 2235
6072 2 2 19 24 2236 3874 2783
6073 2 2 19 24 3247 4109 1801
6074 2 2 19 24 3622 4825 1812
6075 2 2 19 24 1813 4824 3621
6076 2 2 19 24 3344 4862 2679
6077 2 2 19 24 2680 4863 3345
6078 2 2 19 24 3018 4044 2360
6079 2 2 19 24 181 3832 3538
6080 2 2 19 24 3539 3831 225
6081 2 2 19 24 3949 4119 2340
6082 2 2 19 24 2273 3619 3199
6083 2 2 19 24 347 3203 348
6084 2 2 19 24 313 3204 314
6085 2 2 19 24 20 3270 371
6086 2 2 19 24 2894 4084 2294
6087 2 2 19 24 2293 4083 2893
6088 2 2 19 24 304 3450 2914
6089 2 2 19 24 2916 3451 397
6090 2 2 19 24 1756 4021 2786
6091 2 2 19 24 2787 4022 1757
6092 2 2 19 24 3798 4804 3017
6093 2 2 19 24 3016 4803 3797
6094 2 2 19 24 3350 4757 2176
6095 2 2 19 24 2177 4756 3349
6096 2 2 19 24 94 4915 93
6097 2 2 19 24 40 4914 39
6098 2 2 19 24 2992 4559 2480
6099 2 2 19 24 2869 4647 1920
6100 2 2 19 24 1921 4648 2870
6101 2 2 19 24 2840 4275 2042
6102 2 2 19 24 3019 3443 1890
6103 2 2 19 24 1891 3442 3020
6104 2 2 19 24 3211 3512 1763
6105 2 2 19 24 1762 3511 3210
6106 2 2 19 24 3042 3446 1898
6107 2 2 19 24 1899 3447 3043
6108 2 2 19 24 2303 3555 3207
6109 2 2 19 24 1762 4169 2865
6110 2 2 19 24 2866 4170 1763
6111 2 2 19 24 2652 4496 3104
6112 2 2 19 24 2182 3985 3322
6113 2 2 19 24 3321 3984 2183
6114 2 2 19 24 2959 3264 327
6115 2 2 19 24 2895 3748 2240
6116 2 2 19 24 2868 4853 3497
6117 2 2 19 24 2345 4123 2975
6118 2 2 19 24 2974 4122 2346
6119 2 2 19 24 2092 4692 3192
6120 2 2 19 24 3193 4691 2093
6121 2 2 19 24 4484 4592 1984
6122 2 2 19 24 1862 3780 3100
6123 2 2 19 24 3099 3779 1860
6124 2 2 19 24 2165 4055 3293
6125 2 2 19 24 2915 3450 305
6126 2 2 19 24 396 3451 2913
6127 2 2 19 24 2874 4717 2019
6128 2 2 19 24 2020 4718 2873
6129 2 2 19 24 3920 4686 2609
6130 2 2 19 24 1932 4827 2948
6131 2 2 19 24 2949 4828 1933
6132 2 2 19 24 2047 3801 3106
6133 2 2 19 24 2185 3548 2942
6134 2 2 19 24 2103 4571 3048
6135 2 2 19 24 3047 4572 2104
6136 2 2 19 24 3040 3905 2160
6137 2 2 19 24 2161 3904 3041
6138 2 2 19 24 3658 4641 3194
6139 2 2 19 24 1914 4792 2864
6140 2 2 19 24 3778 4612 1954
6141 2 2 19 24 1953 4611 3777
6142 2 2 19 24 2235 4089 2782
6143 2 2 19 24 2783 4090 2236
6144 2 2 19 24 3488 3629 1983
6145 2 2 19 24 2362 4042 3156
6146 2 2 19 24 3155 4043 2361
6147 2 2 19 24 3486 3620 2212
6148 2 2 19 24 2403 4131 3209
6149 2 2 19 24 3208 4132 2402
6150 2 2 19 24 2913 3468 395
6151 2 2 19 24 306 3466 2915
6152 2 2 19 24 277 4490 3275
6153 2 2 19 24 3276 4491 129
6154 2 2 19 24 1823 4496 4324
6155 2 2 19 24 2282 3453 3127
6156 2 2 19 24 3128 3452 2283
6157 2 2 19 24 1885 3496 3228
6158 2 2 19 24 2759 3565 2245
6159 2 2 19 24 2246 3566 2760
6160 2 2 19 24 3179 3911 2505
6161 2 2 19 24 2506 3910 3180
6162 2 2 19 24 2416 3980 2873
6163 2 2 19 24 2874 3979 2417
6164 2 2 19 24 2864 4792 3705
6165 2 2 19 24 2233 4609 3734
6166 2 2 19 24 3735 4610 2234
6167 2 2 19 24 1905 4359 3037
6168 2 2 19 24 3036 4358 1906
6169 2 2 19 24 2155 3872 2904
6170 2 2 19 24 2123 3632 3071
6171 2 2 19 24 3072 3633 2124
6172 2 2 19 24 381 3254 382
6173 2 2 19 24 359 3255 360
6174 2 2 19 24 4193 4827 2488
6175 2 2 19 24 2489 4828 4194
6176 2 2 19 24 2208 3452 3128
6177 2 2 19 24 3127 3453 2209
6178 2 2 19 24 1831 4595 3526
6179 2 2 19 24 3527 4596 1832
6180 2 2 19 24 2924 3960 2025
6181 2 2 19 24 3823 4446 3141
6182 2 2 19 24 1924 4900 4638
6183 2 2 19 24 4637 4899 1923
6184 2 2 19 24 3526 4595 2751
6185 2 2 19 24 2750 4596 3527
6186 2 2 19 24 2768 4210 2319
6187 2 2 19 24 2318 4211 2769
6188 2 2 19 24 3102 3632 2123
6189 2 2 19 24 2124 3633 3103
6190 2 2 19 24 2271 3760 3714
6191 2 2 19 24 3715 3761 2272
6192 2 2 19 24 3838 4761 2201
6193 2 2 19 24 2200 4760 3839
6194 2 2 19 24 3185 4758 1946
6195 2 2 19 24 1947 4759 3186
6196 2 2 19 24 3399 3422 2214
6197 2 2 19 24 2213 3421 3398
6198 2 2 19 24 2468 4709 3346
6199 2 2 19 24 2111 4027 2893
6200 2 2 19 24 2894 4026 2110
6201 2 2 19 24 2928 3466 307
6202 2 2 19 24 394 3468 2930
6203 2 2 19 24 2856 4259 2008
6204 2 2 19 24 3316 3435 2223
6205 2 2 19 24 2776 3611 3199
6206 2 2 19 24 3242 3399 1897
6207 2 2 19 24 1896 3398 3243
6208 2 2 19 24 1972 4141 3104
6209 2 2 19 24 2134 4115 3244
6210 2 2 19 24 3245 4116 2135
6211 2 2 19 24 3368 4020 2164
6212 2 2 19 24 3428 3704 2133
6213 2 2 19 24 2167 4269 2584
6214 2 2 19 24 2585 4268 2168
6215 2 2 19 24 2655 3539 3335
6216 2 2 19 24 3334 3538 2656
6217 2 2 19 24 1871 3993 3454
6218 2 2 19 24 3455 3994 1872
6219 2 2 19 24 2237 5002 3902
6220 2 2 19 24 3903 5001 2238
6221 2 2 19 24 3036 3454 2156
6222 2 2 19 24 2157 3455 3037
6223 2 2 19 24 2260 4693 3887
6224 2 2 19 24 3886 4694 2259
6225 2 2 19 24 3260 3300 2115
6226 2 2 19 24 2116 3299 3261
6227 2 2 19 24 2667 4517 3351
6228 2 2 19 24 3352 4516 2666
6229 2 2 19 24 3342 5011 2440
6230 2 2 19 24 2439 5010 3343
6231 2 2 19 24 2052 4164 2964
6232 2 2 19 24 1795 4702 2856
6233 2 2 19 24 2861 4443 3743
6234 2 2 19 24 3744 4444 2860
6235 2 2 19 24 2342 3763 3092
6236 2 2 19 24 3091 3764 2341
6237 2 2 19 24 2486 4109 3129
6238 2 2 19 24 4021 4320 2306
6239 2 2 19 24 2307 4321 4022
6240 2 2 19 24 1821 5019 3301
6241 2 2 19 24 3302 5020 1822
6242 2 2 19 24 3045 3546 2396
6243 2 2 19 24 2395 3547 3046
6244 2 2 19 24 2930 3467 393
6245 2 2 19 24 308 3475 2928
6246 2 2 19 24 1806 4797 3497
6247 2 2 19 24 3003 4562 2497
6248 2 2 19 24 2918 4600 2876
6249 2 2 19 24 2877 4599 2919
6250 2 2 19 24 146 4248 3124
6251 2 2 19 24 3123 4249 260
6252 2 2 19 24 3387 4541 2321
6253 2 2 19 24 2320 4542 3388
6254 2 2 19 24 2821 4321 2032
6255 2 2 19 24 2033 4320 2822
6256 2 2 19 24 2772 4149 2221
6257 2 2 19 24 2222 4148 2773
6258 2 2 19 24 2408 4114 3045
6259 2 2 19 24 3046 4113 2407
6260 2 2 19 24 1867 3307 3187
6261 2 2 19 24 3188 3308 1868
6262 2 2 19 24 2973 3675 1815
6263 2 2 19 24 3747 4896 1899
6264 2 2 19 24 1898 4897 3746
6265 2 2 19 24 3125 3492 1877
6266 2 2 19 24 1878 3493 3126
6267 2 2 19 24 180 3334 179
6268 2 2 19 24 227 3335 226
6269 2 2 19 24 2281 3399 3242
6270 2 2 19 24 3243 3398 2280
6271 2 2 19 24 3228 3496 2500
6272 2 2 19 24 334 3616 2957
6273 2 2 19 24 392 3467 2931
6274 2 2 19 24 1811 4562 3003
6275 2 2 19 24 1999 4188 2788
6276 2 2 19 24 2789 4189 2000
6277 2 2 19 24 2929 3475 309
6278 2 2 19 24 2932 3871 1818
6279 2 2 19 24 1817 3870 2933
6280 2 2 19 24 196 3955 195
6281 2 2 19 24 211 3954 210
6282 2 2 19 24 2191 4813 3111
6283 2 2 19 24 3112 4812 2190
6284 2 2 19 24 2238 3794 2962
6285 2 2 19 24 2963 3793 2237
6286 2 2 19 24 2752 4767 3294
6287 2 2 19 24 3295 4766 2753
6288 2 2 19 24 1876 3861 3846
6289 2 2 19 24 1952 3989 2893
6290 2 2 19 24 2894 3990 1951
6291 2 2 19 24 2139 4593 3215
6292 2 2 19 24 3214 4594 2140
6293 2 2 19 24 2681 3897 2305
6294 2 2 19 24 2304 3896 2682
6295 2 2 19 24 3335 3539 226
6296 2 2 19 24 180 3538 3334
6297 2 2 19 24 2409 3620 3486
6298 2 2 19 24 4039 4709 2468
6299 2 2 19 24 1752 4844 3965
6300 2 2 19 24 3576 3826 2301
6301 2 2 19 24 2300 3825 3575
6302 2 2 19 24 2431 4555 4534
6303 2 2 19 24 4533 4556 2432
6304 2 2 19 24 2737 4729 3634
6305 2 2 19 24 153 4487 154
6306 2 2 19 24 252 4486 253
6307 2 2 19 24 1990 4447 2836
6308 2 2 19 24 2837 4448 1989
6309 2 2 19 24 2939 4977 2646
6310 2 2 19 24 1998 3546 3045
6311 2 2 19 24 3046 3547 1997
6312 2 2 19 24 1796 4014 3200
6313 2 2 19 24 3457 3637 1943
6314 2 2 19 24 3562 3931 2399
6315 2 2 19 24 2400 3932 3563
6316 2 2 19 24 2998 3750 73
6317 2 2 19 24 1995 4412 2852
6318 2 2 19 24 2853 4413 1996
6319 2 2 19 24 2086 4982 2989
6320 2 2 19 24 2988 4981 2085
6321 2 2 19 24 1855 4887 2854
6322 2 2 19 24 2855 4886 1856
6323 2 2 19 24 181 3538 180
6324 2 2 19 24 226 3539 225
6325 2 2 19 24 1899 4896 3447
6326 2 2 19 24 3446 4897 1898
6327 2 2 19 24 3023 4473 2121
6328 2 2 19 24 2122 4474 3024
6329 2 2 19 24 2449 4241 3029
6330 2 2 19 24 3030 4242 2450
6331 2 2 19 24 2635 4431 3611
6332 2 2 19 24 37 3322 36
6333 2 2 19 24 97 3321 96
6334 2 2 19 24 3635 4693 2260
6335 2 2 19 24 2259 4694 3636
6336 2 2 19 24 3259 4762 3174
6337 2 2 19 24 3173 4763 3258
6338 2 2 19 24 3073 3463 1833
6339 2 2 19 24 2983 4164 2052
6340 2 2 19 24 2777 4300 3313
6341 2 2 19 24 310 3476 2929
6342 2 2 19 24 2931 3477 391
6343 2 2 19 24 1758 4932 2885
6344 2 2 19 24 2886 4933 1759
6345 2 2 19 24 3328 4295 2470
6346 2 2 19 24 2469 4294 3329
6347 2 2 19 24 2957 3145 2437
6348 2 2 19 24 4208 4948 2192
6349 2 2 19 24 2193 4949 4209
6350 2 2 19 24 2446 4008 3517
6351 2 2 19 24 2885 4159 1758
6352 2 2 19 24 1759 4160 2886
6353 2 2 19 24 2681 4062 3630
6354 2 2 19 24 3631 4063 2682
6355 2 2 19 24 2392 3637 3457
6356 2 2 19 24 3405 3994 2443
6357 2 2 19 24 2444 3993 3404
6358 2 2 19 24 3282 3310 2325
6359 2 2 19 24 2326 3311 3283
6360 2 2 19 24 3545 3883 1914
6361 2 2 19 24 2917 3750 2254
6362 2 2 19 24 336 4069 2956
6363 2 2 19 24 2958 4070 325
6364 2 2 19 24 2902 4816 4720
6365 2 2 19 24 4719 4817 2903
6366 2 2 19 24 3191 4314 2390
6367 2 2 19 24 2509 3957 3093
6368 2 2 19 24 3094 3956 2508
6369 2 2 19 24 2254 3750 2998
6370 2 2 19 24 3538 3832 2221
6371 2 2 19 24 2222 3831 3539
6372 2 2 19 24 2905 4176 174
6373 2 2 19 24 232 4175 2906
6374 2 2 19 24 3161 4138 1869
6375 2 2 19 24 1870 4137 3162
6376 2 2 19 24 385 4586 3009
6377 2 2 19 24 3010 4587 356
6378 2 2 19 24 1812 4567 3012
6379 2 2 19 24 3011 4568 1813
6380 2 2 19 24 99 3849 98
6381 2 2 19 24 35 3848 34
6382 2 2 19 24 278 4490 277
6383 2 2 19 24 129 4491 128
6384 2 2 19 24 3473 4912 1774
6385 2 2 19 24 1775 4913 3474
6386 2 2 19 24 1771 4669 3515
6387 2 2 19 24 1938 3992 3943
6388 2 2 19 24 3942 3991 1939
6389 2 2 19 24 2557 3892 1819
6390 2 2 19 24 1820 3893 2556
6391 2 2 19 24 2904 4056 2155
6392 2 2 19 24 3199 3611 2273
6393 2 2 19 24 3006 3756 2579
6394 2 2 19 24 2115 3737 3212
6395 2 2 19 24 3213 3738 2116
6396 2 2 19 24 2640 3788 3480
6397 2 2 19 24 271 3706 270
6398 2 2 19 24 136 3707 135
6399 2 2 19 24 2921 4734 2654
6400 2 2 19 24 3557 4375 2756
6401 2 2 19 24 2755 4374 3558
6402 2 2 19 24 2162 3310 3282
6403 2 2 19 24 3283 3311 2163
6404 2 2 19 24 1810 3537 3105
6405 2 2 19 24 2270 4768 4713
6406 2 2 19 24 2862 3990 2294
6407 2 2 19 24 2293 3989 2863
6408 2 2 19 24 2163 3825 3396
6409 2 2 19 24 3395 3826 2162
6410 2 2 19 24 2802 4309 1772
6411 2 2 19 24 1773 4310 2803
6412 2 2 19 24 3733 4882 2090
6413 2 2 19 24 2091 4883 3732
6414 2 2 19 24 2947 3683 2324
6415 2 2 19 24 2948 4827 4193
6416 2 2 19 24 4194 4828 2949
6417 2 2 19 24 1857 4535 2830
6418 2 2 19 24 2831 4536 1858
6419 2 2 19 24 3785 4145 2971
6420 2 2 19 24 3165 3380 353
6421 2 2 19 24 388 3381 3166
6422 2 2 19 24 2343 3878 3506
6423 2 2 19 24 3507 3877 2344
6424 2 2 19 24 3570 4843 2715
6425 2 2 19 24 2714 4842 3569
6426 2 2 19 24 2291 3951 2900
6427 2 2 19 24 2901 3950 2290
6428 2 2 19 24 2213 3398 3314
6429 2 2 19 24 3315 3399 2214
6430 2 2 19 24 2957 4069 335
6431 2 2 19 24 326 4070 2959
6432 2 2 19 24 1881 4987 3026
6433 2 2 19 24 3025 4988 1880
6434 2 2 19 24 2408 4452 3720
6435 2 2 19 24 3721 4451 2407
6436 2 2 19 24 3515 4669 2763
6437 2 2 19 24 2694 4556 3567
6438 2 2 19 24 3568 4555 2693
6439 2 2 19 24 2254 3830 2917
6440 2 2 19 24 3244 4115 323
6441 2 2 19 24 338 4116 3245
6442 2 2 19 24 2353 3816 2898
6443 2 2 19 24 2899 3817 2354
6444 2 2 19 24 3586 3822 1921
6445 2 2 19 24 1920 3821 3585
6446 2 2 19 24 2036 3772 2934
6447 2 2 19 24 3164 3944 2317
6448 2 2 19 24 2316 3945 3163
6449 2 2 19 24 244 3889 243
6450 2 2 19 24 163 3888 162
6451 2 2 19 24 381 3535 3254
6452 2 2 19 24 3255 3536 360
6453 2 2 19 24 2178 3698 2940
6454 2 2 19 24 2941 3699 2179
6455 2 2 19 24 2881 4771 1850
6456 2 2 19 24 1851 4772 2882
6457 2 2 19 24 3086 4191 2322
6458 2 2 19 24 2323 4192 3085
6459 2 2 19 24 3519 4285 2688
6460 2 2 19 24 2687 4284 3518
6461 2 2 19 24 1890 3834 3673
6462 2 2 19 24 3674 3833 1891
6463 2 2 19 24 1845 4062 2839
6464 2 2 19 24 2838 4063 1843
6465 2 2 19 24 2336 4188 2936
6466 2 2 19 24 2935 4189 2335
6467 2 2 19 24 1929 3878 3552
6468 2 2 19 24 3553 3877 1930
6469 2 2 19 24 2747 4900 3582
6470 2 2 19 24 3581 4899 2746
6471 2 2 19 24 3220 4406 2544
6472 2 2 19 24 2543 4405 3221
6473 2 2 19 24 3162 3415 1870
6474 2 2 19 24 1869 3416 3161
6475 2 2 19 24 1805 4964 2972
6476 2 2 19 24 3205 4495 2633
6477 2 2 19 24 2632 4494 3206
6478 2 2 19 24 2851 4470 2024
6479 2 2 19 24 2023 4469 2850
6480 2 2 19 24 3270 4658 371
6481 2 2 19 24 3133 3444 2362
6482 2 2 19 24 2361 3445 3132
6483 2 2 19 24 193 3792 3033
6484 2 2 19 24 3034 3791 213
6485 2 2 19 24 3647 4057 2699
6486 2 2 19 24 2700 4058 3646
6487 2 2 19 24 3250 3421 2213
6488 2 2 19 24 2214 3422 3251
6489 2 2 19 24 2934 4726 2514
6490 2 2 19 24 144 4406 3220
6491 2 2 19 24 3221 4405 262
6492 2 2 19 24 2220 3771 3629
6493 2 2 19 24 3162 4137 2757
6494 2 2 19 24 2758 4138 3161
6495 2 2 19 24 1931 4431 3523
6496 2 2 19 24 3049 4324 2422
6497 2 2 19 24 3345 4261 1928
6498 2 2 19 24 1927 4260 3344
6499 2 2 19 24 3501 4334 1852
6500 2 2 19 24 3554 4427 2067
6501 2 2 19 24 2049 3931 2865
6502 2 2 19 24 2866 3932 2050
6503 2 2 19 24 3043 3575 1899
6504 2 2 19 24 1898 3576 3042
6505 2 2 19 24 1823 4324 3049
6506 2 2 19 24 3634 4729 2185
6507 2 2 19 24 2850 4378 1748
6508 2 2 19 24 1749 4377 2851
6509 2 2 19 24 2369 3868 2986
6510 2 2 19 24 2987 3869 2370
6511 2 2 19 24 1984 4592 3101
6512 2 2 19 24 3591 3811 2295
6513 2 2 19 24 2296 3812 3592
6514 2 2 19 24 2683 4427 3554
6515 2 2 19 24 3045 4548 4452
6516 2 2 19 24 4451 4547 3046
6517 2 2 19 24 2960 4028 1956
6518 2 2 19 24 1955 4029 2961
6519 2 2 19 24 2194 3492 3125
6520 2 2 19 24 3126 3493 2195
6521 2 2 19 24 1852 4334 3487
6522 2 2 19 24 4720 4816 2647
6523 2 2 19 24 2648 4817 4719
6524 2 2 19 24 3623 4212 1960
6525 2 2 19 24 2032 4666 2821
6526 2 2 19 24 2822 4665 2033
6527 2 2 19 24 1957 3898 3292
6528 2 2 19 24 1974 3978 3929
6529 2 2 19 24 2555 4261 3345
6530 2 2 19 24 3344 4260 2554
6531 2 2 19 24 327 3264 328
6532 2 2 19 24 3762 4465 2467
6533 2 2 19 24 4779 4943 2044
6534 2 2 19 24 3532 4902 2061
6535 2 2 19 24 3240 4874 1944
6536 2 2 19 24 2471 4124 3027
6537 2 2 19 24 3028 4125 2472
6538 2 2 19 24 1845 3438 3426
6539 2 2 19 24 3427 3439 1843
6540 2 2 19 24 1908 4556 3061
6541 2 2 19 24 3060 4555 1907
6542 2 2 19 24 3884 4092 1801
6543 2 2 19 24 2925 4594 3214
6544 2 2 19 24 3215 4593 2926
6545 2 2 19 24 2302 3806 3516
6546 2 2 19 24 2859 4522 3971
6547 2 2 19 24 2070 4980 2973
6548 2 2 19 24 3868 4488 2805
6549 2 2 19 24 2804 4489 3869
6550 2 2 19 24 2962 3903 2238
6551 2 2 19 24 2237 3902 2963
6552 2 2 19 24 3013 4312 2306
6553 2 2 19 24 2307 4313 3014
6554 2 2 19 24 2736 4622 3062
6555 2 2 19 24 3259 3955 196
6556 2 2 19 24 210 3954 3258
6557 2 2 19 24 2344 3553 3464
6558 2 2 19 24 3465 3552 2343
6559 2 2 19 24 3516 3806 2445
6560 2 2 19 24 2535 4727 2904
6561 2 2 19 24 3843 4915 94
6562 2 2 19 24 39 4914 3842
6563 2 2 19 24 2934 4794 2036
6564 2 2 19 24 2039 3829 2940
6565 2 2 19 24 2941 3828 2040
6566 2 2 19 24 2026 3611 2776
6567 2 2 19 24 3574 4250 2412
6568 2 2 19 24 2677 4092 3884
6569 2 2 19 24 2993 4094 65
6570 2 2 19 24 3207 4072 2303
6571 2 2 19 24 2412 4250 4212
6572 2 2 19 24 3014 4313 1884
6573 2 2 19 24 1883 4312 3013
6574 2 2 19 24 3599 4380 1819
6575 2 2 19 24 1820 4381 3598
6576 2 2 19 24 2944 4526 1804
6577 2 2 19 24 1803 4525 2945
6578 2 2 19 24 3720 4452 2793
6579 2 2 19 24 2792 4451 3721
6580 2 2 19 24 3464 3553 2231
6581 2 2 19 24 2232 3552 3465
6582 2 2 19 24 2252 3961 2918
6583 2 2 19 24 2919 3962 2253
6584 2 2 19 24 2311 3561 3506
6585 2 2 19 24 3507 3560 2312
6586 2 2 19 24 2196 4991 3369
6587 2 2 19 24 2974 4785 33
6588 2 2 19 24 100 4786 2975
6589 2 2 19 24 2024 3977 2851
6590 2 2 19 24 2850 3976 2023
6591 2 2 19 24 2939 4543 2621
6592 2 2 19 24 3460 4165 2756
6593 2 2 19 24 2755 4166 3459
6594 2 2 19 24 2904 4727 4056
6595 2 2 19 24 3184 3440 2164
6596 2 2 19 24 2165 3441 3183
6597 2 2 19 24 2109 3596 2970
6598 2 2 19 24 2969 3597 2108
6599 2 2 19 24 2174 3618 2995
6600 2 2 19 24 2052 4950 2976
6601 2 2 19 24 1833 3885 3385
6602 2 2 19 24 2493 4575 3652
6603 2 2 19 24 3056 3692 2045
6604 2 2 19 24 2046 3693 3057
6605 2 2 19 24 2371 4094 2993
6606 2 2 19 24 59 3672 60
6607 2 2 19 24 3481 4354 2225
6608 2 2 19 24 2226 4353 3482
6609 2 2 19 24 3105 4203 1810
6610 2 2 19 24 387 3381 388
6611 2 2 19 24 353 3380 354
6612 2 2 19 24 3294 4767 2103
6613 2 2 19 24 2104 4766 3295
6614 2 2 19 24 2352 3666 2976
6615 2 2 19 24 2413 4470 2851
6616 2 2 19 24 2850 4469 2414
6617 2 2 19 24 1877 3624 3054
6618 2 2 19 24 3055 3625 1878
6619 2 2 19 24 2996 3819 2112
6620 2 2 19 24 2113 3818 2997
6621 2 2 19 24 2168 4268 2824
6622 2 2 19 24 2825 4269 2167
6623 2 2 19 24 3929 3978 2657
6624 2 2 19 24 2696 3182 2198
6625 2 2 19 24 2199 3181 2695
6626 2 2 19 24 3934 4356 2625
6627 2 2 19 24 2624 4355 3935
6628 2 2 19 24 2811 4208 2192
6629 2 2 19 24 2193 4209 2812
6630 2 2 19 24 1748 4378 2969
6631 2 2 19 24 2970 4377 1749
6632 2 2 19 24 2611 4739 3721
6633 2 2 19 24 3720 4738 2612
6634 2 2 19 24 3541 3612 2078
6635 2 2 19 24 2077 3613 3540
6636 2 2 19 24 2106 3791 3034
6637 2 2 19 24 3033 3792 2105
6638 2 2 19 24 3118 4831 2275
6639 2 2 19 24 2276 4832 3119
6640 2 2 19 24 2129 4538 2870
6641 2 2 19 24 2869 4537 2130
6642 2 2 19 24 3205 4775 2095
6643 2 2 19 24 2096 4774 3206
6644 2 2 19 24 2285 3890 3850
6645 2 2 19 24 3851 3891 2286
6646 2 2 19 24 1804 4488 2944
6647 2 2 19 24 2945 4489 1803
6648 2 2 19 24 2227 4357 2947
6649 2 2 19 24 2921 4392 2048
6650 2 2 19 24 2659 4101 3302
6651 2 2 19 24 3301 4100 2658
6652 2 2 19 24 253 4232 254
6653 2 2 19 24 152 4231 153
6654 2 2 19 24 1916 4293 3912
6655 2 2 19 24 1829 4606 2940
6656 2 2 19 24 2941 4607 1830
6657 2 2 19 24 247 4087 3069
6658 2 2 19 24 3070 4088 159
6659 2 2 19 24 2605 4658 3270
6660 2 2 19 24 3247 3912 2477
6661 2 2 19 24 1949 4107 3089
6662 2 2 19 24 3090 4108 1950
6663 2 2 19 24 2391 4477 2917
6664 2 2 19 24 3286 4491 2444
6665 2 2 19 24 2443 4490 3285
6666 2 2 19 24 4314 4348 1917
6667 2 2 19 24 2049 4298 3197
6668 2 2 19 24 3198 4299 2050
6669 2 2 19 24 2909 3792 194
6670 2 2 19 24 212 3791 2910
6671 2 2 19 24 1946 4616 3185
6672 2 2 19 24 3186 4617 1947
6673 2 2 19 24 2954 4165 2205
6674 2 2 19 24 2204 4166 2955
6675 2 2 19 24 1747 3421 3250
6676 2 2 19 24 3251 3422 1746
6677 2 2 19 24 3796 4347 2733
6678 2 2 19 24 3238 4840 1839
6679 2 2 19 24 1838 4839 3239
6680 2 2 19 24 2198 3182 2701
6681 2 2 19 24 2702 3181 2199
6682 2 2 19 24 3611 4431 2273
6683 2 2 19 24 2759 5012 3165
6684 2 2 19 24 3166 5013 2760
6685 2 2 19 24 1932 4760 3402
6686 2 2 19 24 3403 4761 1933
6687 2 2 19 24 2936 4386 2336
6688 2 2 19 24 2335 4387 2935
6689 2 2 19 24 3217 4893 1999
6690 2 2 19 24 2000 4892 3216
6691 2 2 19 24 3756 4238 2579
6692 2 2 19 24 3462 4328 2482
6693 2 2 19 24 2481 4327 3461
6694 2 2 19 24 1930 3877 3441
6695 2 2 19 24 3440 3878 1929
6696 2 2 19 24 2042 3676 2991
6697 2 2 19 24 2927 4730 2412
6698 2 2 19 24 2008 4347 3796
6699 2 2 19 24 3463 3885 1833
6700 2 2 19 24 2492 4279 3040
6701 2 2 19 24 3041 4278 2491
6702 2 2 19 24 2221 3630 2772
6703 2 2 19 24 2773 3631 2222
6704 2 2 19 24 2150 4420 3871
6705 2 2 19 24 3870 4421 2151
6706 2 2 19 24 3523 4431 2635
6707 2 2 19 24 3496 4135 2500
6708 2 2 19 24 145 4248 146
6709 2 2 19 24 260 4249 261
6710 2 2 19 24 2893 3989 2293
6711 2 2 19 24 2294 3990 2894
6712 2 2 19 24 204 3654 203
6713 2 2 19 24 4374 4810 2570
6714 2 2 19 24 2571 4811 4375
6715 2 2 19 24 3225 4220 272
6716 2 2 19 24 134 4221 3226
6717 2 2 19 24 2245 3565 2814
6718 2 2 19 24 2815 3566 2246
6719 2 2 19 24 3697 4817 2005
6720 2 2 19 24 2006 4816 3696
6721 2 2 19 24 3481 3742 190
6722 2 2 19 24 216 3741 3482
6723 2 2 19 24 36 3985 35
6724 2 2 19 24 98 3984 97
6725 2 2 19 24 2566 4617 3186
6726 2 2 19 24 3185 4616 2565
6727 2 2 19 24 2370 4590 3266
6728 2 2 19 24 3265 4591 2369
6729 2 2 19 24 3988 4698 2385
6730 2 2 19 24 1807 3667 3222
6731 2 2 19 24 2290 4028 2960
6732 2 2 19 24 2961 4029 2291
6733 2 2 19 24 3570 4219 2405
6734 2 2 19 24 2406 4218 3569
6735 2 2 19 24 1909 3933 3620
6736 2 2 19 24 2989 4982 2253
6737 2 2 19 24 2252 4981 2988
6738 2 2 19 24 1866 4272 2878
6739 2 2 19 24 2879 4273 1865
6740 2 2 19 24 2132 3954 2910
6741 2 2 19 24 2909 3955 2131
6742 2 2 19 24 2080 3725 2995
6743 2 2 19 24 3190 4424 4349
6744 2 2 19 24 2324 4274 3472
6745 2 2 19 24 2270 4713 3835
6746 2 2 19 24 2980 3594 2209
6747 2 2 19 24 2208 3593 2981
6748 2 2 19 24 323 4838 3244
6749 2 2 19 24 3245 4837 338
6750 2 2 19 24 2981 3650 2208
6751 2 2 19 24 2209 3651 2980
6752 2 2 19 24 1827 4165 2954
6753 2 2 19 24 2955 4166 1828
6754 2 2 19 24 2967 4515 2447
6755 2 2 19 24 386 3423 387
6756 2 2 19 24 354 3424 355
6757 2 2 19 24 2972 4964 2573
6758 2 2 19 24 3222 3667 2284
6759 2 2 19 24 1892 3769 3702
6760 2 2 19 24 3703 3770 1893
6761 2 2 19 24 1804 4438 3114
6762 2 2 19 24 3115 4437 1803
6763 2 2 19 24 3314 3398 1896
6764 2 2 19 24 1897 3399 3315
6765 2 2 19 24 3003 3689 2041
6766 2 2 19 24 1840 3774 3056
6767 2 2 19 24 3057 3775 1841
6768 2 2 19 24 3231 4411 1958
6769 2 2 19 24 1959 4410 3232
6770 2 2 19 24 2982 4889 2619
6771 2 2 19 24 2474 4476 3350
6772 2 2 19 24 3349 4475 2473
6773 2 2 19 24 387 3423 3381
6774 2 2 19 24 3380 3424 354
6775 2 2 19 24 3464 3530 1750
6776 2 2 19 24 267 3866 266
6777 2 2 19 24 140 3867 139
6778 2 2 19 24 2486 4428 4066
6779 2 2 19 24 3854 3942 2511
6780 2 2 19 24 2510 3943 3855
6781 2 2 19 24 2935 4387 287
6782 2 2 19 24 119 4386 2936
6783 2 2 19 24 3285 4588 3176
6784 2 2 19 24 3175 4589 3286
6785 2 2 19 24 3890 4957 1859
6786 2 2 19 24 1861 4956 3891
6787 2 2 19 24 328 3291 329
6788 2 2 19 24 2944 4488 2369
6789 2 2 19 24 2370 4489 2945
6790 2 2 19 24 3951 4029 2597
6791 2 2 19 24 2598 4028 3950
6792 2 2 19 24 2438 3274 2959
6793 2 2 19 24 3197 4298 2488
6794 2 2 19 24 2489 4299 3198
6795 2 2 19 24 2250 3692 3056
6796 2 2 19 24 3057 3693 2251
6797 2 2 19 24 2943 4436 2315
6798 2 2 19 24 2873 4718 2416
6799 2 2 19 24 2417 4717 2874
6800 2 2 19 24 4043 4651 2361
6801 2 2 19 24 2362 4652 4042
6802 2 2 19 24 3353 3736 1894
6803 2 2 19 24 1940 3899 2968
6804 2 2 19 24 2418 3736 3353
6805 2 2 19 24 3933 4721 3620
6806 2 2 19 24 2595 4860 3769
6807 2 2 19 24 3770 4861 2596
6808 2 2 19 24 2321 4541 3696
6809 2 2 19 24 3697 4542 2320
6810 2 2 19 24 3010 4183 2028
6811 2 2 19 24 2029 4184 3009
6812 2 2 19 24 2954 4576 1827
6813 2 2 19 24 1828 4577 2955
6814 2 2 19 24 3906 3973 2258
6815 2 2 19 24 2257 3972 3907
6816 2 2 19 24 2047 4080 2943
6817 2 2 19 24 1849 4930 3087
6818 2 2 19 24 3088 4931 1848
6819 2 2 19 24 339 3509 340
6820 2 2 19 24 321 3510 322
6821 2 2 19 24 2001 4480 3864
6822 2 2 19 24 3013 4320 2033
6823 2 2 19 24 2032 4321 3014
6824 2 2 19 24 1786 3944 3164
6825 2 2 19 24 3163 3945 1787
6826 2 2 19 24 3398 3421 2280
6827 2 2 19 24 2281 3422 3399
6828 2 2 19 24 182 3832 181
6829 2 2 19 24 225 3831 224
6830 2 2 19 24 1755 4235 2976
6831 2 2 19 24 2180 4520 3419
6832 2 2 19 24 3420 4521 2181
6833 2 2 19 24 107 3962 106
6834 2 2 19 24 27 3961 26
6835 2 2 19 24 2661 4893 3217
6836 2 2 19 24 3216 4892 2660
6837 2 2 19 24 3116 3640 2056
6838 2 2 19 24 2055 3641 3117
6839 2 2 19 24 2437 3303 2956
6840 2 2 19 24 2958 3304 2438
6841 2 2 19 24 3056 3774 2250
6842 2 2 19 24 2251 3775 3057
6843 2 2 19 24 2991 3676 2217
6844 2 2 19 24 3106 4080 2047
6845 2 2 19 24 3705 4792 2415
6846 2 2 19 24 1956 4211 2960
6847 2 2 19 24 2961 4210 1955
6848 2 2 19 24 3669 4922 2535
6849 2 2 19 24 2534 4921 3668
6850 2 2 19 24 194 3792 193
6851 2 2 19 24 213 3791 212
6852 2 2 19 24 1792 4746 3007
6853 2 2 19 24 3008 4747 1793
6854 2 2 19 24 3012 4567 2540
6855 2 2 19 24 2539 4568 3011
6856 2 2 19 24 1847 3435 3316
6857 2 2 19 24 3102 4355 2424
6858 2 2 19 24 2425 4356 3103
6859 2 2 19 24 1936 3958 3708
6860 2 2 19 24 3709 3959 1937
6861 2 2 19 24 2306 4320 3013
6862 2 2 19 24 3014 4321 2307
6863 2 2 19 24 41 3678 40
6864 2 2 19 24 93 3677 92
6865 2 2 19 24 3254 3535 2332
6866 2 2 19 24 2333 3536 3255
6867 2 2 19 24 2363 3756 3006
6868 2 2 19 24 3737 4455 2751
6869 2 2 19 24 2750 4456 3738
6870 2 2 19 24 274 3857 3626
6871 2 2 19 24 3627 3858 132
6872 2 2 19 24 295 3383 294
6873 2 2 19 24 407 3384 406
6874 2 2 19 24 3288 4999 2128
6875 2 2 19 24 2440 3598 3342
6876 2 2 19 24 3343 3599 2439
6877 2 2 19 24 3310 3746 2325
6878 2 2 19 24 2326 3747 3311
6879 2 2 19 24 4323 4927 1973
6880 2 2 19 24 2025 4942 2924
6881 2 2 19 24 3506 3561 1912
6882 2 2 19 24 1913 3560 3507
6883 2 2 19 24 287 4337 2935
6884 2 2 19 24 2936 4338 119
6885 2 2 19 24 2426 4455 3737
6886 2 2 19 24 3738 4456 2427
6887 2 2 19 24 2359 4080 3106
6888 2 2 19 24 2993 4992 2623
6889 2 2 19 24 3254 3979 382
6890 2 2 19 24 359 3980 3255
6891 2 2 19 24 3141 4890 202
6892 2 2 19 24 2247 4340 2946
6893 2 2 19 24 2127 4998 3287
6894 2 2 19 24 3369 3400 2196
6895 2 2 19 24 3158 3844 2213
6896 2 2 19 24 2214 3845 3157
6897 2 2 19 24 2610 3971 3921
6898 2 2 19 24 1882 4436 2943
6899 2 2 19 24 269 3533 268
6900 2 2 19 24 138 3534 137
6901 2 2 19 24 2663 4484 2942
6902 2 2 19 24 2957 3616 2274
6903 2 2 19 24 1931 3523 3458
6904 2 2 19 24 2217 4190 2991
6905 2 2 19 24 2352 3771 3666
6906 2 2 19 24 405 3391 404
6907 2 2 19 24 3001 4594 2078
6908 2 2 19 24 2077 4593 3002
6909 2 2 19 24 2976 4235 2352
6910 2 2 19 24 3032 3773 1745
6911 2 2 19 24 2098 3700 3011
6912 2 2 19 24 3012 3701 2097
6913 2 2 19 24 297 3401 296
6914 2 2 19 24 2851 4377 2413
6915 2 2 19 24 2414 4378 2850
6916 2 2 19 24 2162 3591 3395
6917 2 2 19 24 3396 3592 2163
6918 2 2 19 24 2404 4142 3246
6919 2 2 19 24 3104 4141 2350
6920 2 2 19 24 1761 3905 3040
6921 2 2 19 24 3041 3904 1760
6922 2 2 19 24 1995 3726 3109
6923 2 2 19 24 3110 3727 1996
6924 2 2 19 24 2943 4695 1882
6925 2 2 19 24 3921 3971 2262
6926 2 2 19 24 3526 4520 2180
6927 2 2 19 24 2181 4521 3527
6928 2 2 19 24 2942 4484 3688
6929 2 2 19 24 2900 4191 2069
6930 2 2 19 24 2068 4192 2901
6931 2 2 19 24 1882 4701 3031
6932 2 2 19 24 1797 4843 3570
6933 2 2 19 24 3569 4842 1798
6934 2 2 19 24 3120 4342 2194
6935 2 2 19 24 2195 4343 3121
6936 2 2 19 24 2485 3913 3428
6937 2 2 19 24 2156 3993 3276
6938 2 2 19 24 3275 3994 2157
6939 2 2 19 24 2041 4598 3031
6940 2 2 19 24 2246 4822 2815
6941 2 2 19 24 2814 4821 2245
6942 2 2 19 24 3367 4722 2299
6943 2 2 19 24 2378 3913 3595
6944 2 2 19 24 1940 4462 3679
6945 2 2 19 24 2991 3949 2042
6946 2 2 19 24 3044 3835 62
6947 2 2 19 24 3767 4049 1794
6948 2 2 19 24 2212 4669 3059
6949 2 2 19 24 4120 4459 2424
6950 2 2 19 24 2425 4460 4121
6951 2 2 19 24 274 3626 273
6952 2 2 19 24 133 3627 132
6953 2 2 19 24 2308 3400 3369
6954 2 2 19 24 2707 4814 3005
6955 2 2 19 24 3004 4815 2708
6956 2 2 19 24 3165 5012 2125
6957 2 2 19 24 2126 5013 3166
6958 2 2 19 24 2424 3632 3102
6959 2 2 19 24 3103 3633 2425
6960 2 2 19 24 3595 3913 2485
6961 2 2 19 24 2990 4687 3608
6962 2 2 19 24 1911 4356 3934
6963 2 2 19 24 3935 4355 1910
6964 2 2 19 24 2385 4698 3773
6965 2 2 19 24 3623 4049 2419
6966 2 2 19 24 3045 4452 2408
6967 2 2 19 24 2407 4451 3046
6968 2 2 19 24 2699 4037 3647
6969 2 2 19 24 3646 4038 2700
6970 2 2 19 24 2172 3391 2842
6971 2 2 19 24 257 3461 258
6972 2 2 19 24 148 3462 149
6973 2 2 19 24 3278 4523 2161
6974 2 2 19 24 2160 4524 3277
6975 2 2 19 24 2845 3401 2173
6976 2 2 19 24 3095 3970 2076
6977 2 2 19 24 2075 3969 3096
6978 2 2 19 24 4205 4781 1793
6979 2 2 19 24 1792 4780 4204
6980 2 2 19 24 4101 4425 3302
6981 2 2 19 24 3301 4426 4100
6982 2 2 19 24 3809 4127 2365
6983 2 2 19 24 2364 4126 3810
6984 2 2 19 24 1884 4313 4024
6985 2 2 19 24 4023 4312 1883
6986 2 2 19 24 58 4283 59
6987 2 2 19 24 2270 3835 3044
6988 2 2 19 24 3524 4001 1767
6989 2 2 19 24 1766 4000 3525
6990 2 2 19 24 366 4743 4091
6991 2 2 19 24 3456 3564 2269
6992 2 2 19 24 3009 4586 2545
6993 2 2 19 24 2546 4587 3010
6994 2 2 19 24 4277 4760 1932
6995 2 2 19 24 1933 4761 4276
6996 2 2 19 24 299 3412 298
6997 2 2 19 24 403 3413 402
6998 2 2 19 24 2962 4649 103
6999 2 2 19 24 30 4650 2963
7000 2 2 19 24 2809 4277 4064
7001 2 2 19 24 4065 4276 2810
7002 2 2 19 24 33 4122 2974
7003 2 2 19 24 2975 4123 100
7004 2 2 19 24 1910 4355 3102
7005 2 2 19 24 3103 4356 1911
7006 2 2 19 24 1988 4656 3701
7007 2 2 19 24 3700 4657 1987
7008 2 2 19 24 2309 4368 4247
7009 2 2 19 24 4246 4367 2310
7010 2 2 19 24 3255 3980 2416
7011 2 2 19 24 2417 3979 3254
7012 2 2 19 24 3712 4495 2768
7013 2 2 19 24 2769 4494 3711
7014 2 2 19 24 2843 3391 2172
7015 2 2 19 24 2212 4721 4669
7016 2 2 19 24 2274 4507 3145
7017 2 2 19 24 3348 4496 1823
7018 2 2 19 24 2173 3401 2844
7019 2 2 19 24 1903 4073 3229
7020 2 2 19 24 3230 4074 1902
7021 2 2 19 24 3653 4212 2419
7022 2 2 19 24 3097 4150 1861
7023 2 2 19 24 1859 4151 3098
7024 2 2 19 24 253 4486 4232
7025 2 2 19 24 4231 4487 153
7026 2 2 19 24 2171 3585 3135
7027 2 2 19 24 3134 3586 2170
7028 2 2 19 24 2073 4733 3327
7029 2 2 19 24 3326 4732 2074
7030 2 2 19 24 216 3482 215
7031 2 2 19 24 191 3481 190
7032 2 2 19 24 1898 3746 3310
7033 2 2 19 24 3311 3747 1899
7034 2 2 19 24 3038 3755 2301
7035 2 2 19 24 2300 3754 3039
7036 2 2 19 24 3386 3771 2220
7037 2 2 19 24 3163 3934 2625
7038 2 2 19 24 2624 3935 3164
7039 2 2 19 24 4133 4856 2345
7040 2 2 19 24 2346 4855 4134
7041 2 2 19 24 401 3414 400
7042 2 2 19 24 3847 4128 2720
7043 2 2 19 24 3519 4353 1863
7044 2 2 19 24 1864 4354 3518
7045 2 2 19 24 301 3425 300
7046 2 2 19 24 2578 4496 3348
7047 2 2 19 24 1884 4672 3014
7048 2 2 19 24 3013 4671 1883
7049 2 2 19 24 2469 4538 3280
7050 2 2 19 24 3281 4537 2470
7051 2 2 19 24 2653 4859 3274
7052 2 2 19 24 2683 4918 4427
7053 2 2 19 24 3614 3649 1850
7054 2 2 19 24 1851 3648 3615
7055 2 2 19 24 2964 4164 2184
7056 2 2 19 24 3179 4508 150
7057 2 2 19 24 256 4509 3180
7058 2 2 19 24 2946 4340 2057
7059 2 2 19 24 2069 4191 3086
7060 2 2 19 24 3085 4192 2068
7061 2 2 19 24 2544 3656 3220
7062 2 2 19 24 3221 3655 2543
7063 2 2 19 24 3276 3643 2156
7064 2 2 19 24 2157 3642 3275
7065 2 2 19 24 74 4477 75
7066 2 2 19 24 2715 4544 3570
7067 2 2 19 24 3569 4545 2714
7068 2 2 19 24 2003 4500 2994
7069 2 2 19 24 2733 4347 3530
7070 2 2 19 24 2282 4907 3016
7071 2 2 19 24 3017 4908 2283
7072 2 2 19 24 3559 4890 2267
7073 2 2 19 24 3708 3958 2561
7074 2 2 19 24 2562 3959 3709
7075 2 2 19 24 2114 4976 3929
7076 2 2 19 24 3428 3913 1770
7077 2 2 19 24 20 4625 3270
7078 2 2 19 24 303 3436 302
7079 2 2 19 24 399 3437 398
7080 2 2 19 24 3293 4055 2497
7081 2 2 19 24 2579 4901 3006
7082 2 2 19 24 3222 4841 2372
7083 2 2 19 24 2372 4045 3222
7084 2 2 19 24 15 3565 351
7085 2 2 19 24 390 3566 18
7086 2 2 19 24 3222 4045 1807
7087 2 2 19 24 1906 4035 3036
7088 2 2 19 24 3037 4036 1905
7089 2 2 19 24 3271 3820 2327
7090 2 2 19 24 2089 4905 3556
7091 2 2 19 24 27 4600 2918
7092 2 2 19 24 2919 4599 106
7093 2 2 19 24 1915 3820 3271
7094 2 2 19 24 2391 4424 3190
7095 2 2 19 24 30 3902 29
7096 2 2 19 24 104 3903 103
7097 2 2 19 24 2813 4898 2998
7098 2 2 19 24 2698 4421 4258
7099 2 2 19 24 4257 4420 2697
7100 2 2 19 24 2968 4722 2043
7101 2 2 19 24 2248 4036 3037
7102 2 2 19 24 3036 4035 2249
7103 2 2 19 24 2710 4778 3682
7104 2 2 19 24 2950 3998 1897
7105 2 2 19 24 1896 3997 2951
7106 2 2 19 24 1785 3986 3023
7107 2 2 19 24 3024 3987 1784
7108 2 2 19 24 305 3450 304
7109 2 2 19 24 397 3451 396
7110 2 2 19 24 2441 4576 2954
7111 2 2 19 24 2955 4577 2442
7112 2 2 19 24 3820 4918 2683
7113 2 2 19 24 63 4713 64
7114 2 2 19 24 2167 4874 3240
7115 2 2 19 24 3241 4875 2168
7116 2 2 19 24 2128 4999 3559
7117 2 2 19 24 3195 4154 2119
7118 2 2 19 24 2120 4155 3196
7119 2 2 19 24 1754 4238 3756
7120 2 2 19 24 2589 4219 3570
7121 2 2 19 24 3569 4218 2588
7122 2 2 19 24 2094 4546 2966
7123 2 2 19 24 2763 4466 3515
7124 2 2 19 24 3529 4998 2127
7125 2 2 19 24 4452 4548 1907
7126 2 2 19 24 1908 4547 4451
7127 2 2 19 24 3307 4473 2376
7128 2 2 19 24 2377 4474 3308
7129 2 2 19 24 3605 4136 2464
7130 2 2 19 24 3015 3949 2340
7131 2 2 19 24 3052 4617 2566
7132 2 2 19 24 2565 4616 3053
7133 2 2 19 24 2136 4934 3524
7134 2 2 19 24 3525 4935 2137
7135 2 2 19 24 234 4674 233
7136 2 2 19 24 173 4675 172
7137 2 2 19 24 3341 3683 2147
7138 2 2 19 24 159 4088 158
7139 2 2 19 24 248 4087 247
7140 2 2 19 24 1842 4148 3662
7141 2 2 19 24 3663 4149 1844
7142 2 2 19 24 3246 4142 2101
7143 2 2 19 24 3969 4450 1994
7144 2 2 19 24 1993 4449 3970
7145 2 2 19 24 2294 4084 3081
7146 2 2 19 24 3082 4083 2293
7147 2 2 19 24 307 3466 306
7148 2 2 19 24 395 3468 394
7149 2 2 19 24 2956 4116 337
7150 2 2 19 24 324 4115 2958
7151 2 2 19 24 337 4116 338
7152 2 2 19 24 323 4115 324
7153 2 2 19 24 4064 4277 2525
7154 2 2 19 24 2526 4276 4065
7155 2 2 19 24 3583 4053 2367
7156 2 2 19 24 2366 4052 3584
7157 2 2 19 24 3270 4625 2577
7158 2 2 19 24 1930 3921 3063
7159 2 2 19 24 3064 3920 1929
7160 2 2 19 24 3500 4286 2094
7161 2 2 19 24 2091 4330 3054
7162 2 2 19 24 3055 4331 2090
7163 2 2 19 24 3702 3769 2548
7164 2 2 19 24 2549 3770 3703
7165 2 2 19 24 2161 3853 3278
7166 2 2 19 24 3277 3852 2160
7167 2 2 19 24 3065 3836 2239
7168 2 2 19 24 2240 3837 3066
7169 2 2 19 24 1879 4385 2967
7170 2 2 19 24 195 3955 2909
7171 2 2 19 24 2910 3954 211
7172 2 2 19 24 329 3590 330
7173 2 2 19 24 3059 3865 2101
7174 2 2 19 24 2606 4903 4882
7175 2 2 19 24 4883 4904 2607
7176 2 2 19 24 3063 3921 2262
7177 2 2 19 24 2261 3920 3064
7178 2 2 19 24 2289 4158 2977
7179 2 2 19 24 3716 4262 2428
7180 2 2 19 24 1753 4687 2990
7181 2 2 19 24 380 3535 381
7182 2 2 19 24 360 3536 361
7183 2 2 19 24 393 3467 392
7184 2 2 19 24 309 3475 308
7185 2 2 19 24 2434 3934 3163
7186 2 2 19 24 3164 3935 2433
7187 2 2 19 24 3062 3922 2232
7188 2 2 19 24 2898 4807 2353
7189 2 2 19 24 2354 4808 2899
7190 2 2 19 24 3132 3894 2361
7191 2 2 19 24 2362 3895 3133
7192 2 2 19 24 2223 3722 3497
7193 2 2 19 24 3109 3726 2263
7194 2 2 19 24 2264 3727 3110
7195 2 2 19 24 2511 4526 2944
7196 2 2 19 24 2945 4525 2510
7197 2 2 19 24 3846 4059 1876
7198 2 2 19 24 2330 3718 3546
7199 2 2 19 24 3547 3717 2329
7200 2 2 19 24 2991 4190 1808
7201 2 2 19 24 2027 4025 2829
7202 2 2 19 24 2969 4378 2414
7203 2 2 19 24 2413 4377 2970
7204 2 2 19 24 4024 4775 3205
7205 2 2 19 24 3206 4774 4023
7206 2 2 19 24 3864 4480 2646
7207 2 2 19 24 2278 4047 3219
7208 2 2 19 24 3218 4046 2277
7209 2 2 19 24 3907 4207 2257
7210 2 2 19 24 2258 4206 3906
7211 2 2 19 24 2967 4385 2340
7212 2 2 19 24 333 3616 334
7213 2 2 19 24 2012 4434 3076
7214 2 2 19 24 3075 4435 2013
7215 2 2 19 24 168 4788 167
7216 2 2 19 24 239 4787 238
7217 2 2 19 24 4091 4743 2946
7218 2 2 19 24 3713 4187 2334
7219 2 2 19 24 2996 4769 1840
7220 2 2 19 24 1841 4770 2997
7221 2 2 19 24 2042 3949 3015
7222 2 2 19 24 3199 3619 331
7223 2 2 19 24 2232 3922 3064
7224 2 2 19 24 3768 4428 2486
7225 2 2 19 24 2102 4136 2977
7226 2 2 19 24 3234 4788 168
7227 2 2 19 24 238 4787 3235
7228 2 2 19 24 1878 4016 3055
7229 2 2 19 24 3054 4017 1877
7230 2 2 19 24 331 3619 332
7231 2 2 19 24 2663 4592 4484
7232 2 2 19 24 16 3476 310
7233 2 2 19 24 391 3477 17
7234 2 2 19 24 3146 4895 2013
7235 2 2 19 24 2012 4894 3147
7236 2 2 19 24 3651 4395 2354
7237 2 2 19 24 2353 4396 3650
7238 2 2 19 24 178 4851 3224
7239 2 2 19 24 3223 4852 228
7240 2 2 19 24 2160 3852 3040
7241 2 2 19 24 3041 3853 2161
7242 2 2 19 24 2398 4060 3393
7243 2 2 19 24 3392 4061 2397
7244 2 2 19 24 3532 4499 2519
7245 2 2 19 24 73 3750 74
7246 2 2 19 24 3133 3895 342
7247 2 2 19 24 319 3894 3132
7248 2 2 19 24 273 3626 3225
7249 2 2 19 24 3226 3627 133
7250 2 2 19 24 2403 4154 3195
7251 2 2 19 24 3196 4155 2402
7252 2 2 19 24 3409 4789 2063
7253 2 2 19 24 3986 4473 3023
7254 2 2 19 24 3024 4474 3987
7255 2 2 19 24 223 3928 222
7256 2 2 19 24 184 3927 183
7257 2 2 19 24 2515 4687 3189
7258 2 2 19 24 3063 3861 2231
7259 2 2 19 24 3202 4379 378
7260 2 2 19 24 3562 3660 1857
7261 2 2 19 24 1858 3661 3563
7262 2 2 19 24 2937 4850 2669
7263 2 2 19 24 2668 4849 2938
7264 2 2 19 24 3125 3764 2118
7265 2 2 19 24 2117 3763 3126
7266 2 2 19 24 2324 3683 3341
7267 2 2 19 24 2566 4432 3052
7268 2 2 19 24 3053 4433 2565
7269 2 2 19 24 3777 4245 2508
7270 2 2 19 24 2509 4244 3778
7271 2 2 19 24 3155 3894 318
7272 2 2 19 24 343 3895 3156
7273 2 2 19 24 3264 3291 328
7274 2 2 19 24 1861 4307 3097
7275 2 2 19 24 3098 4308 1859
7276 2 2 19 24 3498 3561 2311
7277 2 2 19 24 2312 3560 3499
7278 2 2 19 24 2292 4644 4293
7279 2 2 19 24 2197 4093 3101
7280 2 2 19 24 2273 4079 2823
7281 2 2 19 24 3089 3967 1949
7282 2 2 19 24 1950 3968 3090
7283 2 2 19 24 3546 3718 2396
7284 2 2 19 24 2395 3717 3547
7285 2 2 19 24 2176 4745 3336
7286 2 2 19 24 3337 4744 2177
7287 2 2 19 24 2299 4722 3899
7288 2 2 19 24 2978 4297 2581
7289 2 2 19 24 2582 4296 2979
7290 2 2 19 24 2139 4137 3002
7291 2 2 19 24 3001 4138 2140
7292 2 2 19 24 2468 4339 4039
7293 2 2 19 24 2147 3683 3408
7294 2 2 19 24 2291 4029 3951
7295 2 2 19 24 3950 4028 2290
7296 2 2 19 24 367 4636 368
7297 2 2 19 24 3630 4802 2772
7298 2 2 19 24 2773 4801 3631
7299 2 2 19 24 4625 4947 2577
7300 2 2 19 24 3277 4524 1825
7301 2 2 19 24 1826 4523 3278
7302 2 2 19 24 3522 4900 1924
7303 2 2 19 24 1862 4561 3780
7304 2 2 19 24 3779 4560 1860
7305 2 2 19 24 375 3548 376
7306 2 2 19 24 1875 3922 3062
7307 2 2 19 24 2505 4508 3179
7308 2 2 19 24 3180 4509 2506
7309 2 2 19 24 1880 3844 3158
7310 2 2 19 24 3157 3845 1881
7311 2 2 19 24 3629 3771 2352
7312 2 2 19 24 254 4232 3000
7313 2 2 19 24 2999 4231 152
7314 2 2 19 24 1993 3970 3095
7315 2 2 19 24 3096 3969 1994
7316 2 2 19 24 2424 4459 3807
7317 2 2 19 24 3808 4460 2425
7318 2 2 19 24 3132 4834 320
7319 2 2 19 24 341 4833 3133
7320 2 2 19 24 3727 4033 2739
7321 2 2 19 24 2738 4032 3726
7322 2 2 19 24 2852 4412 3923
7323 2 2 19 24 3924 4413 2853
7324 2 2 19 24 202 4890 201
7325 2 2 19 24 2220 4723 3386
7326 2 2 19 24 3156 3895 2362
7327 2 2 19 24 2361 3894 3155
7328 2 2 19 24 1825 4524 3378
7329 2 2 19 24 3379 4523 1826
7330 2 2 19 24 2304 4063 2838
7331 2 2 19 24 2839 4062 2305
7332 2 2 19 24 156 3593 8
7333 2 2 19 24 3 3594 250
7334 2 2 19 24 4567 4825 2740
7335 2 2 19 24 2741 4824 4568
7336 2 2 19 24 2233 3967 3089
7337 2 2 19 24 3090 3968 2234
7338 2 2 19 24 3274 4859 2206
7339 2 2 19 24 2304 3928 3896
7340 2 2 19 24 3897 3927 2305
7341 2 2 19 24 2076 4411 3231
7342 2 2 19 24 3232 4410 2075
7343 2 2 19 24 2045 4071 3056
7344 2 2 19 24 3057 4072 2046
7345 2 2 19 24 1879 4628 3015
7346 2 2 19 24 2287 3655 3221
7347 2 2 19 24 3220 3656 2288
7348 2 2 19 24 3015 4385 1879
7349 2 2 19 24 3356 4843 2727
7350 2 2 19 24 2728 4842 3357
7351 2 2 19 24 3109 4412 1995
7352 2 2 19 24 1996 4413 3110
7353 2 2 19 24 2994 4797 2620
7354 2 2 19 24 2960 4211 2318
7355 2 2 19 24 2319 4210 2961
7356 2 2 19 24 3692 3730 2465
7357 2 2 19 24 2466 3731 3693
7358 2 2 19 24 2513 3973 3906
7359 2 2 19 24 3907 3972 2512
7360 2 2 19 24 3007 4746 2153
7361 2 2 19 24 2154 4747 3008
7362 2 2 19 24 3081 4084 1827
7363 2 2 19 24 1828 4083 3082
7364 2 2 19 24 3863 4718 2020
7365 2 2 19 24 2019 4717 3862
7366 2 2 19 24 3721 4739 2792
7367 2 2 19 24 2793 4738 3720
7368 2 2 19 24 1911 3934 3479
7369 2 2 19 24 3478 3935 1910
7370 2 2 19 24 2064 4682 2948
7371 2 2 19 24 2949 4683 2065
7372 2 2 19 24 3234 4683 2526
7373 2 2 19 24 2525 4682 3235
7374 2 2 19 24 2558 4392 3824
7375 2 2 19 24 3581 4169 2529
7376 2 2 19 24 2530 4170 3582
7377 2 2 19 24 2036 4794 3058
7378 2 2 19 24 2340 4385 3015
7379 2 2 19 24 4632 4728 1791
7380 2 2 19 24 3228 4965 2062
7381 2 2 19 24 2399 3660 3562
7382 2 2 19 24 3563 3661 2400
7383 2 2 19 24 1793 4781 3915
7384 2 2 19 24 3916 4780 1792
7385 2 2 19 24 1922 3799 3472
7386 2 2 19 24 2575 4013 3940
7387 2 2 19 24 3941 4012 2576
7388 2 2 19 24 3189 4687 1753
7389 2 2 19 24 2231 3530 3464
7390 2 2 19 24 1923 4899 3480
7391 2 2 19 24 2355 3942 3854
7392 2 2 19 24 3855 3943 2356
7393 2 2 19 24 2112 4620 3346
7394 2 2 19 24 3058 4794 2496
7395 2 2 19 24 3279 3629 2352
7396 2 2 19 24 186 4237 185
7397 2 2 19 24 221 4236 220
7398 2 2 19 24 2041 4465 3003
7399 2 2 19 24 2274 3616 2823
7400 2 2 19 24 2364 3810 3159
7401 2 2 19 24 3160 3809 2365
7402 2 2 19 24 4098 4359 1905
7403 2 2 19 24 1906 4358 4099
7404 2 2 19 24 40 3678 3485
7405 2 2 19 24 3484 3677 93
7406 2 2 19 24 4627 4924 2434
7407 2 2 19 24 2433 4923 4626
7408 2 2 19 24 12 4510 3261
7409 2 2 19 24 3260 4511 13
7410 2 2 19 24 2838 4103 2304
7411 2 2 19 24 2305 4104 2839
7412 2 2 19 24 317 4795 3155
7413 2 2 19 24 3156 4796 344
7414 2 2 19 24 3461 4327 258
7415 2 2 19 24 148 4328 3462
7416 2 2 19 24 2309 4771 2881
7417 2 2 19 24 2882 4772 2310
7418 2 2 19 24 2562 4895 3146
7419 2 2 19 24 3147 4894 2561
7420 2 2 19 24 3273 4326 2086
7421 2 2 19 24 2085 4325 3272
7422 2 2 19 24 3044 4407 2270
7423 2 2 19 24 3701 4656 2618
7424 2 2 19 24 2617 4657 3700
7425 2 2 19 24 3940 4013 2313
7426 2 2 19 24 2314 4012 3941
7427 2 2 19 24 3393 4060 1926
7428 2 2 19 24 1925 4061 3392
7429 2 2 19 24 372 3600 373
7430 2 2 19 24 2275 4831 3889
7431 2 2 19 24 3888 4832 2276
7432 2 2 19 24 54 3759 53
7433 2 2 19 24 80 3758 79
7434 2 2 19 24 2200 3839 3118
7435 2 2 19 24 3119 3838 2201
7436 2 2 19 24 4047 4921 3219
7437 2 2 19 24 3218 4922 4046
7438 2 2 19 24 2304 4103 2984
7439 2 2 19 24 2985 4104 2305
7440 2 2 19 24 3713 4773 4187
7441 2 2 19 24 1808 4190 3882
7442 2 2 19 24 3276 3993 2444
7443 2 2 19 24 2443 3994 3275
7444 2 2 19 24 2394 4201 3229
7445 2 2 19 24 3230 4200 2393
7446 2 2 19 24 2065 4683 3234
7447 2 2 19 24 3235 4682 2064
7448 2 2 19 24 3069 4087 2341
7449 2 2 19 24 2342 4088 3070
7450 2 2 19 24 3214 3783 1768
7451 2 2 19 24 1769 3784 3215
7452 2 2 19 24 2718 4958 4804
7453 2 2 19 24 4803 4959 2719
7454 2 2 19 24 2245 4614 3027
7455 2 2 19 24 3028 4615 2246
7456 2 2 19 24 3019 4416 2037
7457 2 2 19 24 2038 4417 3020
7458 2 2 19 24 2250 3730 3692
7459 2 2 19 24 3693 3731 2251
7460 2 2 19 24 2823 3619 2273
7461 2 2 19 24 3177 4288 2348
7462 2 2 19 24 2349 4289 3178
7463 2 2 19 24 2199 3802 2702
7464 2 2 19 24 2701 3803 2198
7465 2 2 19 24 270 4529 269
7466 2 2 19 24 137 4530 136
7467 2 2 19 24 2270 4407 3058
7468 2 2 19 24 1865 4273 4268
7469 2 2 19 24 4269 4272 1866
7470 2 2 19 24 3919 4073 1903
7471 2 2 19 24 1902 4074 3918
7472 2 2 19 24 2255 3414 2890
7473 2 2 19 24 3971 4522 2262
7474 2 2 19 24 2156 4358 3036
7475 2 2 19 24 3037 4359 2157
7476 2 2 19 24 3153 4795 316
7477 2 2 19 24 345 4796 3154
7478 2 2 19 24 2887 3425 2256
7479 2 2 19 24 2455 4379 3202
7480 2 2 19 24 2595 4645 3644
7481 2 2 19 24 3645 4646 2596
7482 2 2 19 24 3087 4930 2153
7483 2 2 19 24 2154 4931 3088
7484 2 2 19 24 3340 4753 2113
7485 2 2 19 24 2514 4020 3368
7486 2 2 19 24 1890 4399 3019
7487 2 2 19 24 3020 4400 1891
7488 2 2 19 24 2347 4130 4048
7489 2 2 19 24 2674 4736 1979
7490 2 2 19 24 1980 4737 2675
7491 2 2 19 24 2041 4898 4598
7492 2 2 19 24 2359 3675 3248
7493 2 2 19 24 2265 3729 3499
7494 2 2 19 24 3498 3728 2266
7495 2 2 19 24 315 4805 3153
7496 2 2 19 24 3154 4806 346
7497 2 2 19 24 113 4748 3149
7498 2 2 19 24 3150 4749 293
7499 2 2 19 24 2302 4071 3284
7500 2 2 19 24 2305 3927 2985
7501 2 2 19 24 2984 3928 2304
7502 2 2 19 24 2253 4982 3170
7503 2 2 19 24 3171 4981 2252
7504 2 2 19 24 3148 4093 2197
7505 2 2 19 24 101 4786 100
7506 2 2 19 24 33 4785 32
7507 2 2 19 24 2063 4789 3236
7508 2 2 19 24 3757 4793 4726
7509 2 2 19 24 2988 4865 25
7510 2 2 19 24 108 4864 2989
7511 2 2 19 24 2889 3414 2255
7512 2 2 19 24 4713 4992 64
7513 2 2 19 24 2256 3425 2888
7514 2 2 19 24 311 5014 3181
7515 2 2 19 24 3182 5015 350
7516 2 2 19 24 3109 3936 2241
7517 2 2 19 24 2242 3937 3110
7518 2 2 19 24 3058 4082 2270
7519 2 2 19 24 2279 3564 3456
7520 2 2 19 24 141 4869 140
7521 2 2 19 24 266 4870 265
7522 2 2 19 24 2065 4877 3186
7523 2 2 19 24 3185 4876 2064
7524 2 2 19 24 3031 4436 1882
7525 2 2 19 24 2834 4346 3790
7526 2 2 19 24 3789 4345 2835
7527 2 2 19 24 2396 4548 3045
7528 2 2 19 24 3046 4547 2395
7529 2 2 19 24 3948 4302 2633
7530 2 2 19 24 2632 4301 3947
7531 2 2 19 24 235 3926 234
7532 2 2 19 24 172 3925 171
7533 2 2 19 24 2013 4565 3146
7534 2 2 19 24 3147 4566 2012
7535 2 2 19 24 1801 4109 4066
7536 2 2 19 24 1857 3660 3296
7537 2 2 19 24 3297 3661 1858
7538 2 2 19 24 3291 3590 329
7539 2 2 19 24 2144 4852 3223
7540 2 2 19 24 3224 4851 2143
7541 2 2 19 24 3626 3857 2483
7542 2 2 19 24 2484 3858 3627
7543 2 2 19 24 162 4351 161
7544 2 2 19 24 245 4350 244
7545 2 2 19 24 3608 4078 2409
7546 2 2 19 24 2107 4300 3172
7547 2 2 19 24 2474 4326 3273
7548 2 2 19 24 3272 4325 2473
7549 2 2 19 24 3974 4241 1860
7550 2 2 19 24 1862 4242 3975
7551 2 2 19 24 2219 3880 3089
7552 2 2 19 24 3090 3879 2218
7553 2 2 19 24 2116 4534 3060
7554 2 2 19 24 3061 4533 2115
7555 2 2 19 24 2252 4143 3171
7556 2 2 19 24 3170 4144 2253
7557 2 2 19 24 2388 4399 3077
7558 2 2 19 24 3078 4400 2389
7559 2 2 19 24 2356 4234 3130
7560 2 2 19 24 3131 4233 2355
7561 2 2 19 24 1973 4927 4015
7562 2 2 19 24 3060 4548 2396
7563 2 2 19 24 2395 4547 3061
7564 2 2 19 24 2266 3561 3498
7565 2 2 19 24 3499 3560 2265
7566 2 2 19 24 2935 4892 4189
7567 2 2 19 24 4188 4893 2936
7568 2 2 19 24 3178 4289 1746
7569 2 2 19 24 1747 4288 3177
7570 2 2 19 24 3479 3934 2434
7571 2 2 19 24 2433 3935 3478
7572 2 2 19 24 3228 4680 1885
7573 2 2 19 24 2599 3698 3543
7574 2 2 19 24 3544 3699 2600
7575 2 2 19 24 3757 4726 2224
7576 2 2 19 24 3557 4084 2894
7577 2 2 19 24 2893 4083 3558
7578 2 2 19 24 2265 3834 3443
7579 2 2 19 24 3442 3833 2266
7580 2 2 19 24 2630 3969 2075
7581 2 2 19 24 2076 3970 2631
7582 2 2 19 24 3144 3856 2079
7583 2 2 19 24 2341 4330 3069
7584 2 2 19 24 3070 4331 2342
7585 2 2 19 24 2379 4539 4185
7586 2 2 19 24 4186 4540 2380
7587 2 2 19 24 3140 4145 2339
7588 2 2 19 24 2101 4142 3074
7589 2 2 19 24 2243 4200 3685
7590 2 2 19 24 3684 4201 2244
7591 2 2 19 24 2089 4750 3049
7592 2 2 19 24 3077 4399 1890
7593 2 2 19 24 1891 4400 3078
7594 2 2 19 24 3882 4190 2640
7595 2 2 19 24 3107 4305 2318
7596 2 2 19 24 2319 4306 3108
7597 2 2 19 24 4268 4458 1865
7598 2 2 19 24 1866 4457 4269
7599 2 2 19 24 2318 3711 3513
7600 2 2 19 24 3514 3712 2319
7601 2 2 19 24 2268 4668 3079
7602 2 2 19 24 2907 4643 2056
7603 2 2 19 24 2055 4642 2908
7604 2 2 19 24 3658 3881 2634
7605 2 2 19 24 2051 4145 3140
7606 2 2 19 24 224 3896 223
7607 2 2 19 24 183 3897 182
7608 2 2 19 24 2011 4727 3218
7609 2 2 19 24 3235 4076 238
7610 2 2 19 24 168 4077 3234
7611 2 2 19 24 3142 4019 1978
7612 2 2 19 24 1977 4018 3143
7613 2 2 19 24 3694 4958 2718
7614 2 2 19 24 2719 4959 3695
7615 2 2 19 24 3543 3698 2178
7616 2 2 19 24 2179 3699 3544
7617 2 2 19 24 2689 4180 3138
7618 2 2 19 24 3139 4181 2690
7619 2 2 19 24 4189 4892 2000
7620 2 2 19 24 1999 4893 4188
7621 2 2 19 24 2615 4703 3858
7622 2 2 19 24 3857 4704 2616
7623 2 2 19 24 2984 4771 2309
7624 2 2 19 24 2310 4772 2985
7625 2 2 19 24 2121 4845 3023
7626 2 2 19 24 3024 4846 2122
7627 2 2 19 24 3608 4687 2515
7628 2 2 19 24 2414 4689 2969
7629 2 2 19 24 2970 4690 2413
7630 2 2 19 24 2363 3883 3604
7631 2 2 19 24 3548 4532 376
7632 2 2 19 24 3081 4435 2294
7633 2 2 19 24 2293 4434 3082
7634 2 2 19 24 3604 3883 2422
7635 2 2 19 24 3242 3972 2257
7636 2 2 19 24 2258 3973 3243
7637 2 2 19 24 3765 4960 2597
7638 2 2 19 24 2598 4961 3766
7639 2 2 19 24 4258 4421 2453
7640 2 2 19 24 2454 4420 4257
7641 2 2 19 24 3533 4271 268
7642 2 2 19 24 138 4270 3534
7643 2 2 19 24 3129 4644 1943
7644 2 2 19 24 3759 4549 53
7645 2 2 19 24 80 4550 3758
7646 2 2 19 24 3172 4300 2404
7647 2 2 19 24 2339 4145 3785
7648 2 2 19 24 1886 4681 3236
7649 2 2 19 24 2280 3821 3243
7650 2 2 19 24 3242 3822 2281
7651 2 2 19 24 2208 3650 3452
7652 2 2 19 24 3453 3651 2209
7653 2 2 19 24 3714 3760 1853
7654 2 2 19 24 1854 3761 3715
7655 2 2 19 24 3896 3928 223
7656 2 2 19 24 183 3927 3897
7657 2 2 19 24 2361 4651 3445
7658 2 2 19 24 3444 4652 2362
7659 2 2 19 24 2143 4851 3334
7660 2 2 19 24 3335 4852 2144
7661 2 2 19 24 3015 4352 2042
7662 2 2 19 24 3790 4346 2390
7663 2 2 19 24 2391 4345 3789
7664 2 2 19 24 2718 4804 3798
7665 2 2 19 24 3797 4803 2719
7666 2 2 19 24 79 4510 12
7667 2 2 19 24 13 4511 54
7668 2 2 19 24 3071 4389 2123
7669 2 2 19 24 2124 4390 3072
7670 2 2 19 24 3923 4086 2734
7671 2 2 19 24 2735 4085 3924
7672 2 2 19 24 3458 4222 2651
7673 2 2 19 24 3798 4867 2323
7674 2 2 19 24 2322 4866 3797
7675 2 2 19 24 3258 3954 2132
7676 2 2 19 24 2131 3955 3259
7677 2 2 19 24 3186 4877 2566
7678 2 2 19 24 2565 4876 3185
7679 2 2 19 24 3305 4179 89
7680 2 2 19 24 44 4178 3306
7681 2 2 19 24 2691 4785 2974
7682 2 2 19 24 2975 4786 2692
7683 2 2 19 24 3218 4727 2535
7684 2 2 19 24 2360 4111 3801
7685 2 2 19 24 372 4658 3600
7686 2 2 19 24 3667 3745 2284
7687 2 2 19 24 2415 3745 3667
7688 2 2 19 24 2418 4868 3073
7689 2 2 19 24 2496 4835 3058
7690 2 2 19 24 2515 4078 3608
7691 2 2 19 24 3056 4501 1840
7692 2 2 19 24 1841 4502 3057
7693 2 2 19 24 2487 4059 3846
7694 2 2 19 24 3600 4891 373
7695 2 2 19 24 121 3782 120
7696 2 2 19 24 286 3781 285
7697 2 2 19 24 2892 4380 3599
7698 2 2 19 24 3598 4381 2891
7699 2 2 19 24 3052 4432 170
7700 2 2 19 24 236 4433 3053
7701 2 2 19 24 3923 4505 1788
7702 2 2 19 24 1789 4506 3924
7703 2 2 19 24 347 4806 3203
7704 2 2 19 24 3204 4805 314
7705 2 2 19 24 3513 3711 1748
7706 2 2 19 24 1749 3712 3514
7707 2 2 19 24 3402 3660 2399
7708 2 2 19 24 2400 3661 3403
7709 2 2 19 24 2430 4737 3324
7710 2 2 19 24 3325 4736 2429
7711 2 2 19 24 2345 4856 3918
7712 2 2 19 24 3919 4855 2346
7713 2 2 19 24 3049 4955 1823
7714 2 2 19 24 4156 4538 2469
7715 2 2 19 24 2470 4537 4157
7716 2 2 19 24 3801 4111 2567
7717 2 2 19 24 1823 4955 3348
7718 2 2 19 24 1884 4024 3205
7719 2 2 19 24 3206 4023 1883
7720 2 2 19 24 3410 4124 1834
7721 2 2 19 24 1835 4125 3411
7722 2 2 19 24 2532 4680 3228
7723 2 2 19 24 338 4837 339
7724 2 2 19 24 322 4838 323
7725 2 2 19 24 2367 4471 3926
7726 2 2 19 24 3925 4472 2366
7727 2 2 19 24 3336 4745 3996
7728 2 2 19 24 3995 4744 3337
7729 2 2 19 24 3136 4193 1799
7730 2 2 19 24 1800 4194 3137
7731 2 2 19 24 238 4076 237
7732 2 2 19 24 169 4077 168
7733 2 2 19 24 2298 3911 3179
7734 2 2 19 24 3180 3910 2297
7735 2 2 19 24 2646 4480 3032
7736 2 2 19 24 1859 4957 4151
7737 2 2 19 24 4150 4956 1861
7738 2 2 19 24 2357 3424 3380
7739 2 2 19 24 3381 3423 2358
7740 2 2 19 24 3059 4669 1771
7741 2 2 19 24 3062 4622 2673
7742 2 2 19 24 1978 4292 3142
7743 2 2 19 24 3143 4291 1977
7744 2 2 19 24 2512 3998 3540
7745 2 2 19 24 3541 3997 2513
7746 2 2 19 24 2770 4322 3579
7747 2 2 19 24 3058 4407 2036
7748 2 2 19 24 4243 4462 2778
7749 2 2 19 24 2220 3629 3488
7750 2 2 19 24 1907 4548 3060
7751 2 2 19 24 3061 4547 1908
7752 2 2 19 24 3093 4665 2215
7753 2 2 19 24 2216 4666 3094
7754 2 2 19 24 4441 4655 1977
7755 2 2 19 24 1978 4654 4442
7756 2 2 19 24 2517 4881 3086
7757 2 2 19 24 3085 4880 2516
7758 2 2 19 24 2287 4249 3123
7759 2 2 19 24 3124 4248 2288
7760 2 2 19 24 2675 4737 3510
7761 2 2 19 24 3509 4736 2674
7762 2 2 19 24 3134 4303 1746
7763 2 2 19 24 1747 4304 3135
7764 2 2 19 24 2881 4336 2309
7765 2 2 19 24 2310 4335 2882
7766 2 2 19 24 2734 4505 3923
7767 2 2 19 24 3924 4506 2735
7768 2 2 19 24 2376 4429 3187
7769 2 2 19 24 3188 4430 2377
7770 2 2 19 24 217 3741 216
7771 2 2 19 24 190 3742 189
7772 2 2 19 24 3067 4478 2039
7773 2 2 19 24 2040 4479 3068
7774 2 2 19 24 2318 4305 2960
7775 2 2 19 24 2961 4306 2319
7776 2 2 19 24 3201 4702 1795
7777 2 2 19 24 3236 4681 2531
7778 2 2 19 24 2039 4418 3067
7779 2 2 19 24 3068 4419 2040
7780 2 2 19 24 2451 4776 3054
7781 2 2 19 24 3055 4777 2452
7782 2 2 19 24 3371 4822 2246
7783 2 2 19 24 2245 4821 3370
7784 2 2 19 24 1774 3811 3282
7785 2 2 19 24 3283 3812 1775
7786 2 2 19 24 3111 4813 1988
7787 2 2 19 24 1987 4812 3112
7788 2 2 19 24 2039 4478 3077
7789 2 2 19 24 3078 4479 2040
7790 2 2 19 24 2033 4665 3093
7791 2 2 19 24 3094 4666 2032
7792 2 2 19 24 2795 4904 4040
7793 2 2 19 24 4041 4903 2794
7794 2 2 19 24 2241 4086 3923
7795 2 2 19 24 3924 4085 2242
7796 2 2 19 24 2123 4659 3102
7797 2 2 19 24 3103 4660 2124
7798 2 2 19 24 3077 4478 2388
7799 2 2 19 24 2389 4479 3078
7800 2 2 19 24 2914 3450 2271
7801 2 2 19 24 2272 3451 2916
7802 2 2 19 24 2382 3728 3470
7803 2 2 19 24 3469 3729 2381
7804 2 2 19 24 2577 4947 4263
7805 2 2 19 24 3000 5009 2110
7806 2 2 19 24 2111 5008 2999
7807 2 2 19 24 3069 4330 2091
7808 2 2 19 24 2090 4331 3070
7809 2 2 19 24 3159 4020 1917
7810 2 2 19 24 3064 4926 2261
7811 2 2 19 24 4669 4721 2763
7812 2 2 19 24 3054 4776 2091
7813 2 2 19 24 2090 4777 3055
7814 2 2 19 24 2832 4878 3938
7815 2 2 19 24 3939 4879 2833
7816 2 2 19 24 4349 4424 1918
7817 2 2 19 24 3101 4592 2197
7818 2 2 19 24 2327 4927 3271
7819 2 2 19 24 1854 4873 3021
7820 2 2 19 24 3022 4872 1853
7821 2 2 19 24 2271 3450 2915
7822 2 2 19 24 2913 3451 2272
7823 2 2 19 24 3470 3728 1777
7824 2 2 19 24 1776 3729 3469
7825 2 2 19 24 4189 4579 2335
7826 2 2 19 24 2336 4578 4188
7827 2 2 19 24 3083 4776 2451
7828 2 2 19 24 2452 4777 3084
7829 2 2 19 24 2429 3752 3325
7830 2 2 19 24 3324 3753 2430
7831 2 2 19 24 3122 4267 2289
7832 2 2 19 24 1888 4305 3107
7833 2 2 19 24 3108 4306 1889
7834 2 2 19 24 1870 4714 3613
7835 2 2 19 24 3612 4715 1869
7836 2 2 19 24 3312 4177 2299
7837 2 2 19 24 3564 4613 2269
7838 2 2 19 24 3309 4826 1744
7839 2 2 19 24 3271 4927 2586
7840 2 2 19 24 1918 4055 3160
7841 2 2 19 24 3079 4701 1882
7842 2 2 19 24 2202 4302 3948
7843 2 2 19 24 3947 4301 2203
7844 2 2 19 24 3129 4109 2477
7845 2 2 19 24 2190 3677 3484
7846 2 2 19 24 3485 3678 2191
7847 2 2 19 24 2123 4389 3123
7848 2 2 19 24 3124 4390 2124
7849 2 2 19 24 4053 4471 2367
7850 2 2 19 24 2366 4472 4052
7851 2 2 19 24 3269 4048 1814
7852 2 2 19 24 3163 4627 2434
7853 2 2 19 24 2433 4626 3164
7854 2 2 19 24 3332 3786 2516
7855 2 2 19 24 2517 3787 3333
7856 2 2 19 24 2496 4203 3105
7857 2 2 19 24 2373 4110 3824
7858 2 2 19 24 3824 4110 2558
7859 2 2 19 24 3225 4571 2103
7860 2 2 19 24 2104 4572 3226
7861 2 2 19 24 3447 4513 2466
7862 2 2 19 24 2465 4512 3446
7863 2 2 19 24 3318 3958 1936
7864 2 2 19 24 1937 3959 3317
7865 2 2 19 24 2309 4336 3050
7866 2 2 19 24 3051 4335 2310
7867 2 2 19 24 2149 4850 3405
7868 2 2 19 24 3404 4849 2148
7869 2 2 19 24 275 3857 274
7870 2 2 19 24 132 3858 131
7871 2 2 19 24 3219 4809 2010
7872 2 2 19 24 3073 4868 2133
7873 2 2 19 24 3793 4544 2715
7874 2 2 19 24 2714 4545 3794
7875 2 2 19 24 2725 5016 3981
7876 2 2 19 24 3982 5017 2726
7877 2 2 19 24 1986 4345 3190
7878 2 2 19 24 3191 4346 1985
7879 2 2 19 24 2694 4549 3759
7880 2 2 19 24 3758 4550 2693
7881 2 2 19 24 3537 4686 2261
7882 2 2 19 24 2956 4069 2437
7883 2 2 19 24 2438 4070 2958
7884 2 2 19 24 4769 4994 2725
7885 2 2 19 24 2726 4995 4770
7886 2 2 19 24 3190 4345 2391
7887 2 2 19 24 2390 4346 3191
7888 2 2 19 24 2152 4360 3864
7889 2 2 19 24 2419 3767 3710
7890 2 2 19 24 3333 3787 1760
7891 2 2 19 24 1761 3786 3332
7892 2 2 19 24 3710 3767 2292
7893 2 2 19 24 2202 4067 3376
7894 2 2 19 24 3377 4068 2203
7895 2 2 19 24 3145 4507 2651
7896 2 2 19 24 3089 4107 2219
7897 2 2 19 24 2218 4108 3090
7898 2 2 19 24 3408 3913 2378
7899 2 2 19 24 2173 4581 2845
7900 2 2 19 24 2842 4582 2172
7901 2 2 19 24 3593 4153 8
7902 2 2 19 24 3 4152 3594
7903 2 2 19 24 4826 4976 2798
7904 2 2 19 24 3926 4471 2706
7905 2 2 19 24 2705 4472 3925
7906 2 2 19 24 3311 3825 2163
7907 2 2 19 24 2162 3826 3310
7908 2 2 19 24 3912 4293 2477
7909 2 2 19 24 342 3895 343
7910 2 2 19 24 318 3894 319
7911 2 2 19 24 2587 4025 3233
7912 2 2 19 24 1941 4342 3120
7913 2 2 19 24 3121 4343 1942
7914 2 2 19 24 49 4031 48
7915 2 2 19 24 85 4030 84
7916 2 2 19 24 3200 4014 2446
7917 2 2 19 24 3105 4902 2496
7918 2 2 19 24 2372 4841 4195
7919 2 2 19 24 2437 4069 2957
7920 2 2 19 24 1897 3972 3242
7921 2 2 19 24 3243 3973 1896
7922 2 2 19 24 368 3785 369
7923 2 2 19 24 2959 4070 2438
7924 2 2 19 24 2375 4230 3087
7925 2 2 19 24 3088 4229 2374
7926 2 2 19 24 1962 4544 3793
7927 2 2 19 24 3794 4545 1961
7928 2 2 19 24 3574 3756 2363
7929 2 2 19 24 2534 4809 3219
7930 2 2 19 24 75 3789 76
7931 2 2 19 24 57 3790 58
7932 2 2 19 24 2462 4671 3013
7933 2 2 19 24 3014 4672 2463
7934 2 2 19 24 3923 4412 2241
7935 2 2 19 24 2242 4413 3924
7936 2 2 19 24 1754 3756 3574
7937 2 2 19 24 2090 4882 4777
7938 2 2 19 24 4776 4883 2091
7939 2 2 19 24 2464 4462 4243
7940 2 2 19 24 2323 4867 4192
7941 2 2 19 24 4191 4866 2322
7942 2 2 19 24 3120 4584 1941
7943 2 2 19 24 1942 4585 3121
7944 2 2 19 24 3555 4531 3207
7945 2 2 19 24 3830 4424 2917
7946 2 2 19 24 4081 4461 2777
7947 2 2 19 24 3171 4143 1838
7948 2 2 19 24 1839 4144 3170
7949 2 2 19 24 2667 5020 3111
7950 2 2 19 24 3112 5019 2666
7951 2 2 19 24 2061 4267 3122
7952 2 2 19 24 2075 4410 2628
7953 2 2 19 24 2629 4411 2076
7954 2 2 19 24 2347 4048 3269
7955 2 2 19 24 2580 4826 3309
7956 2 2 19 24 2877 5001 4599
7957 2 2 19 24 4600 5002 2876
7958 2 2 19 24 3338 4550 81
7959 2 2 19 24 52 4549 3339
7960 2 2 19 24 1782 4866 3951
7961 2 2 19 24 3950 4867 1783
7962 2 2 19 24 4599 5001 105
7963 2 2 19 24 28 5002 4600
7964 2 2 19 24 4216 4525 2780
7965 2 2 19 24 2779 4526 4217
7966 2 2 19 24 2445 4702 3201
7967 2 2 19 24 3634 3688 2819
7968 2 2 19 24 3011 4332 2539
7969 2 2 19 24 2540 4333 3012
7970 2 2 19 24 2307 4019 3142
7971 2 2 19 24 3143 4018 2306
7972 2 2 19 24 88 4224 87
7973 2 2 19 24 46 4223 45
7974 2 2 19 24 2626 4918 3429
7975 2 2 19 24 3864 4360 2641
7976 2 2 19 24 1925 4540 4061
7977 2 2 19 24 4060 4539 1926
7978 2 2 19 24 3165 4369 3380
7979 2 2 19 24 3381 4370 3166
7980 2 2 19 24 3430 3940 2313
7981 2 2 19 24 2314 3941 3431
7982 2 2 19 24 4597 4633 1790
7983 2 2 19 24 2241 4412 3109
7984 2 2 19 24 3110 4413 2242
7985 2 2 19 24 3452 3650 1900
7986 2 2 19 24 1901 3651 3453
7987 2 2 19 24 1895 3771 3386
7988 2 2 19 24 2419 3710 3653
7989 2 2 19 24 3429 4918 1915
7990 2 2 19 24 287 4387 286
7991 2 2 19 24 120 4386 119
7992 2 2 19 24 3710 4293 1916
7993 2 2 19 24 2782 4089 3374
7994 2 2 19 24 3375 4090 2783
7995 2 2 19 24 3653 3710 1916
7996 2 2 19 24 2576 4790 3075
7997 2 2 19 24 3076 4791 2575
7998 2 2 19 24 3187 4429 2119
7999 2 2 19 24 2120 4430 3188
8000 2 2 19 24 3347 3799 2351
8001 2 2 19 24 179 4851 178
8002 2 2 19 24 228 4852 227
8003 2 2 19 24 3032 4480 3313
8004 2 2 19 24 2259 3612 3541
8005 2 2 19 24 3540 3613 2260
8006 2 2 19 24 1873 4461 4081
8007 2 2 19 24 3531 3736 2328
8008 2 2 19 24 2286 3467 2930
8009 2 2 19 24 3127 4907 2282
8010 2 2 19 24 2283 4908 3128
8011 2 2 19 24 2928 3475 2285
8012 2 2 19 24 3551 4613 2771
8013 2 2 19 24 4040 4904 1981
8014 2 2 19 24 1982 4903 4041
8015 2 2 19 24 3385 3885 2447
8016 2 2 19 24 62 3835 63
8017 2 2 19 24 4007 4809 2880
8018 2 2 19 24 4777 4882 3084
8019 2 2 19 24 3083 4883 4776
8020 2 2 19 24 4237 4367 185
8021 2 2 19 24 221 4368 4236
8022 2 2 19 24 3618 4182 2518
8023 2 2 19 24 3267 3813 2230
8024 2 2 19 24 2229 3814 3268
8025 2 2 19 24 321 4834 3510
8026 2 2 19 24 3509 4833 340
8027 2 2 19 24 3734 3967 2233
8028 2 2 19 24 2234 3968 3735
8029 2 2 19 24 1753 4641 3658
8030 2 2 19 24 251 3817 252
8031 2 2 19 24 154 3816 155
8032 2 2 19 24 3058 4835 4082
8033 2 2 19 24 2140 4990 3214
8034 2 2 19 24 3215 4989 2139
8035 2 2 19 24 4082 4835 1874
8036 2 2 19 24 2588 4545 3569
8037 2 2 19 24 3570 4544 2589
8038 2 2 19 24 1766 4089 3319
8039 2 2 19 24 3320 4090 1767
8040 2 2 19 24 2321 4030 3267
8041 2 2 19 24 3268 4031 2320
8042 2 2 19 24 3244 4838 2430
8043 2 2 19 24 2429 4837 3245
8044 2 2 19 24 3394 4906 2027
8045 2 2 19 24 2931 3467 2286
8046 2 2 19 24 3104 4496 2578
8047 2 2 19 24 366 4091 367
8048 2 2 19 24 2285 3475 2929
8049 2 2 19 24 3005 4814 3326
8050 2 2 19 24 3327 4815 3004
8051 2 2 19 24 2880 4936 4007
8052 2 2 19 24 3646 4635 2186
8053 2 2 19 24 2187 4634 3647
8054 2 2 19 24 2488 4827 3197
8055 2 2 19 24 3198 4828 2489
8056 2 2 19 24 1827 4576 3081
8057 2 2 19 24 3082 4577 1828
8058 2 2 19 24 3249 4670 2331
8059 2 2 19 24 290 4131 3195
8060 2 2 19 24 3196 4132 116
8061 2 2 19 24 1770 3913 3408
8062 2 2 19 24 4605 4686 1810
8063 2 2 19 24 4018 4655 2786
8064 2 2 19 24 2787 4654 4019
8065 2 2 19 24 3149 4969 113
8066 2 2 19 24 293 4970 3150
8067 2 2 19 24 2823 4079 2274
8068 2 2 19 24 2809 4928 3839
8069 2 2 19 24 3838 4929 2810
8070 2 2 19 24 1874 4564 4082
8071 2 2 19 24 2339 4716 3140
8072 2 2 19 24 48 4031 3268
8073 2 2 19 24 3267 4030 85
8074 2 2 19 24 3122 4499 2061
8075 2 2 19 24 4082 4564 2827
8076 2 2 19 24 1787 4627 3163
8077 2 2 19 24 3164 4626 1786
8078 2 2 19 24 2294 4435 3075
8079 2 2 19 24 3076 4434 2293
8080 2 2 19 24 3720 3915 2408
8081 2 2 19 24 2407 3916 3721
8082 2 2 19 24 2125 4369 3165
8083 2 2 19 24 3166 4370 2126
8084 2 2 19 24 1894 3736 3531
8085 2 2 19 24 4691 4732 2816
8086 2 2 19 24 2817 4733 4692
8087 2 2 19 24 3850 3890 1859
8088 2 2 19 24 1861 3891 3851
8089 2 2 19 24 3445 4651 2556
8090 2 2 19 24 2557 4652 3444
8091 2 2 19 24 3463 3704 2228
8092 2 2 19 24 3123 4389 2287
8093 2 2 19 24 2288 4390 3124
8094 2 2 19 24 2671 3967 3734
8095 2 2 19 24 3735 3968 2672
8096 2 2 19 24 1972 3988 3500
8097 2 2 19 24 14 4551 31
8098 2 2 19 24 102 4552 11
8099 2 2 19 24 1876 4059 3456
8100 2 2 19 24 2269 4361 3456
8101 2 2 19 24 2374 3958 3318
8102 2 2 19 24 3317 3959 2375
8103 2 2 19 24 2303 4008 3555
8104 2 2 19 24 3221 4249 2287
8105 2 2 19 24 2288 4248 3220
8106 2 2 19 24 97 3984 3321
8107 2 2 19 24 3322 3985 36
8108 2 2 19 24 3887 3907 2512
8109 2 2 19 24 2513 3906 3886
8110 2 2 19 24 3101 4629 2522
8111 2 2 19 24 2010 4809 4007
8112 2 2 19 24 1977 4655 4018
8113 2 2 19 24 4019 4654 1978
8114 2 2 19 24 3662 4148 2655
8115 2 2 19 24 2656 4149 3663
8116 2 2 19 24 3213 4596 3738
8117 2 2 19 24 3737 4595 3212
8118 2 2 19 24 102 4649 4552
8119 2 2 19 24 4551 4650 31
8120 2 2 19 24 3195 4131 2403
8121 2 2 19 24 2402 4132 3196
8122 2 2 19 24 2771 4742 3429
8123 2 2 19 24 3119 4832 164
8124 2 2 19 24 242 4831 3118
8125 2 2 19 24 3272 4475 24
8126 2 2 19 24 109 4476 3273
8127 2 2 19 24 2585 4458 4268
8128 2 2 19 24 4269 4457 2584
8129 2 2 19 24 56 4919 57
8130 2 2 19 24 76 4920 77
8131 2 2 19 24 3736 3815 2328
8132 2 2 19 24 3495 4887 1855
8133 2 2 19 24 1856 4886 3494
8134 2 2 19 24 4456 4521 1985
8135 2 2 19 24 1986 4520 4455
8136 2 2 19 24 2878 4272 2439
8137 2 2 19 24 2440 4273 2879
8138 2 2 19 24 3424 4183 3010
8139 2 2 19 24 3009 4184 3423
8140 2 2 19 24 1777 3728 3498
8141 2 2 19 24 3499 3729 1776
8142 2 2 19 24 4396 4558 1900
8143 2 2 19 24 1901 4557 4395
8144 2 2 19 24 288 4337 287
8145 2 2 19 24 119 4338 118
8146 2 2 19 24 3159 4348 2364
8147 2 2 19 24 2365 4349 3160
8148 2 2 19 24 1917 4348 3159
8149 2 2 19 24 3160 4349 1918
8150 2 2 19 24 219 4226 218
8151 2 2 19 24 188 4225 187
8152 2 2 19 24 187 4168 186
8153 2 2 19 24 220 4167 219
8154 2 2 19 24 3500 3988 2385
8155 2 2 19 24 3346 4620 2468
8156 2 2 19 24 3849 4123 2345
8157 2 2 19 24 2346 4122 3848
8158 2 2 19 24 3490 4561 1862
8159 2 2 19 24 1860 4560 3491
8160 2 2 19 24 2498 4888 3249
8161 2 2 19 24 3194 4641 2569
8162 2 2 19 24 3229 4073 2182
8163 2 2 19 24 2183 4074 3230
8164 2 2 19 24 3050 4872 2384
8165 2 2 19 24 2383 4873 3051
8166 2 2 19 24 78 4316 3300
8167 2 2 19 24 3299 4315 55
8168 2 2 19 24 2521 4988 3025
8169 2 2 19 24 3026 4987 2520
8170 2 2 19 24 2605 4765 3148
8171 2 2 19 24 114 4748 113
8172 2 2 19 24 293 4749 292
8173 2 2 19 24 3142 4292 2387
8174 2 2 19 24 2386 4291 3143
8175 2 2 19 24 2896 4728 4632
8176 2 2 19 24 3389 3900 2313
8177 2 2 19 24 2314 3901 3390
8178 2 2 19 24 3874 4886 2855
8179 2 2 19 24 2854 4887 3873
8180 2 2 19 24 3520 4201 2394
8181 2 2 19 24 2393 4200 3521
8182 2 2 19 24 167 4065 166
8183 2 2 19 24 240 4064 239
8184 2 2 19 24 3289 4989 2248
8185 2 2 19 24 2249 4990 3290
8186 2 2 19 24 4890 4906 2267
8187 2 2 19 24 2564 4635 3116
8188 2 2 19 24 3117 4634 2563
8189 2 2 19 24 21 4756 3150
8190 2 2 19 24 3149 4757 112
8191 2 2 19 24 1794 4112 3767
8192 2 2 19 24 2418 3815 3736
8193 2 2 19 24 3405 4850 2937
8194 2 2 19 24 2938 4849 3404
8195 2 2 19 24 110 4476 109
8196 2 2 19 24 24 4475 23
8197 2 2 19 24 3773 4311 2385
8198 2 2 19 24 3639 4816 2006
8199 2 2 19 24 2005 4817 3638
8200 2 2 19 24 2725 3981 3774
8201 2 2 19 24 3775 3982 2726
8202 2 2 19 24 2647 4816 3639
8203 2 2 19 24 3638 4817 2648
8204 2 2 19 24 3951 4866 2900
8205 2 2 19 24 2901 4867 3950
8206 2 2 19 24 3247 4735 3912
8207 2 2 19 24 2369 4527 3265
8208 2 2 19 24 3266 4528 2370
8209 2 2 19 24 4342 4912 2194
8210 2 2 19 24 2195 4913 4343
8211 2 2 19 24 1802 4888 3523
8212 2 2 19 24 1928 3900 3389
8213 2 2 19 24 3390 3901 1927
8214 2 2 19 24 31 4650 30
8215 2 2 19 24 103 4649 102
8216 2 2 19 24 1812 4825 4567
8217 2 2 19 24 4568 4824 1813
8218 2 2 19 24 1891 3833 3442
8219 2 2 19 24 3443 3834 1890
8220 2 2 19 24 3529 4925 2553
8221 2 2 19 24 1801 4092 3247
8222 2 2 19 24 2279 4445 3564
8223 2 2 19 24 203 3823 202
8224 2 2 19 24 4436 4598 2315
8225 2 2 19 24 2096 4494 4003
8226 2 2 19 24 4002 4495 2095
8227 2 2 19 24 1867 3995 3337
8228 2 2 19 24 3336 3996 1868
8229 2 2 19 24 2490 4753 3340
8230 2 2 19 24 3197 4827 1932
8231 2 2 19 24 1933 4828 3198
8232 2 2 19 24 2119 4154 3187
8233 2 2 19 24 3188 4155 2120
8234 2 2 19 24 2256 4939 2887
8235 2 2 19 24 2890 4938 2255
8236 2 2 19 24 3031 4598 4436
8237 2 2 19 24 2128 4196 2896
8238 2 2 19 24 3296 4535 1857
8239 2 2 19 24 1858 4536 3297
8240 2 2 19 24 3914 4339 2468
8241 2 2 19 24 1921 3822 3739
8242 2 2 19 24 3740 3821 1920
8243 2 2 19 24 1767 4090 3375
8244 2 2 19 24 3374 4089 1766
8245 2 2 19 24 2044 4854 4779
8246 2 2 19 24 3459 4166 2204
8247 2 2 19 24 2205 4165 3460
8248 2 2 19 24 3389 3945 2316
8249 2 2 19 24 2317 3944 3390
8250 2 2 19 24 2401 4280 4102
8251 2 2 19 24 3356 4382 2237
8252 2 2 19 24 2238 4383 3357
8253 2 2 19 24 2602 4453 4364
8254 2 2 19 24 4363 4454 2601
8255 2 2 19 24 77 4316 78
8256 2 2 19 24 55 4315 56
8257 2 2 19 24 1910 3875 3478
8258 2 2 19 24 3479 3876 1911
8259 2 2 19 24 2185 3688 3634
8260 2 2 19 24 4145 4947 2971
8261 2 2 19 24 3138 4325 2085
8262 2 2 19 24 2086 4326 3139
8263 2 2 19 24 3508 3856 2207
8264 2 2 19 24 3292 4161 2567
8265 2 2 19 24 4048 5005 1814
8266 2 2 19 24 202 3823 3141
8267 2 2 19 24 2863 4924 4627
8268 2 2 19 24 4626 4923 2862
8269 2 2 19 24 1936 3940 3430
8270 2 2 19 24 3431 3941 1937
8271 2 2 19 24 2273 4431 4079
8272 2 2 19 24 2671 4481 3967
8273 2 2 19 24 3968 4482 2672
8274 2 2 19 24 2436 4846 4206
8275 2 2 19 24 4207 4845 2435
8276 2 2 19 24 3140 4716 1887
8277 2 2 19 24 3095 4603 1993
8278 2 2 19 24 1994 4604 3096
8279 2 2 19 24 3655 4699 1941
8280 2 2 19 24 1942 4700 3656
8281 2 2 19 24 3554 3946 2373
8282 2 2 19 24 3517 3818 2446
8283 2 2 19 24 2445 3819 3516
8284 2 2 19 24 3478 3875 2297
8285 2 2 19 24 2298 3876 3479
8286 2 2 19 24 4598 4898 2813
8287 2 2 19 24 3458 4485 4222
8288 2 2 19 24 2435 4845 3239
8289 2 2 19 24 3238 4846 2436
8290 2 2 19 24 2650 4161 3292
8291 2 2 19 24 3657 4926 1875
8292 2 2 19 24 2299 4128 3312
8293 2 2 19 24 2067 3946 3554
8294 2 2 19 24 358 3980 359
8295 2 2 19 24 382 3979 383
8296 2 2 19 24 1785 3907 3887
8297 2 2 19 24 3886 3906 1784
8298 2 2 19 24 3081 4576 2441
8299 2 2 19 24 2442 4577 3082
8300 2 2 19 24 1799 4921 4047
8301 2 2 19 24 4046 4922 1800
8302 2 2 19 24 3768 4034 2401
8303 2 2 19 24 2808 4611 4223
8304 2 2 19 24 4224 4612 2807
8305 2 2 19 24 2263 4798 3109
8306 2 2 19 24 3110 4799 2264
8307 2 2 19 24 3097 4307 2383
8308 2 2 19 24 2384 4308 3098
8309 2 2 19 24 3146 4974 2562
8310 2 2 19 24 2561 4975 3147
8311 2 2 19 24 1772 4309 3252
8312 2 2 19 24 3253 4310 1773
8313 2 2 19 24 3265 4527 1834
8314 2 2 19 24 1835 4528 3266
8315 2 2 19 24 3130 4234 176
8316 2 2 19 24 230 4233 3131
8317 2 2 19 24 1795 4946 3201
8318 2 2 19 24 3916 4113 2554
8319 2 2 19 24 2555 4114 3915
8320 2 2 19 24 2486 4034 3768
8321 2 2 19 24 2441 4565 3081
8322 2 2 19 24 3082 4566 2442
8323 2 2 19 24 2964 5005 4048
8324 2 2 19 24 2789 4579 4189
8325 2 2 19 24 4188 4578 2788
8326 2 2 19 24 2146 4468 3263
8327 2 2 19 24 3262 4467 2145
8328 2 2 19 24 1979 4736 3325
8329 2 2 19 24 3324 4737 1980
8330 2 2 19 24 1793 3915 3720
8331 2 2 19 24 3721 3916 1792
8332 2 2 19 24 4158 4979 2977
8333 2 2 19 24 4206 4846 3024
8334 2 2 19 24 3023 4845 4207
8335 2 2 19 24 3689 4898 2041
8336 2 2 19 24 2051 4947 4145
8337 2 2 19 24 2407 4113 3916
8338 2 2 19 24 3915 4114 2408
8339 2 2 19 24 3668 4193 2488
8340 2 2 19 24 2489 4194 3669
8341 2 2 19 24 3190 4349 2365
8342 2 2 19 24 2364 4348 3191
8343 2 2 19 24 3556 4905 2574
8344 2 2 19 24 4779 4854 3035
8345 2 2 19 24 2476 4162 3617
8346 2 2 19 24 2450 4150 3097
8347 2 2 19 24 3098 4151 2449
8348 2 2 19 24 3965 4844 2568
8349 2 2 19 24 3220 4248 145
8350 2 2 19 24 261 4249 3221
8351 2 2 19 24 2309 4247 2984
8352 2 2 19 24 2985 4246 2310
8353 2 2 19 24 2127 4925 3529
8354 2 2 19 24 1875 4979 4158
8355 2 2 19 24 3029 3741 217
8356 2 2 19 24 189 3742 3030
8357 2 2 19 24 3257 4414 2420
8358 2 2 19 24 2421 4415 3256
8359 2 2 19 24 1995 5016 3726
8360 2 2 19 24 3727 5017 1996
8361 2 2 19 24 112 4969 3149
8362 2 2 19 24 3150 4970 21
8363 2 2 19 24 3326 4814 1881
8364 2 2 19 24 1880 4815 3327
8365 2 2 19 24 3226 4572 3627
8366 2 2 19 24 3626 4571 3225
8367 2 2 19 24 4111 4818 1957
8368 2 2 19 24 3967 4481 1949
8369 2 2 19 24 1950 4482 3968
8370 2 2 19 24 3416 4578 2336
8371 2 2 19 24 2335 4579 3415
8372 2 2 19 24 3506 3878 2311
8373 2 2 19 24 2312 3877 3507
8374 2 2 19 24 3212 4595 1831
8375 2 2 19 24 1832 4596 3213
8376 2 2 19 24 3200 4661 1796
8377 2 2 19 24 3319 4089 2235
8378 2 2 19 24 2236 4090 3320
8379 2 2 19 24 3673 4146 2495
8380 2 2 19 24 2494 4147 3674
8381 2 2 19 24 70 4006 71
8382 2 2 19 24 3142 4313 2307
8383 2 2 19 24 2306 4312 3143
8384 2 2 19 24 3691 4230 2216
8385 2 2 19 24 2215 4229 3690
8386 2 2 19 24 2530 4997 3211
8387 2 2 19 24 3991 4282 1939
8388 2 2 19 24 1938 4281 3992
8389 2 2 19 24 3510 4834 2675
8390 2 2 19 24 2674 4833 3509
8391 2 2 19 24 3210 4996 2529
8392 2 2 19 24 2802 4441 4291
8393 2 2 19 24 4292 4442 2803
8394 2 2 19 24 3328 3909 2406
8395 2 2 19 24 2405 3908 3329
8396 2 2 19 24 3726 5016 2738
8397 2 2 19 24 2739 5017 3727
8398 2 2 19 24 3929 4341 1974
8399 2 2 19 24 2510 4525 4216
8400 2 2 19 24 4217 4526 2511
8401 2 2 19 24 2812 4353 3519
8402 2 2 19 24 3518 4354 2811
8403 2 2 19 24 3202 4993 2455
8404 2 2 19 24 1948 4163 3815
8405 2 2 19 24 4167 4236 2384
8406 2 2 19 24 2383 4237 4168
8407 2 2 19 24 1922 4011 3799
8408 2 2 19 24 2878 4503 3892
8409 2 2 19 24 3893 4504 2879
8410 2 2 19 24 2228 3885 3463
8411 2 2 19 24 3528 4102 1755
8412 2 2 19 24 4291 4441 1977
8413 2 2 19 24 1978 4442 4292
8414 2 2 19 24 2295 4146 3673
8415 2 2 19 24 3674 4147 2296
8416 2 2 19 24 1840 4769 3774
8417 2 2 19 24 3775 4770 1841
8418 2 2 19 24 2269 4613 3551
8419 2 2 19 24 2459 4174 3151
8420 2 2 19 24 3152 4173 2460
8421 2 2 19 24 1860 4241 3099
8422 2 2 19 24 3100 4242 1862
8423 2 2 19 24 1799 4193 3668
8424 2 2 19 24 3669 4194 1800
8425 2 2 19 24 3040 4624 2492
8426 2 2 19 24 2491 4623 3041
8427 2 2 19 24 34 4122 33
8428 2 2 19 24 100 4123 99
8429 2 2 19 24 2551 4539 4060
8430 2 2 19 24 4061 4540 2550
8431 2 2 19 24 3207 4531 1751
8432 2 2 19 24 2402 4155 3996
8433 2 2 19 24 3995 4154 2403
8434 2 2 19 24 4104 4772 1851
8435 2 2 19 24 1850 4771 4103
8436 2 2 19 24 2402 4745 3208
8437 2 2 19 24 3209 4744 2403
8438 2 2 19 24 335 4069 336
8439 2 2 19 24 325 4070 326
8440 2 2 19 24 2467 4710 3762
8441 2 2 19 24 3785 4636 2339
8442 2 2 19 24 4159 4416 2388
8443 2 2 19 24 2389 4417 4160
8444 2 2 19 24 2290 4253 3256
8445 2 2 19 24 3257 4254 2291
8446 2 2 19 24 3732 4883 2607
8447 2 2 19 24 2606 4882 3733
8448 2 2 19 24 3559 4196 2128
8449 2 2 19 24 1968 4907 3127
8450 2 2 19 24 3128 4908 1969
8451 2 2 19 24 2436 4840 3238
8452 2 2 19 24 3239 4839 2435
8453 2 2 19 24 3928 4247 222
8454 2 2 19 24 184 4246 3927
8455 2 2 19 24 2633 4302 3205
8456 2 2 19 24 3206 4301 2632
8457 2 2 19 24 2401 4102 3528
8458 2 2 19 24 67 4044 68
8459 2 2 19 24 3409 4391 2448
8460 2 2 19 24 2836 4447 3535
8461 2 2 19 24 3536 4448 2837
8462 2 2 19 24 2580 4341 3929
8463 2 2 19 24 2083 4956 3780
8464 2 2 19 24 3779 4957 2082
8465 2 2 19 24 4752 4861 2883
8466 2 2 19 24 2884 4860 4751
8467 2 2 19 24 2383 4168 3097
8468 2 2 19 24 3098 4167 2384
8469 2 2 19 24 2054 4967 3177
8470 2 2 19 24 3178 4966 2053
8471 2 2 19 24 3330 4467 2282
8472 2 2 19 24 2283 4468 3331
8473 2 2 19 24 2316 4493 3449
8474 2 2 19 24 3448 4492 2317
8475 2 2 19 24 2064 4876 3235
8476 2 2 19 24 3234 4877 2065
8477 2 2 19 24 45 4178 44
8478 2 2 19 24 89 4179 88
8479 2 2 19 24 1957 4010 3898
8480 2 2 19 24 3307 4180 2121
8481 2 2 19 24 2122 4181 3308
8482 2 2 19 24 3892 4503 1819
8483 2 2 19 24 1820 4504 3893
8484 2 2 19 24 1865 3753 3324
8485 2 2 19 24 3325 3752 1866
8486 2 2 19 24 3898 4010 2499
8487 2 2 19 24 3237 4716 2339
8488 2 2 19 24 2439 4503 2878
8489 2 2 19 24 2879 4504 2440
8490 2 2 19 24 2172 4711 2843
8491 2 2 19 24 2844 4712 2173
8492 2 2 19 24 3360 4597 1790
8493 2 2 19 24 1857 4798 3562
8494 2 2 19 24 3563 4799 1858
8495 2 2 19 24 4268 4273 2824
8496 2 2 19 24 2825 4272 4269
8497 2 2 19 24 1846 4322 3341
8498 2 2 19 24 3686 4421 2698
8499 2 2 19 24 2697 4420 3687
8500 2 2 19 24 3488 3930 2220
8501 2 2 19 24 272 4220 271
8502 2 2 19 24 135 4221 134
8503 2 2 19 24 3751 4445 2279
8504 2 2 19 24 3606 3862 2417
8505 2 2 19 24 2416 3863 3607
8506 2 2 19 24 3772 4726 2934
8507 2 2 19 24 275 4704 3857
8508 2 2 19 24 3858 4703 131
8509 2 2 19 24 2749 4602 4498
8510 2 2 19 24 4497 4601 2748
8511 2 2 19 24 3141 4906 4890
8512 2 2 19 24 2267 4196 3559
8513 2 2 19 24 116 4132 115
8514 2 2 19 24 291 4131 290
8515 2 2 19 24 3458 3523 2498
8516 2 2 19 24 3312 4128 1796
8517 2 2 19 24 1875 4926 3922
8518 2 2 19 24 3871 4420 2454
8519 2 2 19 24 2453 4421 3870
8520 2 2 19 24 233 4175 232
8521 2 2 19 24 174 4176 173
8522 2 2 19 24 2374 4229 3504
8523 2 2 19 24 3505 4230 2375
8524 2 2 19 24 1958 4411 4042
8525 2 2 19 24 4043 4410 1959
8526 2 2 19 24 1943 4644 3457
8527 2 2 19 24 1809 4391 3409
8528 2 2 19 24 1796 4661 3312
8529 2 2 19 24 2897 4925 2127
8530 2 2 19 24 2384 4236 3050
8531 2 2 19 24 3051 4237 2383
8532 2 2 19 24 210 4985 5
8533 2 2 19 24 6 4986 196
8534 2 2 19 24 3021 4873 2383
8535 2 2 19 24 2384 4872 3022
8536 2 2 19 24 2675 4834 3132
8537 2 2 19 24 3133 4833 2674
8538 2 2 19 24 4003 4494 2769
8539 2 2 19 24 2768 4495 4002
8540 2 2 19 24 3454 3993 2156
8541 2 2 19 24 2157 3994 3455
8542 2 2 19 24 4498 4602 2394
8543 2 2 19 24 2393 4601 4497
8544 2 2 19 24 3537 4973 3105
8545 2 2 19 24 3208 4745 2176
8546 2 2 19 24 2177 4744 3209
8547 2 2 19 24 2316 4171 3389
8548 2 2 19 24 3390 4172 2317
8549 2 2 19 24 16 5015 3476
8550 2 2 19 24 3477 5014 17
8551 2 2 19 24 1744 4182 3309
8552 2 2 19 24 3093 4697 2033
8553 2 2 19 24 2032 4696 3094
8554 2 2 19 24 2115 4533 3260
8555 2 2 19 24 3261 4534 2116
8556 2 2 19 24 3774 4769 2725
8557 2 2 19 24 2726 4770 3775
8558 2 2 19 24 3227 4943 2519
8559 2 2 19 24 65 4094 66
8560 2 2 19 24 3298 4129 1894
8561 2 2 19 24 2352 4235 3279
8562 2 2 19 24 139 4270 138
8563 2 2 19 24 268 4271 267
8564 2 2 19 24 2526 4788 3234
8565 2 2 19 24 3235 4787 2525
8566 2 2 19 24 231 4233 230
8567 2 2 19 24 176 4234 175
8568 2 2 19 24 3749 4653 2169
8569 2 2 19 24 3239 4845 2121
8570 2 2 19 24 2122 4846 3238
8571 2 2 19 24 3376 4067 2463
8572 2 2 19 24 2462 4068 3377
8573 2 2 19 24 2986 4527 2369
8574 2 2 19 24 2370 4528 2987
8575 2 2 19 24 2357 4369 3410
8576 2 2 19 24 3411 4370 2358
8577 2 2 19 24 3050 4368 2309
8578 2 2 19 24 2310 4367 3051
8579 2 2 19 24 2670 3776 3748
8580 2 2 19 24 3256 4570 2421
8581 2 2 19 24 2420 4569 3257
8582 2 2 19 24 2750 4521 4456
8583 2 2 19 24 4455 4520 2751
8584 2 2 19 24 3689 4662 2254
8585 2 2 19 24 1756 4106 3504
8586 2 2 19 24 3505 4105 1757
8587 2 2 19 24 3417 4360 2152
8588 2 2 19 24 1801 4066 3884
8589 2 2 19 24 3483 4340 2247
8590 2 2 19 24 3208 4748 114
8591 2 2 19 24 292 4749 3209
8592 2 2 19 24 3418 4668 2268
8593 2 2 19 24 3250 4288 1747
8594 2 2 19 24 1746 4289 3251
8595 2 2 19 24 2776 4909 2026
8596 2 2 19 24 3796 4361 2269
8597 2 2 19 24 3201 4620 2112
8598 2 2 19 24 2113 4753 3200
8599 2 2 19 24 193 4948 192
8600 2 2 19 24 214 4949 213
8601 2 2 19 24 1856 4097 3837
8602 2 2 19 24 3836 4096 1855
8603 2 2 19 24 3510 4737 2430
8604 2 2 19 24 2429 4736 3509
8605 2 2 19 24 3621 4824 2462
8606 2 2 19 24 2463 4825 3622
8607 2 2 19 24 3211 4997 2063
8608 2 2 19 24 2172 4582 3426
8609 2 2 19 24 3427 4581 2173
8610 2 2 19 24 3528 4202 2328
8611 2 2 19 24 3884 4066 2507
8612 2 2 19 24 285 4725 284
8613 2 2 19 24 122 4724 121
8614 2 2 19 24 3981 5016 1995
8615 2 2 19 24 1996 5017 3982
8616 2 2 19 24 2385 4286 3500
8617 2 2 19 24 3312 4661 2490
8618 2 2 19 24 3480 4899 2529
8619 2 2 19 24 3859 4853 2572
8620 2 2 19 24 2062 4996 3210
8621 2 2 19 24 4574 4857 2619
8622 2 2 19 24 2620 4858 4573
8623 2 2 19 24 4435 4565 2013
8624 2 2 19 24 2012 4566 4434
8625 2 2 19 24 2551 4911 3319
8626 2 2 19 24 3320 4910 2550
8627 2 2 19 24 2826 4314 3757
8628 2 2 19 24 3313 4480 2001
8629 2 2 19 24 3161 4631 2099
8630 2 2 19 24 2100 4630 3162
8631 2 2 19 24 4223 4611 2590
8632 2 2 19 24 2591 4612 4224
8633 2 2 19 24 4552 4649 2692
8634 2 2 19 24 2691 4650 4551
8635 2 2 19 24 1790 4485 3360
8636 2 2 19 24 3723 4143 2252
8637 2 2 19 24 2253 4144 3724
8638 2 2 19 24 3558 4083 1828
8639 2 2 19 24 1827 4084 3557
8640 2 2 19 24 1790 4633 3240
8641 2 2 19 24 3241 4632 1791
8642 2 2 19 24 3388 4542 1849
8643 2 2 19 24 1848 4541 3387
8644 2 2 19 24 3491 3974 1860
8645 2 2 19 24 1862 3975 3490
8646 2 2 19 24 28 4600 27
8647 2 2 19 24 106 4599 105
8648 2 2 19 24 2825 5010 4272
8649 2 2 19 24 4273 5011 2824
8650 2 2 19 24 2337 4679 3392
8651 2 2 19 24 3393 4678 2338
8652 2 2 19 24 2094 4286 4215
8653 2 2 19 24 8 4153 143
8654 2 2 19 24 263 4152 3
8655 2 2 19 24 2530 4900 3522
8656 2 2 19 24 2535 4922 3218
8657 2 2 19 24 3219 4921 2534
8658 2 2 19 24 3360 4485 2498
8659 2 2 19 24 2885 4932 3577
8660 2 2 19 24 3578 4933 2886
8661 2 2 19 24 2068 4415 3332
8662 2 2 19 24 3333 4414 2069
8663 2 2 19 24 2740 4825 4067
8664 2 2 19 24 4068 4824 2741
8665 2 2 19 24 3252 4309 2386
8666 2 2 19 24 2387 4310 3253
8667 2 2 19 24 3590 4909 2776
8668 2 2 19 24 3446 4512 2210
8669 2 2 19 24 2211 4513 3447
8670 2 2 19 24 4275 4755 2475
8671 2 2 19 24 3419 4127 2180
8672 2 2 19 24 2181 4126 3420
8673 2 2 19 24 259 4327 3354
8674 2 2 19 24 3355 4328 147
8675 2 2 19 24 2068 4880 3085
8676 2 2 19 24 3086 4881 2069
8677 2 2 19 24 3313 4300 2107
8678 2 2 19 24 2365 4127 3419
8679 2 2 19 24 3420 4126 2364
8680 2 2 19 24 4050 4574 2619
8681 2 2 19 24 2620 4573 4051
8682 2 2 19 24 280 4741 4588
8683 2 2 19 24 4589 4740 126
8684 2 2 19 24 2121 4473 3307
8685 2 2 19 24 3308 4474 2122
8686 2 2 19 24 2653 4764 4319
8687 2 2 19 24 4039 4339 2022
8688 2 2 19 24 1958 4285 3231
8689 2 2 19 24 3232 4284 1959
8690 2 2 19 24 2125 4124 3410
8691 2 2 19 24 3411 4125 2126
8692 2 2 19 24 1887 4329 3323
8693 2 2 19 24 2198 4560 3779
8694 2 2 19 24 3780 4561 2199
8695 2 2 19 24 4215 4286 2711
8696 2 2 19 24 2148 4849 3670
8697 2 2 19 24 3671 4850 2149
8698 2 2 19 24 2495 4146 3363
8699 2 2 19 24 3364 4147 2494
8700 2 2 19 24 258 4327 259
8701 2 2 19 24 147 4328 148
8702 2 2 19 24 2331 4446 3823
8703 2 2 19 24 220 4236 4167
8704 2 2 19 24 4168 4237 186
8705 2 2 19 24 2464 4136 3679
8706 2 2 19 24 22 4756 21
8707 2 2 19 24 112 4757 111
8708 2 2 19 24 3394 4728 2267
8709 2 2 19 24 3504 4106 2374
8710 2 2 19 24 2375 4105 3505
8711 2 2 19 24 3260 4533 2432
8712 2 2 19 24 2431 4534 3261
8713 2 2 19 24 3484 4426 2190
8714 2 2 19 24 2191 4425 3485
8715 2 2 19 24 3419 4520 1986
8716 2 2 19 24 1985 4521 3420
8717 2 2 19 24 3679 4136 2102
8718 2 2 19 24 2119 4429 3216
8719 2 2 19 24 3217 4430 2120
8720 2 2 19 24 3456 4059 2279
8721 2 2 19 24 3332 4880 2068
8722 2 2 19 24 2069 4881 3333
8723 2 2 19 24 3487 4629 1852
8724 2 2 19 24 105 5001 104
8725 2 2 19 24 29 5002 28
8726 2 2 19 24 265 4439 264
8727 2 2 19 24 142 4440 141
8728 2 2 19 24 3717 4983 2329
8729 2 2 19 24 2330 4984 3718
8730 2 2 19 24 3605 4243 1764
8731 2 2 19 24 2500 4965 3228
8732 2 2 19 24 3100 4150 2450
8733 2 2 19 24 2449 4151 3099
8734 2 2 19 24 2448 4360 3417
8735 2 2 19 24 164 4832 163
8736 2 2 19 24 243 4831 242
8737 2 2 19 24 3354 4659 2123
8738 2 2 19 24 2124 4660 3355
8739 2 2 19 24 2098 4663 3305
8740 2 2 19 24 3306 4664 2097
8741 2 2 19 24 3516 4501 2302
8742 2 2 19 24 2303 4502 3517
8743 2 2 19 24 4204 4746 1792
8744 2 2 19 24 1793 4747 4205
8745 2 2 19 24 3389 4171 1928
8746 2 2 19 24 1927 4172 3390
8747 2 2 19 24 3569 4295 2406
8748 2 2 19 24 2405 4294 3570
8749 2 2 19 24 4713 4768 2623
8750 2 2 19 24 3214 4990 3783
8751 2 2 19 24 3784 4989 3215
8752 2 2 19 24 3618 5004 2080
8753 2 2 19 24 1987 4332 3700
8754 2 2 19 24 3701 4333 1988
8755 2 2 19 24 2464 4243 3605
8756 2 2 19 24 2299 4177 3367
8757 2 2 19 24 2095 4775 3253
8758 2 2 19 24 3252 4774 2096
8759 2 2 19 24 2499 4045 3898
8760 2 2 19 24 280 4588 279
8761 2 2 19 24 127 4589 126
8762 2 2 19 24 2074 4732 4691
8763 2 2 19 24 4692 4733 2073
8764 2 2 19 24 3620 4078 1909
8765 2 2 19 24 2178 4951 3543
8766 2 2 19 24 3544 4952 2179
8767 2 2 19 24 4173 4402 2460
8768 2 2 19 24 2459 4401 4174
8769 2 2 19 24 2409 4078 3620
8770 2 2 19 24 3679 4462 2464
8771 2 2 19 24 2225 4604 3490
8772 2 2 19 24 3491 4603 2226
8773 2 2 19 24 2427 4315 3299
8774 2 2 19 24 3300 4316 2426
8775 2 2 19 24 3156 4042 2629
8776 2 2 19 24 2628 4043 3155
8777 2 2 19 24 3347 4628 1879
8778 2 2 19 24 3181 5014 2695
8779 2 2 19 24 2696 5015 3182
8780 2 2 19 24 3543 4951 2613
8781 2 2 19 24 2614 4952 3544
8782 2 2 19 24 2166 4735 3247
8783 2 2 19 24 3029 4241 3974
8784 2 2 19 24 3975 4242 3030
8785 2 2 19 24 2966 4546 3382
8786 2 2 19 24 2397 4282 3392
8787 2 2 19 24 3393 4281 2398
8788 2 2 19 24 246 4941 245
8789 2 2 19 24 161 4940 160
8790 2 2 19 24 4668 4710 3079
8791 2 2 19 24 3432 4092 2677
8792 2 2 19 24 3685 3909 2243
8793 2 2 19 24 2244 3908 3684
8794 2 2 19 24 2432 4511 3260
8795 2 2 19 24 3261 4510 2431
8796 2 2 19 24 1951 4251 3910
8797 2 2 19 24 3911 4252 1952
8798 2 2 19 24 3966 4010 2371
8799 2 2 19 24 2522 4629 3487
8800 2 2 19 24 2058 4710 4668
8801 2 2 19 24 3236 4789 2448
8802 2 2 19 24 1983 4362 3382
8803 2 2 19 24 3022 4308 2384
8804 2 2 19 24 2383 4307 3021
8805 2 2 19 24 3054 4330 4017
8806 2 2 19 24 4016 4331 3055
8807 2 2 19 24 3387 4244 1848
8808 2 2 19 24 1849 4245 3388
8809 2 2 19 24 3097 4225 2450
8810 2 2 19 24 2449 4226 3098
8811 2 2 19 24 4588 4741 3176
8812 2 2 19 24 3175 4740 4589
8813 2 2 19 24 2481 4659 3354
8814 2 2 19 24 3355 4660 2482
8815 2 2 19 24 3365 4406 7
8816 2 2 19 24 4 4405 3366
8817 2 2 19 24 3668 4298 2746
8818 2 2 19 24 2747 4299 3669
8819 2 2 19 24 3573 4779 2480
8820 2 2 19 24 2 4741 280
8821 2 2 19 24 126 4740 9
8822 2 2 19 24 32 4551 14
8823 2 2 19 24 11 4552 101
8824 2 2 19 24 1894 4754 3298
8825 2 2 19 24 170 4432 169
8826 2 2 19 24 237 4433 236
8827 2 2 19 24 3248 4980 2070
8828 2 2 19 24 2499 4010 3966
8829 2 2 19 24 1959 4651 4043
8830 2 2 19 24 4042 4652 1958
8831 2 2 19 24 2024 4470 3351
8832 2 2 19 24 3352 4469 2023
8833 2 2 19 24 3081 4565 4435
8834 2 2 19 24 4434 4566 3082
8835 2 2 19 24 3285 5006 2443
8836 2 2 19 24 2444 5007 3286
8837 2 2 19 24 3555 4008 2009
8838 2 2 19 24 2329 4983 3840
8839 2 2 19 24 3841 4984 2330
8840 2 2 19 24 131 4703 130
8841 2 2 19 24 276 4704 275
8842 2 2 19 24 2519 4943 3573
8843 2 2 19 24 3177 4967 2537
8844 2 2 19 24 2536 4966 3178
8845 2 2 19 24 2473 4475 3272
8846 2 2 19 24 3273 4476 2474
8847 2 2 19 24 3410 4369 2125
8848 2 2 19 24 2126 4370 3411
8849 2 2 19 24 3449 4171 2316
8850 2 2 19 24 2317 4172 3448
8851 2 2 19 24 81 4550 80
8852 2 2 19 24 53 4549 52
8853 2 2 19 24 3027 4971 2471
8854 2 2 19 24 2472 4972 3028
8855 2 2 19 24 3764 4017 2341
8856 2 2 19 24 2342 4016 3763
8857 2 2 19 24 3748 3776 2240
8858 2 2 19 24 2657 4731 4135
8859 2 2 19 24 24 4865 3272
8860 2 2 19 24 3273 4864 109
8861 2 2 19 24 2186 4038 3646
8862 2 2 19 24 3647 4037 2187
8863 2 2 19 24 3457 4112 2392
8864 2 2 19 24 3490 4604 1994
8865 2 2 19 24 1993 4603 3491
8866 2 2 19 24 2003 4993 4782
8867 2 2 19 24 51 4719 50
8868 2 2 19 24 83 4720 82
8869 2 2 19 24 3644 4447 1990
8870 2 2 19 24 1989 4448 3645
8871 2 2 19 24 3155 4795 2628
8872 2 2 19 24 2629 4796 3156
8873 2 2 19 24 2239 3881 3658
8874 2 2 19 24 2275 4535 3296
8875 2 2 19 24 3297 4536 2276
8876 2 2 19 24 10 4969 112
8877 2 2 19 24 21 4970 1
8878 2 2 19 24 125 4740 3175
8879 2 2 19 24 3176 4741 281
8880 2 2 19 24 4272 5010 2439
8881 2 2 19 24 2440 5011 4273
8882 2 2 19 24 2544 4406 3365
8883 2 2 19 24 3366 4405 2543
8884 2 2 19 24 3504 4229 2215
8885 2 2 19 24 2216 4230 3505
8886 2 2 19 24 3470 4126 2181
8887 2 2 19 24 2180 4127 3469
8888 2 2 19 24 25 4865 24
8889 2 2 19 24 109 4864 108
8890 2 2 19 24 3556 4243 2778
8891 2 2 19 24 3382 4362 2392
8892 2 2 19 24 2544 4585 3656
8893 2 2 19 24 3655 4584 2543
8894 2 2 19 24 2158 4707 3511
8895 2 2 19 24 3512 4708 2159
8896 2 2 19 24 2767 4735 4075
8897 2 2 19 24 2628 4795 3153
8898 2 2 19 24 3154 4796 2629
8899 2 2 19 24 3309 4341 2580
8900 2 2 19 24 3370 4614 2245
8901 2 2 19 24 2246 4615 3371
8902 2 2 19 24 4075 4735 2166
8903 2 2 19 24 2630 4805 3204
8904 2 2 19 24 3203 4806 2631
8905 2 2 19 24 4010 4818 2371
8906 2 2 19 24 3936 4798 1857
8907 2 2 19 24 1858 4799 3937
8908 2 2 19 24 4751 4860 2595
8909 2 2 19 24 2596 4861 4752
8910 2 2 19 24 3584 4052 2379
8911 2 2 19 24 2380 4053 3583
8912 2 2 19 24 2748 4601 4214
8913 2 2 19 24 4213 4602 2749
8914 2 2 19 24 2732 4973 3537
8915 2 2 19 24 2580 4976 4826
8916 2 2 19 24 2190 4426 3301
8917 2 2 19 24 3302 4425 2191
8918 2 2 19 24 3511 4707 2532
8919 2 2 19 24 2531 4708 3512
8920 2 2 19 24 3316 4500 2737
8921 2 2 19 24 3328 4677 1935
8922 2 2 19 24 1934 4676 3329
8923 2 2 19 24 3153 4805 2630
8924 2 2 19 24 2631 4806 3154
8925 2 2 19 24 3670 4849 2668
8926 2 2 19 24 2669 4850 3671
8927 2 2 19 24 3240 4222 1790
8928 2 2 19 24 1848 4244 3690
8929 2 2 19 24 3691 4245 1849
8930 2 2 19 24 3880 4174 1781
8931 2 2 19 24 1780 4173 3879
8932 2 2 19 24 3376 4672 1884
8933 2 2 19 24 1883 4671 3377
8934 2 2 19 24 2575 3940 3708
8935 2 2 19 24 3709 3941 2576
8936 2 2 19 24 3438 4711 2172
8937 2 2 19 24 2173 4712 3439
8938 2 2 19 24 207 4998 206
8939 2 2 19 24 3672 5000 60
8940 2 2 19 24 200 4999 199
8941 2 2 19 24 2476 3590 3291
8942 2 2 19 24 3811 4146 2295
8943 2 2 19 24 2296 4147 3812
8944 2 2 19 24 4064 4928 2809
8945 2 2 19 24 2810 4929 4065
8946 2 2 19 24 3579 4322 1846
8947 2 2 19 24 3358 4570 1888
8948 2 2 19 24 1889 4569 3359
8949 2 2 19 24 3405 5006 2149
8950 2 2 19 24 2148 5007 3404
8951 2 2 19 24 3494 4186 1856
8952 2 2 19 24 1855 4185 3495
8953 2 2 19 24 2765 4143 3723
8954 2 2 19 24 3724 4144 2766
8955 2 2 19 24 2259 4715 3612
8956 2 2 19 24 3613 4714 2260
8957 2 2 19 24 3341 4322 2324
8958 2 2 19 24 2497 4562 3293
8959 2 2 19 24 3639 4738 2141
8960 2 2 19 24 2142 4739 3638
8961 2 2 19 24 2145 4960 3765
8962 2 2 19 24 3766 4961 2146
8963 2 2 19 24 9 4740 125
8964 2 2 19 24 281 4741 2
8965 2 2 19 24 2169 4466 3471
8966 2 2 19 24 3354 4327 2481
8967 2 2 19 24 2482 4328 3355
8968 2 2 19 24 2406 4295 3328
8969 2 2 19 24 3329 4294 2405
8970 2 2 19 24 3528 4163 2401
8971 2 2 19 24 3617 4909 2476
8972 2 2 19 24 2363 4250 3574
8973 2 2 19 24 2488 4298 3668
8974 2 2 19 24 3669 4299 2489
8975 2 2 19 24 3535 4447 2332
8976 2 2 19 24 2333 4448 3536
8977 2 2 19 24 2430 4838 3510
8978 2 2 19 24 3509 4837 2429
8979 2 2 19 24 3597 4689 1950
8980 2 2 19 24 1949 4690 3596
8981 2 2 19 24 4214 4601 1780
8982 2 2 19 24 1781 4602 4213
8983 2 2 19 24 3929 4976 2580
8984 2 2 19 24 3487 4334 2196
8985 2 2 19 24 166 4929 165
8986 2 2 19 24 241 4928 240
8987 2 2 19 24 2897 4633 4597
8988 2 2 19 24 3805 3908 2244
8989 2 2 19 24 2243 3909 3804
8990 2 2 19 24 3258 4763 209
8991 2 2 19 24 197 4762 3259
8992 2 2 19 24 378 4379 379
8993 2 2 19 24 2336 4386 3782
8994 2 2 19 24 3781 4387 2335
8995 2 2 19 24 4019 4022 2787
8996 2 2 19 24 2786 4021 4018
8997 2 2 19 24 262 4405 4
8998 2 2 19 24 7 4406 144
8999 2 2 19 24 4102 4280 2533
9000 2 2 19 24 3983 4197 1963
9001 2 2 19 24 2421 4570 3358
9002 2 2 19 24 3359 4569 2420
9003 2 2 19 24 3637 4280 1943
9004 2 2 19 24 4316 4920 2426
9005 2 2 19 24 2427 4919 4315
9006 2 2 19 24 2485 4129 3595
9007 2 2 19 24 2060 4711 3438
9008 2 2 19 24 3439 4712 2059
9009 2 2 19 24 2516 4880 3332
9010 2 2 19 24 3333 4881 2517
9011 2 2 19 24 3707 4221 135
9012 2 2 19 24 271 4220 3706
9013 2 2 19 24 4203 4794 2934
9014 2 2 19 24 362 4384 363
9015 2 2 19 24 2579 4197 3983
9016 2 2 19 24 3280 4538 2129
9017 2 2 19 24 2130 4537 3281
9018 2 2 19 24 3515 4466 2169
9019 2 2 19 24 3233 4025 2027
9020 2 2 19 24 1798 4295 3569
9021 2 2 19 24 3570 4294 1797
9022 2 2 19 24 2533 4280 3637
9023 2 2 19 24 3744 4107 2716
9024 2 2 19 24 2717 4108 3743
9025 2 2 19 24 3298 4754 2347
9026 2 2 19 24 3583 4953 1946
9027 2 2 19 24 1947 4954 3584
9028 2 2 19 24 3623 4608 2350
9029 2 2 19 24 3604 4250 2363
9030 2 2 19 24 2514 4793 4020
9031 2 2 19 24 209 4985 3258
9032 2 2 19 24 3259 4986 197
9033 2 2 19 24 2798 4976 3999
9034 2 2 19 24 279 4588 3285
9035 2 2 19 24 3286 4589 127
9036 2 2 19 24 2612 4738 3639
9037 2 2 19 24 3638 4739 2611
9038 2 2 19 24 3370 4821 2034
9039 2 2 19 24 2035 4822 3371
9040 2 2 19 24 2236 4886 3874
9041 2 2 19 24 3873 4887 2235
9042 2 2 19 24 3096 4227 1864
9043 2 2 19 24 1863 4228 3095
9044 2 2 19 24 3426 4582 2035
9045 2 2 19 24 2034 4581 3427
9046 2 2 19 24 3973 3997 1896
9047 2 2 19 24 1897 3998 3972
9048 2 2 19 24 2350 4049 3623
9049 2 2 19 24 3708 3940 1936
9050 2 2 19 24 1937 3941 3709
9051 2 2 19 24 4446 4670 3233
9052 2 2 19 24 2642 4073 3919
9053 2 2 19 24 3918 4074 2643
9054 2 2 19 24 3490 3975 2225
9055 2 2 19 24 2226 3974 3491
9056 2 2 19 24 3668 4921 1799
9057 2 2 19 24 1800 4922 3669
9058 2 2 19 24 2695 5014 3477
9059 2 2 19 24 3476 5015 2696
9060 2 2 19 24 4161 4344 1815
9061 2 2 19 24 2650 4344 4161
9062 2 2 19 24 3258 4985 210
9063 2 2 19 24 196 4986 3259
9064 2 2 19 24 3434 4497 1965
9065 2 2 19 24 1964 4498 3433
9066 2 2 19 24 3741 3974 2226
9067 2 2 19 24 2225 3975 3742
9068 2 2 19 24 2573 4964 3860
9069 2 2 19 24 3321 4944 2639
9070 2 2 19 24 2638 4945 3322
9071 2 2 19 24 240 4928 4064
9072 2 2 19 24 4065 4929 166
9073 2 2 19 24 2406 3909 3685
9074 2 2 19 24 3684 3908 2405
9075 2 2 19 24 1865 4458 3753
9076 2 2 19 24 3752 4457 1866
9077 2 2 19 24 2042 4275 3676
9078 2 2 19 24 1755 4202 3528
9079 2 2 19 24 2715 4843 3356
9080 2 2 19 24 3357 4842 2714
9081 2 2 19 24 3676 4275 2475
9082 2 2 19 24 2588 4856 4133
9083 2 2 19 24 4134 4855 2589
9084 2 2 19 24 2282 4467 3262
9085 2 2 19 24 3263 4468 2283
9086 2 2 19 24 1941 4584 3655
9087 2 2 19 24 3656 4585 1942
9088 2 2 19 24 3774 3981 2250
9089 2 2 19 24 2251 3982 3775
9090 2 2 19 24 4175 4674 2337
9091 2 2 19 24 2338 4675 4176
9092 2 2 19 24 198 4762 197
9093 2 2 19 24 209 4763 208
9094 2 2 19 24 3472 4274 1922
9095 2 2 19 24 255 4509 256
9096 2 2 19 24 150 4508 151
9097 2 2 19 24 2707 4518 3572
9098 2 2 19 24 3571 4519 2708
9099 2 2 19 24 3867 4270 139
9100 2 2 19 24 267 4271 3866
9101 2 2 19 24 2043 4722 3367
9102 2 2 19 24 3783 4990 2249
9103 2 2 19 24 2248 4989 3784
9104 2 2 19 24 376 4532 377
9105 2 2 19 24 4291 4309 2802
9106 2 2 19 24 2803 4310 4292
9107 2 2 19 24 3290 4990 2140
9108 2 2 19 24 2139 4989 3289
9109 2 2 19 24 3542 4329 1887
9110 2 2 19 24 3099 4241 2449
9111 2 2 19 24 2450 4242 3100
9112 2 2 19 24 2504 4426 3484
9113 2 2 19 24 3485 4425 2503
9114 2 2 19 24 3448 4422 1975
9115 2 2 19 24 1976 4423 3449
9116 2 2 19 24 2586 4927 4323
9117 2 2 19 24 197 4986 6
9118 2 2 19 24 5 4985 209
9119 2 2 19 24 2332 4645 3606
9120 2 2 19 24 3607 4646 2333
9121 2 2 19 24 1791 4728 3394
9122 2 2 19 24 3614 4939 2256
9123 2 2 19 24 2255 4938 3615
9124 2 2 19 24 3344 4553 1927
9125 2 2 19 24 1928 4554 3345
9126 2 2 19 24 370 4625 20
9127 2 2 19 24 3603 4695 2359
9128 2 2 19 24 2463 4672 3376
9129 2 2 19 24 3377 4671 2462
9130 2 2 19 24 371 4658 372
9131 2 2 19 24 4097 4820 2278
9132 2 2 19 24 2277 4819 4096
9133 2 2 19 24 2386 4774 3252
9134 2 2 19 24 3253 4775 2387
9135 2 2 19 24 3275 4490 2443
9136 2 2 19 24 2444 4491 3276
9137 2 2 19 24 3233 4670 1802
9138 2 2 19 24 3478 4251 2433
9139 2 2 19 24 2434 4252 3479
9140 2 2 19 24 4034 4280 2401
9141 2 2 19 24 4066 4428 2507
9142 2 2 19 24 3456 4361 1876
9143 2 2 19 24 3622 4696 2032
9144 2 2 19 24 2033 4697 3621
9145 2 2 19 24 1972 4514 3988
9146 2 2 19 24 3368 4605 2514
9147 2 2 19 24 3978 4119 2657
9148 2 2 19 24 3361 4967 2054
9149 2 2 19 24 2053 4966 3362
9150 2 2 19 24 2353 4807 3588
9151 2 2 19 24 3589 4808 2354
9152 2 2 19 24 2366 4954 4640
9153 2 2 19 24 4639 4953 2367
9154 2 2 19 24 2410 4422 3448
9155 2 2 19 24 3449 4423 2411
9156 2 2 19 24 3988 4514 2622
9157 2 2 19 24 2830 4535 4040
9158 2 2 19 24 4041 4536 2831
9159 2 2 19 24 113 4969 10
9160 2 2 19 24 1 4970 293
9161 2 2 19 24 3960 4187 2857
9162 2 2 19 24 2434 4924 4252
9163 2 2 19 24 4251 4923 2433
9164 2 2 19 24 3378 4524 2665
9165 2 2 19 24 2664 4523 3379
9166 2 2 19 24 235 4639 3926
9167 2 2 19 24 3925 4640 171
9168 2 2 19 24 2448 4789 3409
9169 2 2 19 24 3799 4011 2351
9170 2 2 19 24 4335 4873 1854
9171 2 2 19 24 1853 4872 4336
9172 2 2 19 24 3644 4645 2332
9173 2 2 19 24 2333 4646 3645
9174 2 2 19 24 384 4586 385
9175 2 2 19 24 356 4587 357
9176 2 2 19 24 3433 4498 2394
9177 2 2 19 24 2393 4497 3434
9178 2 2 19 24 3346 4709 1885
9179 2 2 19 24 365 4743 366
9180 2 2 19 24 4670 4888 1802
9181 2 2 19 24 2381 4878 3469
9182 2 2 19 24 3470 4879 2382
9183 2 2 19 24 4178 4223 2590
9184 2 2 19 24 2591 4224 4179
9185 2 2 19 24 2351 4628 3347
9186 2 2 19 24 2133 4868 3353
9187 2 2 19 24 3033 4948 193
9188 2 2 19 24 213 4949 3034
9189 2 2 19 24 2470 4677 3328
9190 2 2 19 24 3329 4676 2469
9191 2 2 19 24 3240 4633 2167
9192 2 2 19 24 2168 4632 3241
9193 2 2 19 24 3382 4546 2627
9194 2 2 19 24 2554 4862 3344
9195 2 2 19 24 3345 4863 2555
9196 2 2 19 24 2149 5006 3285
9197 2 2 19 24 3286 5007 2148
9198 2 2 19 24 1990 4751 3644
9199 2 2 19 24 3645 4752 1989
9200 2 2 19 24 4213 4609 2233
9201 2 2 19 24 2234 4610 4214
9202 2 2 19 24 1764 4243 3556
9203 2 2 19 24 2203 4301 3377
9204 2 2 19 24 3376 4302 2202
9205 2 2 19 24 4640 4954 3052
9206 2 2 19 24 3053 4953 4639
9207 2 2 19 24 3530 4347 2858
9208 2 2 19 24 60 5000 61
9209 2 2 19 24 3428 4800 2485
9210 2 2 19 24 3690 4244 2509
9211 2 2 19 24 2508 4245 3691
9212 2 2 19 24 3943 4216 1938
9213 2 2 19 24 1939 4217 3942
9214 2 2 19 24 373 4891 374
9215 2 2 19 24 3521 4200 2243
9216 2 2 19 24 2244 4201 3520
9217 2 2 19 24 3369 4991 1895
9218 2 2 19 24 3353 4868 2418
9219 2 2 19 24 2522 4653 3749
9220 2 2 19 24 1975 4492 3448
9221 2 2 19 24 3449 4493 1976
9222 2 2 19 24 2130 4685 4139
9223 2 2 19 24 4140 4684 2129
9224 2 2 19 24 3683 5018 3408
9225 2 2 19 24 4227 4604 2225
9226 2 2 19 24 2226 4603 4228
9227 2 2 19 24 3726 4032 2263
9228 2 2 19 24 2264 4033 3727
9229 2 2 19 24 2510 4216 3943
9230 2 2 19 24 3942 4217 2511
9231 2 2 19 24 2496 4902 3532
9232 2 2 19 24 2662 4334 3501
9233 2 2 19 24 45 4223 4178
9234 2 2 19 24 4179 4224 88
9235 2 2 19 24 1975 4459 4120
9236 2 2 19 24 4121 4460 1976
9237 2 2 19 24 208 4763 3173
9238 2 2 19 24 3174 4762 198
9239 2 2 19 24 2133 4800 3428
9240 2 2 19 24 3363 4951 2178
9241 2 2 19 24 2179 4952 3364
9242 2 2 19 24 2811 4354 3481
9243 2 2 19 24 3482 4353 2812
9244 2 2 19 24 4077 4432 2566
9245 2 2 19 24 2565 4433 4076
9246 2 2 19 24 3353 4800 2133
9247 2 2 19 24 3531 4754 1894
9248 2 2 19 24 2390 4283 3790
9249 2 2 19 24 4212 4250 1960
9250 2 2 19 24 2331 4670 4446
9251 2 2 19 24 2503 4425 4101
9252 2 2 19 24 4100 4426 2504
9253 2 2 19 24 2985 4772 4104
9254 2 2 19 24 4103 4771 2984
9255 2 2 19 24 3392 4679 1925
9256 2 2 19 24 1926 4678 3393
9257 2 2 19 24 2458 4781 4205
9258 2 2 19 24 4204 4780 2457
9259 2 2 19 24 3415 4579 1870
9260 2 2 19 24 1869 4578 3416
9261 2 2 19 24 3713 4688 2001
9262 2 2 19 24 2307 4022 4019
9263 2 2 19 24 4018 4021 2306
9264 2 2 19 24 3305 4663 4179
9265 2 2 19 24 4178 4664 3306
9266 2 2 19 24 4040 4535 2275
9267 2 2 19 24 2276 4536 4041
9268 2 2 19 24 2733 4361 3796
9269 2 2 19 24 2357 4183 3424
9270 2 2 19 24 3423 4184 2358
9271 2 2 19 24 4232 4486 2571
9272 2 2 19 24 2570 4487 4231
9273 2 2 19 24 2404 4461 4142
9274 2 2 19 24 1875 4158 3657
9275 2 2 19 24 3459 4619 1966
9276 2 2 19 24 1967 4618 3460
9277 2 2 19 24 2183 4944 3321
9278 2 2 19 24 3322 4945 2182
9279 2 2 19 24 3386 4723 2308
9280 2 2 19 24 3688 4484 1984
9281 2 2 19 24 2709 4445 3751
9282 2 2 19 24 2589 4544 4134
9283 2 2 19 24 4133 4545 2588
9284 2 2 19 24 3898 4045 2372
9285 2 2 19 24 264 4439 3664
9286 2 2 19 24 3665 4440 142
9287 2 2 19 24 2791 4820 4097
9288 2 2 19 24 4096 4819 2790
9289 2 2 19 24 2513 3997 3973
9290 2 2 19 24 3972 3998 2512
9291 2 2 19 24 1780 4601 3521
9292 2 2 19 24 3520 4602 1781
9293 2 2 19 24 1960 4250 3604
9294 2 2 19 24 3162 4630 3415
9295 2 2 19 24 3416 4631 3161
9296 2 2 19 24 2401 4163 3768
9297 2 2 19 24 2394 4602 3520
9298 2 2 19 24 3521 4601 2393
9299 2 2 19 24 3588 4396 2353
9300 2 2 19 24 2354 4395 3589
9301 2 2 19 24 2378 4329 3542
9302 2 2 19 24 3549 4444 2744
9303 2 2 19 24 2745 4443 3550
9304 2 2 19 24 3471 4466 2368
9305 2 2 19 24 2528 4221 3707
9306 2 2 19 24 3706 4220 2527
9307 2 2 19 24 3815 4095 1948
9308 2 2 19 24 1974 4341 3587
9309 2 2 19 24 3593 4847 4153
9310 2 2 19 24 4152 4848 3594
9311 2 2 19 24 3349 4756 22
9312 2 2 19 24 111 4757 3350
9313 2 2 19 24 2412 4212 3653
9314 2 2 19 24 3789 4477 2391
9315 2 2 19 24 1929 4962 3440
9316 2 2 19 24 3441 4963 1930
9317 2 2 19 24 2219 4107 3744
9318 2 2 19 24 3743 4108 2218
9319 2 2 19 24 1946 4463 3583
9320 2 2 19 24 3584 4464 1947
9321 2 2 19 24 1966 4619 3588
9322 2 2 19 24 3589 4618 1967
9323 2 2 19 24 2026 4909 3617
9324 2 2 19 24 2654 4015 4009
9325 2 2 19 24 3842 4373 2638
9326 2 2 19 24 2639 4372 3843
9327 2 2 19 24 4253 4570 3256
9328 2 2 19 24 3257 4569 4254
9329 2 2 19 24 2267 4728 4196
9330 2 2 19 24 4009 4015 2327
9331 2 2 19 24 1963 4197 3716
9332 2 2 19 24 3483 4583 1846
9333 2 2 19 24 2428 4344 4290
9334 2 2 19 24 4290 4344 2650
9335 2 2 19 24 2597 4960 3330
9336 2 2 19 24 3331 4961 2598
9337 2 2 19 24 2418 4095 3815
9338 2 2 19 24 3917 4323 1973
9339 2 2 19 24 2582 4696 3622
9340 2 2 19 24 3621 4697 2581
9341 2 2 19 24 3429 4742 2626
9342 2 2 19 24 3457 4644 2292
9343 2 2 19 24 4120 4355 2624
9344 2 2 19 24 2625 4356 4121
9345 2 2 19 24 3716 4197 2423
9346 2 2 19 24 1786 4012 3944
9347 2 2 19 24 3945 4013 1787
9348 2 2 19 24 2405 4219 3684
9349 2 2 19 24 3685 4218 2406
9350 2 2 19 24 320 4834 321
9351 2 2 19 24 340 4833 341
9352 2 2 19 24 2374 4106 3958
9353 2 2 19 24 3959 4105 2375
9354 2 2 19 24 3740 4206 2258
9355 2 2 19 24 2257 4207 3739
9356 2 2 19 24 316 4795 317
9357 2 2 19 24 344 4796 345
9358 2 2 19 24 2518 4323 3917
9359 2 2 19 24 3643 4703 2615
9360 2 2 19 24 2616 4704 3642
9361 2 2 19 24 3573 4564 1874
9362 2 2 19 24 3404 5007 2444
9363 2 2 19 24 2443 5006 3405
9364 2 2 19 24 314 4805 315
9365 2 2 19 24 346 4806 347
9366 2 2 19 24 2302 4501 4071
9367 2 2 19 24 4072 4502 2303
9368 2 2 19 24 2480 4564 3573
9369 2 2 19 24 3402 4760 2200
9370 2 2 19 24 2201 4761 3403
9371 2 2 19 24 2035 4802 3426
9372 2 2 19 24 3427 4801 2034
9373 2 2 19 24 3415 4630 2713
9374 2 2 19 24 2712 4631 3416
9375 2 2 19 24 1781 4213 3880
9376 2 2 19 24 3879 4214 1780
9377 2 2 19 24 169 4432 4077
9378 2 2 19 24 4076 4433 237
9379 2 2 19 24 3494 4886 2236
9380 2 2 19 24 2235 4887 3495
9381 2 2 19 24 2386 4309 4291
9382 2 2 19 24 4292 4310 2387
9383 2 2 19 24 3665 4366 2479
9384 2 2 19 24 2478 4365 3664
9385 2 2 19 24 1840 4501 3516
9386 2 2 19 24 3517 4502 1841
9387 2 2 19 24 130 4703 3643
9388 2 2 19 24 3642 4704 276
9389 2 2 19 24 2860 4444 3549
9390 2 2 19 24 3550 4443 2861
9391 2 2 19 24 2537 4967 3361
9392 2 2 19 24 3362 4966 2536
9393 2 2 19 24 3617 4162 1904
9394 2 2 19 24 1902 4218 3685
9395 2 2 19 24 3684 4219 1903
9396 2 2 19 24 1909 4871 3933
9397 2 2 19 24 2579 4238 4197
9398 2 2 19 24 4197 4238 2423
9399 2 2 19 24 3768 4163 1948
9400 2 2 19 24 3644 4751 2595
9401 2 2 19 24 2596 4752 3645
9402 2 2 19 24 2385 4311 4286
9403 2 2 19 24 339 4837 3509
9404 2 2 19 24 3510 4838 322
9405 2 2 19 24 4139 4685 2766
9406 2 2 19 24 2765 4684 4140
9407 2 2 19 24 2646 4977 3864
9408 2 2 19 24 3848 4122 34
9409 2 2 19 24 99 4123 3849
9410 2 2 19 24 2751 4520 3526
9411 2 2 19 24 3527 4521 2750
9412 2 2 19 24 3583 4463 2380
9413 2 2 19 24 2379 4464 3584
9414 2 2 19 24 1958 4652 4239
9415 2 2 19 24 4240 4651 1959
9416 2 2 19 24 3287 4998 207
9417 2 2 19 24 17 5014 311
9418 2 2 19 24 350 5015 16
9419 2 2 19 24 3706 4264 2729
9420 2 2 19 24 2730 4265 3707
9421 2 2 19 24 4286 4311 2711
9422 2 2 19 24 3958 4106 2561
9423 2 2 19 24 2562 4105 3959
9424 2 2 19 24 3780 4956 3100
9425 2 2 19 24 3099 4957 3779
9426 2 2 19 24 1919 4262 3682
9427 2 2 19 24 3682 4262 2423
9428 2 2 19 24 199 4999 3288
9429 2 2 19 24 2563 4270 3867
9430 2 2 19 24 3866 4271 2564
9431 2 2 19 24 2736 4531 3555
9432 2 2 19 24 1770 5018 4357
9433 2 2 19 24 3567 4556 1908
9434 2 2 19 24 1907 4555 3568
9435 2 2 19 24 2749 4609 4213
9436 2 2 19 24 4214 4610 2748
9437 2 2 19 24 3564 4445 2007
9438 2 2 19 24 3520 4401 2244
9439 2 2 19 24 2243 4402 3521
9440 2 2 19 24 4472 4678 1926
9441 2 2 19 24 1925 4679 4471
9442 2 2 19 24 2476 4909 3590
9443 2 2 19 24 4222 4485 1790
9444 2 2 19 24 2412 4730 3574
9445 2 2 19 24 4357 5018 2947
9446 2 2 19 24 4804 4958 1969
9447 2 2 19 24 1968 4959 4803
9448 2 2 19 24 2456 4673 3800
9449 2 2 19 24 3805 4401 2459
9450 2 2 19 24 2460 4402 3804
9451 2 2 19 24 2397 4910 4001
9452 2 2 19 24 4000 4911 2398
9453 2 2 19 24 3372 4724 122
9454 2 2 19 24 284 4725 3373
9455 2 2 19 24 3864 4977 2152
9456 2 2 19 24 3469 4878 2180
9457 2 2 19 24 2181 4879 3470
9458 2 2 19 24 2883 4861 3860
9459 2 2 19 24 3859 4860 2884
9460 2 2 19 24 4060 4911 2551
9461 2 2 19 24 2550 4910 4061
9462 2 2 19 24 3029 3974 3741
9463 2 2 19 24 3742 3975 3030
9464 2 2 19 24 3598 4504 1820
9465 2 2 19 24 1819 4503 3599
9466 2 2 19 24 2447 4515 3587
9467 2 2 19 24 4053 4540 1925
9468 2 2 19 24 1926 4539 4052
9469 2 2 19 24 3380 4369 2357
9470 2 2 19 24 2358 4370 3381
9471 2 2 19 24 3840 4983 2832
9472 2 2 19 24 2833 4984 3841
9473 2 2 19 24 2194 4912 3473
9474 2 2 19 24 3474 4913 2195
9475 2 2 19 24 4487 4810 2898
9476 2 2 19 24 2899 4811 4486
9477 2 2 19 24 3408 5018 1770
9478 2 2 19 24 4168 4225 3097
9479 2 2 19 24 3098 4226 4167
9480 2 2 19 24 3687 4420 2150
9481 2 2 19 24 2151 4421 3686
9482 2 2 19 24 2570 4810 4487
9483 2 2 19 24 4486 4811 2571
9484 2 2 19 24 3587 4515 1974
9485 2 2 19 24 3927 4246 2985
9486 2 2 19 24 2984 4247 3928
9487 2 2 19 24 3480 4996 2062
9488 2 2 19 24 2392 4362 3637
9489 2 2 19 24 2210 4897 3446
9490 2 2 19 24 3447 4896 2211
9491 2 2 19 24 269 4529 3533
9492 2 2 19 24 3534 4530 137
9493 2 2 19 24 2423 4262 3716
9494 2 2 19 24 3664 4365 2603
9495 2 2 19 24 2604 4366 3665
9496 2 2 19 24 3332 4916 1761
9497 2 2 19 24 1760 4917 3333
9498 2 2 19 24 4134 4544 1962
9499 2 2 19 24 1961 4545 4133
9500 2 2 19 24 2428 4290 3716
9501 2 2 19 24 1810 4686 3537
9502 2 2 19 24 2691 4705 4650
9503 2 2 19 24 4649 4706 2692
9504 2 2 19 24 4120 4492 1975
9505 2 2 19 24 1976 4493 4121
9506 2 2 19 24 2973 4980 3675
9507 2 2 19 24 1874 4835 3532
9508 2 2 19 24 2292 4293 3710
9509 2 2 19 24 3532 4835 2496
9510 2 2 19 24 3842 4914 2503
9511 2 2 19 24 2504 4915 3843
9512 2 2 19 24 2340 4119 3978
9513 2 2 19 24 2553 4597 3360
9514 2 2 19 24 2436 4206 3740
9515 2 2 19 24 3739 4207 2435
9516 2 2 19 24 3716 4290 1963
9517 2 2 19 24 4259 4702 2445
9518 2 2 19 24 2332 4447 3644
9519 2 2 19 24 3645 4448 2333
9520 2 2 19 24 2008 4259 3806
9521 2 2 19 24 3800 4673 2801
9522 2 2 19 24 4239 4652 2557
9523 2 2 19 24 2556 4651 4240
9524 2 2 19 24 2334 4187 3960
9525 2 2 19 24 4360 4391 2641
9526 2 2 19 24 4195 4290 2650
9527 2 2 19 24 3562 4798 2263
9528 2 2 19 24 2264 4799 3563
9529 2 2 19 24 1842 4614 3370
9530 2 2 19 24 3371 4615 1844
9531 2 2 19 24 2334 4688 3713
9532 2 2 19 24 1901 4395 3651
9533 2 2 19 24 3650 4396 1900
9534 2 2 19 24 4650 4705 2963
9535 2 2 19 24 2962 4706 4649
9536 2 2 19 24 1963 4290 4195
9537 2 2 19 24 2267 4906 3394
9538 2 2 19 24 3588 4619 2524
9539 2 2 19 24 2523 4618 3589
9540 2 2 19 24 3790 4283 58
9541 2 2 19 24 2007 4613 3564
9542 2 2 19 24 2027 4446 3233
9543 2 2 19 24 3806 4259 2445
9544 2 2 19 24 3608 4942 2025
9545 2 2 19 24 3732 4941 246
9546 2 2 19 24 160 4940 3733
9547 2 2 19 24 4439 4870 2478
9548 2 2 19 24 2479 4869 4440
9549 2 2 19 24 2742 4693 3635
9550 2 2 19 24 3636 4694 2743
9551 2 2 19 24 2448 4391 4360
9552 2 2 19 24 3757 4314 1917
9553 2 2 19 24 3705 4854 2044
9554 2 2 19 24 3795 4743 365
9555 2 2 19 24 2063 4997 3522
9556 2 2 19 24 2622 4698 3988
9557 2 2 19 24 2359 4695 4080
9558 2 2 19 24 3596 4690 2970
9559 2 2 19 24 2969 4689 3597
9560 2 2 19 24 3882 4965 2500
9561 2 2 19 24 1961 4706 3794
9562 2 2 19 24 3793 4705 1962
9563 2 2 19 24 2529 4996 3480
9564 2 2 19 24 3707 4265 2528
9565 2 2 19 24 2527 4264 3706
9566 2 2 19 24 3862 4717 2417
9567 2 2 19 24 2416 4718 3863
9568 2 2 19 24 2624 4492 4120
9569 2 2 19 24 4121 4493 2625
9570 2 2 19 24 3745 4792 1914
9571 2 2 19 24 3686 4518 2151
9572 2 2 19 24 2150 4519 3687
9573 2 2 19 24 2479 4958 3694
9574 2 2 19 24 3695 4959 2478
9575 2 2 19 24 2503 4373 3842
9576 2 2 19 24 3843 4372 2504
9577 2 2 19 24 2059 4939 3614
9578 2 2 19 24 3615 4938 2060
9579 2 2 19 24 3700 4332 3011
9580 2 2 19 24 3012 4333 3701
9581 2 2 19 24 2541 4884 3265
9582 2 2 19 24 3266 4885 2542
9583 2 2 19 24 2572 4829 3859
9584 2 2 19 24 3860 4830 2573
9585 2 2 19 24 3434 4944 2183
9586 2 2 19 24 2182 4945 3433
9587 2 2 19 24 2244 4401 3805
9588 2 2 19 24 3804 4402 2243
9589 2 2 19 24 3203 4449 2701
9590 2 2 19 24 2702 4450 3204
9591 2 2 19 24 2435 4403 3739
9592 2 2 19 24 3740 4404 2436
9593 2 2 19 24 4079 4431 1931
9594 2 2 19 24 3663 4972 2472
9595 2 2 19 24 2471 4971 3662
9596 2 2 19 24 3957 4697 3093
9597 2 2 19 24 3094 4696 3956
9598 2 2 19 24 3574 4730 1754
9599 2 2 19 24 3901 4260 1927
9600 2 2 19 24 1928 4261 3900
9601 2 2 19 24 3739 4403 1921
9602 2 2 19 24 1920 4404 3740
9603 2 2 19 24 3588 4807 1966
9604 2 2 19 24 1967 4808 3589
9605 2 2 19 24 2529 4899 3581
9606 2 2 19 24 3582 4900 2530
9607 2 2 19 24 3852 4624 3040
9608 2 2 19 24 3041 4623 3853
9609 2 2 19 24 4050 4673 2456
9610 2 2 19 24 2440 4504 3598
9611 2 2 19 24 3599 4503 2439
9612 2 2 19 24 2080 4968 3725
9613 2 2 19 24 1844 4972 3663
9614 2 2 19 24 3662 4971 1842
9615 2 2 19 24 1927 4553 4172
9616 2 2 19 24 4171 4554 1928
9617 2 2 19 24 4052 4472 1926
9618 2 2 19 24 1925 4471 4053
9619 2 2 19 24 1882 4695 3603
9620 2 2 19 24 2457 4260 3901
9621 2 2 19 24 3900 4261 2458
9622 2 2 19 24 2431 4510 3758
9623 2 2 19 24 3759 4511 2432
9624 2 2 19 24 3105 4973 4902
9625 2 2 19 24 2210 4512 3680
9626 2 2 19 24 3681 4513 2211
9627 2 2 19 24 363 4384 3800
9628 2 2 19 24 4902 4973 2061
9629 2 2 19 24 1960 4608 3623
9630 2 2 19 24 3522 4997 2530
9631 2 2 19 24 3859 4829 2087
9632 2 2 19 24 2088 4830 3860
9633 2 2 19 24 3873 4409 1970
9634 2 2 19 24 1971 4408 3874
9635 2 2 19 24 3794 4706 2962
9636 2 2 19 24 2963 4705 3793
9637 2 2 19 24 2613 4912 4342
9638 2 2 19 24 4343 4913 2614
9639 2 2 19 24 2102 4563 3847
9640 2 2 19 24 3620 4721 2212
9641 2 2 19 24 3847 4563 2754
9642 2 2 19 24 3601 4676 1934
9643 2 2 19 24 1935 4677 3602
9644 2 2 19 24 1945 4875 4764
9645 2 2 19 24 2461 4339 3914
9646 2 2 19 24 3484 4915 2504
9647 2 2 19 24 2503 4914 3485
9648 2 2 19 24 3249 4888 4670
9649 2 2 19 24 3746 4897 2849
9650 2 2 19 24 2848 4896 3747
9651 2 2 19 24 2518 5004 3618
9652 2 2 19 24 2455 4993 4051
9653 2 2 19 24 1948 4428 3768
9654 2 2 19 24 4481 4690 1949
9655 2 2 19 24 1950 4689 4482
9656 2 2 19 24 3758 4510 79
9657 2 2 19 24 54 4511 3759
9658 2 2 19 24 3334 4851 179
9659 2 2 19 24 227 4852 3335
9660 2 2 19 24 1946 4953 4616
9661 2 2 19 24 4617 4954 1947
9662 2 2 19 24 2261 4926 3657
9663 2 2 19 24 2479 4440 3665
9664 2 2 19 24 3664 4439 2478
9665 2 2 19 24 2504 4372 4100
9666 2 2 19 24 4101 4373 2503
9667 2 2 19 24 4236 4368 3050
9668 2 2 19 24 3051 4367 4237
9669 2 2 19 24 3680 4505 2451
9670 2 2 19 24 2452 4506 3681
9671 2 2 19 24 2135 4457 3752
9672 2 2 19 24 3753 4458 2134
9673 2 2 19 24 1918 4424 3830
9674 2 2 19 24 4215 4546 2094
9675 2 2 19 24 1906 4257 4035
9676 2 2 19 24 4036 4258 1905
9677 2 2 19 24 2782 4409 3873
9678 2 2 19 24 3874 4408 2783
9679 2 2 19 24 4726 4793 2514
9680 2 2 19 24 1788 4505 3680
9681 2 2 19 24 3681 4506 1789
9682 2 2 19 24 2627 4546 4215
9683 2 2 19 24 3800 4384 2456
9684 2 2 19 24 75 4477 3789
9685 2 2 19 24 3807 4459 2501
9686 2 2 19 24 2502 4460 3808
9687 2 2 19 24 3577 4932 2679
9688 2 2 19 24 2680 4933 3578
9689 2 2 19 24 2409 4942 3608
9690 2 2 19 24 2287 4699 3655
9691 2 2 19 24 3656 4700 2288
9692 2 2 19 24 1943 4280 4034
9693 2 2 19 24 3606 4645 1892
9694 2 2 19 24 1893 4646 3607
9695 2 2 19 24 2781 4583 3659
9696 2 2 19 24 3938 4878 2381
9697 2 2 19 24 2382 4879 3939
9698 2 2 19 24 2607 4904 4350
9699 2 2 19 24 4351 4903 2606
9700 2 2 19 24 3782 4386 120
9701 2 2 19 24 286 4387 3781
9702 2 2 19 24 3696 4541 2800
9703 2 2 19 24 2799 4542 3697
9704 2 2 19 24 1756 4975 4106
9705 2 2 19 24 4105 4974 1757
9706 2 2 19 24 2420 4917 3904
9707 2 2 19 24 3905 4916 2421
9708 2 2 19 24 3051 4873 4335
9709 2 2 19 24 4336 4872 3050
9710 2 2 19 24 2816 4732 4278
9711 2 2 19 24 4279 4733 2817
9712 2 2 19 24 4287 4388 1744
9713 2 2 19 24 4080 4695 2943
9714 2 2 19 24 3807 4606 1829
9715 2 2 19 24 1830 4607 3808
9716 2 2 19 24 2388 4416 4399
9717 2 2 19 24 4400 4417 2389
9718 2 2 19 24 4017 4330 2341
9719 2 2 19 24 2342 4331 4016
9720 2 2 19 24 2623 4992 4713
9721 2 2 19 24 2564 4643 3866
9722 2 2 19 24 3867 4642 2563
9723 2 2 19 24 2475 4936 3676
9724 2 2 19 24 4399 4416 3019
9725 2 2 19 24 3020 4417 4400
9726 2 2 19 24 4428 5003 2507
9727 2 2 19 24 2586 4388 4287
9728 2 2 19 24 2751 4595 3737
9729 2 2 19 24 3738 4596 2750
9730 2 2 19 24 3802 4450 2702
9731 2 2 19 24 2701 4449 3803
9732 2 2 19 24 2262 4522 3846
9733 2 2 19 24 3235 4876 4076
9734 2 2 19 24 4077 4877 3234
9735 2 2 19 24 2367 4953 3583
9736 2 2 19 24 3584 4954 2366
9737 2 2 19 24 2501 4606 3807
9738 2 2 19 24 3808 4607 2502
9739 2 2 19 24 3846 4522 2487
9740 2 2 19 24 4035 4257 2697
9741 2 2 19 24 2698 4258 4036
9742 2 2 19 24 2581 4697 3957
9743 2 2 19 24 3956 4696 2582
9744 2 2 19 24 3914 4836 2461
9745 2 2 19 24 4100 4372 1965
9746 2 2 19 24 1964 4373 4101
9747 2 2 19 24 4081 4688 2334
9748 2 2 19 24 2067 4427 4371
9749 2 2 19 24 4352 4628 2351
9750 2 2 19 24 4082 4768 2270
9751 2 2 19 24 4350 4904 2795
9752 2 2 19 24 2794 4903 4351
9753 2 2 19 24 2573 4830 4408
9754 2 2 19 24 4409 4829 2572
9755 2 2 19 24 368 4636 3785
9756 2 2 19 24 4371 4427 2626
9757 2 2 19 24 3015 4628 4352
9758 2 2 19 24 2622 4376 4054
9759 2 2 19 24 2827 4768 4082
9760 2 2 19 24 2468 4946 3914
9761 2 2 19 24 2908 4642 3867
9762 2 2 19 24 3866 4643 2907
9763 2 2 19 24 3773 4698 1745
9764 2 2 19 24 3109 4798 3936
9765 2 2 19 24 3937 4799 3110
9766 2 2 19 24 1992 4624 3852
9767 2 2 19 24 3853 4623 1991
9768 2 2 19 24 2705 4678 4472
9769 2 2 19 24 4471 4679 2706
9770 2 2 19 24 2575 4791 4013
9771 2 2 19 24 4012 4790 2576
9772 2 2 19 24 4023 4774 2386
9773 2 2 19 24 2387 4775 4024
9774 2 2 19 24 4054 4376 2043
9775 2 2 19 24 2424 4355 4120
9776 2 2 19 24 4121 4356 2425
9777 2 2 19 24 4803 4907 1968
9778 2 2 19 24 1969 4908 4804
9779 2 2 19 24 165 4929 3838
9780 2 2 19 24 3839 4928 241
9781 2 2 19 24 2224 4726 3772
9782 2 2 19 24 2641 4773 3713
9783 2 2 19 24 4323 4388 2586
9784 2 2 19 24 1989 4857 4574
9785 2 2 19 24 4573 4858 1990
9786 2 2 19 24 2518 4388 4323
9787 2 2 19 24 2254 4662 3830
9788 2 2 19 24 2483 4571 3626
9789 2 2 19 24 3627 4572 2484
9790 2 2 19 24 3803 4560 2198
9791 2 2 19 24 2199 4561 3802
9792 2 2 19 24 2498 4485 3458
9793 2 2 19 24 2415 4792 3745
9794 2 2 19 24 3675 4980 3248
9795 2 2 19 24 2415 4854 3705
9796 2 2 19 24 4099 4358 2615
9797 2 2 19 24 2616 4359 4098
9798 2 2 19 24 2809 4760 4277
9799 2 2 19 24 4276 4761 2810
9800 2 2 19 24 2827 4564 4559
9801 2 2 19 24 3920 4962 1929
9802 2 2 19 24 1930 4963 3921
9803 2 2 19 24 2366 4640 3925
9804 2 2 19 24 3926 4639 2367
9805 2 2 19 24 1831 4983 3717
9806 2 2 19 24 3718 4984 1832
9807 2 2 19 24 3918 4856 1902
9808 2 2 19 24 1903 4855 3919
9809 2 2 19 24 2947 5018 3683
9810 2 2 19 24 3835 4713 63
9811 2 2 19 24 1917 4793 3757
9812 2 2 19 24 4093 4629 3101
9813 2 2 19 24 4559 4564 2480
9814 2 2 19 24 4579 4714 1870
9815 2 2 19 24 1869 4715 4578
9816 2 2 19 24 2376 4473 3986
9817 2 2 19 24 3987 4474 2377
9818 2 2 19 24 4427 4918 2626
9819 2 2 19 24 3912 4735 2767
9820 2 2 19 24 1852 4629 4093
9821 2 2 19 24 4046 4819 2277
9822 2 2 19 24 2278 4820 4047
9823 2 2 19 24 2622 4514 4376
9824 2 2 19 24 2061 4973 4267
9825 2 2 19 24 4196 4728 2896
9826 2 2 19 24 4227 4354 1864
9827 2 2 19 24 1863 4353 4228
9828 2 2 19 24 1744 4388 4182
9829 2 2 19 24 4267 4973 2732
9830 2 2 19 24 167 4788 4065
9831 2 2 19 24 4064 4787 239
9832 2 2 19 24 2500 4731 3882
9833 2 2 19 24 4263 4823 2021
9834 2 2 19 24 2137 4935 4437
9835 2 2 19 24 4438 4934 2136
9836 2 2 19 24 4408 4830 2783
9837 2 2 19 24 2782 4829 4409
9838 2 2 19 24 4050 4889 2002
9839 2 2 19 24 3882 4731 1808
9840 2 2 19 24 2678 4823 4263
9841 2 2 19 24 2628 4410 4043
9842 2 2 19 24 4042 4411 2629
9843 2 2 19 24 3096 4604 4227
9844 2 2 19 24 4228 4603 3095
9845 2 2 19 24 4376 4514 2578
9846 2 2 19 24 4079 4507 2274
9847 2 2 19 24 2789 4714 4579
9848 2 2 19 24 4578 4715 2788
9849 2 2 19 24 3676 4936 2217
9850 2 2 19 24 1786 4790 4012
9851 2 2 19 24 4013 4791 1787
9852 2 2 19 24 1784 4694 3886
9853 2 2 19 24 3887 4693 1785
9854 2 2 19 24 4614 4971 3027
9855 2 2 19 24 3028 4972 4615
9856 2 2 19 24 1959 4284 4240
9857 2 2 19 24 4239 4285 1958
9858 2 2 19 24 4182 4388 2518
9859 2 2 19 24 3899 4722 2968
9860 2 2 19 24 2403 4744 3995
9861 2 2 19 24 3996 4745 2402
9862 2 2 19 24 2562 4974 4105
9863 2 2 19 24 4106 4975 2561
9864 2 2 19 24 2554 4780 3916
9865 2 2 19 24 3915 4781 2555
9866 2 2 19 24 2540 4517 4393
9867 2 2 19 24 4394 4516 2539
9868 2 2 19 24 2561 4894 3708
9869 2 2 19 24 3709 4895 2562
9870 2 2 19 24 2763 4721 3933
9871 2 2 19 24 2208 4847 3593
9872 2 2 19 24 3594 4848 2209
9873 2 2 19 24 2369 4488 3868
9874 2 2 19 24 3869 4489 2370
9875 2 2 19 24 4052 4539 2379
9876 2 2 19 24 2380 4540 4053
9877 2 2 19 24 3797 4866 1782
9878 2 2 19 24 1783 4867 3798
9879 2 2 19 24 2619 4889 4050
9880 2 2 19 24 2806 4709 4039
9881 2 2 19 24 2456 4574 4050
9882 2 2 19 24 4051 4573 2455
9883 2 2 19 24 2607 4941 3732
9884 2 2 19 24 3733 4940 2606
9885 2 2 19 24 4020 4793 1917
9886 2 2 19 24 4500 4782 2737
9887 2 2 19 24 1915 4918 3820
9888 2 2 19 24 2435 4839 4403
9889 2 2 19 24 4404 4840 2436
9890 2 2 19 24 4071 4501 3056
9891 2 2 19 24 3057 4502 4072
9892 2 2 19 24 2003 4782 4500
9893 2 2 19 24 2284 4901 3983
9894 2 2 19 24 4095 5003 1948
9895 2 2 19 24 4162 4859 1904
9896 2 2 19 24 3983 4901 2579
9897 2 2 19 24 1795 4836 3914
9898 2 2 19 24 4366 4958 2479
9899 2 2 19 24 2478 4959 4365
9900 2 2 19 24 2678 4783 4483
9901 2 2 19 24 2649 5003 4095
9902 2 2 19 24 2593 4819 4046
9903 2 2 19 24 4047 4820 2592
9904 2 2 19 24 1880 4988 3844
9905 2 2 19 24 3845 4987 1881
9906 2 2 19 24 3844 4988 2521
9907 2 2 19 24 2520 4987 3845
9908 2 2 19 24 1963 4841 3983
9909 2 2 19 24 4151 4957 3099
9910 2 2 19 24 3100 4956 4150
9911 2 2 19 24 2087 4860 3859
9912 2 2 19 24 3860 4861 2088
9913 2 2 19 24 3904 4917 1760
9914 2 2 19 24 1761 4916 3905
9915 2 2 19 24 3016 4907 4803
9916 2 2 19 24 4804 4908 3017
9917 2 2 19 24 4007 4936 2475
9918 2 2 19 24 3523 4888 2498
9919 2 2 19 24 3933 4871 2368
9920 2 2 19 24 4375 5009 2571
9921 2 2 19 24 2570 5008 4374
9922 2 2 19 24 3889 4831 243
9923 2 2 19 24 163 4832 3888
9924 2 2 19 24 2002 4673 4050
9925 2 2 19 24 2018 4978 4559
9926 2 2 19 24 4559 4978 2827
9927 2 2 19 24 4332 4394 2539
9928 2 2 19 24 2540 4393 4333
9929 2 2 19 24 4701 4710 2467
9930 2 2 19 24 3914 4946 1795
9931 2 2 19 24 4437 4935 2780
9932 2 2 19 24 2779 4934 4438
9933 2 2 19 24 3922 4926 3064
9934 2 2 19 24 2507 4968 3884
9935 2 2 19 24 187 4225 4168
9936 2 2 19 24 4167 4226 219
9937 2 2 19 24 2618 4656 4397
9938 2 2 19 24 4398 4657 2617
9939 2 2 19 24 206 4998 3529
9940 2 2 19 24 3079 4710 4701
9941 2 2 19 24 2777 4688 4081
9942 2 2 19 24 3559 4999 200
9943 2 2 19 24 4157 4537 2869
9944 2 2 19 24 2870 4538 4156
9945 2 2 19 24 2525 4787 4064
9946 2 2 19 24 4065 4788 2526
9947 2 2 19 24 2609 4962 3920
9948 2 2 19 24 3921 4963 2610
9949 2 2 19 24 3891 4956 2083
9950 2 2 19 24 2082 4957 3890
9951 2 2 19 24 4333 4393 1988
9952 2 2 19 24 1987 4394 4332
9953 2 2 19 24 4075 4734 2921
9954 2 2 19 24 4337 4892 2935
9955 2 2 19 24 2936 4893 4338
9956 2 2 19 24 1759 4933 4318
9957 2 2 19 24 4317 4932 1758
9958 2 2 19 24 3990 4923 1951
9959 2 2 19 24 1952 4924 3989
9960 2 2 19 24 2660 4892 4337
9961 2 2 19 24 4338 4893 2661
9962 2 2 19 24 4192 4867 2901
9963 2 2 19 24 2900 4866 4191
9964 2 2 19 24 3917 5004 2518
9965 2 2 19 24 3989 4924 2863
9966 2 2 19 24 2862 4923 3990
9967 2 2 19 24 1957 4818 4010
9968 2 2 19 24 2166 4734 4075
9969 2 2 19 24 4764 4875 3241
9970 2 2 19 24 4179 4663 2591
9971 2 2 19 24 2590 4664 4178
9972 2 2 19 24 2571 5009 4232
9973 2 2 19 24 4231 5008 2570
9974 2 2 19 24 2462 4824 4068
9975 2 2 19 24 4067 4825 2463
9976 2 2 19 24 4393 4517 2667
9977 2 2 19 24 2666 4516 4394
9978 2 2 19 24 1920 4647 4404
9979 2 2 19 24 4403 4648 1921
9980 2 2 19 24 4391 4773 2641
9981 2 2 19 24 4392 4778 2048
9982 2 2 19 24 4403 4839 2644
9983 2 2 19 24 2645 4840 4404
9984 2 2 19 24 4758 4820 2791
9985 2 2 19 24 2790 4819 4759
9986 2 2 19 24 2592 4820 4758
9987 2 2 19 24 4759 4819 2593
9988 2 2 19 24 4113 4862 2554
9989 2 2 19 24 2555 4863 4114
9990 2 2 19 24 4464 4759 1947
9991 2 2 19 24 1946 4758 4463
9992 2 2 19 24 1902 4856 4218
9993 2 2 19 24 4219 4855 1903
9994 2 2 19 24 4130 4950 2052
9995 2 2 19 24 2206 4859 4162
9996 2 2 19 24 2608 4950 4130
9997 2 2 19 24 4620 4946 2468
9998 2 2 19 24 1997 4862 4113
9999 2 2 19 24 4114 4863 1998
10000 2 2 19 24 1842 4971 4614
10001 2 2 19 24 4615 4972 1844
10002 2 2 19 24 4318 4933 2680
10003 2 2 19 24 2679 4932 4317
10004 2 2 19 24 2146 4961 4468
10005 2 2 19 24 4467 4960 2145
10006 2 2 19 24 1809 4773 4391
10007 2 2 19 24 4135 4731 2500
10008 2 2 19 24 4015 4927 2327
10009 2 2 19 24 233 4674 4175
10010 2 2 19 24 4176 4675 173
10011 2 2 19 24 4187 4773 1809
10012 2 2 19 24 2846 4708 4681
10013 2 2 19 24 4680 4707 2847
10014 2 2 19 24 4462 4621 2778
10015 2 2 19 24 4076 4876 2565
10016 2 2 19 24 2566 4877 4077
10017 2 2 19 24 3999 4976 2114
10018 2 2 19 24 1940 4621 4462
10019 2 2 19 24 2688 4285 4239
10020 2 2 19 24 4240 4284 2687
10021 2 2 19 24 104 5001 3903
10022 2 2 19 24 3902 5002 29
10023 2 2 19 24 4414 4917 2420
10024 2 2 19 24 2421 4916 4415
10025 2 2 19 24 4061 4910 2397
10026 2 2 19 24 2398 4911 4060
10027 2 2 19 24 2790 4759 4464
10028 2 2 19 24 4463 4758 2791
10029 2 2 19 24 2457 4780 4260
10030 2 2 19 24 4261 4781 2458
10031 2 2 19 24 2673 4937 4563
10032 2 2 19 24 4397 4656 2636
10033 2 2 19 24 2637 4657 4398
10034 2 2 19 24 2856 4702 4259
10035 2 2 19 24 4563 4937 2754
10036 2 2 19 24 4051 4993 2003
10037 2 2 19 24 4681 4708 2531
10038 2 2 19 24 2532 4707 4680
10039 2 2 19 24 1888 4570 4253
10040 2 2 19 24 4254 4569 1889
10041 2 2 19 24 4260 4780 2554
10042 2 2 19 24 2555 4781 4261
10043 2 2 19 24 2496 4794 4203
10044 2 2 19 24 4404 4647 2645
10045 2 2 19 24 2644 4648 4403
10046 2 2 19 24 4768 4978 2623
10047 2 2 19 24 2775 4746 4204
10048 2 2 19 24 4205 4747 2774
10049 2 2 19 24 2827 4978 4768
10050 2 2 19 24 1994 4450 3802
10051 2 2 19 24 3803 4449 1993
10052 2 2 19 24 4195 4841 1963
10053 2 2 19 24 1931 4507 4079
10054 2 2 19 24 2603 4848 4152
10055 2 2 19 24 4153 4847 2604
10056 2 2 19 24 32 4785 4551
10057 2 2 19 24 4552 4786 101
10058 2 2 19 24 4750 4955 3049
10059 2 2 19 24 4551 4785 2691
10060 2 2 19 24 2692 4786 4552
10061 2 2 19 24 4482 4689 2414
10062 2 2 19 24 2413 4690 4481
10063 2 2 19 24 4278 4732 2491
10064 2 2 19 24 2492 4733 4279
10065 2 2 19 24 2558 4778 4392
10066 2 2 19 24 1951 4923 4251
10067 2 2 19 24 4252 4924 1952
10068 2 2 19 24 3200 4753 4661
10069 2 2 19 24 4218 4856 2588
10070 2 2 19 24 2589 4855 4219
10071 2 2 19 24 4315 4919 56
10072 2 2 19 24 77 4920 4316
10073 2 2 19 24 2110 5009 4375
10074 2 2 19 24 4374 5008 2111
10075 2 2 19 24 4729 4782 2594
10076 2 2 19 24 2999 5008 4231
10077 2 2 19 24 4232 5009 3000
10078 2 2 19 24 4350 4941 2607
10079 2 2 19 24 2606 4940 4351
10080 2 2 19 24 4483 4783 2583
10081 2 2 19 24 265 4870 4439
10082 2 2 19 24 4440 4869 141
10083 2 2 19 24 4580 4977 2939
10084 2 2 19 24 3330 4960 4467
10085 2 2 19 24 4468 4961 3331
10086 2 2 19 24 245 4941 4350
10087 2 2 19 24 4351 4940 161
10088 2 2 19 24 2737 4782 4729
10089 2 2 19 24 4661 4753 2490
10090 2 2 19 24 4656 4813 2636
10091 2 2 19 24 2637 4812 4657
10092 2 2 19 24 4415 4916 3332
10093 2 2 19 24 3333 4917 4414
10094 2 2 19 24 2152 4977 4580
10095 2 2 19 24 4657 4812 1987
10096 2 2 19 24 1988 4813 4656
10097 2 2 19 24 3201 4946 4620
10098 2 2 19 24 1948 5003 4428
10099 2 2 19 24 3265 4884 4591
10100 2 2 19 24 4590 4885 3266
10101 2 2 19 24 2898 4810 4807
10102 2 2 19 24 4808 4811 2899
10103 2 2 19 24 4365 4959 1968
10104 2 2 19 24 1969 4958 4366
10105 2 2 19 24 4752 4857 1989
10106 2 2 19 24 1990 4858 4751
10107 2 2 19 24 4622 4937 2673
10108 2 2 19 24 2009 4937 4622
10109 2 2 19 24 4751 4858 2884
10110 2 2 19 24 2883 4857 4752
10111 2 2 19 24 4597 4925 2897
10112 2 2 19 24 192 4948 4208
10113 2 2 19 24 4209 4949 214
10114 2 2 19 24 2552 4955 4750
10115 2 2 19 24 4616 4953 3053
10116 2 2 19 24 3052 4954 4617
10117 2 2 19 24 2030 4885 4590
10118 2 2 19 24 4591 4884 2031
10119 2 2 19 24 4807 4810 1966
10120 2 2 19 24 1967 4811 4808
10121 2 2 19 24 4994 5016 2725
10122 2 2 19 24 2726 5017 4995
10123 2 2 19 24 2738 5016 4994
10124 2 2 19 24 4995 5017 2739
10125 2 2 19 24 2553 4925 4597
$EndElements
