$MeshFormat
2.2 0 8
$EndMeshFormat
$PhysicalNames
2
1 1 "CONTORNO"
2 2 "SURFACE"
$EndPhysicalNames
$Nodes
10000
1 0 0 0
2 1 0 0
3 1 1 0
4 0 1 0
5 0.01010101010099096 0 0
6 0.02020202020198209 0 0
7 0.03030303030297262 0 0
8 0.04040404040396117 0 0
9 0.05050505050494877 0 0
10 0.06060606060593743 0 0
11 0.07070707070692972 0 0
12 0.08080808080792434 0 0
13 0.09090909090891897 0 0
14 0.1010101010099136 0 0
15 0.1111111111109082 0 0
16 0.1212121212119015 0 0
17 0.1313131313128882 0 0
18 0.1414141414138693 0 0
19 0.15151515151485 0 0
20 0.1616161616158306 0 0
21 0.1717171717168112 0 0
22 0.1818181818177918 0 0
23 0.1919191919187724 0 0
24 0.202020202019753 0 0
25 0.2121212121207337 0 0
26 0.2222222222217143 0 0
27 0.2323232323226949 0 0
28 0.2424242424236755 0 0
29 0.2525252525246561 0 0
30 0.2626262626256367 0 0
31 0.2727272727266173 0 0
32 0.282828282827598 0 0
33 0.2929292929285786 0 0
34 0.3030303030295592 0 0
35 0.3131313131305398 0 0
36 0.3232323232315205 0 0
37 0.3333333333325011 0 0
38 0.3434343434334817 0 0
39 0.3535353535344622 0 0
40 0.3636363636354429 0 0
41 0.3737373737364235 0 0
42 0.3838383838374042 0 0
43 0.3939393939383848 0 0
44 0.4040404040393654 0 0
45 0.414141414140346 0 0
46 0.4242424242413266 0 0
47 0.4343434343423073 0 0
48 0.4444444444432879 0 0
49 0.4545454545442685 0 0
50 0.4646464646452491 0 0
51 0.4747474747462297 0 0
52 0.4848484848472103 0 0
53 0.4949494949481948 0 0
54 0.5050505050492035 0 0
55 0.5151515151502364 0 0
56 0.5252525252512731 0 0
57 0.5353535353523099 0 0
58 0.5454545454533466 0 0
59 0.5555555555543834 0 0
60 0.5656565656554201 0 0
61 0.5757575757564569 0 0
62 0.5858585858574936 0 0
63 0.5959595959585303 0 0
64 0.606060606059567 0 0
65 0.6161616161606038 0 0
66 0.6262626262616405 0 0
67 0.6363636363626773 0 0
68 0.646464646463714 0 0
69 0.6565656565647509 0 0
70 0.6666666666657876 0 0
71 0.6767676767668243 0 0
72 0.6868686868678611 0 0
73 0.6969696969688978 0 0
74 0.7070707070699345 0 0
75 0.7171717171709712 0 0
76 0.727272727272008 0 0
77 0.7373737373730447 0 0
78 0.7474747474740815 0 0
79 0.7575757575751182 0 0
80 0.767676767676155 0 0
81 0.7777777777771917 0 0
82 0.7878787878782285 0 0
83 0.7979797979792652 0 0
84 0.8080808080803019 0 0
85 0.8181818181813386 0 0
86 0.8282828282823754 0 0
87 0.8383838383834121 0 0
88 0.8484848484844489 0 0
89 0.8585858585854856 0 0
90 0.8686868686865225 0 0
91 0.8787878787875592 0 0
92 0.888888888888596 0 0
93 0.8989898989896327 0 0
94 0.9090909090906695 0 0
95 0.9191919191917061 0 0
96 0.9292929292927429 0 0
97 0.9393939393937796 0 0
98 0.9494949494948164 0 0
99 0.9595959595958531 0 0
100 0.9696969696968899 0 0
101 0.9797979797979266 0 0
102 0.9898989898989634 0 0
103 1 0.01010101010099096 0
104 1 0.02020202020198209 0
105 1 0.03030303030297262 0
106 1 0.04040404040396117 0
107 1 0.05050505050494877 0
108 1 0.06060606060593743 0
109 1 0.07070707070692972 0
110 1 0.08080808080792434 0
111 1 0.09090909090891897 0
112 1 0.1010101010099136 0
113 1 0.1111111111109082 0
114 1 0.1212121212119015 0
115 1 0.1313131313128882 0
116 1 0.1414141414138693 0
117 1 0.15151515151485 0
118 1 0.1616161616158306 0
119 1 0.1717171717168112 0
120 1 0.1818181818177918 0
121 1 0.1919191919187724 0
122 1 0.202020202019753 0
123 1 0.2121212121207337 0
124 1 0.2222222222217143 0
125 1 0.2323232323226949 0
126 1 0.2424242424236755 0
127 1 0.2525252525246561 0
128 1 0.2626262626256367 0
129 1 0.2727272727266173 0
130 1 0.282828282827598 0
131 1 0.2929292929285786 0
132 1 0.3030303030295592 0
133 1 0.3131313131305398 0
134 1 0.3232323232315205 0
135 1 0.3333333333325011 0
136 1 0.3434343434334817 0
137 1 0.3535353535344622 0
138 1 0.3636363636354429 0
139 1 0.3737373737364235 0
140 1 0.3838383838374042 0
141 1 0.3939393939383848 0
142 1 0.4040404040393654 0
143 1 0.414141414140346 0
144 1 0.4242424242413266 0
145 1 0.4343434343423073 0
146 1 0.4444444444432879 0
147 1 0.4545454545442685 0
148 1 0.4646464646452491 0
149 1 0.4747474747462297 0
150 1 0.4848484848472103 0
151 1 0.4949494949481948 0
152 1 0.5050505050492035 0
153 1 0.5151515151502364 0
154 1 0.5252525252512731 0
155 1 0.5353535353523099 0
156 1 0.5454545454533466 0
157 1 0.5555555555543834 0
158 1 0.5656565656554201 0
159 1 0.5757575757564569 0
160 1 0.5858585858574936 0
161 1 0.5959595959585303 0
162 1 0.606060606059567 0
163 1 0.6161616161606038 0
164 1 0.6262626262616405 0
165 1 0.6363636363626773 0
166 1 0.646464646463714 0
167 1 0.6565656565647509 0
168 1 0.6666666666657876 0
169 1 0.6767676767668243 0
170 1 0.6868686868678611 0
171 1 0.6969696969688978 0
172 1 0.7070707070699345 0
173 1 0.7171717171709712 0
174 1 0.727272727272008 0
175 1 0.7373737373730447 0
176 1 0.7474747474740815 0
177 1 0.7575757575751182 0
178 1 0.767676767676155 0
179 1 0.7777777777771917 0
180 1 0.7878787878782285 0
181 1 0.7979797979792652 0
182 1 0.8080808080803019 0
183 1 0.8181818181813386 0
184 1 0.8282828282823754 0
185 1 0.8383838383834121 0
186 1 0.8484848484844489 0
187 1 0.8585858585854856 0
188 1 0.8686868686865225 0
189 1 0.8787878787875592 0
190 1 0.888888888888596 0
191 1 0.8989898989896327 0
192 1 0.9090909090906695 0
193 1 0.9191919191917061 0
194 1 0.9292929292927429 0
195 1 0.9393939393937796 0
196 1 0.9494949494948164 0
197 1 0.9595959595958531 0
198 1 0.9696969696968899 0
199 1 0.9797979797979266 0
200 1 0.9898989898989634 0
201 0.9898989898989479 1 0
202 0.9797979797978957 1 0
203 0.9696969696968435 1 0
204 0.9595959595957914 1 0
205 0.9494949494947392 1 0
206 0.9393939393936871 1 0
207 0.9292929292926349 1 0
208 0.9191919191915827 1 0
209 0.9090909090905306 1 0
210 0.8989898989894785 1 0
211 0.8888888888884262 1 0
212 0.8787878787873853 1 0
213 0.8686868686863962 1 0
214 0.858585858585452 1 0
215 0.848484848484512 1 0
216 0.838383838383572 1 0
217 0.828282828282632 1 0
218 0.818181818181692 1 0
219 0.808080808080752 1 0
220 0.797979797979812 1 0
221 0.787878787878872 1 0
222 0.777777777777932 1 0
223 0.767676767676992 1 0
224 0.757575757576052 1 0
225 0.747474747475112 1 0
226 0.737373737374172 1 0
227 0.727272727273232 1 0
228 0.7171717171722919 1 0
229 0.7070707070713519 1 0
230 0.6969696969704118 1 0
231 0.6868686868694718 1 0
232 0.6767676767685318 1 0
233 0.6666666666675918 1 0
234 0.6565656565666518 1 0
235 0.6464646464657116 1 0
236 0.6363636363647716 1 0
237 0.6262626262638316 1 0
238 0.6161616161628916 1 0
239 0.6060606060619516 1 0
240 0.5959595959610116 1 0
241 0.5858585858600714 1 0
242 0.5757575757591314 1 0
243 0.5656565656581913 1 0
244 0.5555555555572513 1 0
245 0.5454545454563113 1 0
246 0.5353535353553713 1 0
247 0.5252525252544312 1 0
248 0.5151515151534911 1 0
249 0.5050505050525436 1 0
250 0.4949494949515475 1 0
251 0.4848484848505029 1 0
252 0.4747474747494508 1 0
253 0.4646464646483986 1 0
254 0.4545454545473465 1 0
255 0.4444444444462943 1 0
256 0.4343434343452423 1 0
257 0.4242424242441901 1 0
258 0.414141414143138 1 0
259 0.4040404040420857 1 0
260 0.3939393939410336 1 0
261 0.3838383838399815 1 0
262 0.3737373737389295 1 0
263 0.3636363636378772 1 0
264 0.3535353535368251 1 0
265 0.3434343434357729 1 0
266 0.3333333333347207 1 0
267 0.3232323232336687 1 0
268 0.3131313131326166 1 0
269 0.3030303030315644 1 0
270 0.2929292929305122 1 0
271 0.28282828282946 1 0
272 0.2727272727284079 1 0
273 0.2626262626273559 1 0
274 0.2525252525263036 1 0
275 0.2424242424252515 1 0
276 0.2323232323241994 1 0
277 0.2222222222231472 1 0
278 0.212121212122095 1 0
279 0.202020202021043 1 0
280 0.1919191919199909 1 0
281 0.1818181818189386 1 0
282 0.1717171717178865 1 0
283 0.1616161616168343 1 0
284 0.1515151515157822 1 0
285 0.1414141414147301 1 0
286 0.1313131313136779 1 0
287 0.1212121212126258 1 0
288 0.1111111111115737 1 0
289 0.1010101010105214 1 0
290 0.0909090909094693 1 0
291 0.08080808080841728 1 0
292 0.07070707070736515 1 0
293 0.06060606060631291 1 0
294 0.05050505050526077 1 0
295 0.04040404040420864 1 0
296 0.0303030303031564 1 0
297 0.02020202020210438 1 0
298 0.01010101010105224 1 0
299 0 0.9898989898989479 0
300 0 0.9797979797978957 0
301 0 0.9696969696968435 0
302 0 0.9595959595957914 0
303 0 0.9494949494947392 0
304 0 0.9393939393936871 0
305 0 0.9292929292926349 0
306 0 0.9191919191915827 0
307 0 0.9090909090905306 0
308 0 0.8989898989894785 0
309 0 0.8888888888884262 0
310 0 0.8787878787873853 0
311 0 0.8686868686863962 0
312 0 0.858585858585452 0
313 0 0.848484848484512 0
314 0 0.838383838383572 0
315 0 0.828282828282632 0
316 0 0.818181818181692 0
317 0 0.808080808080752 0
318 0 0.797979797979812 0
319 0 0.787878787878872 0
320 0 0.777777777777932 0
321 0 0.767676767676992 0
322 0 0.757575757576052 0
323 0 0.747474747475112 0
324 0 0.737373737374172 0
325 0 0.727272727273232 0
326 0 0.7171717171722919 0
327 0 0.7070707070713519 0
328 0 0.6969696969704118 0
329 0 0.6868686868694718 0
330 0 0.6767676767685318 0
331 0 0.6666666666675918 0
332 0 0.6565656565666518 0
333 0 0.6464646464657116 0
334 0 0.6363636363647716 0
335 0 0.6262626262638316 0
336 0 0.6161616161628916 0
337 0 0.6060606060619516 0
338 0 0.5959595959610116 0
339 0 0.5858585858600714 0
340 0 0.5757575757591314 0
341 0 0.5656565656581913 0
342 0 0.5555555555572513 0
343 0 0.5454545454563113 0
344 0 0.5353535353553713 0
345 0 0.5252525252544312 0
346 0 0.5151515151534911 0
347 0 0.5050505050525436 0
348 0 0.4949494949515475 0
349 0 0.4848484848505029 0
350 0 0.4747474747494508 0
351 0 0.4646464646483986 0
352 0 0.4545454545473465 0
353 0 0.4444444444462943 0
354 0 0.4343434343452423 0
355 0 0.4242424242441901 0
356 0 0.414141414143138 0
357 0 0.4040404040420857 0
358 0 0.3939393939410336 0
359 0 0.3838383838399815 0
360 0 0.3737373737389295 0
361 0 0.3636363636378772 0
362 0 0.3535353535368251 0
363 0 0.3434343434357729 0
364 0 0.3333333333347207 0
365 0 0.3232323232336687 0
366 0 0.3131313131326166 0
367 0 0.3030303030315644 0
368 0 0.2929292929305122 0
369 0 0.28282828282946 0
370 0 0.2727272727284079 0
371 0 0.2626262626273559 0
372 0 0.2525252525263036 0
373 0 0.2424242424252515 0
374 0 0.2323232323241994 0
375 0 0.2222222222231472 0
376 0 0.212121212122095 0
377 0 0.202020202021043 0
378 0 0.1919191919199909 0
379 0 0.1818181818189386 0
380 0 0.1717171717178865 0
381 0 0.1616161616168343 0
382 0 0.1515151515157822 0
383 0 0.1414141414147301 0
384 0 0.1313131313136779 0
385 0 0.1212121212126258 0
386 0 0.1111111111115737 0
387 0 0.1010101010105214 0
388 0 0.0909090909094693 0
389 0 0.08080808080841728 0
390 0 0.07070707070736515 0
391 0 0.06060606060631291 0
392 0 0.05050505050526077 0
393 0 0.04040404040420864 0
394 0 0.0303030303031564 0
395 0 0.02020202020210438 0
396 0 0.01010101010105224 0
397 0.01010101010105163 0.9898989898989479 0
398 0.010101010101051 0.979797979797896 0
399 0.01010101010105039 0.9696969696968439 0
400 0.01010101010104977 0.959595959595792 0
401 0.01010101010104915 0.94949494949474 0
402 0.01010101010104853 0.9393939393936881 0
403 0.01010101010104791 0.9292929292926361 0
404 0.01010101010104729 0.9191919191915839 0
405 0.01010101010104668 0.909090909090532 0
406 0.01010101010104605 0.8989898989894801 0
407 0.01010101010104544 0.8888888888884279 0
408 0.01010101010104482 0.8787878787873871 0
409 0.01010101010104419 0.8686868686863974 0
410 0.01010101010104358 0.8585858585854523 0
411 0.01010101010104296 0.8484848484845113 0
412 0.01010101010104234 0.8383838383835702 0
413 0.01010101010104172 0.8282828282826292 0
414 0.0101010101010411 0.8181818181816883 0
415 0.01010101010104048 0.8080808080807473 0
416 0.01010101010103986 0.7979797979798063 0
417 0.01010101010103925 0.7878787878788653 0
418 0.01010101010103863 0.7777777777779245 0
419 0.01010101010103801 0.7676767676769835 0
420 0.01010101010103739 0.7575757575760426 0
421 0.01010101010103677 0.7474747474751016 0
422 0.01010101010103615 0.7373737373741607 0
423 0.01010101010103553 0.7272727272732196 0
424 0.01010101010103491 0.7171717171722785 0
425 0.0101010101010343 0.7070707070713376 0
426 0.01010101010103368 0.6969696969703965 0
427 0.01010101010103305 0.6868686868694553 0
428 0.01010101010103244 0.6767676767685145 0
429 0.01010101010103182 0.6666666666675736 0
430 0.0101010101010312 0.6565656565666325 0
431 0.01010101010103058 0.6464646464656914 0
432 0.01010101010102996 0.6363636363647502 0
433 0.01010101010102934 0.6262626262638094 0
434 0.01010101010102872 0.6161616161628682 0
435 0.0101010101010281 0.6060606060619274 0
436 0.01010101010102748 0.5959595959609865 0
437 0.01010101010102687 0.5858585858600454 0
438 0.01010101010102625 0.5757575757591045 0
439 0.01010101010102563 0.5656565656581631 0
440 0.01010101010102501 0.5555555555572225 0
441 0.01010101010102439 0.5454545454562814 0
442 0.01010101010102377 0.5353535353553402 0
443 0.01010101010102315 0.5252525252543994 0
444 0.01010101010102253 0.5151515151534583 0
445 0.01010101010102191 0.5050505050525098 0
446 0.0101010101010213 0.4949494949515136 0
447 0.01010101010102068 0.4848484848504696 0
448 0.01010101010102006 0.4747474747494183 0
449 0.01010101010101944 0.4646464646483669 0
450 0.01010101010101882 0.4545454545473154 0
451 0.0101010101010182 0.444444444446264 0
452 0.01010101010101758 0.4343434343452126 0
453 0.01010101010101696 0.4242424242441613 0
454 0.01010101010101634 0.4141414141431098 0
455 0.01010101010101572 0.4040404040420583 0
456 0.01010101010101511 0.3939393939410069 0
457 0.01010101010101449 0.3838383838399554 0
458 0.01010101010101387 0.3737373737389041 0
459 0.01010101010101325 0.3636363636378527 0
460 0.01010101010101263 0.3535353535368012 0
461 0.01010101010101201 0.3434343434357499 0
462 0.01010101010101139 0.3333333333346983 0
463 0.01010101010101077 0.3232323232336469 0
464 0.01010101010101015 0.3131313131325956 0
465 0.01010101010100953 0.3030303030315442 0
466 0.01010101010100891 0.2929292929304926 0
467 0.0101010101010083 0.2828282828294412 0
468 0.01010101010100767 0.2727272727283898 0
469 0.01010101010100706 0.2626262626273386 0
470 0.01010101010100644 0.252525252526287 0
471 0.01010101010100582 0.2424242424252356 0
472 0.0101010101010052 0.2323232323241842 0
473 0.01010101010100458 0.2222222222231328 0
474 0.01010101010100396 0.2121212121220812 0
475 0.01010101010100335 0.20202020202103 0
476 0.01010101010100272 0.1919191919199785 0
477 0.01010101010100211 0.1818181818189271 0
478 0.01010101010100149 0.1717171717178756 0
479 0.01010101010100087 0.1616161616168242 0
480 0.01010101010100025 0.1515151515157728 0
481 0.01010101010099963 0.1414141414147214 0
482 0.01010101010099901 0.13131313131367 0
483 0.01010101010099839 0.1212121212126185 0
484 0.01010101010099777 0.111111111111567 0
485 0.01010101010099716 0.1010101010105153 0
486 0.01010101010099653 0.09090909090946375 0
487 0.01010101010099592 0.08080808080841229 0
488 0.0101010101009953 0.07070707070736076 0
489 0.01010101010099468 0.0606060606063091 0
490 0.01010101010099406 0.05050505050525762 0
491 0.01010101010099344 0.04040404040420614 0
492 0.01010101010099282 0.03030303030315454 0
493 0.0101010101009922 0.02020202020210314 0
494 0.01010101010099158 0.01010101010105163 0
495 0.02020202020210314 0.9898989898989483 0
496 0.02020202020210191 0.9797979797978964 0
497 0.02020202020210067 0.9696969696968444 0
498 0.02020202020209944 0.9595959595957925 0
499 0.0202020202020982 0.9494949494947409 0
500 0.02020202020209697 0.939393939393689 0
501 0.02020202020209573 0.929292929292637 0
502 0.0202020202020945 0.919191919191585 0
503 0.02020202020209326 0.9090909090905334 0
504 0.02020202020209202 0.8989898989894815 0
505 0.02020202020209079 0.8888888888884297 0
506 0.02020202020208955 0.8787878787873886 0
507 0.02020202020208832 0.8686868686863988 0
508 0.02020202020208708 0.8585858585854526 0
509 0.02020202020208585 0.8484848484845107 0
510 0.02020202020208461 0.8383838383835687 0
511 0.02020202020208337 0.828282828282627 0
512 0.02020202020208214 0.8181818181816848 0
513 0.02020202020208091 0.8080808080807429 0
514 0.02020202020207967 0.797979797979801 0
515 0.02020202020207843 0.7878787878788591 0
516 0.0202020202020772 0.7777777777779171 0
517 0.02020202020207597 0.767676767676975 0
518 0.02020202020207473 0.7575757575760332 0
519 0.02020202020207349 0.7474747474750914 0
520 0.02020202020207226 0.7373737373741491 0
521 0.02020202020207102 0.7272727272732074 0
522 0.02020202020206979 0.7171717171722651 0
523 0.02020202020206855 0.7070707070713231 0
524 0.02020202020206732 0.6969696969703814 0
525 0.02020202020206609 0.6868686868694394 0
526 0.02020202020206485 0.6767676767684971 0
527 0.02020202020206361 0.6666666666675554 0
528 0.02020202020206238 0.6565656565666134 0
529 0.02020202020206115 0.6464646464656711 0
530 0.02020202020205991 0.6363636363647294 0
531 0.02020202020205867 0.6262626262637871 0
532 0.02020202020205744 0.6161616161628454 0
533 0.0202020202020562 0.6060606060619034 0
534 0.02020202020205497 0.5959595959609614 0
535 0.02020202020205373 0.5858585858600194 0
536 0.0202020202020525 0.5757575757590774 0
537 0.02020202020205126 0.5656565656581352 0
538 0.02020202020205003 0.5555555555571934 0
539 0.02020202020204879 0.5454545454562514 0
540 0.02020202020204756 0.5353535353553094 0
541 0.02020202020204632 0.5252525252543674 0
542 0.02020202020204509 0.5151515151534254 0
543 0.02020202020204385 0.5050505050524761 0
544 0.02020202020204261 0.4949494949514798 0
545 0.02020202020204138 0.4848484848504364 0
546 0.02020202020204014 0.4747474747493857 0
547 0.02020202020203891 0.464646464648335 0
548 0.02020202020203768 0.4545454545472843 0
549 0.02020202020203644 0.4444444444462335 0
550 0.0202020202020352 0.434343434345183 0
551 0.02020202020203397 0.4242424242441323 0
552 0.02020202020203273 0.4141414141430816 0
553 0.0202020202020315 0.4040404040420308 0
554 0.02020202020203026 0.3939393939409801 0
555 0.02020202020202903 0.3838383838399294 0
556 0.02020202020202779 0.3737373737388788 0
557 0.02020202020202656 0.363636363637828 0
558 0.02020202020202532 0.3535353535367773 0
559 0.02020202020202409 0.3434343434357268 0
560 0.02020202020202285 0.3333333333346759 0
561 0.02020202020202162 0.3232323232336254 0
562 0.02020202020202038 0.3131313131325746 0
563 0.02020202020201915 0.303030303031524 0
564 0.02020202020201791 0.2929292929304731 0
565 0.02020202020201668 0.2828282828294225 0
566 0.02020202020201544 0.2727272727283717 0
567 0.02020202020201421 0.2626262626273211 0
568 0.02020202020201297 0.2525252525262703 0
569 0.02020202020201173 0.2424242424252196 0
570 0.0202020202020105 0.232323232324169 0
571 0.02020202020200926 0.2222222222231183 0
572 0.02020202020200803 0.2121212121220675 0
573 0.02020202020200679 0.2020202020210169 0
574 0.02020202020200555 0.1919191919199662 0
575 0.02020202020200432 0.1818181818189154 0
576 0.02020202020200309 0.1717171717178648 0
577 0.02020202020200185 0.1616161616168141 0
578 0.02020202020200062 0.1515151515157634 0
579 0.02020202020199938 0.1414141414147127 0
580 0.02020202020199815 0.131313131313662 0
581 0.02020202020199691 0.1212121212126112 0
582 0.02020202020199568 0.1111111111115602 0
583 0.02020202020199444 0.1010101010105092 0
584 0.0202020202019932 0.09090909090945817 0
585 0.02020202020199197 0.08080808080840732 0
586 0.02020202020199074 0.07070707070735638 0
587 0.0202020202019895 0.06060606060630533 0
588 0.02020202020198827 0.05050505050525447 0
589 0.02020202020198703 0.04040404040420364 0
590 0.02020202020198579 0.03030303030315269 0
591 0.02020202020198456 0.02020202020210191 0
592 0.02020202020198332 0.010101010101051 0
593 0.03030303030315454 0.9898989898989483 0
594 0.03030303030315269 0.9797979797978966 0
595 0.03030303030315083 0.9696969696968448 0
596 0.03030303030314897 0.9595959595957934 0
597 0.03030303030314712 0.9494949494947416 0
598 0.03030303030314526 0.9393939393936899 0
599 0.0303030303031434 0.9292929292926381 0
600 0.03030303030314155 0.9191919191915863 0
601 0.0303030303031397 0.9090909090905347 0
602 0.03030303030313783 0.8989898989894832 0
603 0.03030303030313598 0.8888888888884314 0
604 0.03030303030313412 0.8787878787873906 0
605 0.03030303030313227 0.8686868686864001 0
606 0.03030303030313041 0.858585858585453 0
607 0.03030303030312855 0.8484848484845102 0
608 0.0303030303031267 0.8383838383835671 0
609 0.03030303030312484 0.8282828282826243 0
610 0.03030303030312299 0.8181818181816812 0
611 0.03030303030312113 0.8080808080807385 0
612 0.03030303030311927 0.7979797979797955 0
613 0.03030303030311741 0.7878787878788525 0
614 0.03030303030311556 0.7777777777779096 0
615 0.0303030303031137 0.7676767676769666 0
616 0.03030303030311185 0.7575757575760237 0
617 0.03030303030310999 0.7474747474750807 0
618 0.03030303030310814 0.737373737374138 0
619 0.03030303030310627 0.7272727272731949 0
620 0.03030303030310442 0.7171717171722518 0
621 0.03030303030310257 0.7070707070713089 0
622 0.03030303030310071 0.6969696969703658 0
623 0.03030303030309885 0.6868686868694229 0
624 0.030303030303097 0.67676767676848 0
625 0.03030303030309513 0.6666666666675372 0
626 0.03030303030309328 0.6565656565665943 0
627 0.03030303030309142 0.6464646464656512 0
628 0.03030303030308958 0.6363636363647081 0
629 0.03030303030308771 0.6262626262637652 0
630 0.03030303030308586 0.6161616161628221 0
631 0.030303030303084 0.6060606060618794 0
632 0.03030303030308214 0.5959595959609363 0
633 0.03030303030308028 0.5858585858599934 0
634 0.03030303030307843 0.5757575757590503 0
635 0.03030303030307657 0.5656565656581074 0
636 0.03030303030307473 0.5555555555571643 0
637 0.03030303030307286 0.5454545454562216 0
638 0.03030303030307101 0.5353535353552785 0
639 0.03030303030306915 0.5252525252543354 0
640 0.0303030303030673 0.5151515151533925 0
641 0.03030303030306544 0.5050505050524425 0
642 0.03030303030306358 0.4949494949514459 0
643 0.03030303030306173 0.4848484848504031 0
644 0.03030303030305987 0.4747474747493532 0
645 0.03030303030305802 0.4646464646483032 0
646 0.03030303030305616 0.4545454545472533 0
647 0.0303030303030543 0.4444444444462031 0
648 0.03030303030305245 0.4343434343451533 0
649 0.03030303030305059 0.4242424242441033 0
650 0.03030303030304873 0.4141414141430534 0
651 0.03030303030304687 0.4040404040420033 0
652 0.03030303030304502 0.3939393939409533 0
653 0.03030303030304317 0.3838383838399034 0
654 0.03030303030304131 0.3737373737388535 0
655 0.03030303030303945 0.3636363636378034 0
656 0.03030303030303759 0.3535353535367535 0
657 0.03030303030303573 0.3434343434357034 0
658 0.03030303030303388 0.3333333333346535 0
659 0.03030303030303202 0.3232323232336036 0
660 0.03030303030303017 0.3131313131325536 0
661 0.03030303030302831 0.3030303030315036 0
662 0.03030303030302646 0.2929292929304536 0
663 0.0303030303030246 0.2828282828294036 0
664 0.03030303030302274 0.2727272727283536 0
665 0.03030303030302089 0.2626262626273038 0
666 0.03030303030301903 0.2525252525262537 0
667 0.03030303030301717 0.2424242424252038 0
668 0.03030303030301532 0.2323232323241538 0
669 0.03030303030301346 0.2222222222231038 0
670 0.0303030303030116 0.2121212121220538 0
671 0.03030303030300975 0.2020202020210039 0
672 0.03030303030300789 0.1919191919199539 0
673 0.03030303030300603 0.1818181818189039 0
674 0.03030303030300418 0.1717171717178539 0
675 0.03030303030300233 0.1616161616168039 0
676 0.03030303030300047 0.151515151515754 0
677 0.03030303030299861 0.141414141414704 0
678 0.03030303030299675 0.131313131313654 0
679 0.0303030303029949 0.1212121212126039 0
680 0.03030303030299304 0.1111111111115535 0
681 0.03030303030299118 0.101010101010503 0
682 0.03030303030298933 0.09090909090945265 0
683 0.03030303030298748 0.08080808080840235 0
684 0.03030303030298561 0.07070707070735194 0
685 0.03030303030298376 0.06060606060630153 0
686 0.03030303030298191 0.05050505050525131 0
687 0.03030303030298005 0.04040404040420115 0
688 0.03030303030297819 0.03030303030315083 0
689 0.03030303030297633 0.02020202020210067 0
690 0.03030303030297447 0.01010101010105038 0
691 0.04040404040420614 0.9898989898989485 0
692 0.04040404040420364 0.9797979797978968 0
693 0.04040404040420115 0.9696969696968453 0
694 0.04040404040419864 0.9595959595957938 0
695 0.04040404040419614 0.9494949494947422 0
696 0.04040404040419365 0.9393939393936908 0
697 0.04040404040419113 0.9292929292926392 0
698 0.04040404040418863 0.9191919191915877 0
699 0.04040404040418615 0.9090909090905362 0
700 0.04040404040418365 0.8989898989894846 0
701 0.04040404040418114 0.888888888888433 0
702 0.04040404040417864 0.8787878787873922 0
703 0.04040404040417615 0.8686868686864014 0
704 0.04040404040417364 0.8585858585854534 0
705 0.04040404040417114 0.8484848484845093 0
706 0.04040404040416865 0.8383838383835656 0
707 0.04040404040416615 0.8282828282826217 0
708 0.04040404040416365 0.8181818181816777 0
709 0.04040404040416115 0.8080808080807338 0
710 0.04040404040415865 0.7979797979797899 0
711 0.04040404040415614 0.787878787878846 0
712 0.04040404040415366 0.7777777777779022 0
713 0.04040404040415116 0.7676767676769581 0
714 0.04040404040414865 0.7575757575760141 0
715 0.04040404040414614 0.7474747474750705 0
716 0.04040404040414365 0.7373737373741265 0
717 0.04040404040414114 0.7272727272731825 0
718 0.04040404040413866 0.7171717171722385 0
719 0.04040404040413616 0.7070707070712947 0
720 0.04040404040413365 0.6969696969703507 0
721 0.04040404040413115 0.6868686868694067 0
722 0.04040404040412865 0.6767676767684627 0
723 0.04040404040412615 0.6666666666675189 0
724 0.04040404040412365 0.656565656566575 0
725 0.04040404040412116 0.646464646465631 0
726 0.04040404040411866 0.636363636364687 0
727 0.04040404040411615 0.6262626262637432 0
728 0.04040404040411365 0.6161616161627992 0
729 0.04040404040411115 0.6060606060618552 0
730 0.04040404040410865 0.5959595959609114 0
731 0.04040404040410615 0.5858585858599672 0
732 0.04040404040410364 0.5757575757590234 0
733 0.04040404040410114 0.5656565656580792 0
734 0.04040404040409866 0.5555555555571354 0
735 0.04040404040409615 0.5454545454561914 0
736 0.04040404040409365 0.5353535353552477 0
737 0.04040404040409115 0.5252525252543034 0
738 0.04040404040408865 0.5151515151533597 0
739 0.04040404040408616 0.5050505050524086 0
740 0.04040404040408366 0.4949494949514121 0
741 0.04040404040408115 0.4848484848503699 0
742 0.04040404040407865 0.4747474747493207 0
743 0.04040404040407615 0.4646464646482714 0
744 0.04040404040407365 0.4545454545472222 0
745 0.04040404040407115 0.4444444444461728 0
746 0.04040404040406866 0.4343434343451237 0
747 0.04040404040406616 0.4242424242440744 0
748 0.04040404040406366 0.4141414141430252 0
749 0.04040404040406116 0.4040404040419758 0
750 0.04040404040405865 0.3939393939409266 0
751 0.04040404040405615 0.3838383838398773 0
752 0.04040404040405365 0.3737373737388282 0
753 0.04040404040405116 0.363636363637779 0
754 0.04040404040404866 0.3535353535367297 0
755 0.04040404040404616 0.3434343434356804 0
756 0.04040404040404366 0.3333333333346311 0
757 0.04040404040404116 0.3232323232335819 0
758 0.04040404040403867 0.3131313131325326 0
759 0.04040404040403617 0.3030303030314834 0
760 0.04040404040403366 0.292929292930434 0
761 0.04040404040403116 0.2828282828293848 0
762 0.04040404040402866 0.2727272727283355 0
763 0.04040404040402616 0.2626262626272864 0
764 0.04040404040402365 0.252525252526237 0
765 0.04040404040402115 0.2424242424251878 0
766 0.04040404040401865 0.2323232323241386 0
767 0.04040404040401616 0.2222222222230893 0
768 0.04040404040401366 0.21212121212204 0
769 0.04040404040401116 0.2020202020209909 0
770 0.04040404040400866 0.1919191919199416 0
771 0.04040404040400616 0.1818181818188923 0
772 0.04040404040400367 0.1717171717178431 0
773 0.04040404040400117 0.1616161616167938 0
774 0.04040404040399866 0.1515151515157446 0
775 0.04040404040399616 0.1414141414146953 0
776 0.04040404040399367 0.131313131313646 0
777 0.04040404040399116 0.1212121212125966 0
778 0.04040404040398866 0.1111111111115468 0
779 0.04040404040398615 0.1010101010104969 0
780 0.04040404040398367 0.09090909090944707 0
781 0.04040404040398116 0.08080808080839735 0
782 0.04040404040397866 0.07070707070734755 0
783 0.04040404040397616 0.06060606060629774 0
784 0.04040404040397366 0.05050505050524817 0
785 0.04040404040397116 0.04040404040419865 0
786 0.04040404040396867 0.03030303030314897 0
787 0.04040404040396617 0.02020202020209944 0
788 0.04040404040396367 0.01010101010104977 0
789 0.05050505050525764 0.9898989898989488 0
790 0.05050505050525447 0.9797979797978973 0
791 0.05050505050525131 0.9696969696968457 0
792 0.05050505050524817 0.9595959595957945 0
793 0.05050505050524501 0.9494949494947431 0
794 0.05050505050524186 0.9393939393936919 0
795 0.05050505050523872 0.9292929292926403 0
796 0.05050505050523556 0.919191919191589 0
797 0.05050505050523241 0.9090909090905376 0
798 0.05050505050522926 0.8989898989894863 0
799 0.05050505050522609 0.8888888888884348 0
800 0.05050505050522296 0.878787878787394 0
801 0.05050505050521981 0.8686868686864025 0
802 0.05050505050521664 0.8585858585854537 0
803 0.05050505050521351 0.8484848484845089 0
804 0.05050505050521036 0.838383838383564 0
805 0.0505050505052072 0.828282828282619 0
806 0.05050505050520405 0.8181818181816741 0
807 0.05050505050520089 0.8080808080807291 0
808 0.05050505050519774 0.7979797979797844 0
809 0.05050505050519459 0.7878787878788396 0
810 0.05050505050519144 0.7777777777778947 0
811 0.0505050505051883 0.7676767676769497 0
812 0.05050505050518514 0.7575757575760048 0
813 0.05050505050518198 0.7474747474750598 0
814 0.05050505050517884 0.7373737373741149 0
815 0.0505050505051757 0.7272727272731703 0
816 0.05050505050517253 0.7171717171722252 0
817 0.05050505050516939 0.7070707070712805 0
818 0.05050505050516622 0.6969696969703352 0
819 0.05050505050516308 0.6868686868693905 0
820 0.05050505050515993 0.6767676767684456 0
821 0.05050505050515677 0.6666666666675007 0
822 0.05050505050515364 0.6565656565665556 0
823 0.05050505050515047 0.6464646464656107 0
824 0.05050505050514731 0.6363636363646659 0
825 0.05050505050514417 0.626262626263721 0
826 0.05050505050514101 0.6161616161627761 0
827 0.05050505050513787 0.6060606060618312 0
828 0.05050505050513471 0.5959595959608863 0
829 0.05050505050513156 0.5858585858599412 0
830 0.05050505050512841 0.5757575757589963 0
831 0.05050505050512526 0.5656565656580512 0
832 0.05050505050512211 0.5555555555571066 0
833 0.05050505050511897 0.5454545454561617 0
834 0.05050505050511581 0.5353535353552168 0
835 0.05050505050511264 0.5252525252542717 0
836 0.05050505050510951 0.5151515151533268 0
837 0.05050505050510634 0.505050505052375 0
838 0.05050505050510319 0.4949494949513781 0
839 0.05050505050510004 0.4848484848503366 0
840 0.0505050505050969 0.474747474749288 0
841 0.05050505050509374 0.4646464646482396 0
842 0.05050505050509058 0.4545454545471911 0
843 0.05050505050508744 0.4444444444461425 0
844 0.05050505050508428 0.4343434343450939 0
845 0.05050505050508114 0.4242424242440456 0
846 0.05050505050507798 0.414141414142997 0
847 0.05050505050507482 0.4040404040419484 0
848 0.05050505050507167 0.3939393939408998 0
849 0.05050505050506852 0.3838383838398514 0
850 0.05050505050506537 0.3737373737388029 0
851 0.05050505050506222 0.3636363636377543 0
852 0.05050505050505907 0.3535353535367057 0
853 0.05050505050505592 0.3434343434356573 0
854 0.05050505050505277 0.3333333333346087 0
855 0.05050505050504961 0.3232323232335601 0
856 0.05050505050504647 0.3131313131325116 0
857 0.05050505050504331 0.3030303030314632 0
858 0.05050505050504017 0.2929292929304145 0
859 0.05050505050503701 0.282828282829366 0
860 0.05050505050503386 0.2727272727283175 0
861 0.05050505050503071 0.2626262626272691 0
862 0.05050505050502756 0.2525252525262204 0
863 0.05050505050502441 0.2424242424251719 0
864 0.05050505050502126 0.2323232323241234 0
865 0.05050505050501811 0.2222222222230749 0
866 0.05050505050501494 0.2121212121220263 0
867 0.05050505050501181 0.2020202020209778 0
868 0.05050505050500864 0.1919191919199293 0
869 0.05050505050500551 0.1818181818188807 0
870 0.05050505050500234 0.1717171717178322 0
871 0.0505050505049992 0.1616161616167836 0
872 0.05050505050499604 0.1515151515157351 0
873 0.05050505050499289 0.1414141414146866 0
874 0.05050505050498974 0.1313131313136381 0
875 0.05050505050498659 0.1212121212125892 0
876 0.05050505050498344 0.1111111111115401 0
877 0.05050505050498029 0.1010101010104907 0
878 0.05050505050497714 0.09090909090944149 0
879 0.05050505050497398 0.08080808080839239 0
880 0.05050505050497084 0.07070707070734317 0
881 0.05050505050496767 0.06060606060629395 0
882 0.05050505050496454 0.05050505050524502 0
883 0.05050505050496137 0.04040404040419615 0
884 0.05050505050495822 0.03030303030314711 0
885 0.05050505050495507 0.0202020202020982 0
886 0.05050505050495192 0.01010101010104915 0
887 0.06060606060630912 0.9898989898989488 0
888 0.06060606060630531 0.9797979797978977 0
889 0.06060606060630154 0.9696969696968462 0
890 0.06060606060629774 0.959595959595795 0
891 0.06060606060629395 0.949494949494744 0
892 0.06060606060629016 0.9393939393936928 0
893 0.06060606060628634 0.9292929292926414 0
894 0.06060606060628256 0.9191919191915902 0
895 0.06060606060627878 0.9090909090905391 0
896 0.06060606060627499 0.8989898989894877 0
897 0.06060606060627118 0.8888888888884365 0
898 0.06060606060626739 0.8787878787873957 0
899 0.0606060606062636 0.8686868686864038 0
900 0.06060606060625981 0.8585858585854541 0
901 0.06060606060625602 0.8484848484845082 0
902 0.06060606060625222 0.8383838383835622 0
903 0.06060606060624843 0.8282828282826163 0
904 0.06060606060624464 0.8181818181816706 0
905 0.06060606060624085 0.8080808080807247 0
906 0.06060606060623705 0.7979797979797788 0
907 0.06060606060623328 0.7878787878788329 0
908 0.06060606060622947 0.7777777777778871 0
909 0.06060606060622567 0.7676767676769413 0
910 0.06060606060622187 0.7575757575759955 0
911 0.06060606060621809 0.7474747474750496 0
912 0.0606060606062143 0.7373737373741038 0
913 0.0606060606062105 0.7272727272731578 0
914 0.06060606060620671 0.7171717171722118 0
915 0.0606060606062029 0.7070707070712658 0
916 0.06060606060619912 0.6969696969703201 0
917 0.06060606060619533 0.6868686868693741 0
918 0.06060606060619154 0.6767676767684283 0
919 0.06060606060618776 0.6666666666674825 0
920 0.06060606060618395 0.6565656565665365 0
921 0.06060606060618016 0.6464646464655905 0
922 0.06060606060617636 0.6363636363646445 0
923 0.06060606060617257 0.6262626262636988 0
924 0.06060606060616877 0.6161616161627528 0
925 0.060606060606165 0.606060606061807 0
926 0.06060606060616119 0.5959595959608612 0
927 0.06060606060615742 0.5858585858599152 0
928 0.06060606060615362 0.5757575757589695 0
929 0.06060606060614981 0.5656565656580232 0
930 0.06060606060614603 0.5555555555570775 0
931 0.06060606060614223 0.5454545454561315 0
932 0.06060606060613845 0.5353535353551857 0
933 0.06060606060613465 0.5252525252542399 0
934 0.06060606060613086 0.5151515151532939 0
935 0.06060606060612707 0.5050505050523413 0
936 0.06060606060612328 0.4949494949513443 0
937 0.06060606060611949 0.4848484848503034 0
938 0.06060606060611567 0.4747474747492556 0
939 0.06060606060611189 0.4646464646482077 0
940 0.0606060606061081 0.45454545454716 0
941 0.0606060606061043 0.4444444444461121 0
942 0.06060606060610052 0.4343434343450644 0
943 0.06060606060609672 0.4242424242440166 0
944 0.06060606060609293 0.4141414141429688 0
945 0.06060606060608914 0.4040404040419209 0
946 0.06060606060608534 0.3939393939408731 0
947 0.06060606060608156 0.3838383838398253 0
948 0.06060606060607776 0.3737373737387776 0
949 0.06060606060607397 0.3636363636377297 0
950 0.06060606060607016 0.3535353535366819 0
951 0.06060606060606638 0.3434343434356342 0
952 0.06060606060606258 0.3333333333345863 0
953 0.0606060606060588 0.3232323232335385 0
954 0.060606060606055 0.3131313131324907 0
955 0.06060606060605121 0.3030303030314428 0
956 0.06060606060604742 0.2929292929303949 0
957 0.06060606060604362 0.2828282828293472 0
958 0.06060606060603983 0.2727272727282993 0
959 0.06060606060603604 0.2626262626272516 0
960 0.06060606060603224 0.2525252525262037 0
961 0.06060606060602844 0.242424242425156 0
962 0.06060606060602466 0.2323232323241082 0
963 0.06060606060602086 0.2222222222230604 0
964 0.06060606060601709 0.2121212121220125 0
965 0.06060606060601328 0.2020202020209648 0
966 0.0606060606060095 0.191919191919917 0
967 0.06060606060600571 0.1818181818188691 0
968 0.0606060606060019 0.1717171717178213 0
969 0.0606060606059981 0.1616161616167735 0
970 0.06060606060599431 0.1515151515157257 0
971 0.06060606060599052 0.1414141414146779 0
972 0.06060606060598672 0.1313131313136301 0
973 0.06060606060598293 0.1212121212125819 0
974 0.06060606060597915 0.1111111111115334 0
975 0.06060606060597534 0.1010101010104846 0
976 0.06060606060597157 0.09090909090943594 0
977 0.06060606060596777 0.08080808080838742 0
978 0.06060606060596398 0.07070707070733875 0
979 0.06060606060596019 0.06060606060629015 0
980 0.06060606060595639 0.05050505050524187 0
981 0.06060606060595258 0.04040404040419365 0
982 0.06060606060594881 0.03030303030314525 0
983 0.06060606060594502 0.02020202020209697 0
984 0.06060606060594122 0.01010101010104853 0
985 0.07070707070736076 0.989898989898949 0
986 0.07070707070735635 0.9797979797978977 0
987 0.07070707070735197 0.9696969696968465 0
988 0.07070707070734755 0.9595959595957957 0
989 0.07070707070734314 0.9494949494947447 0
990 0.07070707070733875 0.9393939393936936 0
991 0.07070707070733437 0.9292929292926425 0
992 0.07070707070732996 0.9191919191915915 0
993 0.07070707070732557 0.9090909090905405 0
994 0.07070707070732116 0.8989898989894894 0
995 0.07070707070731677 0.8888888888884383 0
996 0.07070707070731236 0.8787878787873975 0
997 0.07070707070730797 0.8686868686864052 0
998 0.07070707070730359 0.8585858585854543 0
999 0.0707070707072992 0.8484848484845076 0
1000 0.07070707070729479 0.8383838383835607 0
1001 0.07070707070729038 0.8282828282826137 0
1002 0.07070707070728599 0.818181818181667 0
1003 0.07070707070728161 0.8080808080807202 0
1004 0.07070707070727719 0.7979797979797736 0
1005 0.07070707070727281 0.7878787878788267 0
1006 0.07070707070726839 0.7777777777778796 0
1007 0.07070707070726398 0.7676767676769328 0
1008 0.07070707070725959 0.7575757575759859 0
1009 0.07070707070725518 0.7474747474750392 0
1010 0.0707070707072508 0.7373737373740923 0
1011 0.07070707070724638 0.7272727272731454 0
1012 0.070707070707242 0.7171717171721985 0
1013 0.07070707070723758 0.7070707070712516 0
1014 0.0707070707072332 0.6969696969703048 0
1015 0.07070707070722881 0.6868686868693579 0
1016 0.0707070707072244 0.676767676768411 0
1017 0.07070707070721999 0.6666666666674643 0
1018 0.0707070707072156 0.6565656565665174 0
1019 0.07070707070721122 0.6464646464655703 0
1020 0.0707070707072068 0.6363636363646235 0
1021 0.07070707070720242 0.6262626262636766 0
1022 0.07070707070719803 0.6161616161627297 0
1023 0.07070707070719362 0.606060606061783 0
1024 0.07070707070718921 0.5959595959608361 0
1025 0.07070707070718482 0.585858585859889 0
1026 0.07070707070718044 0.5757575757589424 0
1027 0.07070707070717602 0.5656565656579953 0
1028 0.07070707070717164 0.5555555555570486 0
1029 0.07070707070716722 0.5454545454561017 0
1030 0.07070707070716281 0.5353535353551548 0
1031 0.07070707070715843 0.525252525254208 0
1032 0.07070707070715404 0.5151515151532611 0
1033 0.07070707070714963 0.5050505050523075 0
1034 0.07070707070714524 0.4949494949513104 0
1035 0.07070707070714083 0.4848484848502701 0
1036 0.07070707070713644 0.4747474747492231 0
1037 0.07070707070713203 0.4646464646481759 0
1038 0.07070707070712764 0.4545454545471289 0
1039 0.07070707070712323 0.4444444444460817 0
1040 0.07070707070711885 0.4343434343450348 0
1041 0.07070707070711446 0.4242424242439876 0
1042 0.07070707070711005 0.4141414141429406 0
1043 0.07070707070710566 0.4040404040418933 0
1044 0.07070707070710125 0.3939393939408463 0
1045 0.07070707070709686 0.3838383838397993 0
1046 0.07070707070709245 0.3737373737387523 0
1047 0.07070707070708807 0.3636363636377051 0
1048 0.07070707070708365 0.353535353536658 0
1049 0.07070707070707927 0.3434343434356109 0
1050 0.07070707070707485 0.3333333333345638 0
1051 0.07070707070707047 0.3232323232335168 0
1052 0.07070707070706606 0.3131313131324697 0
1053 0.07070707070706167 0.3030303030314226 0
1054 0.07070707070705726 0.2929292929303754 0
1055 0.07070707070705287 0.2828282828293284 0
1056 0.07070707070704846 0.2727272727282813 0
1057 0.07070707070704407 0.2626262626272343 0
1058 0.07070707070703969 0.2525252525261871 0
1059 0.07070707070703527 0.24242424242514 0
1060 0.07070707070703089 0.232323232324093 0
1061 0.07070707070702648 0.2222222222230459 0
1062 0.07070707070702209 0.2121212121219987 0
1063 0.07070707070701768 0.2020202020209518 0
1064 0.07070707070701329 0.1919191919199047 0
1065 0.07070707070700888 0.1818181818188576 0
1066 0.07070707070700449 0.1717171717178104 0
1067 0.07070707070700011 0.1616161616167634 0
1068 0.07070707070699569 0.1515151515157163 0
1069 0.07070707070699128 0.1414141414146692 0
1070 0.0707070707069869 0.1313131313136221 0
1071 0.07070707070698251 0.1212121212125746 0
1072 0.07070707070697813 0.1111111111115266 0
1073 0.07070707070697368 0.1010101010104785 0
1074 0.0707070707069693 0.09090909090943039 0
1075 0.07070707070696491 0.08080808080838242 0
1076 0.0707070707069605 0.07070707070733437 0
1077 0.07070707070695612 0.06060606060628636 0
1078 0.0707070707069517 0.05050505050523871 0
1079 0.07070707070694732 0.04040404040419114 0
1080 0.07070707070694293 0.03030303030314341 0
1081 0.07070707070693852 0.02020202020209573 0
1082 0.07070707070693411 0.01010101010104791 0
1083 0.08080808080841231 0.9898989898989492 0
1084 0.08080808080840735 0.9797979797978982 0
1085 0.08080808080840235 0.9696969696968472 0
1086 0.08080808080839735 0.9595959595957965 0
1087 0.08080808080839239 0.9494949494947453 0
1088 0.08080808080838742 0.9393939393936945 0
1089 0.08080808080838241 0.9292929292926436 0
1090 0.08080808080837742 0.9191919191915926 0
1091 0.08080808080837248 0.9090909090905418 0
1092 0.08080808080836749 0.8989898989894909 0
1093 0.08080808080836249 0.8888888888884401 0
1094 0.08080808080835752 0.8787878787873993 0
1095 0.08080808080835256 0.8686868686864063 0
1096 0.08080808080834756 0.8585858585854548 0
1097 0.08080808080834259 0.8484848484845069 0
1098 0.08080808080833761 0.8383838383835591 0
1099 0.08080808080833263 0.8282828282826113 0
1100 0.08080808080832766 0.8181818181816635 0
1101 0.08080808080832269 0.8080808080807158 0
1102 0.08080808080831769 0.7979797979797677 0
1103 0.0808080808083127 0.78787878787882 0
1104 0.08080808080830776 0.777777777777872 0
1105 0.08080808080830276 0.7676767676769244 0
1106 0.08080808080829779 0.7575757575759763 0
1107 0.0808080808082928 0.7474747474750287 0
1108 0.08080808080828783 0.737373737374081 0
1109 0.08080808080828283 0.7272727272731332 0
1110 0.08080808080827787 0.7171717171721852 0
1111 0.0808080808082729 0.7070707070712374 0
1112 0.0808080808082679 0.6969696969702894 0
1113 0.08080808080826293 0.6868686868693417 0
1114 0.08080808080825794 0.6767676767683939 0
1115 0.08080808080825297 0.6666666666674461 0
1116 0.080808080808248 0.6565656565664981 0
1117 0.080808080808243 0.6464646464655501 0
1118 0.08080808080823804 0.6363636363646024 0
1119 0.08080808080823304 0.6262626262636544 0
1120 0.08080808080822807 0.6161616161627066 0
1121 0.08080808080822308 0.606060606061759 0
1122 0.08080808080821811 0.5959595959608111 0
1123 0.08080808080821314 0.5858585858598633 0
1124 0.08080808080820814 0.5757575757589153 0
1125 0.08080808080820315 0.5656565656579673 0
1126 0.08080808080819821 0.5555555555570195 0
1127 0.08080808080819324 0.5454545454560717 0
1128 0.08080808080818822 0.535353535355124 0
1129 0.08080808080818325 0.525252525254176 0
1130 0.08080808080817831 0.5151515151532282 0
1131 0.08080808080817331 0.5050505050522738 0
1132 0.08080808080816831 0.4949494949512766 0
1133 0.08080808080816335 0.4848484848502369 0
1134 0.08080808080815835 0.4747474747491905 0
1135 0.08080808080815338 0.4646464646481442 0
1136 0.08080808080814841 0.4545454545470978 0
1137 0.08080808080814345 0.4444444444460512 0
1138 0.08080808080813845 0.4343434343450051 0
1139 0.08080808080813348 0.4242424242439587 0
1140 0.08080808080812851 0.4141414141429124 0
1141 0.08080808080812352 0.4040404040418659 0
1142 0.08080808080811852 0.3939393939408196 0
1143 0.08080808080811355 0.3838383838397732 0
1144 0.08080808080810858 0.373737373738727 0
1145 0.08080808080810359 0.3636363636376805 0
1146 0.08080808080809862 0.3535353535366341 0
1147 0.08080808080809362 0.3434343434355878 0
1148 0.08080808080808866 0.3333333333345414 0
1149 0.08080808080808369 0.323232323233495 0
1150 0.08080808080807869 0.3131313131324487 0
1151 0.08080808080807372 0.3030303030314023 0
1152 0.08080808080806873 0.2929292929303559 0
1153 0.08080808080806376 0.2828282828293095 0
1154 0.08080808080805879 0.2727272727282631 0
1155 0.08080808080805379 0.262626262627217 0
1156 0.0808080808080488 0.2525252525261705 0
1157 0.08080808080804386 0.2424242424251242 0
1158 0.08080808080803886 0.2323232323240778 0
1159 0.08080808080803389 0.2222222222230315 0
1160 0.0808080808080289 0.212121212121985 0
1161 0.08080808080802393 0.2020202020209387 0
1162 0.08080808080801893 0.1919191919198924 0
1163 0.08080808080801397 0.1818181818188459 0
1164 0.080808080808009 0.1717171717177995 0
1165 0.080808080808004 0.1616161616167532 0
1166 0.08080808080799901 0.1515151515157069 0
1167 0.08080808080799406 0.1414141414146605 0
1168 0.08080808080798907 0.1313131313136141 0
1169 0.08080808080798407 0.1212121212125673 0
1170 0.08080808080797913 0.1111111111115199 0
1171 0.08080808080797414 0.1010101010104723 0
1172 0.08080808080796914 0.09090909090942484 0
1173 0.08080808080796417 0.08080808080837745 0
1174 0.0808080808079592 0.07070707070732996 0
1175 0.08080808080795421 0.06060606060628257 0
1176 0.08080808080794924 0.05050505050523556 0
1177 0.08080808080794427 0.04040404040418864 0
1178 0.08080808080793928 0.03030303030314155 0
1179 0.08080808080793428 0.0202020202020945 0
1180 0.08080808080792934 0.01010101010104729 0
1181 0.09090909090946375 0.9898989898989492 0
1182 0.0909090909094582 0.9797979797978986 0
1183 0.09090909090945262 0.9696969696968477 0
1184 0.09090909090944707 0.9595959595957969 0
1185 0.09090909090944152 0.9494949494947462 0
1186 0.09090909090943594 0.9393939393936956 0
1187 0.09090909090943039 0.9292929292926445 0
1188 0.09090909090942484 0.9191919191915939 0
1189 0.09090909090941929 0.9090909090905431 0
1190 0.09090909090941374 0.8989898989894926 0
1191 0.09090909090940816 0.8888888888884416 0
1192 0.09090909090940258 0.8787878787874011 0
1193 0.09090909090939706 0.8686868686864077 0
1194 0.09090909090939148 0.8585858585854551 0
1195 0.0909090909093859 0.8484848484845062 0
1196 0.09090909090938035 0.8383838383835573 0
1197 0.0909090909093748 0.8282828282826088 0
1198 0.09090909090936922 0.8181818181816599 0
1199 0.09090909090936369 0.8080808080807109 0
1200 0.09090909090935811 0.7979797979797625 0
1201 0.09090909090935256 0.7878787878788134 0
1202 0.09090909090934701 0.7777777777778647 0
1203 0.09090909090934143 0.7676767676769159 0
1204 0.09090909090933591 0.7575757575759671 0
1205 0.09090909090933036 0.7474747474750183 0
1206 0.09090909090932478 0.7373737373740694 0
1207 0.0909090909093192 0.7272727272731208 0
1208 0.09090909090931365 0.7171717171721719 0
1209 0.09090909090930809 0.707070707071223 0
1210 0.09090909090930255 0.6969696969702741 0
1211 0.090909090909297 0.6868686868693255 0
1212 0.09090909090929142 0.6767676767683766 0
1213 0.09090909090928587 0.6666666666674279 0
1214 0.09090909090928029 0.6565656565664788 0
1215 0.09090909090927474 0.6464646464655299 0
1216 0.09090909090926919 0.636363636364581 0
1217 0.09090909090926363 0.6262626262636324 0
1218 0.09090909090925808 0.6161616161626835 0
1219 0.0909090909092525 0.6060606060617348 0
1220 0.09090909090924695 0.595959595960786 0
1221 0.0909090909092414 0.5858585858598371 0
1222 0.09090909090923582 0.5757575757588882 0
1223 0.09090909090923027 0.5656565656579393 0
1224 0.09090909090922472 0.5555555555569907 0
1225 0.09090909090921917 0.5454545454560418 0
1226 0.09090909090921359 0.5353535353550929 0
1227 0.09090909090920801 0.525252525254144 0
1228 0.09090909090920249 0.5151515151531953 0
1229 0.09090909090919691 0.50505050505224 0
1230 0.09090909090919136 0.4949494949512427 0
1231 0.09090909090918581 0.4848484848502036 0
1232 0.09090909090918026 0.4747474747491579 0
1233 0.09090909090917468 0.4646464646481123 0
1234 0.0909090909091691 0.4545454545470667 0
1235 0.09090909090916355 0.444444444446021 0
1236 0.09090909090915802 0.4343434343449754 0
1237 0.09090909090915245 0.4242424242439298 0
1238 0.09090909090914687 0.4141414141428842 0
1239 0.09090909090914134 0.4040404040418385 0
1240 0.09090909090913576 0.3939393939407928 0
1241 0.09090909090913021 0.3838383838397471 0
1242 0.09090909090912463 0.3737373737387016 0
1243 0.09090909090911908 0.3636363636376559 0
1244 0.09090909090911353 0.3535353535366103 0
1245 0.09090909090910798 0.3434343434355647 0
1246 0.0909090909091024 0.333333333334519 0
1247 0.09090909090909685 0.3232323232334734 0
1248 0.0909090909090913 0.3131313131324278 0
1249 0.09090909090908572 0.3030303030313821 0
1250 0.09090909090908017 0.2929292929303364 0
1251 0.09090909090907462 0.2828282828292908 0
1252 0.09090909090906907 0.2727272727282452 0
1253 0.09090909090906349 0.2626262626271996 0
1254 0.09090909090905797 0.2525252525261539 0
1255 0.09090909090905239 0.2424242424251082 0
1256 0.09090909090904681 0.2323232323240626 0
1257 0.09090909090904126 0.222222222223017 0
1258 0.09090909090903571 0.2121212121219712 0
1259 0.09090909090903015 0.2020202020209257 0
1260 0.09090909090902458 0.1919191919198801 0
1261 0.09090909090901905 0.1818181818188344 0
1262 0.09090909090901345 0.1717171717177887 0
1263 0.09090909090900789 0.1616161616167431 0
1264 0.09090909090900234 0.1515151515156975 0
1265 0.09090909090899679 0.1414141414146518 0
1266 0.09090909090899124 0.1313131313136061 0
1267 0.09090909090898569 0.12121212121256 0
1268 0.09090909090898011 0.1111111111115132 0
1269 0.09090909090897453 0.1010101010104662 0
1270 0.09090909090896898 0.09090909090941929 0
1271 0.09090909090896343 0.08080808080837248 0
1272 0.09090909090895788 0.07070707070732557 0
1273 0.09090909090895233 0.06060606060627877 0
1274 0.09090909090894675 0.05050505050523241 0
1275 0.09090909090894123 0.04040404040418615 0
1276 0.09090909090893565 0.03030303030313969 0
1277 0.09090909090893007 0.02020202020209326 0
1278 0.09090909090892452 0.01010101010104667 0
1279 0.1010101010105153 0.9898989898989494 0
1280 0.1010101010105092 0.9797979797978988 0
1281 0.101010101010503 0.9696969696968484 0
1282 0.1010101010104969 0.9595959595957976 0
1283 0.1010101010104907 0.9494949494947471 0
1284 0.1010101010104846 0.9393939393936965 0
1285 0.1010101010104785 0.9292929292926458 0
1286 0.1010101010104723 0.9191919191915953 0
1287 0.1010101010104662 0.9090909090905445 0
1288 0.10101010101046 0.8989898989894939 0
1289 0.1010101010104539 0.8888888888884432 0
1290 0.1010101010104478 0.8787878787874028 0
1291 0.1010101010104416 0.868686868686409 0
1292 0.1010101010104355 0.8585858585854554 0
1293 0.1010101010104293 0.8484848484845058 0
1294 0.1010101010104232 0.8383838383835558 0
1295 0.1010101010104171 0.8282828282826061 0
1296 0.1010101010104109 0.8181818181816565 0
1297 0.1010101010104048 0.8080808080807065 0
1298 0.1010101010103986 0.7979797979797568 0
1299 0.1010101010103925 0.7878787878788069 0
1300 0.1010101010103864 0.7777777777778572 0
1301 0.1010101010103802 0.7676767676769075 0
1302 0.1010101010103741 0.7575757575759577 0
1303 0.1010101010103679 0.7474747474750079 0
1304 0.1010101010103618 0.7373737373740581 0
1305 0.1010101010103557 0.7272727272731083 0
1306 0.1010101010103495 0.7171717171721586 0
1307 0.1010101010103434 0.7070707070712088 0
1308 0.1010101010103372 0.6969696969702588 0
1309 0.1010101010103311 0.686868686869309 0
1310 0.101010101010325 0.6767676767683592 0
1311 0.1010101010103188 0.6666666666674095 0
1312 0.1010101010103127 0.6565656565664597 0
1313 0.1010101010103066 0.6464646464655099 0
1314 0.1010101010103004 0.6363636363645602 0
1315 0.1010101010102942 0.6262626262636102 0
1316 0.1010101010102881 0.6161616161626604 0
1317 0.101010101010282 0.6060606060617106 0
1318 0.1010101010102759 0.5959595959607609 0
1319 0.1010101010102697 0.5858585858598111 0
1320 0.1010101010102636 0.5757575757588611 0
1321 0.1010101010102574 0.5656565656579113 0
1322 0.1010101010102513 0.5555555555569618 0
1323 0.1010101010102452 0.545454545456012 0
1324 0.101010101010239 0.5353535353550622 0
1325 0.1010101010102329 0.5252525252541123 0
1326 0.1010101010102268 0.5151515151531625 0
1327 0.1010101010102206 0.5050505050522063 0
1328 0.1010101010102145 0.4949494949512089 0
1329 0.1010101010102083 0.4848484848501703 0
1330 0.1010101010102022 0.4747474747491255 0
1331 0.101010101010196 0.4646464646480805 0
1332 0.1010101010101899 0.4545454545470357 0
1333 0.1010101010101838 0.4444444444459906 0
1334 0.1010101010101776 0.4343434343449458 0
1335 0.1010101010101715 0.4242424242439008 0
1336 0.1010101010101653 0.414141414142856 0
1337 0.1010101010101592 0.404040404041811 0
1338 0.1010101010101531 0.393939393940766 0
1339 0.1010101010101469 0.3838383838397211 0
1340 0.1010101010101407 0.3737373737386763 0
1341 0.1010101010101346 0.3636363636376313 0
1342 0.1010101010101285 0.3535353535365865 0
1343 0.1010101010101224 0.3434343434355415 0
1344 0.1010101010101162 0.3333333333344966 0
1345 0.1010101010101101 0.3232323232334517 0
1346 0.1010101010101039 0.3131313131324067 0
1347 0.1010101010100978 0.3030303030313619 0
1348 0.1010101010100917 0.2929292929303169 0
1349 0.1010101010100855 0.282828282829272 0
1350 0.1010101010100794 0.2727272727282271 0
1351 0.1010101010100732 0.2626262626271822 0
1352 0.1010101010100671 0.2525252525261372 0
1353 0.1010101010100609 0.2424242424250923 0
1354 0.1010101010100548 0.2323232323240474 0
1355 0.1010101010100487 0.2222222222230025 0
1356 0.1010101010100425 0.2121212121219574 0
1357 0.1010101010100364 0.2020202020209126 0
1358 0.1010101010100303 0.1919191919198677 0
1359 0.1010101010100241 0.1818181818188228 0
1360 0.101010101010018 0.1717171717177778 0
1361 0.1010101010100118 0.161616161616733 0
1362 0.1010101010100057 0.1515151515156881 0
1363 0.1010101010099996 0.1414141414146431 0
1364 0.1010101010099934 0.1313131313135982 0
1365 0.1010101010099873 0.1212121212125526 0
1366 0.1010101010099811 0.1111111111115065 0
1367 0.101010101009975 0.10101010101046 0
1368 0.1010101010099689 0.09090909090941371 0
1369 0.1010101010099627 0.08080808080836749 0
1370 0.1010101010099566 0.07070707070732116 0
1371 0.1010101010099504 0.06060606060627498 0
1372 0.1010101010099443 0.05050505050522926 0
1373 0.1010101010099382 0.04040404040418365 0
1374 0.101010101009932 0.03030303030313784 0
1375 0.1010101010099259 0.02020202020209202 0
1376 0.1010101010099198 0.01010101010104605 0
1377 0.111111111111567 0.9898989898989496 0
1378 0.1111111111115602 0.9797979797978991 0
1379 0.1111111111115535 0.9696969696968488 0
1380 0.1111111111115468 0.9595959595957982 0
1381 0.1111111111115401 0.9494949494947478 0
1382 0.1111111111115334 0.9393939393936974 0
1383 0.1111111111115266 0.9292929292926468 0
1384 0.1111111111115199 0.9191919191915966 0
1385 0.1111111111115132 0.909090909090546 0
1386 0.1111111111115065 0.8989898989894957 0
1387 0.1111111111114998 0.888888888888445 0
1388 0.111111111111493 0.8787878787874046 0
1389 0.1111111111114863 0.8686868686864103 0
1390 0.1111111111114796 0.8585858585854557 0
1391 0.1111111111114728 0.8484848484845049 0
1392 0.1111111111114661 0.8383838383835542 0
1393 0.1111111111114594 0.8282828282826036 0
1394 0.1111111111114527 0.8181818181816528 0
1395 0.111111111111446 0.808080808080702 0
1396 0.1111111111114392 0.7979797979797513 0
1397 0.1111111111114325 0.7878787878788005 0
1398 0.1111111111114258 0.7777777777778498 0
1399 0.1111111111114191 0.7676767676768991 0
1400 0.1111111111114124 0.7575757575759482 0
1401 0.1111111111114056 0.7474747474749974 0
1402 0.1111111111113989 0.7373737373740465 0
1403 0.1111111111113922 0.7272727272730959 0
1404 0.1111111111113854 0.7171717171721452 0
1405 0.1111111111113788 0.7070707070711943 0
1406 0.111111111111372 0.6969696969702437 0
1407 0.1111111111113653 0.6868686868692928 0
1408 0.1111111111113586 0.6767676767683422 0
1409 0.1111111111113519 0.6666666666673913 0
1410 0.1111111111113451 0.6565656565664406 0
1411 0.1111111111113384 0.6464646464654895 0
1412 0.1111111111113317 0.6363636363645389 0
1413 0.111111111111325 0.6262626262635882 0
1414 0.1111111111113183 0.6161616161626373 0
1415 0.1111111111113116 0.6060606060616867 0
1416 0.1111111111113048 0.595959595960736 0
1417 0.1111111111112981 0.5858585858597851 0
1418 0.1111111111112913 0.5757575757588345 0
1419 0.1111111111112846 0.5656565656578834 0
1420 0.1111111111112779 0.5555555555569327 0
1421 0.1111111111112712 0.5454545454559818 0
1422 0.1111111111112645 0.5353535353550312 0
1423 0.1111111111112578 0.5252525252540803 0
1424 0.111111111111251 0.5151515151531296 0
1425 0.1111111111112443 0.5050505050521725 0
1426 0.1111111111112376 0.494949494951175 0
1427 0.1111111111112309 0.4848484848501371 0
1428 0.1111111111112242 0.4747474747490928 0
1429 0.1111111111112175 0.4646464646480487 0
1430 0.1111111111112107 0.4545454545470046 0
1431 0.111111111111204 0.4444444444459602 0
1432 0.1111111111111973 0.4343434343449161 0
1433 0.1111111111111905 0.4242424242438719 0
1434 0.1111111111111838 0.4141414141428278 0
1435 0.1111111111111771 0.4040404040417834 0
1436 0.1111111111111704 0.3939393939407393 0
1437 0.1111111111111637 0.3838383838396952 0
1438 0.1111111111111569 0.373737373738651 0
1439 0.1111111111111502 0.3636363636376068 0
1440 0.1111111111111435 0.3535353535365625 0
1441 0.1111111111111368 0.3434343434355184 0
1442 0.11111111111113 0.3333333333344741 0
1443 0.1111111111111233 0.32323232323343 0
1444 0.1111111111111166 0.3131313131323858 0
1445 0.1111111111111099 0.3030303030313416 0
1446 0.1111111111111032 0.2929292929302973 0
1447 0.1111111111110964 0.2828282828292531 0
1448 0.1111111111110897 0.272727272728209 0
1449 0.111111111111083 0.2626262626271648 0
1450 0.1111111111110763 0.2525252525261206 0
1451 0.1111111111110695 0.2424242424250764 0
1452 0.1111111111110628 0.2323232323240322 0
1453 0.1111111111110561 0.222222222222988 0
1454 0.1111111111110494 0.2121212121219438 0
1455 0.1111111111110427 0.2020202020208997 0
1456 0.1111111111110359 0.1919191919198555 0
1457 0.1111111111110292 0.1818181818188112 0
1458 0.1111111111110225 0.171717171717767 0
1459 0.1111111111110158 0.1616161616167228 0
1460 0.1111111111110091 0.1515151515156786 0
1461 0.1111111111110023 0.1414141414146344 0
1462 0.1111111111109956 0.1313131313135902 0
1463 0.1111111111109889 0.1212121212125453 0
1464 0.1111111111109822 0.1111111111114997 0
1465 0.1111111111109754 0.1010101010104539 0
1466 0.1111111111109687 0.09090909090940816 0
1467 0.111111111110962 0.08080808080836252 0
1468 0.1111111111109553 0.07070707070731677 0
1469 0.1111111111109486 0.06060606060627119 0
1470 0.1111111111109419 0.05050505050522611 0
1471 0.1111111111109351 0.04040404040418115 0
1472 0.1111111111109284 0.03030303030313598 0
1473 0.1111111111109217 0.02020202020209079 0
1474 0.111111111110915 0.01010101010104544 0
1475 0.1212121212126185 0.9898989898989496 0
1476 0.1212121212126112 0.9797979797978995 0
1477 0.1212121212126039 0.9696969696968493 0
1478 0.1212121212125966 0.9595959595957987 0
1479 0.1212121212125892 0.9494949494947484 0
1480 0.1212121212125819 0.9393939393936983 0
1481 0.1212121212125746 0.9292929292926481 0
1482 0.1212121212125673 0.9191919191915977 0
1483 0.12121212121256 0.9090909090905473 0
1484 0.1212121212125527 0.898989898989497 0
1485 0.1212121212125453 0.8888888888884467 0
1486 0.121212121212538 0.8787878787874064 0
1487 0.1212121212125307 0.8686868686864117 0
1488 0.1212121212125234 0.8585858585854561 0
1489 0.1212121212125161 0.8484848484845045 0
1490 0.1212121212125087 0.8383838383835527 0
1491 0.1212121212125014 0.8282828282826008 0
1492 0.1212121212124941 0.8181818181816493 0
1493 0.1212121212124868 0.8080808080806974 0
1494 0.1212121212124795 0.7979797979797457 0
1495 0.1212121212124722 0.7878787878787941 0
1496 0.1212121212124649 0.7777777777778423 0
1497 0.1212121212124575 0.7676767676768906 0
1498 0.1212121212124502 0.7575757575759385 0
1499 0.1212121212124429 0.747474747474987 0
1500 0.1212121212124356 0.7373737373740354 0
1501 0.1212121212124282 0.7272727272730835 0
1502 0.1212121212124209 0.7171717171721319 0
1503 0.1212121212124136 0.7070707070711801 0
1504 0.1212121212124063 0.6969696969702281 0
1505 0.121212121212399 0.6868686868692764 0
1506 0.1212121212123917 0.6767676767683248 0
1507 0.1212121212123844 0.6666666666673731 0
1508 0.1212121212123771 0.6565656565664215 0
1509 0.1212121212123697 0.6464646464654695 0
1510 0.1212121212123624 0.6363636363645175 0
1511 0.1212121212123551 0.626262626263566 0
1512 0.1212121212123478 0.6161616161626142 0
1513 0.1212121212123405 0.6060606060616627 0
1514 0.1212121212123332 0.5959595959607107 0
1515 0.1212121212123259 0.5858585858597589 0
1516 0.1212121212123185 0.5757575757588074 0
1517 0.1212121212123112 0.5656565656578554 0
1518 0.1212121212123039 0.5555555555569036 0
1519 0.1212121212122966 0.5454545454559521 0
1520 0.1212121212122892 0.5353535353550003 0
1521 0.1212121212122819 0.5252525252540485 0
1522 0.1212121212122746 0.5151515151530965 0
1523 0.1212121212122673 0.5050505050521388 0
1524 0.12121212121226 0.4949494949511412 0
1525 0.1212121212122527 0.4848484848501038 0
1526 0.1212121212122453 0.4747474747490604 0
1527 0.121212121212238 0.464646464648017 0
1528 0.1212121212122307 0.4545454545469735 0
1529 0.1212121212122234 0.4444444444459298 0
1530 0.1212121212122161 0.4343434343448865 0
1531 0.1212121212122088 0.4242424242438431 0
1532 0.1212121212122015 0.4141414141427996 0
1533 0.1212121212121942 0.404040404041756 0
1534 0.1212121212121868 0.3939393939407125 0
1535 0.1212121212121795 0.3838383838396691 0
1536 0.1212121212121722 0.3737373737386257 0
1537 0.1212121212121649 0.3636363636375822 0
1538 0.1212121212121575 0.3535353535365388 0
1539 0.1212121212121502 0.3434343434354952 0
1540 0.1212121212121429 0.3333333333344517 0
1541 0.1212121212121356 0.3232323232334082 0
1542 0.1212121212121283 0.3131313131323648 0
1543 0.121212121212121 0.3030303030313213 0
1544 0.1212121212121137 0.2929292929302778 0
1545 0.1212121212121063 0.2828282828292343 0
1546 0.121212121212099 0.2727272727281909 0
1547 0.1212121212120917 0.2626262626271475 0
1548 0.1212121212120844 0.2525252525261039 0
1549 0.1212121212120771 0.2424242424250604 0
1550 0.1212121212120698 0.232323232324017 0
1551 0.1212121212120624 0.2222222222229736 0
1552 0.1212121212120551 0.21212121212193 0
1553 0.1212121212120478 0.2020202020208866 0
1554 0.1212121212120405 0.1919191919198432 0
1555 0.1212121212120332 0.1818181818187996 0
1556 0.1212121212120258 0.1717171717177561 0
1557 0.1212121212120185 0.1616161616167127 0
1558 0.1212121212120112 0.1515151515156692 0
1559 0.1212121212120039 0.1414141414146257 0
1560 0.1212121212119966 0.1313131313135822 0
1561 0.1212121212119893 0.121212121212538 0
1562 0.121212121211982 0.111111111111493 0
1563 0.1212121212119746 0.1010101010104478 0
1564 0.1212121212119673 0.09090909090940261 0
1565 0.12121212121196 0.08080808080835752 0
1566 0.1212121212119527 0.07070707070731236 0
1567 0.1212121212119454 0.06060606060626739 0
1568 0.1212121212119381 0.05050505050522296 0
1569 0.1212121212119307 0.04040404040417864 0
1570 0.1212121212119234 0.03030303030313412 0
1571 0.1212121212119161 0.02020202020208955 0
1572 0.1212121212119088 0.01010101010104482 0
1573 0.13131313131367 0.9898989898989499 0
1574 0.131313131313662 0.9797979797978997 0
1575 0.131313131313654 0.9696969696968497 0
1576 0.131313131313646 0.9595959595957996 0
1577 0.1313131313136381 0.9494949494947493 0
1578 0.1313131313136301 0.9393939393936992 0
1579 0.1313131313136221 0.929292929292649 0
1580 0.1313131313136141 0.9191919191915988 0
1581 0.1313131313136062 0.9090909090905489 0
1582 0.1313131313135982 0.8989898989894988 0
1583 0.1313131313135902 0.8888888888884485 0
1584 0.1313131313135822 0.8787878787874082 0
1585 0.1313131313135742 0.8686868686864128 0
1586 0.1313131313135663 0.8585858585854564 0
1587 0.1313131313135583 0.8484848484845038 0
1588 0.1313131313135503 0.8383838383835511 0
1589 0.1313131313135423 0.8282828282825981 0
1590 0.1313131313135344 0.8181818181816457 0
1591 0.1313131313135264 0.8080808080806929 0
1592 0.1313131313135184 0.7979797979797402 0
1593 0.1313131313135105 0.7878787878787876 0
1594 0.1313131313135025 0.7777777777778347 0
1595 0.1313131313134945 0.7676767676768822 0
1596 0.1313131313134865 0.7575757575759293 0
1597 0.1313131313134785 0.7474747474749768 0
1598 0.1313131313134706 0.7373737373740239 0
1599 0.1313131313134626 0.7272727272730715 0
1600 0.1313131313134546 0.7171717171721186 0
1601 0.1313131313134466 0.7070707070711657 0
1602 0.1313131313134386 0.696969696970213 0
1603 0.1313131313134306 0.6868686868692604 0
1604 0.1313131313134227 0.6767676767683075 0
1605 0.1313131313134147 0.6666666666673549 0
1606 0.1313131313134067 0.6565656565664022 0
1607 0.1313131313133987 0.6464646464654493 0
1608 0.1313131313133908 0.6363636363644967 0
1609 0.1313131313133828 0.6262626262635438 0
1610 0.1313131313133749 0.6161616161625911 0
1611 0.1313131313133669 0.6060606060616385 0
1612 0.1313131313133589 0.5959595959606858 0
1613 0.1313131313133509 0.5858585858597329 0
1614 0.1313131313133429 0.5757575757587803 0
1615 0.1313131313133349 0.5656565656578274 0
1616 0.1313131313133269 0.5555555555568747 0
1617 0.131313131313319 0.5454545454559221 0
1618 0.131313131313311 0.5353535353549694 0
1619 0.131313131313303 0.5252525252540166 0
1620 0.1313131313132951 0.5151515151530637 0
1621 0.131313131313287 0.505050505052105 0
1622 0.1313131313132791 0.4949494949511072 0
1623 0.1313131313132711 0.4848484848500706 0
1624 0.1313131313132631 0.4747474747490278 0
1625 0.1313131313132552 0.4646464646479851 0
1626 0.1313131313132472 0.4545454545469424 0
1627 0.1313131313132392 0.4444444444458995 0
1628 0.1313131313132312 0.4343434343448568 0
1629 0.1313131313132233 0.4242424242438141 0
1630 0.1313131313132153 0.4141414141427714 0
1631 0.1313131313132073 0.4040404040417285 0
1632 0.1313131313131993 0.3939393939406858 0
1633 0.1313131313131913 0.383838383839643 0
1634 0.1313131313131833 0.3737373737386004 0
1635 0.1313131313131754 0.3636363636375576 0
1636 0.1313131313131674 0.3535353535365148 0
1637 0.1313131313131595 0.3434343434354721 0
1638 0.1313131313131515 0.3333333333344293 0
1639 0.1313131313131435 0.3232323232333866 0
1640 0.1313131313131355 0.3131313131323439 0
1641 0.1313131313131276 0.3030303030313011 0
1642 0.1313131313131196 0.2929292929302583 0
1643 0.1313131313131116 0.2828282828292156 0
1644 0.1313131313131036 0.2727272727281728 0
1645 0.1313131313130956 0.2626262626271302 0
1646 0.1313131313130876 0.2525252525260874 0
1647 0.1313131313130796 0.2424242424250446 0
1648 0.1313131313130717 0.2323232323240018 0
1649 0.1313131313130637 0.2222222222229591 0
1650 0.1313131313130557 0.2121212121219163 0
1651 0.1313131313130478 0.2020202020208736 0
1652 0.1313131313130398 0.1919191919198309 0
1653 0.1313131313130318 0.181818181818788 0
1654 0.1313131313130238 0.1717171717177453 0
1655 0.1313131313130158 0.1616161616167026 0
1656 0.1313131313130079 0.1515151515156598 0
1657 0.1313131313129999 0.1414141414146171 0
1658 0.1313131313129919 0.1313131313135742 0
1659 0.1313131313129839 0.1212121212125307 0
1660 0.131313131312976 0.1111111111114863 0
1661 0.131313131312968 0.1010101010104416 0
1662 0.13131313131296 0.09090909090939703 0
1663 0.131313131312952 0.08080808080835256 0
1664 0.131313131312944 0.07070707070730797 0
1665 0.1313131313129361 0.0606060606062636 0
1666 0.1313131313129281 0.05050505050521981 0
1667 0.1313131313129201 0.04040404040417614 0
1668 0.1313131313129122 0.03030303030313226 0
1669 0.1313131313129041 0.02020202020208832 0
1670 0.1313131313128962 0.01010101010104419 0
1671 0.1414141414147214 0.9898989898989501 0
1672 0.1414141414147127 0.9797979797979002 0
1673 0.141414141414704 0.9696969696968502 0
1674 0.1414141414146953 0.9595959595958 0
1675 0.1414141414146866 0.9494949494947502 0
1676 0.141414141414678 0.9393939393937001 0
1677 0.1414141414146692 0.9292929292926503 0
1678 0.1414141414146605 0.9191919191916001 0
1679 0.1414141414146518 0.9090909090905503 0
1680 0.1414141414146431 0.8989898989895003 0
1681 0.1414141414146344 0.8888888888884503 0
1682 0.1414141414146257 0.8787878787874099 0
1683 0.1414141414146171 0.8686868686864141 0
1684 0.1414141414146084 0.8585858585854568 0
1685 0.1414141414145996 0.8484848484845031 0
1686 0.141414141414591 0.8383838383835494 0
1687 0.1414141414145823 0.8282828282825959 0
1688 0.1414141414145736 0.8181818181816422 0
1689 0.1414141414145649 0.8080808080806883 0
1690 0.1414141414145562 0.7979797979797346 0
1691 0.1414141414145476 0.787878787878781 0
1692 0.1414141414145388 0.7777777777778272 0
1693 0.1414141414145301 0.7676767676768738 0
1694 0.1414141414145214 0.75757575757592 0
1695 0.1414141414145128 0.7474747474749663 0
1696 0.141414141414504 0.7373737373740126 0
1697 0.1414141414144953 0.727272727273059 0
1698 0.1414141414144866 0.717171717172105 0
1699 0.1414141414144779 0.7070707070711515 0
1700 0.1414141414144692 0.6969696969701975 0
1701 0.1414141414144606 0.686868686869244 0
1702 0.1414141414144519 0.6767676767682902 0
1703 0.1414141414144431 0.6666666666673366 0
1704 0.1414141414144345 0.6565656565663829 0
1705 0.1414141414144258 0.6464646464654291 0
1706 0.141414141414417 0.6363636363644753 0
1707 0.1414141414144084 0.6262626262635216 0
1708 0.1414141414143997 0.616161616162568 0
1709 0.141414141414391 0.6060606060616143 0
1710 0.1414141414143823 0.5959595959606607 0
1711 0.1414141414143736 0.585858585859707 0
1712 0.1414141414143649 0.5757575757587532 0
1713 0.1414141414143562 0.5656565656577994 0
1714 0.1414141414143475 0.5555555555568459 0
1715 0.1414141414143388 0.5454545454558921 0
1716 0.1414141414143301 0.5353535353549383 0
1717 0.1414141414143215 0.5252525252539846 0
1718 0.1414141414143127 0.5151515151530308 0
1719 0.1414141414143041 0.5050505050520713 0
1720 0.1414141414142954 0.4949494949510734 0
1721 0.1414141414142867 0.4848484848500373 0
1722 0.141414141414278 0.4747474747489953 0
1723 0.1414141414142693 0.4646464646479532 0
1724 0.1414141414142606 0.4545454545469112 0
1725 0.1414141414142519 0.4444444444458692 0
1726 0.1414141414142432 0.4343434343448273 0
1727 0.1414141414142345 0.4242424242437851 0
1728 0.1414141414142258 0.4141414141427432 0
1729 0.1414141414142171 0.4040404040417011 0
1730 0.1414141414142084 0.393939393940659 0
1731 0.1414141414141997 0.383838383839617 0
1732 0.141414141414191 0.3737373737385751 0
1733 0.1414141414141823 0.3636363636375329 0
1734 0.1414141414141736 0.3535353535364909 0
1735 0.141414141414165 0.343434343435449 0
1736 0.1414141414141563 0.3333333333344068 0
1737 0.1414141414141475 0.3232323232333649 0
1738 0.1414141414141389 0.3131313131323229 0
1739 0.1414141414141302 0.3030303030312809 0
1740 0.1414141414141215 0.2929292929302388 0
1741 0.1414141414141128 0.2828282828291967 0
1742 0.1414141414141041 0.2727272727281547 0
1743 0.1414141414140954 0.2626262626271127 0
1744 0.1414141414140867 0.2525252525260707 0
1745 0.141414141414078 0.2424242424250286 0
1746 0.1414141414140693 0.2323232323239866 0
1747 0.1414141414140606 0.2222222222229446 0
1748 0.141414141414052 0.2121212121219025 0
1749 0.1414141414140432 0.2020202020208606 0
1750 0.1414141414140345 0.1919191919198185 0
1751 0.1414141414140259 0.1818181818187764 0
1752 0.1414141414140171 0.1717171717177344 0
1753 0.1414141414140084 0.1616161616166924 0
1754 0.1414141414139998 0.1515151515156504 0
1755 0.1414141414139911 0.1414141414146083 0
1756 0.1414141414139823 0.1313131313135663 0
1757 0.1414141414139737 0.1212121212125234 0
1758 0.141414141413965 0.1111111111114796 0
1759 0.1414141414139563 0.1010101010104355 0
1760 0.1414141414139476 0.09090909090939148 0
1761 0.1414141414139389 0.08080808080834756 0
1762 0.1414141414139302 0.07070707070730359 0
1763 0.1414141414139215 0.06060606060625981 0
1764 0.1414141414139128 0.05050505050521666 0
1765 0.1414141414139041 0.04040404040417364 0
1766 0.1414141414138954 0.03030303030313041 0
1767 0.1414141414138868 0.02020202020208708 0
1768 0.1414141414138781 0.01010101010104358 0
1769 0.1515151515157728 0.9898989898989503 0
1770 0.1515151515157634 0.9797979797979004 0
1771 0.151515151515754 0.9696969696968506 0
1772 0.1515151515157445 0.9595959595958007 0
1773 0.1515151515157351 0.9494949494947509 0
1774 0.1515151515157258 0.939393939393701 0
1775 0.1515151515157163 0.9292929292926512 0
1776 0.1515151515157068 0.9191919191916015 0
1777 0.1515151515156975 0.9090909090905516 0
1778 0.1515151515156881 0.8989898989895019 0
1779 0.1515151515156786 0.8888888888884519 0
1780 0.1515151515156692 0.8787878787874117 0
1781 0.1515151515156598 0.8686868686864152 0
1782 0.1515151515156504 0.858585858585457 0
1783 0.151515151515641 0.8484848484845025 0
1784 0.1515151515156316 0.8383838383835478 0
1785 0.1515151515156221 0.8282828282825933 0
1786 0.1515151515156127 0.8181818181816386 0
1787 0.1515151515156033 0.8080808080806838 0
1788 0.1515151515155939 0.7979797979797291 0
1789 0.1515151515155844 0.7878787878787745 0
1790 0.151515151515575 0.7777777777778196 0
1791 0.1515151515155657 0.7676767676768653 0
1792 0.1515151515155562 0.7575757575759107 0
1793 0.1515151515155468 0.7474747474749559 0
1794 0.1515151515155374 0.7373737373740012 0
1795 0.1515151515155279 0.7272727272730466 0
1796 0.1515151515155185 0.7171717171720919 0
1797 0.1515151515155091 0.7070707070711371 0
1798 0.1515151515154997 0.6969696969701824 0
1799 0.1515151515154903 0.6868686868692278 0
1800 0.1515151515154808 0.6767676767682729 0
1801 0.1515151515154715 0.6666666666673184 0
1802 0.1515151515154621 0.6565656565663638 0
1803 0.1515151515154526 0.6464646464654089 0
1804 0.1515151515154432 0.6363636363644543 0
1805 0.1515151515154338 0.6262626262634996 0
1806 0.1515151515154244 0.6161616161625449 0
1807 0.1515151515154149 0.6060606060615903 0
1808 0.1515151515154056 0.5959595959606356 0
1809 0.1515151515153961 0.5858585858596808 0
1810 0.1515151515153867 0.5757575757587261 0
1811 0.1515151515153773 0.5656565656577714 0
1812 0.1515151515153679 0.5555555555568168 0
1813 0.1515151515153584 0.5454545454558621 0
1814 0.151515151515349 0.5353535353549075 0
1815 0.1515151515153396 0.5252525252539526 0
1816 0.1515151515153302 0.515151515152998 0
1817 0.1515151515153208 0.5050505050520375 0
1818 0.1515151515153114 0.4949494949510395 0
1819 0.151515151515302 0.484848484850004 0
1820 0.1515151515152925 0.4747474747489627 0
1821 0.1515151515152831 0.4646464646479215 0
1822 0.1515151515152737 0.4545454545468801 0
1823 0.1515151515152643 0.4444444444458387 0
1824 0.1515151515152549 0.4343434343447975 0
1825 0.1515151515152454 0.4242424242437562 0
1826 0.151515151515236 0.414141414142715 0
1827 0.1515151515152266 0.4040404040416735 0
1828 0.1515151515152172 0.3939393939406323 0
1829 0.1515151515152078 0.383838383839591 0
1830 0.1515151515151984 0.3737373737385498 0
1831 0.151515151515189 0.3636363636375083 0
1832 0.1515151515151795 0.353535353536467 0
1833 0.1515151515151701 0.3434343434354258 0
1834 0.1515151515151607 0.3333333333343844 0
1835 0.1515151515151513 0.3232323232333432 0
1836 0.1515151515151419 0.3131313131323019 0
1837 0.1515151515151325 0.3030303030312607 0
1838 0.151515151515123 0.2929292929302192 0
1839 0.1515151515151136 0.2828282828291779 0
1840 0.1515151515151042 0.2727272727281366 0
1841 0.1515151515150948 0.2626262626270954 0
1842 0.1515151515150854 0.2525252525260541 0
1843 0.1515151515150759 0.2424242424250127 0
1844 0.1515151515150666 0.2323232323239715 0
1845 0.1515151515150571 0.2222222222229301 0
1846 0.1515151515150477 0.2121212121218887 0
1847 0.1515151515150383 0.2020202020208475 0
1848 0.1515151515150289 0.1919191919198062 0
1849 0.1515151515150195 0.1818181818187649 0
1850 0.15151515151501 0.1717171717177235 0
1851 0.1515151515150006 0.1616161616166822 0
1852 0.1515151515149912 0.151515151515641 0
1853 0.1515151515149818 0.1414141414145996 0
1854 0.1515151515149724 0.1313131313135583 0
1855 0.151515151514963 0.1212121212125161 0
1856 0.1515151515149535 0.1111111111114729 0
1857 0.1515151515149441 0.1010101010104293 0
1858 0.1515151515149347 0.09090909090938593 0
1859 0.1515151515149253 0.08080808080834259 0
1860 0.1515151515149159 0.07070707070729917 0
1861 0.1515151515149065 0.06060606060625601 0
1862 0.151515151514897 0.05050505050521351 0
1863 0.1515151515148876 0.04040404040417114 0
1864 0.1515151515148782 0.03030303030312855 0
1865 0.1515151515148688 0.02020202020208585 0
1866 0.1515151515148594 0.01010101010104296 0
1867 0.1616161616168242 0.9898989898989503 0
1868 0.1616161616168141 0.9797979797979008 0
1869 0.1616161616168039 0.969696969696851 0
1870 0.1616161616167938 0.9595959595958014 0
1871 0.1616161616167837 0.9494949494947518 0
1872 0.1616161616167735 0.9393939393937021 0
1873 0.1616161616167633 0.9292929292926523 0
1874 0.1616161616167532 0.9191919191916027 0
1875 0.1616161616167431 0.9090909090905529 0
1876 0.1616161616167329 0.8989898989895032 0
1877 0.1616161616167228 0.8888888888884536 0
1878 0.1616161616167127 0.8787878787874135 0
1879 0.1616161616167025 0.8686868686864165 0
1880 0.1616161616166923 0.8585858585854574 0
1881 0.1616161616166823 0.8484848484845018 0
1882 0.1616161616166721 0.8383838383835462 0
1883 0.1616161616166619 0.8282828282825906 0
1884 0.1616161616166518 0.8181818181816352 0
1885 0.1616161616166417 0.8080808080806794 0
1886 0.1616161616166316 0.7979797979797237 0
1887 0.1616161616166215 0.7878787878787681 0
1888 0.1616161616166113 0.7777777777778123 0
1889 0.1616161616166011 0.7676767676768567 0
1890 0.161616161616591 0.7575757575759009 0
1891 0.1616161616165809 0.7474747474749455 0
1892 0.1616161616165707 0.7373737373739897 0
1893 0.1616161616165606 0.7272727272730342 0
1894 0.1616161616165505 0.7171717171720786 0
1895 0.1616161616165404 0.7070707070711229 0
1896 0.1616161616165301 0.6969696969701671 0
1897 0.1616161616165201 0.6868686868692115 0
1898 0.1616161616165099 0.6767676767682558 0
1899 0.1616161616164997 0.6666666666673 0
1900 0.1616161616164896 0.6565656565663447 0
1901 0.1616161616164795 0.6464646464653887 0
1902 0.1616161616164693 0.6363636363644332 0
1903 0.1616161616164591 0.6262626262634774 0
1904 0.1616161616164491 0.6161616161625219 0
1905 0.1616161616164389 0.6060606060615663 0
1906 0.1616161616164288 0.5959595959606105 0
1907 0.1616161616164187 0.5858585858596548 0
1908 0.1616161616164085 0.5757575757586992 0
1909 0.1616161616163984 0.5656565656577435 0
1910 0.1616161616163883 0.5555555555567877 0
1911 0.1616161616163781 0.5454545454558322 0
1912 0.1616161616163679 0.5353535353548766 0
1913 0.1616161616163578 0.5252525252539209 0
1914 0.1616161616163477 0.5151515151529651 0
1915 0.1616161616163375 0.5050505050520038 0
1916 0.1616161616163274 0.4949494949510057 0
1917 0.1616161616163173 0.4848484848499708 0
1918 0.1616161616163071 0.4747474747489302 0
1919 0.161616161616297 0.4646464646478896 0
1920 0.1616161616162868 0.4545454545468491 0
1921 0.1616161616162767 0.4444444444458083 0
1922 0.1616161616162666 0.434343434344768 0
1923 0.1616161616162564 0.4242424242437274 0
1924 0.1616161616162463 0.4141414141426868 0
1925 0.1616161616162362 0.4040404040416461 0
1926 0.161616161616226 0.3939393939406055 0
1927 0.1616161616162158 0.383838383839565 0
1928 0.1616161616162057 0.3737373737385244 0
1929 0.1616161616161956 0.3636363636374839 0
1930 0.1616161616161855 0.3535353535364433 0
1931 0.1616161616161753 0.3434343434354026 0
1932 0.1616161616161652 0.333333333334362 0
1933 0.161616161616155 0.3232323232333215 0
1934 0.1616161616161449 0.3131313131322809 0
1935 0.1616161616161347 0.3030303030312403 0
1936 0.1616161616161246 0.2929292929301996 0
1937 0.1616161616161145 0.2828282828291591 0
1938 0.1616161616161044 0.2727272727281186 0
1939 0.1616161616160942 0.262626262627078 0
1940 0.1616161616160841 0.2525252525260374 0
1941 0.161616161616074 0.2424242424249968 0
1942 0.1616161616160638 0.2323232323239562 0
1943 0.1616161616160536 0.2222222222229157 0
1944 0.1616161616160435 0.212121212121875 0
1945 0.1616161616160334 0.2020202020208345 0
1946 0.1616161616160232 0.191919191919794 0
1947 0.1616161616160131 0.1818181818187533 0
1948 0.161616161616003 0.1717171717177127 0
1949 0.1616161616159928 0.1616161616166721 0
1950 0.1616161616159827 0.1515151515156316 0
1951 0.1616161616159725 0.141414141414591 0
1952 0.1616161616159624 0.1313131313135503 0
1953 0.1616161616159523 0.1212121212125087 0
1954 0.1616161616159421 0.1111111111114661 0
1955 0.161616161615932 0.1010101010104232 0
1956 0.1616161616159218 0.09090909090938037 0
1957 0.1616161616159117 0.08080808080833762 0
1958 0.1616161616159015 0.07070707070729476 0
1959 0.1616161616158914 0.06060606060625222 0
1960 0.1616161616158813 0.05050505050521034 0
1961 0.1616161616158712 0.04040404040416865 0
1962 0.161616161615861 0.0303030303031267 0
1963 0.1616161616158509 0.02020202020208461 0
1964 0.1616161616158407 0.01010101010104234 0
1965 0.1717171717178756 0.9898989898989505 0
1966 0.1717171717178648 0.9797979797979011 0
1967 0.1717171717178539 0.9696969696968515 0
1968 0.1717171717178431 0.9595959595958017 0
1969 0.1717171717178322 0.9494949494947524 0
1970 0.1717171717178213 0.939393939393703 0
1971 0.1717171717178105 0.9292929292926533 0
1972 0.1717171717177997 0.9191919191916039 0
1973 0.1717171717177887 0.9090909090905545 0
1974 0.1717171717177779 0.8989898989895049 0
1975 0.171717171717767 0.8888888888884554 0
1976 0.1717171717177561 0.8787878787874153 0
1977 0.1717171717177453 0.8686868686864178 0
1978 0.1717171717177345 0.8585858585854579 0
1979 0.1717171717177235 0.8484848484845011 0
1980 0.1717171717177127 0.8383838383835445 0
1981 0.1717171717177019 0.8282828282825879 0
1982 0.1717171717176909 0.8181818181816315 0
1983 0.1717171717176801 0.8080808080806747 0
1984 0.1717171717176693 0.7979797979797182 0
1985 0.1717171717176584 0.7878787878787614 0
1986 0.1717171717176475 0.777777777777805 0
1987 0.1717171717176367 0.7676767676768484 0
1988 0.1717171717176258 0.7575757575758916 0
1989 0.1717171717176149 0.747474747474935 0
1990 0.1717171717176041 0.7373737373739784 0
1991 0.1717171717175933 0.7272727272730217 0
1992 0.1717171717175824 0.7171717171720651 0
1993 0.1717171717175715 0.7070707070711084 0
1994 0.1717171717175607 0.6969696969701518 0
1995 0.1717171717175498 0.6868686868691951 0
1996 0.1717171717175389 0.6767676767682385 0
1997 0.1717171717175281 0.6666666666672818 0
1998 0.1717171717175172 0.6565656565663254 0
1999 0.1717171717175063 0.6464646464653687 0
2000 0.1717171717174955 0.6363636363644118 0
2001 0.1717171717174846 0.6262626262634554 0
2002 0.1717171717174737 0.6161616161624988 0
2003 0.1717171717174629 0.6060606060615421 0
2004 0.171717171717452 0.5959595959605855 0
2005 0.1717171717174412 0.5858585858596288 0
2006 0.1717171717174303 0.5757575757586721 0
2007 0.1717171717174194 0.5656565656577155 0
2008 0.1717171717174086 0.5555555555567588 0
2009 0.1717171717173978 0.5454545454558022 0
2010 0.1717171717173869 0.5353535353548455 0
2011 0.171717171717376 0.5252525252538889 0
2012 0.1717171717173652 0.5151515151529322 0
2013 0.1717171717173543 0.50505050505197 0
2014 0.1717171717173434 0.4949494949509717 0
2015 0.1717171717173326 0.4848484848499376 0
2016 0.1717171717173217 0.4747474747488977 0
2017 0.1717171717173108 0.4646464646478579 0
2018 0.1717171717172999 0.4545454545468181 0
2019 0.1717171717172891 0.444444444445778 0
2020 0.1717171717172783 0.4343434343447382 0
2021 0.1717171717172674 0.4242424242436984 0
2022 0.1717171717172565 0.4141414141426586 0
2023 0.1717171717172457 0.4040404040416187 0
2024 0.1717171717172348 0.3939393939405788 0
2025 0.1717171717172239 0.3838383838395389 0
2026 0.1717171717172131 0.3737373737384991 0
2027 0.1717171717172022 0.3636363636374592 0
2028 0.1717171717171914 0.3535353535364193 0
2029 0.1717171717171805 0.3434343434353795 0
2030 0.1717171717171697 0.3333333333343396 0
2031 0.1717171717171588 0.3232323232332998 0
2032 0.171717171717148 0.3131313131322599 0
2033 0.1717171717171371 0.30303030303122 0
2034 0.1717171717171262 0.2929292929301802 0
2035 0.1717171717171153 0.2828282828291403 0
2036 0.1717171717171045 0.2727272727281004 0
2037 0.1717171717170936 0.2626262626270607 0
2038 0.1717171717170828 0.2525252525260208 0
2039 0.1717171717170719 0.2424242424249808 0
2040 0.171717171717061 0.232323232323941 0
2041 0.1717171717170501 0.2222222222229012 0
2042 0.1717171717170393 0.2121212121218612 0
2043 0.1717171717170284 0.2020202020208215 0
2044 0.1717171717170176 0.1919191919197816 0
2045 0.1717171717170067 0.1818181818187417 0
2046 0.1717171717169959 0.1717171717177018 0
2047 0.171717171716985 0.161616161616662 0
2048 0.1717171717169741 0.1515151515156221 0
2049 0.1717171717169633 0.1414141414145823 0
2050 0.1717171717169524 0.1313131313135423 0
2051 0.1717171717169416 0.1212121212125014 0
2052 0.1717171717169307 0.1111111111114594 0
2053 0.1717171717169198 0.1010101010104171 0
2054 0.171717171716909 0.0909090909093748 0
2055 0.1717171717168981 0.08080808080833263 0
2056 0.1717171717168873 0.07070707070729038 0
2057 0.1717171717168764 0.06060606060624843 0
2058 0.1717171717168655 0.05050505050520719 0
2059 0.1717171717168547 0.04040404040416615 0
2060 0.1717171717168438 0.03030303030312484 0
2061 0.171717171716833 0.02020202020208338 0
2062 0.1717171717168221 0.01010101010104172 0
2063 0.181818181818927 0.9898989898989508 0
2064 0.1818181818189155 0.9797979797979013 0
2065 0.1818181818189038 0.9696969696968519 0
2066 0.1818181818188923 0.9595959595958026 0
2067 0.1818181818188807 0.9494949494947533 0
2068 0.1818181818188691 0.9393939393937039 0
2069 0.1818181818188575 0.9292929292926544 0
2070 0.181818181818846 0.919191919191605 0
2071 0.1818181818188344 0.9090909090905559 0
2072 0.1818181818188228 0.8989898989895065 0
2073 0.1818181818188112 0.888888888888457 0
2074 0.1818181818187996 0.8787878787874168 0
2075 0.1818181818187881 0.8686868686864192 0
2076 0.1818181818187765 0.8585858585854581 0
2077 0.1818181818187648 0.8484848484845005 0
2078 0.1818181818187533 0.8383838383835429 0
2079 0.1818181818187417 0.8282828282825853 0
2080 0.1818181818187301 0.8181818181816277 0
2081 0.1818181818187186 0.8080808080806701 0
2082 0.1818181818187069 0.7979797979797126 0
2083 0.1818181818186954 0.787878787878755 0
2084 0.1818181818186838 0.7777777777777974 0
2085 0.1818181818186722 0.7676767676768398 0
2086 0.1818181818186606 0.7575757575758821 0
2087 0.1818181818186491 0.7474747474749248 0
2088 0.1818181818186374 0.7373737373739671 0
2089 0.1818181818186258 0.7272727272730095 0
2090 0.1818181818186143 0.7171717171720517 0
2091 0.1818181818186026 0.7070707070710942 0
2092 0.1818181818185911 0.6969696969701364 0
2093 0.1818181818185795 0.6868686868691789 0
2094 0.1818181818185679 0.6767676767682214 0
2095 0.1818181818185564 0.6666666666672638 0
2096 0.1818181818185448 0.6565656565663061 0
2097 0.1818181818185332 0.6464646464653483 0
2098 0.1818181818185216 0.636363636364391 0
2099 0.18181818181851 0.6262626262634332 0
2100 0.1818181818184985 0.6161616161624757 0
2101 0.1818181818184869 0.6060606060615179 0
2102 0.1818181818184753 0.5959595959605604 0
2103 0.1818181818184637 0.5858585858596028 0
2104 0.1818181818184521 0.5757575757586453 0
2105 0.1818181818184405 0.5656565656576875 0
2106 0.1818181818184289 0.55555555555673 0
2107 0.1818181818184174 0.5454545454557722 0
2108 0.1818181818184058 0.5353535353548147 0
2109 0.1818181818183942 0.5252525252538571 0
2110 0.1818181818183826 0.5151515151528994 0
2111 0.1818181818183709 0.5050505050519363 0
2112 0.1818181818183594 0.4949494949509379 0
2113 0.1818181818183479 0.4848484848499043 0
2114 0.1818181818183363 0.4747474747488651 0
2115 0.1818181818183247 0.464646464647826 0
2116 0.1818181818183131 0.4545454545467869 0
2117 0.1818181818183015 0.4444444444457477 0
2118 0.18181818181829 0.4343434343447087 0
2119 0.1818181818182784 0.4242424242436694 0
2120 0.1818181818182667 0.4141414141426304 0
2121 0.1818181818182552 0.4040404040415911 0
2122 0.1818181818182436 0.393939393940552 0
2123 0.181818181818232 0.3838383838395129 0
2124 0.1818181818182204 0.3737373737384738 0
2125 0.1818181818182089 0.3636363636374346 0
2126 0.1818181818181972 0.3535353535363955 0
2127 0.1818181818181857 0.3434343434353564 0
2128 0.1818181818181741 0.3333333333343171 0
2129 0.1818181818181625 0.3232323232332781 0
2130 0.1818181818181509 0.313131313132239 0
2131 0.1818181818181394 0.3030303030311998 0
2132 0.1818181818181278 0.2929292929301607 0
2133 0.1818181818181162 0.2828282828291214 0
2134 0.1818181818181046 0.2727272727280824 0
2135 0.1818181818180929 0.2626262626270434 0
2136 0.1818181818180814 0.2525252525260041 0
2137 0.1818181818180698 0.242424242424965 0
2138 0.1818181818180582 0.2323232323239258 0
2139 0.1818181818180467 0.2222222222228867 0
2140 0.1818181818180351 0.2121212121218475 0
2141 0.1818181818180234 0.2020202020208084 0
2142 0.1818181818180119 0.1919191919197694 0
2143 0.1818181818180004 0.1818181818187301 0
2144 0.1818181818179887 0.171717171717691 0
2145 0.1818181818179772 0.1616161616166518 0
2146 0.1818181818179656 0.1515151515156127 0
2147 0.1818181818179539 0.1414141414145735 0
2148 0.1818181818179424 0.1313131313135344 0
2149 0.1818181818179308 0.1212121212124941 0
2150 0.1818181818179192 0.1111111111114527 0
2151 0.1818181818179077 0.1010101010104109 0
2152 0.1818181818178961 0.09090909090936924 0
2153 0.1818181818178844 0.08080808080832763 0
2154 0.1818181818178729 0.07070707070728599 0
2155 0.1818181818178613 0.06060606060624463 0
2156 0.1818181818178497 0.05050505050520404 0
2157 0.1818181818178382 0.04040404040416365 0
2158 0.1818181818178266 0.03030303030312298 0
2159 0.181818181817815 0.02020202020208214 0
2160 0.1818181818178034 0.0101010101010411 0
2161 0.1919191919199785 0.9898989898989508 0
2162 0.1919191919199663 0.9797979797979017 0
2163 0.1919191919199539 0.9696969696968524 0
2164 0.1919191919199416 0.9595959595958032 0
2165 0.1919191919199293 0.949494949494754 0
2166 0.191919191919917 0.939393939393705 0
2167 0.1919191919199048 0.9292929292926556 0
2168 0.1919191919198924 0.9191919191916064 0
2169 0.1919191919198801 0.9090909090905575 0
2170 0.1919191919198678 0.8989898989895081 0
2171 0.1919191919198555 0.8888888888884587 0
2172 0.1919191919198432 0.8787878787874186 0
2173 0.1919191919198309 0.8686868686864205 0
2174 0.1919191919198185 0.8585858585854583 0
2175 0.1919191919198062 0.8484848484844998 0
2176 0.191919191919794 0.8383838383835414 0
2177 0.1919191919197816 0.8282828282825826 0
2178 0.1919191919197694 0.8181818181816243 0
2179 0.191919191919757 0.8080808080806656 0
2180 0.1919191919197447 0.7979797979797069 0
2181 0.1919191919197324 0.7878787878787485 0
2182 0.1919191919197201 0.7777777777777899 0
2183 0.1919191919197078 0.7676767676768315 0
2184 0.1919191919196955 0.7575757575758729 0
2185 0.1919191919196832 0.7474747474749142 0
2186 0.1919191919196708 0.7373737373739555 0
2187 0.1919191919196586 0.7272727272729971 0
2188 0.1919191919196463 0.7171717171720384 0
2189 0.191919191919634 0.7070707070710798 0
2190 0.1919191919196216 0.6969696969701211 0
2191 0.1919191919196093 0.6868686868691627 0
2192 0.1919191919195971 0.676767676768204 0
2193 0.1919191919195847 0.6666666666672454 0
2194 0.1919191919195724 0.656565656566287 0
2195 0.1919191919195601 0.6464646464653283 0
2196 0.1919191919195478 0.6363636363643697 0
2197 0.1919191919195354 0.626262626263411 0
2198 0.1919191919195232 0.6161616161624526 0
2199 0.1919191919195109 0.6060606060614939 0
2200 0.1919191919194985 0.5959595959605353 0
2201 0.1919191919194863 0.5858585858595768 0
2202 0.1919191919194739 0.5757575757586182 0
2203 0.1919191919194617 0.5656565656576595 0
2204 0.1919191919194493 0.5555555555567009 0
2205 0.191919191919437 0.5454545454557425 0
2206 0.1919191919194247 0.5353535353547838 0
2207 0.1919191919194124 0.5252525252538252 0
2208 0.1919191919194001 0.5151515151528665 0
2209 0.1919191919193878 0.5050505050519025 0
2210 0.1919191919193755 0.494949494950904 0
2211 0.1919191919193632 0.484848484849871 0
2212 0.1919191919193509 0.4747474747488326 0
2213 0.1919191919193386 0.4646464646477942 0
2214 0.1919191919193263 0.4545454545467558 0
2215 0.1919191919193139 0.4444444444457173 0
2216 0.1919191919193016 0.4343434343446789 0
2217 0.1919191919192894 0.4242424242436406 0
2218 0.191919191919277 0.4141414141426022 0
2219 0.1919191919192647 0.4040404040415636 0
2220 0.1919191919192524 0.3939393939405252 0
2221 0.1919191919192401 0.3838383838394869 0
2222 0.1919191919192278 0.3737373737384485 0
2223 0.1919191919192155 0.36363636363741 0
2224 0.1919191919192031 0.3535353535363716 0
2225 0.1919191919191909 0.3434343434353333 0
2226 0.1919191919191786 0.3333333333342947 0
2227 0.1919191919191663 0.3232323232332563 0
2228 0.191919191919154 0.313131313132218 0
2229 0.1919191919191416 0.3030303030311796 0
2230 0.1919191919191293 0.2929292929301411 0
2231 0.191919191919117 0.2828282828291027 0
2232 0.1919191919191047 0.2727272727280642 0
2233 0.1919191919190925 0.2626262626270259 0
2234 0.1919191919190801 0.2525252525259875 0
2235 0.1919191919190678 0.242424242424949 0
2236 0.1919191919190555 0.2323232323239106 0
2237 0.1919191919190432 0.2222222222228722 0
2238 0.1919191919190309 0.2121212121218338 0
2239 0.1919191919190186 0.2020202020207954 0
2240 0.1919191919190063 0.191919191919757 0
2241 0.191919191918994 0.1818181818187185 0
2242 0.1919191919189817 0.1717171717176801 0
2243 0.1919191919189693 0.1616161616166417 0
2244 0.191919191918957 0.1515151515156033 0
2245 0.1919191919189447 0.1414141414145649 0
2246 0.1919191919189324 0.1313131313135264 0
2247 0.1919191919189202 0.1212121212124868 0
2248 0.1919191919189078 0.1111111111114459 0
2249 0.1919191919188955 0.1010101010104048 0
2250 0.1919191919188832 0.09090909090936367 0
2251 0.1919191919188709 0.08080808080832269 0
2252 0.1919191919188586 0.07070707070728161 0
2253 0.1919191919188463 0.06060606060624085 0
2254 0.191919191918834 0.05050505050520089 0
2255 0.1919191919188217 0.04040404040416115 0
2256 0.1919191919188094 0.03030303030312113 0
2257 0.191919191918797 0.02020202020208091 0
2258 0.1919191919187847 0.01010101010104048 0
2259 0.20202020202103 0.989898989898951 0
2260 0.2020202020210169 0.979797979797902 0
2261 0.2020202020210038 0.9696969696968528 0
2262 0.2020202020209909 0.959595959595804 0
2263 0.2020202020209778 0.9494949494947547 0
2264 0.2020202020209648 0.9393939393937059 0
2265 0.2020202020209518 0.9292929292926567 0
2266 0.2020202020209387 0.9191919191916077 0
2267 0.2020202020209257 0.9090909090905587 0
2268 0.2020202020209127 0.8989898989895097 0
2269 0.2020202020208997 0.8888888888884605 0
2270 0.2020202020208867 0.8787878787874206 0
2271 0.2020202020208735 0.8686868686864219 0
2272 0.2020202020208605 0.8585858585854587 0
2273 0.2020202020208476 0.8484848484844991 0
2274 0.2020202020208345 0.8383838383835396 0
2275 0.2020202020208215 0.8282828282825805 0
2276 0.2020202020208085 0.8181818181816206 0
2277 0.2020202020207954 0.8080808080806612 0
2278 0.2020202020207824 0.7979797979797015 0
2279 0.2020202020207693 0.7878787878787419 0
2280 0.2020202020207563 0.7777777777777823 0
2281 0.2020202020207433 0.7676767676768229 0
2282 0.2020202020207302 0.7575757575758634 0
2283 0.2020202020207172 0.7474747474749037 0
2284 0.2020202020207043 0.7373737373739444 0
2285 0.2020202020206912 0.7272727272729846 0
2286 0.2020202020206782 0.7171717171720251 0
2287 0.2020202020206651 0.7070707070710656 0
2288 0.2020202020206521 0.696969696970106 0
2289 0.2020202020206391 0.6868686868691463 0
2290 0.202020202020626 0.6767676767681867 0
2291 0.202020202020613 0.6666666666672272 0
2292 0.2020202020206 0.6565656565662679 0
2293 0.2020202020205869 0.6464646464653081 0
2294 0.2020202020205739 0.6363636363643483 0
2295 0.2020202020205609 0.6262626262633888 0
2296 0.2020202020205479 0.6161616161624295 0
2297 0.2020202020205348 0.6060606060614699 0
2298 0.2020202020205218 0.5959595959605104 0
2299 0.2020202020205088 0.5858585858595506 0
2300 0.2020202020204958 0.5757575757585911 0
2301 0.2020202020204827 0.5656565656576316 0
2302 0.2020202020204697 0.5555555555566718 0
2303 0.2020202020204567 0.5454545454557123 0
2304 0.2020202020204436 0.5353535353547527 0
2305 0.2020202020204306 0.5252525252537932 0
2306 0.2020202020204176 0.5151515151528336 0
2307 0.2020202020204045 0.5050505050518688 0
2308 0.2020202020203915 0.4949494949508702 0
2309 0.2020202020203785 0.4848484848498377 0
2310 0.2020202020203655 0.4747474747488 0
2311 0.2020202020203524 0.4646464646477624 0
2312 0.2020202020203394 0.4545454545467247 0
2313 0.2020202020203263 0.444444444445687 0
2314 0.2020202020203133 0.4343434343446493 0
2315 0.2020202020203002 0.4242424242436117 0
2316 0.2020202020202873 0.414141414142574 0
2317 0.2020202020202742 0.4040404040415362 0
2318 0.2020202020202612 0.3939393939404985 0
2319 0.2020202020202482 0.3838383838394608 0
2320 0.2020202020202351 0.3737373737384232 0
2321 0.2020202020202221 0.3636363636373854 0
2322 0.2020202020202091 0.3535353535363478 0
2323 0.202020202020196 0.3434343434353101 0
2324 0.2020202020201831 0.3333333333342723 0
2325 0.20202020202017 0.3232323232332347 0
2326 0.202020202020157 0.313131313132197 0
2327 0.2020202020201439 0.3030303030311593 0
2328 0.2020202020201309 0.2929292929301216 0
2329 0.2020202020201179 0.2828282828290839 0
2330 0.2020202020201048 0.2727272727280462 0
2331 0.2020202020200919 0.2626262626270086 0
2332 0.2020202020200788 0.2525252525259708 0
2333 0.2020202020200658 0.2424242424249331 0
2334 0.2020202020200527 0.2323232323238954 0
2335 0.2020202020200397 0.2222222222228578 0
2336 0.2020202020200267 0.21212121212182 0
2337 0.2020202020200136 0.2020202020207824 0
2338 0.2020202020200006 0.1919191919197447 0
2339 0.2020202020199876 0.1818181818187069 0
2340 0.2020202020199745 0.1717171717176693 0
2341 0.2020202020199615 0.1616161616166316 0
2342 0.2020202020199485 0.1515151515155939 0
2343 0.2020202020199354 0.1414141414145562 0
2344 0.2020202020199224 0.1313131313135184 0
2345 0.2020202020199094 0.1212121212124795 0
2346 0.2020202020198963 0.1111111111114392 0
2347 0.2020202020198834 0.1010101010103986 0
2348 0.2020202020198703 0.09090909090935811 0
2349 0.2020202020198573 0.08080808080831769 0
2350 0.2020202020198443 0.07070707070727719 0
2351 0.2020202020198312 0.06060606060623705 0
2352 0.2020202020198182 0.05050505050519774 0
2353 0.2020202020198052 0.04040404040415865 0
2354 0.2020202020197921 0.03030303030311927 0
2355 0.2020202020197791 0.02020202020207967 0
2356 0.2020202020197661 0.01010101010103986 0
2357 0.2121212121220813 0.9898989898989512 0
2358 0.2121212121220675 0.9797979797979022 0
2359 0.2121212121220538 0.9696969696968532 0
2360 0.21212121212204 0.9595959595958045 0
2361 0.2121212121220262 0.9494949494947555 0
2362 0.2121212121220125 0.9393939393937067 0
2363 0.2121212121219987 0.9292929292926578 0
2364 0.212121212121985 0.9191919191916088 0
2365 0.2121212121219713 0.90909090909056 0
2366 0.2121212121219574 0.8989898989895112 0
2367 0.2121212121219438 0.8888888888884623 0
2368 0.21212121212193 0.8787878787874221 0
2369 0.2121212121219163 0.8686868686864233 0
2370 0.2121212121219025 0.8585858585854592 0
2371 0.2121212121218887 0.8484848484844987 0
2372 0.212121212121875 0.838383838383538 0
2373 0.2121212121218612 0.8282828282825777 0
2374 0.2121212121218474 0.8181818181816168 0
2375 0.2121212121218338 0.8080808080806565 0
2376 0.2121212121218199 0.797979797979696 0
2377 0.2121212121218062 0.7878787878787357 0
2378 0.2121212121217925 0.7777777777777748 0
2379 0.2121212121217787 0.7676767676768144 0
2380 0.212121212121765 0.7575757575758538 0
2381 0.2121212121217513 0.7474747474748935 0
2382 0.2121212121217375 0.7373737373739329 0
2383 0.2121212121217237 0.7272727272729724 0
2384 0.2121212121217099 0.7171717171720118 0
2385 0.2121212121216962 0.7070707070710514 0
2386 0.2121212121216824 0.6969696969700907 0
2387 0.2121212121216687 0.6868686868691303 0
2388 0.212121212121655 0.6767676767681694 0
2389 0.2121212121216412 0.666666666667209 0
2390 0.2121212121216275 0.6565656565662485 0
2391 0.2121212121216137 0.6464646464652879 0
2392 0.2121212121216 0.6363636363643275 0
2393 0.2121212121215862 0.6262626262633668 0
2394 0.2121212121215725 0.6161616161624064 0
2395 0.2121212121215588 0.6060606060614457 0
2396 0.2121212121215449 0.5959595959604853 0
2397 0.2121212121215312 0.5858585858595247 0
2398 0.2121212121215174 0.575757575758564 0
2399 0.2121212121215037 0.5656565656576036 0
2400 0.2121212121214899 0.5555555555566429 0
2401 0.2121212121214762 0.5454545454556825 0
2402 0.2121212121214625 0.5353535353547219 0
2403 0.2121212121214487 0.5252525252537612 0
2404 0.212121212121435 0.5151515151528006 0
2405 0.2121212121214212 0.505050505051835 0
2406 0.2121212121214074 0.4949494949508363 0
2407 0.2121212121213937 0.4848484848498046 0
2408 0.2121212121213799 0.4747474747487676 0
2409 0.2121212121213663 0.4646464646477305 0
2410 0.2121212121213525 0.4545454545466936 0
2411 0.2121212121213387 0.4444444444456566 0
2412 0.212121212121325 0.4343434343446196 0
2413 0.2121212121213112 0.4242424242435827 0
2414 0.2121212121212975 0.4141414141425458 0
2415 0.2121212121212837 0.4040404040415088 0
2416 0.2121212121212699 0.3939393939404717 0
2417 0.2121212121212562 0.3838383838394348 0
2418 0.2121212121212425 0.3737373737383979 0
2419 0.2121212121212287 0.3636363636373608 0
2420 0.2121212121212149 0.3535353535363238 0
2421 0.2121212121212012 0.3434343434352869 0
2422 0.2121212121211875 0.3333333333342499 0
2423 0.2121212121211737 0.323232323233213 0
2424 0.2121212121211599 0.313131313132176 0
2425 0.2121212121211462 0.303030303031139 0
2426 0.2121212121211324 0.2929292929301021 0
2427 0.2121212121211187 0.282828282829065 0
2428 0.212121212121105 0.2727272727280281 0
2429 0.2121212121210912 0.2626262626269912 0
2430 0.2121212121210774 0.2525252525259541 0
2431 0.2121212121210637 0.2424242424249172 0
2432 0.21212121212105 0.2323232323238802 0
2433 0.2121212121210362 0.2222222222228433 0
2434 0.2121212121210224 0.2121212121218062 0
2435 0.2121212121210087 0.2020202020207694 0
2436 0.2121212121209949 0.1919191919197324 0
2437 0.2121212121209812 0.1818181818186954 0
2438 0.2121212121209675 0.1717171717176584 0
2439 0.2121212121209537 0.1616161616166214 0
2440 0.2121212121209399 0.1515151515155845 0
2441 0.2121212121209262 0.1414141414145475 0
2442 0.2121212121209124 0.1313131313135104 0
2443 0.2121212121208987 0.1212121212124722 0
2444 0.212121212120885 0.1111111111114325 0
2445 0.2121212121208712 0.1010101010103925 0
2446 0.2121212121208574 0.09090909090935256 0
2447 0.2121212121208437 0.08080808080831273 0
2448 0.2121212121208299 0.07070707070727278 0
2449 0.2121212121208161 0.06060606060623326 0
2450 0.2121212121208025 0.05050505050519459 0
2451 0.2121212121207887 0.04040404040415616 0
2452 0.2121212121207749 0.03030303030311741 0
2453 0.2121212121207612 0.02020202020207844 0
2454 0.2121212121207474 0.01010101010103925 0
2455 0.2222222222231328 0.9898989898989514 0
2456 0.2222222222231183 0.9797979797979026 0
2457 0.2222222222231038 0.9696969696968538 0
2458 0.2222222222230893 0.9595959595958051 0
2459 0.2222222222230749 0.9494949494947564 0
2460 0.2222222222230604 0.9393939393937076 0
2461 0.2222222222230459 0.9292929292926587 0
2462 0.2222222222230314 0.9191919191916103 0
2463 0.222222222223017 0.9090909090905613 0
2464 0.2222222222230025 0.8989898989895124 0
2465 0.222222222222988 0.8888888888884641 0
2466 0.2222222222229736 0.8787878787874239 0
2467 0.2222222222229591 0.8686868686864243 0
2468 0.2222222222229446 0.8585858585854594 0
2469 0.2222222222229301 0.848484848484498 0
2470 0.2222222222229157 0.8383838383835365 0
2471 0.2222222222229012 0.828282828282575 0
2472 0.2222222222228867 0.8181818181816134 0
2473 0.2222222222228722 0.8080808080806519 0
2474 0.2222222222228578 0.7979797979796905 0
2475 0.2222222222228433 0.787878787878729 0
2476 0.2222222222228288 0.7777777777777675 0
2477 0.2222222222228143 0.767676767676806 0
2478 0.2222222222227998 0.7575757575758445 0
2479 0.2222222222227854 0.7474747474748831 0
2480 0.2222222222227709 0.7373737373739215 0
2481 0.2222222222227564 0.72727272727296 0
2482 0.222222222222742 0.7171717171719985 0
2483 0.2222222222227275 0.7070707070710369 0
2484 0.222222222222713 0.6969696969700754 0
2485 0.2222222222226986 0.6868686868691138 0
2486 0.2222222222226841 0.6767676767681523 0
2487 0.2222222222226696 0.6666666666671908 0
2488 0.2222222222226551 0.6565656565662294 0
2489 0.2222222222226407 0.6464646464652677 0
2490 0.2222222222226262 0.6363636363643062 0
2491 0.2222222222226117 0.6262626262633446 0
2492 0.2222222222225972 0.6161616161623833 0
2493 0.2222222222225828 0.6060606060614215 0
2494 0.2222222222225683 0.5959595959604602 0
2495 0.2222222222225538 0.5858585858594987 0
2496 0.2222222222225393 0.5757575757585371 0
2497 0.2222222222225249 0.5656565656575756 0
2498 0.2222222222225104 0.5555555555566141 0
2499 0.2222222222224959 0.5454545454556525 0
2500 0.2222222222224814 0.535353535354691 0
2501 0.222222222222467 0.5252525252537295 0
2502 0.2222222222224525 0.5151515151527677 0
2503 0.222222222222438 0.5050505050518013 0
2504 0.2222222222224235 0.4949494949508024 0
2505 0.2222222222224091 0.4848484848497713 0
2506 0.2222222222223946 0.474747474748735 0
2507 0.2222222222223801 0.4646464646476988 0
2508 0.2222222222223657 0.4545454545466625 0
2509 0.2222222222223512 0.4444444444456263 0
2510 0.2222222222223367 0.4343434343445901 0
2511 0.2222222222223222 0.4242424242435537 0
2512 0.2222222222223078 0.4141414141425176 0
2513 0.2222222222222933 0.4040404040414812 0
2514 0.2222222222222788 0.393939393940445 0
2515 0.2222222222222643 0.3838383838394087 0
2516 0.2222222222222499 0.3737373737383726 0
2517 0.2222222222222354 0.3636363636373362 0
2518 0.2222222222222209 0.3535353535363001 0
2519 0.2222222222222064 0.3434343434352638 0
2520 0.222222222222192 0.3333333333342274 0
2521 0.2222222222221775 0.3232323232331913 0
2522 0.222222222222163 0.313131313132155 0
2523 0.2222222222221485 0.3030303030311188 0
2524 0.2222222222221341 0.2929292929300825 0
2525 0.2222222222221196 0.2828282828290463 0
2526 0.2222222222221051 0.27272727272801 0
2527 0.2222222222220906 0.2626262626269739 0
2528 0.2222222222220762 0.2525252525259375 0
2529 0.2222222222220617 0.2424242424249013 0
2530 0.2222222222220472 0.232323232323865 0
2531 0.2222222222220327 0.2222222222228288 0
2532 0.2222222222220183 0.2121212121217925 0
2533 0.2222222222220038 0.2020202020207563 0
2534 0.2222222222219893 0.1919191919197201 0
2535 0.2222222222219749 0.1818181818186838 0
2536 0.2222222222219604 0.1717171717176476 0
2537 0.2222222222219459 0.1616161616166113 0
2538 0.2222222222219314 0.151515151515575 0
2539 0.222222222221917 0.1414141414145388 0
2540 0.2222222222219025 0.1313131313135024 0
2541 0.222222222221888 0.1212121212124649 0
2542 0.2222222222218735 0.1111111111114258 0
2543 0.2222222222218591 0.1010101010103864 0
2544 0.2222222222218446 0.09090909090934701 0
2545 0.2222222222218301 0.08080808080830776 0
2546 0.2222222222218156 0.07070707070726839 0
2547 0.2222222222218012 0.06060606060622947 0
2548 0.2222222222217867 0.05050505050519144 0
2549 0.2222222222217722 0.04040404040415364 0
2550 0.2222222222217577 0.03030303030311556 0
2551 0.2222222222217433 0.0202020202020772 0
2552 0.2222222222217288 0.01010101010103863 0
2553 0.2323232323241842 0.9898989898989514 0
2554 0.232323232324169 0.9797979797979031 0
2555 0.2323232323241538 0.9696969696968543 0
2556 0.2323232323241386 0.9595959595958058 0
2557 0.2323232323241234 0.9494949494947571 0
2558 0.2323232323241082 0.9393939393937085 0
2559 0.232323232324093 0.9292929292926601 0
2560 0.2323232323240778 0.9191919191916114 0
2561 0.2323232323240626 0.9090909090905627 0
2562 0.2323232323240474 0.8989898989895144 0
2563 0.2323232323240322 0.8888888888884656 0
2564 0.232323232324017 0.8787878787874257 0
2565 0.2323232323240018 0.8686868686864254 0
2566 0.2323232323239866 0.8585858585854597 0
2567 0.2323232323239715 0.8484848484844973 0
2568 0.2323232323239562 0.8383838383835347 0
2569 0.2323232323239411 0.8282828282825724 0
2570 0.2323232323239258 0.81818181818161 0
2571 0.2323232323239107 0.8080808080806474 0
2572 0.2323232323238955 0.7979797979796851 0
2573 0.2323232323238802 0.7878787878787226 0
2574 0.2323232323238651 0.7777777777777601 0
2575 0.2323232323238498 0.7676767676767974 0
2576 0.2323232323238346 0.7575757575758352 0
2577 0.2323232323238194 0.7474747474748724 0
2578 0.2323232323238043 0.7373737373739102 0
2579 0.2323232323237891 0.7272727272729476 0
2580 0.2323232323237738 0.7171717171719849 0
2581 0.2323232323237587 0.7070707070710225 0
2582 0.2323232323237435 0.6969696969700598 0
2583 0.2323232323237283 0.6868686868690976 0
2584 0.2323232323237131 0.6767676767681352 0
2585 0.2323232323236979 0.6666666666671726 0
2586 0.2323232323236827 0.6565656565662101 0
2587 0.2323232323236675 0.6464646464652475 0
2588 0.2323232323236523 0.6363636363642851 0
2589 0.2323232323236371 0.6262626262633226 0
2590 0.2323232323236219 0.6161616161623602 0
2591 0.2323232323236067 0.6060606060613976 0
2592 0.2323232323235915 0.5959595959604351 0
2593 0.2323232323235763 0.5858585858594725 0
2594 0.2323232323235611 0.5757575757585101 0
2595 0.2323232323235459 0.5656565656575476 0
2596 0.2323232323235308 0.5555555555565852 0
2597 0.2323232323235155 0.5454545454556226 0
2598 0.2323232323235003 0.5353535353546601 0
2599 0.2323232323234851 0.5252525252536975 0
2600 0.2323232323234699 0.5151515151527348 0
2601 0.2323232323234548 0.5050505050517675 0
2602 0.2323232323234395 0.4949494949507686 0
2603 0.2323232323234243 0.484848484849738 0
2604 0.2323232323234091 0.4747474747487025 0
2605 0.2323232323233939 0.464646464647667 0
2606 0.2323232323233787 0.4545454545466314 0
2607 0.2323232323233635 0.4444444444455958 0
2608 0.2323232323233484 0.4343434343445604 0
2609 0.2323232323233332 0.4242424242435249 0
2610 0.232323232323318 0.4141414141424894 0
2611 0.2323232323233028 0.4040404040414537 0
2612 0.2323232323232876 0.3939393939404182 0
2613 0.2323232323232723 0.3838383838393827 0
2614 0.2323232323232572 0.3737373737383473 0
2615 0.232323232323242 0.3636363636373117 0
2616 0.2323232323232268 0.3535353535362762 0
2617 0.2323232323232116 0.3434343434352406 0
2618 0.2323232323231964 0.333333333334205 0
2619 0.2323232323231812 0.3232323232331696 0
2620 0.232323232323166 0.313131313132134 0
2621 0.2323232323231508 0.3030303030310986 0
2622 0.2323232323231356 0.292929292930063 0
2623 0.2323232323231204 0.2828282828290275 0
2624 0.2323232323231053 0.2727272727279919 0
2625 0.23232323232309 0.2626262626269565 0
2626 0.2323232323230748 0.2525252525259208 0
2627 0.2323232323230596 0.2424242424248854 0
2628 0.2323232323230444 0.2323232323238499 0
2629 0.2323232323230292 0.2222222222228143 0
2630 0.232323232323014 0.2121212121217787 0
2631 0.2323232323229988 0.2020202020207433 0
2632 0.2323232323229836 0.1919191919197077 0
2633 0.2323232323229684 0.1818181818186722 0
2634 0.2323232323229533 0.1717171717176367 0
2635 0.2323232323229381 0.1616161616166011 0
2636 0.2323232323229228 0.1515151515155656 0
2637 0.2323232323229076 0.1414141414145301 0
2638 0.2323232323228924 0.1313131313134945 0
2639 0.2323232323228772 0.1212121212124575 0
2640 0.232323232322862 0.1111111111114191 0
2641 0.2323232323228469 0.1010101010103802 0
2642 0.2323232323228316 0.09090909090934146 0
2643 0.2323232323228165 0.08080808080830276 0
2644 0.2323232323228013 0.07070707070726398 0
2645 0.2323232323227861 0.06060606060622567 0
2646 0.2323232323227709 0.05050505050518829 0
2647 0.2323232323227556 0.04040404040415115 0
2648 0.2323232323227404 0.0303030303031137 0
2649 0.2323232323227253 0.02020202020207597 0
2650 0.2323232323227101 0.010101010101038 0
2651 0.2424242424252356 0.9898989898989516 0
2652 0.2424242424252196 0.9797979797979031 0
2653 0.2424242424252038 0.9696969696968548 0
2654 0.2424242424251878 0.9595959595958062 0
2655 0.2424242424251719 0.949494949494758 0
2656 0.242424242425156 0.9393939393937094 0
2657 0.2424242424251401 0.9292929292926608 0
2658 0.2424242424251242 0.9191919191916126 0
2659 0.2424242424251082 0.9090909090905646 0
2660 0.2424242424250924 0.8989898989895159 0
2661 0.2424242424250764 0.8888888888884674 0
2662 0.2424242424250605 0.8787878787874275 0
2663 0.2424242424250446 0.8686868686864267 0
2664 0.2424242424250286 0.8585858585854602 0
2665 0.2424242424250127 0.8484848484844967 0
2666 0.2424242424249968 0.8383838383835331 0
2667 0.2424242424249809 0.8282828282825697 0
2668 0.242424242424965 0.8181818181816062 0
2669 0.2424242424249491 0.808080808080643 0
2670 0.2424242424249331 0.7979797979796792 0
2671 0.2424242424249172 0.7878787878787161 0
2672 0.2424242424249013 0.7777777777777526 0
2673 0.2424242424248854 0.7676767676767892 0
2674 0.2424242424248694 0.7575757575758256 0
2675 0.2424242424248536 0.7474747474748622 0
2676 0.2424242424248376 0.7373737373738987 0
2677 0.2424242424248217 0.7272727272729353 0
2678 0.2424242424248058 0.7171717171719716 0
2679 0.2424242424247899 0.7070707070710083 0
2680 0.242424242424774 0.6969696969700447 0
2681 0.242424242424758 0.6868686868690812 0
2682 0.2424242424247421 0.6767676767681179 0
2683 0.2424242424247262 0.6666666666671544 0
2684 0.2424242424247103 0.656565656566191 0
2685 0.2424242424246943 0.6464646464652273 0
2686 0.2424242424246784 0.636363636364264 0
2687 0.2424242424246625 0.6262626262633004 0
2688 0.2424242424246467 0.6161616161623371 0
2689 0.2424242424246307 0.6060606060613736 0
2690 0.2424242424246147 0.59595959596041 0
2691 0.2424242424245988 0.5858585858594465 0
2692 0.2424242424245829 0.5757575757584832 0
2693 0.242424242424567 0.5656565656575196 0
2694 0.2424242424245511 0.5555555555565561 0
2695 0.2424242424245352 0.5454545454555926 0
2696 0.2424242424245192 0.5353535353546293 0
2697 0.2424242424245033 0.5252525252536657 0
2698 0.2424242424244873 0.515151515152702 0
2699 0.2424242424244715 0.5050505050517338 0
2700 0.2424242424244556 0.4949494949507348 0
2701 0.2424242424244396 0.4848484848497047 0
2702 0.2424242424244237 0.4747474747486699 0
2703 0.2424242424244077 0.4646464646476351 0
2704 0.2424242424243919 0.4545454545466003 0
2705 0.2424242424243759 0.4444444444455654 0
2706 0.24242424242436 0.4343434343445307 0
2707 0.2424242424243441 0.424242424243496 0
2708 0.2424242424243282 0.4141414141424612 0
2709 0.2424242424243123 0.4040404040414263 0
2710 0.2424242424242964 0.3939393939403915 0
2711 0.2424242424242805 0.3838383838393566 0
2712 0.2424242424242645 0.3737373737383219 0
2713 0.2424242424242486 0.3636363636372871 0
2714 0.2424242424242327 0.3535353535362523 0
2715 0.2424242424242168 0.3434343434352175 0
2716 0.2424242424242008 0.3333333333341826 0
2717 0.2424242424241849 0.3232323232331479 0
2718 0.242424242424169 0.3131313131321132 0
2719 0.2424242424241531 0.3030303030310784 0
2720 0.2424242424241372 0.2929292929300434 0
2721 0.2424242424241212 0.2828282828290086 0
2722 0.2424242424241053 0.2727272727279738 0
2723 0.2424242424240894 0.2626262626269391 0
2724 0.2424242424240735 0.2525252525259042 0
2725 0.2424242424240576 0.2424242424248694 0
2726 0.2424242424240417 0.2323232323238347 0
2727 0.2424242424240257 0.2222222222227999 0
2728 0.2424242424240098 0.212121212121765 0
2729 0.2424242424239939 0.2020202020207303 0
2730 0.242424242423978 0.1919191919196955 0
2731 0.2424242424239621 0.1818181818186606 0
2732 0.2424242424239461 0.1717171717176258 0
2733 0.2424242424239302 0.161616161616591 0
2734 0.2424242424239143 0.1515151515155562 0
2735 0.2424242424238984 0.1414141414145214 0
2736 0.2424242424238825 0.1313131313134865 0
2737 0.2424242424238665 0.1212121212124502 0
2738 0.2424242424238506 0.1111111111114124 0
2739 0.2424242424238347 0.1010101010103741 0
2740 0.2424242424238188 0.09090909090933588 0
2741 0.2424242424238029 0.08080808080829777 0
2742 0.242424242423787 0.07070707070725959 0
2743 0.242424242423771 0.06060606060622188 0
2744 0.2424242424237552 0.05050505050518514 0
2745 0.2424242424237392 0.04040404040414865 0
2746 0.2424242424237233 0.03030303030311184 0
2747 0.2424242424237074 0.02020202020207473 0
2748 0.2424242424236914 0.01010101010103739 0
2749 0.252525252526287 0.9898989898989519 0
2750 0.2525252525262703 0.9797979797979035 0
2751 0.2525252525262538 0.9696969696968553 0
2752 0.252525252526237 0.9595959595958069 0
2753 0.2525252525262205 0.9494949494947587 0
2754 0.2525252525262038 0.9393939393937103 0
2755 0.2525252525261872 0.9292929292926624 0
2756 0.2525252525261705 0.9191919191916139 0
2757 0.2525252525261539 0.9090909090905658 0
2758 0.2525252525261372 0.8989898989895174 0
2759 0.2525252525261206 0.888888888888469 0
2760 0.2525252525261039 0.8787878787874293 0
2761 0.2525252525260873 0.8686868686864282 0
2762 0.2525252525260707 0.8585858585854605 0
2763 0.2525252525260541 0.848484848484496 0
2764 0.2525252525260374 0.8383838383835316 0
2765 0.2525252525260206 0.8282828282825671 0
2766 0.2525252525260041 0.8181818181816028 0
2767 0.2525252525259875 0.8080808080806383 0
2768 0.2525252525259708 0.797979797979674 0
2769 0.2525252525259541 0.7878787878787095 0
2770 0.2525252525259376 0.777777777777745 0
2771 0.2525252525259208 0.7676767676767805 0
2772 0.2525252525259043 0.7575757575758161 0
2773 0.2525252525258875 0.7474747474748518 0
2774 0.252525252525871 0.7373737373738873 0
2775 0.2525252525258543 0.7272727272729229 0
2776 0.2525252525258376 0.7171717171719585 0
2777 0.252525252525821 0.7070707070709941 0
2778 0.2525252525258043 0.6969696969700294 0
2779 0.2525252525257877 0.686868686869065 0
2780 0.2525252525257711 0.6767676767681006 0
2781 0.2525252525257544 0.6666666666671361 0
2782 0.2525252525257379 0.6565656565661717 0
2783 0.2525252525257212 0.6464646464652071 0
2784 0.2525252525257045 0.6363636363642426 0
2785 0.2525252525256879 0.6262626262632782 0
2786 0.2525252525256713 0.6161616161623138 0
2787 0.2525252525256546 0.6060606060613494 0
2788 0.252525252525638 0.5959595959603849 0
2789 0.2525252525256213 0.5858585858594205 0
2790 0.2525252525256046 0.5757575757584561 0
2791 0.252525252525588 0.5656565656574917 0
2792 0.2525252525255715 0.555555555556527 0
2793 0.2525252525255548 0.5454545454555626 0
2794 0.252525252525538 0.5353535353545982 0
2795 0.2525252525255215 0.5252525252536338 0
2796 0.2525252525255048 0.5151515151526691 0
2797 0.2525252525254882 0.5050505050517 0
2798 0.2525252525254715 0.4949494949507008 0
2799 0.2525252525254549 0.4848484848496714 0
2800 0.2525252525254382 0.4747474747486373 0
2801 0.2525252525254216 0.4646464646476033 0
2802 0.2525252525254049 0.4545454545465692 0
2803 0.2525252525253884 0.4444444444455351 0
2804 0.2525252525253717 0.4343434343445011 0
2805 0.2525252525253551 0.424242424243467 0
2806 0.2525252525253384 0.414141414142433 0
2807 0.2525252525253218 0.4040404040413987 0
2808 0.2525252525253051 0.3939393939403647 0
2809 0.2525252525252885 0.3838383838393306 0
2810 0.2525252525252718 0.3737373737382966 0
2811 0.2525252525252552 0.3636363636372625 0
2812 0.2525252525252385 0.3535353535362283 0
2813 0.2525252525252218 0.3434343434351944 0
2814 0.2525252525252053 0.3333333333341602 0
2815 0.2525252525251886 0.3232323232331262 0
2816 0.252525252525172 0.3131313131320921 0
2817 0.2525252525251553 0.303030303031058 0
2818 0.2525252525251387 0.2929292929300239 0
2819 0.252525252525122 0.2828282828289899 0
2820 0.2525252525251054 0.2727272727279558 0
2821 0.2525252525250888 0.2626262626269218 0
2822 0.2525252525250722 0.2525252525258875 0
2823 0.2525252525250555 0.2424242424248536 0
2824 0.2525252525250389 0.2323232323238195 0
2825 0.2525252525250222 0.2222222222227854 0
2826 0.2525252525250056 0.2121212121217512 0
2827 0.2525252525249889 0.2020202020207172 0
2828 0.2525252525249723 0.1919191919196832 0
2829 0.2525252525249556 0.181818181818649 0
2830 0.252525252524939 0.171717171717615 0
2831 0.2525252525249223 0.1616161616165809 0
2832 0.2525252525249057 0.1515151515155468 0
2833 0.252525252524889 0.1414141414145127 0
2834 0.2525252525248723 0.1313131313134785 0
2835 0.2525252525248558 0.1212121212124429 0
2836 0.2525252525248391 0.1111111111114056 0
2837 0.2525252525248225 0.1010101010103679 0
2838 0.2525252525248058 0.09090909090933033 0
2839 0.2525252525247892 0.0808080808082928 0
2840 0.2525252525247725 0.07070707070725518 0
2841 0.2525252525247559 0.06060606060621809 0
2842 0.2525252525247393 0.05050505050518198 0
2843 0.2525252525247227 0.04040404040414615 0
2844 0.252525252524706 0.03030303030310999 0
2845 0.2525252525246894 0.0202020202020735 0
2846 0.2525252525246727 0.01010101010103677 0
2847 0.2626262626273386 0.9898989898989519 0
2848 0.2626262626273211 0.979797979797904 0
2849 0.2626262626273038 0.9696969696968557 0
2850 0.2626262626272864 0.9595959595958076 0
2851 0.2626262626272691 0.9494949494947595 0
2852 0.2626262626272517 0.9393939393937114 0
2853 0.2626262626272344 0.9292929292926632 0
2854 0.262626262627217 0.9191919191916152 0
2855 0.2626262626271996 0.9090909090905671 0
2856 0.2626262626271822 0.898989898989519 0
2857 0.2626262626271649 0.8888888888884707 0
2858 0.2626262626271475 0.8787878787874308 0
2859 0.2626262626271302 0.8686868686864294 0
2860 0.2626262626271127 0.858585858585461 0
2861 0.2626262626270954 0.8484848484844953 0
2862 0.2626262626270781 0.83838383838353 0
2863 0.2626262626270607 0.8282828282825649 0
2864 0.2626262626270434 0.8181818181815991 0
2865 0.2626262626270259 0.8080808080806339 0
2866 0.2626262626270086 0.7979797979796684 0
2867 0.2626262626269913 0.787878787878703 0
2868 0.2626262626269739 0.7777777777777375 0
2869 0.2626262626269564 0.7676767676767722 0
2870 0.2626262626269391 0.7575757575758068 0
2871 0.2626262626269218 0.7474747474748413 0
2872 0.2626262626269045 0.737373737373876 0
2873 0.2626262626268869 0.7272727272729105 0
2874 0.2626262626268696 0.7171717171719449 0
2875 0.2626262626268523 0.7070707070709796 0
2876 0.262626262626835 0.6969696969700141 0
2877 0.2626262626268175 0.6868686868690488 0
2878 0.2626262626268002 0.6767676767680832 0
2879 0.2626262626267828 0.6666666666671179 0
2880 0.2626262626267655 0.6565656565661526 0
2881 0.262626262626748 0.6464646464651871 0
2882 0.2626262626267307 0.6363636363642216 0
2883 0.2626262626267133 0.626262626263256 0
2884 0.262626262626696 0.6161616161622907 0
2885 0.2626262626266787 0.6060606060613252 0
2886 0.2626262626266612 0.5959595959603599 0
2887 0.2626262626266439 0.5858585858593943 0
2888 0.2626262626266266 0.575757575758429 0
2889 0.2626262626266092 0.5656565656574637 0
2890 0.2626262626265918 0.5555555555564982 0
2891 0.2626262626265744 0.5454545454555328 0
2892 0.2626262626265571 0.5353535353545673 0
2893 0.2626262626265397 0.5252525252536018 0
2894 0.2626262626265223 0.5151515151526362 0
2895 0.262626262626505 0.5050505050516663 0
2896 0.2626262626264877 0.494949494950667 0
2897 0.2626262626264703 0.4848484848496382 0
2898 0.2626262626264528 0.4747474747486048 0
2899 0.2626262626264355 0.4646464646475715 0
2900 0.2626262626264182 0.4545454545465381 0
2901 0.2626262626264008 0.4444444444455048 0
2902 0.2626262626263833 0.4343434343444714 0
2903 0.262626262626366 0.4242424242434381 0
2904 0.2626262626263487 0.4141414141424048 0
2905 0.2626262626263314 0.4040404040413713 0
2906 0.2626262626263139 0.3939393939403379 0
2907 0.2626262626262965 0.3838383838393046 0
2908 0.2626262626262792 0.3737373737382713 0
2909 0.2626262626262619 0.3636363636372378 0
2910 0.2626262626262446 0.3535353535362046 0
2911 0.2626262626262271 0.3434343434351712 0
2912 0.2626262626262097 0.3333333333341377 0
2913 0.2626262626261924 0.3232323232331045 0
2914 0.2626262626261751 0.3131313131320712 0
2915 0.2626262626261577 0.3030303030310377 0
2916 0.2626262626261403 0.2929292929300044 0
2917 0.2626262626261229 0.282828282828971 0
2918 0.2626262626261056 0.2727272727279376 0
2919 0.2626262626260882 0.2626262626269044 0
2920 0.2626262626260708 0.252525252525871 0
2921 0.2626262626260535 0.2424242424248376 0
2922 0.2626262626260362 0.2323232323238043 0
2923 0.2626262626260187 0.2222222222227709 0
2924 0.2626262626260014 0.2121212121217375 0
2925 0.2626262626259841 0.2020202020207042 0
2926 0.2626262626259667 0.1919191919196709 0
2927 0.2626262626259493 0.1818181818186374 0
2928 0.2626262626259319 0.1717171717176041 0
2929 0.2626262626259146 0.1616161616165707 0
2930 0.2626262626258972 0.1515151515155374 0
2931 0.2626262626258798 0.141414141414504 0
2932 0.2626262626258624 0.1313131313134706 0
2933 0.2626262626258451 0.1212121212124356 0
2934 0.2626262626258278 0.1111111111113989 0
2935 0.2626262626258103 0.1010101010103618 0
2936 0.262626262625793 0.09090909090932475 0
2937 0.2626262626257756 0.08080808080828783 0
2938 0.2626262626257583 0.0707070707072508 0
2939 0.262626262625741 0.06060606060621429 0
2940 0.2626262626257235 0.05050505050517884 0
2941 0.2626262626257061 0.04040404040414365 0
2942 0.2626262626256888 0.03030303030310813 0
2943 0.2626262626256715 0.02020202020207226 0
2944 0.262626262625654 0.01010101010103615 0
2945 0.2727272727283898 0.9898989898989521 0
2946 0.2727272727283718 0.9797979797979042 0
2947 0.2727272727283536 0.9696969696968561 0
2948 0.2727272727283355 0.959595959595808 0
2949 0.2727272727283175 0.9494949494947604 0
2950 0.2727272727282993 0.9393939393937123 0
2951 0.2727272727282813 0.9292929292926645 0
2952 0.2727272727282632 0.9191919191916164 0
2953 0.2727272727282452 0.9090909090905684 0
2954 0.2727272727282271 0.8989898989895204 0
2955 0.272727272728209 0.8888888888884725 0
2956 0.2727272727281909 0.8787878787874328 0
2957 0.2727272727281728 0.8686868686864307 0
2958 0.2727272727281548 0.8585858585854609 0
2959 0.2727272727281366 0.8484848484844947 0
2960 0.2727272727281185 0.8383838383835285 0
2961 0.2727272727281005 0.8282828282825622 0
2962 0.2727272727280824 0.8181818181815954 0
2963 0.2727272727280643 0.8080808080806292 0
2964 0.2727272727280462 0.7979797979796629 0
2965 0.2727272727280281 0.7878787878786966 0
2966 0.27272727272801 0.7777777777777302 0
2967 0.2727272727279919 0.7676767676767636 0
2968 0.2727272727279738 0.7575757575757975 0
2969 0.2727272727279557 0.7474747474748309 0
2970 0.2727272727279376 0.7373737373738645 0
2971 0.2727272727279195 0.7272727272728983 0
2972 0.2727272727279014 0.7171717171719316 0
2973 0.2727272727278834 0.7070707070709652 0
2974 0.2727272727278652 0.696969696969999 0
2975 0.2727272727278472 0.6868686868690326 0
2976 0.2727272727278292 0.6767676767680659 0
2977 0.2727272727278111 0.6666666666670997 0
2978 0.272727272727793 0.6565656565661333 0
2979 0.2727272727277749 0.6464646464651667 0
2980 0.2727272727277568 0.6363636363642005 0
2981 0.2727272727277387 0.626262626263234 0
2982 0.2727272727277207 0.6161616161622676 0
2983 0.2727272727277026 0.6060606060613012 0
2984 0.2727272727276845 0.595959595960335 0
2985 0.2727272727276664 0.5858585858593686 0
2986 0.2727272727276483 0.5757575757584019 0
2987 0.2727272727276301 0.5656565656574357 0
2988 0.2727272727276121 0.5555555555564693 0
2989 0.2727272727275941 0.5454545454555026 0
2990 0.2727272727275759 0.5353535353545364 0
2991 0.2727272727275578 0.5252525252535698 0
2992 0.2727272727275397 0.5151515151526034 0
2993 0.2727272727275217 0.5050505050516325 0
2994 0.2727272727275035 0.4949494949506331 0
2995 0.2727272727274854 0.484848484849605 0
2996 0.2727272727274674 0.4747474747485724 0
2997 0.2727272727274493 0.4646464646475397 0
2998 0.2727272727274312 0.4545454545465071 0
2999 0.2727272727274132 0.4444444444454744 0
3000 0.2727272727273951 0.4343434343444418 0
3001 0.272727272727377 0.4242424242434092 0
3002 0.272727272727359 0.4141414141423766 0
3003 0.2727272727273408 0.4040404040413438 0
3004 0.2727272727273228 0.3939393939403112 0
3005 0.2727272727273047 0.3838383838392786 0
3006 0.2727272727272866 0.373737373738246 0
3007 0.2727272727272685 0.3636363636372133 0
3008 0.2727272727272504 0.3535353535361806 0
3009 0.2727272727272323 0.3434343434351481 0
3010 0.2727272727272142 0.3333333333341153 0
3011 0.2727272727271961 0.3232323232330828 0
3012 0.272727272727178 0.3131313131320501 0
3013 0.2727272727271599 0.3030303030310175 0
3014 0.2727272727271418 0.2929292929299848 0
3015 0.2727272727271238 0.2828282828289522 0
3016 0.2727272727271057 0.2727272727279196 0
3017 0.2727272727270876 0.262626262626887 0
3018 0.2727272727270695 0.2525252525258543 0
3019 0.2727272727270514 0.2424242424248217 0
3020 0.2727272727270333 0.232323232323789 0
3021 0.2727272727270152 0.2222222222227564 0
3022 0.2727272727269971 0.2121212121217237 0
3023 0.2727272727269791 0.2020202020206912 0
3024 0.272727272726961 0.1919191919196586 0
3025 0.2727272727269429 0.1818181818186259 0
3026 0.2727272727269249 0.1717171717175932 0
3027 0.2727272727269068 0.1616161616165606 0
3028 0.2727272727268887 0.151515151515528 0
3029 0.2727272727268706 0.1414141414144953 0
3030 0.2727272727268525 0.1313131313134626 0
3031 0.2727272727268344 0.1212121212124283 0
3032 0.2727272727268163 0.1111111111113922 0
3033 0.2727272727267982 0.1010101010103557 0
3034 0.2727272727267801 0.0909090909093192 0
3035 0.272727272726762 0.08080808080828283 0
3036 0.2727272727267439 0.07070707070724641 0
3037 0.2727272727267259 0.0606060606062105 0
3038 0.2727272727267077 0.05050505050517567 0
3039 0.2727272727266897 0.04040404040414114 0
3040 0.2727272727266715 0.03030303030310628 0
3041 0.2727272727266535 0.02020202020207103 0
3042 0.2727272727266354 0.01010101010103553 0
3043 0.2828282828294413 0.9898989898989523 0
3044 0.2828282828294225 0.9797979797979044 0
3045 0.2828282828294036 0.9696969696968566 0
3046 0.2828282828293848 0.9595959595958088 0
3047 0.282828282829366 0.9494949494947611 0
3048 0.2828282828293472 0.9393939393937132 0
3049 0.2828282828293284 0.9292929292926654 0
3050 0.2828282828293095 0.9191919191916174 0
3051 0.2828282828292908 0.9090909090905697 0
3052 0.282828282829272 0.898989898989522 0
3053 0.2828282828292531 0.8888888888884743 0
3054 0.2828282828292343 0.8787878787874344 0
3055 0.2828282828292155 0.8686868686864319 0
3056 0.2828282828291968 0.8585858585854614 0
3057 0.2828282828291778 0.8484848484844942 0
3058 0.2828282828291592 0.8383838383835267 0
3059 0.2828282828291404 0.8282828282825594 0
3060 0.2828282828291215 0.818181818181592 0
3061 0.2828282828291027 0.8080808080806248 0
3062 0.2828282828290839 0.7979797979796573 0
3063 0.2828282828290651 0.7878787878786899 0
3064 0.2828282828290463 0.7777777777777226 0
3065 0.2828282828290275 0.7676767676767552 0
3066 0.2828282828290086 0.7575757575757879 0
3067 0.2828282828289899 0.7474747474748205 0
3068 0.282828282828971 0.7373737373738531 0
3069 0.2828282828289522 0.7272727272728858 0
3070 0.2828282828289334 0.7171717171719183 0
3071 0.2828282828289146 0.707070707070951 0
3072 0.2828282828288957 0.6969696969699835 0
3073 0.282828282828877 0.6868686868690161 0
3074 0.2828282828288582 0.6767676767680488 0
3075 0.2828282828288393 0.6666666666670815 0
3076 0.2828282828288206 0.6565656565661142 0
3077 0.2828282828288017 0.6464646464651467 0
3078 0.2828282828287829 0.6363636363641791 0
3079 0.2828282828287642 0.6262626262632118 0
3080 0.2828282828287454 0.6161616161622445 0
3081 0.2828282828287265 0.6060606060612772 0
3082 0.2828282828287076 0.5959595959603097 0
3083 0.2828282828286889 0.5858585858593424 0
3084 0.2828282828286701 0.5757575757583751 0
3085 0.2828282828286512 0.5656565656574075 0
3086 0.2828282828286325 0.5555555555564402 0
3087 0.2828282828286136 0.5454545454554729 0
3088 0.2828282828285948 0.5353535353545054 0
3089 0.282828282828576 0.525252525253538 0
3090 0.2828282828285572 0.5151515151525705 0
3091 0.2828282828285383 0.5050505050515988 0
3092 0.2828282828285196 0.4949494949505993 0
3093 0.2828282828285008 0.4848484848495717 0
3094 0.2828282828284819 0.4747474747485397 0
3095 0.2828282828284632 0.4646464646475078 0
3096 0.2828282828284444 0.454545454546476 0
3097 0.2828282828284255 0.444444444445444 0
3098 0.2828282828284068 0.4343434343444121 0
3099 0.282828282828388 0.4242424242433803 0
3100 0.2828282828283691 0.4141414141423484 0
3101 0.2828282828283504 0.4040404040413164 0
3102 0.2828282828283315 0.3939393939402844 0
3103 0.2828282828283127 0.3838383838392526 0
3104 0.2828282828282939 0.3737373737382207 0
3105 0.2828282828282751 0.3636363636371888 0
3106 0.2828282828282562 0.3535353535361568 0
3107 0.2828282828282375 0.3434343434351249 0
3108 0.2828282828282187 0.3333333333340929 0
3109 0.2828282828281998 0.3232323232330612 0
3110 0.2828282828281811 0.3131313131320292 0
3111 0.2828282828281622 0.3030303030309973 0
3112 0.2828282828281434 0.2929292929299653 0
3113 0.2828282828281247 0.2828282828289334 0
3114 0.2828282828281058 0.2727272727279014 0
3115 0.2828282828280869 0.2626262626268697 0
3116 0.2828282828280682 0.2525252525258377 0
3117 0.2828282828280494 0.2424242424248058 0
3118 0.2828282828280306 0.2323232323237739 0
3119 0.2828282828280118 0.222222222222742 0
3120 0.282828282827993 0.21212121212171 0
3121 0.2828282828279741 0.2020202020206782 0
3122 0.2828282828279554 0.1919191919196462 0
3123 0.2828282828279366 0.1818181818186143 0
3124 0.2828282828279177 0.1717171717175824 0
3125 0.2828282828278988 0.1616161616165505 0
3126 0.2828282828278801 0.1515151515155185 0
3127 0.2828282828278613 0.1414141414144866 0
3128 0.2828282828278424 0.1313131313134546 0
3129 0.2828282828278237 0.1212121212124209 0
3130 0.2828282828278049 0.1111111111113855 0
3131 0.282828282827786 0.1010101010103495 0
3132 0.2828282828277673 0.09090909090931365 0
3133 0.2828282828277485 0.08080808080827787 0
3134 0.2828282828277296 0.070707070707242 0
3135 0.2828282828277108 0.06060606060620671 0
3136 0.282828282827692 0.05050505050517254 0
3137 0.2828282828276732 0.04040404040413864 0
3138 0.2828282828276544 0.03030303030310443 0
3139 0.2828282828276356 0.02020202020206979 0
3140 0.2828282828276169 0.01010101010103491 0
3141 0.2929292929304926 0.9898989898989523 0
3142 0.2929292929304732 0.9797979797979048 0
3143 0.2929292929304536 0.969696969696857 0
3144 0.292929292930434 0.9595959595958092 0
3145 0.2929292929304145 0.9494949494947618 0
3146 0.292929292930395 0.9393939393937143 0
3147 0.2929292929303754 0.9292929292926665 0
3148 0.2929292929303559 0.9191919191916189 0
3149 0.2929292929303364 0.9090909090905712 0
3150 0.2929292929303169 0.8989898989895236 0
3151 0.2929292929302972 0.8888888888884758 0
3152 0.2929292929302778 0.8787878787874361 0
3153 0.2929292929302584 0.8686868686864331 0
3154 0.2929292929302387 0.8585858585854619 0
3155 0.2929292929302193 0.8484848484844936 0
3156 0.2929292929301996 0.8383838383835251 0
3157 0.2929292929301802 0.8282828282825568 0
3158 0.2929292929301606 0.8181818181815884 0
3159 0.2929292929301411 0.8080808080806203 0
3160 0.2929292929301216 0.7979797979796517 0
3161 0.2929292929301021 0.7878787878786835 0
3162 0.2929292929300824 0.7777777777777151 0
3163 0.292929292930063 0.7676767676767468 0
3164 0.2929292929300434 0.7575757575757784 0
3165 0.2929292929300239 0.7474747474748102 0
3166 0.2929292929300045 0.7373737373738418 0
3167 0.2929292929299848 0.7272727272728734 0
3168 0.2929292929299654 0.717171717171905 0
3169 0.2929292929299457 0.7070707070709368 0
3170 0.2929292929299262 0.6969696969699684 0
3171 0.2929292929299068 0.6868686868689999 0
3172 0.2929292929298872 0.6767676767680317 0
3173 0.2929292929298676 0.6666666666670633 0
3174 0.2929292929298482 0.6565656565660949 0
3175 0.2929292929298286 0.6464646464651265 0
3176 0.292929292929809 0.636363636364158 0
3177 0.2929292929297895 0.6262626262631898 0
3178 0.29292929292977 0.6161616161622214 0
3179 0.2929292929297505 0.606060606061253 0
3180 0.2929292929297309 0.5959595959602848 0
3181 0.2929292929297114 0.5858585858593162 0
3182 0.2929292929296919 0.575757575758348 0
3183 0.2929292929296723 0.5656565656573795 0
3184 0.2929292929296529 0.5555555555564111 0
3185 0.2929292929296333 0.5454545454554429 0
3186 0.2929292929296138 0.5353535353544747 0
3187 0.2929292929295942 0.5252525252535061 0
3188 0.2929292929295747 0.5151515151525377 0
3189 0.2929292929295552 0.505050505051565 0
3190 0.2929292929295356 0.4949494949505654 0
3191 0.2929292929295161 0.4848484848495384 0
3192 0.2929292929294965 0.4747474747485072 0
3193 0.292929292929477 0.4646464646474761 0
3194 0.2929292929294575 0.4545454545464448 0
3195 0.2929292929294379 0.4444444444454136 0
3196 0.2929292929294185 0.4343434343443825 0
3197 0.292929292929399 0.4242424242433513 0
3198 0.2929292929293794 0.4141414141423202 0
3199 0.2929292929293599 0.4040404040412888 0
3200 0.2929292929293403 0.3939393939402577 0
3201 0.2929292929293208 0.3838383838392265 0
3202 0.2929292929293013 0.3737373737381954 0
3203 0.2929292929292817 0.3636363636371641 0
3204 0.2929292929292622 0.353535353536133 0
3205 0.2929292929292426 0.3434343434351018 0
3206 0.2929292929292231 0.3333333333340704 0
3207 0.2929292929292037 0.3232323232330394 0
3208 0.292929292929184 0.3131313131320081 0
3209 0.2929292929291646 0.303030303030977 0
3210 0.292929292929145 0.2929292929299457 0
3211 0.2929292929291255 0.2828282828289146 0
3212 0.292929292929106 0.2727272727278834 0
3213 0.2929292929290864 0.2626262626268523 0
3214 0.2929292929290669 0.252525252525821 0
3215 0.2929292929290473 0.2424242424247899 0
3216 0.2929292929290278 0.2323232323237587 0
3217 0.2929292929290083 0.2222222222227275 0
3218 0.2929292929289887 0.2121212121216962 0
3219 0.2929292929289692 0.2020202020206651 0
3220 0.2929292929289496 0.1919191919196339 0
3221 0.2929292929289301 0.1818181818186027 0
3222 0.2929292929289106 0.1717171717175715 0
3223 0.292929292928891 0.1616161616165403 0
3224 0.2929292929288716 0.1515151515155091 0
3225 0.2929292929288521 0.1414141414144779 0
3226 0.2929292929288325 0.1313131313134466 0
3227 0.292929292928813 0.1212121212124136 0
3228 0.2929292929287934 0.1111111111113788 0
3229 0.2929292929287739 0.1010101010103434 0
3230 0.2929292929287545 0.0909090909093081 0
3231 0.2929292929287349 0.0808080808082729 0
3232 0.2929292929287153 0.07070707070723758 0
3233 0.2929292929286959 0.06060606060620291 0
3234 0.2929292929286763 0.05050505050516937 0
3235 0.2929292929286568 0.04040404040413614 0
3236 0.2929292929286372 0.03030303030310257 0
3237 0.2929292929286177 0.02020202020206856 0
3238 0.2929292929285982 0.01010101010103429 0
3239 0.3030303030315442 0.9898989898989525 0
3240 0.303030303031524 0.9797979797979051 0
3241 0.3030303030315037 0.9696969696968577 0
3242 0.3030303030314834 0.9595959595958101 0
3243 0.3030303030314632 0.9494949494947627 0
3244 0.303030303031443 0.9393939393937152 0
3245 0.3030303030314226 0.9292929292926676 0
3246 0.3030303030314023 0.9191919191916202 0
3247 0.3030303030313821 0.9090909090905726 0
3248 0.3030303030313619 0.8989898989895252 0
3249 0.3030303030313415 0.8888888888884776 0
3250 0.3030303030313214 0.8787878787874379 0
3251 0.3030303030313011 0.8686868686864345 0
3252 0.3030303030312809 0.8585858585854623 0
3253 0.3030303030312607 0.8484848484844929 0
3254 0.3030303030312403 0.8383838383835236 0
3255 0.3030303030312201 0.8282828282825542 0
3256 0.3030303030311998 0.8181818181815849 0
3257 0.3030303030311796 0.8080808080806157 0
3258 0.3030303030311594 0.7979797979796465 0
3259 0.303030303031139 0.787878787878677 0
3260 0.3030303030311189 0.7777777777777077 0
3261 0.3030303030310986 0.7676767676767382 0
3262 0.3030303030310784 0.757575757575769 0
3263 0.303030303031058 0.7474747474747998 0
3264 0.3030303030310378 0.7373737373738303 0
3265 0.3030303030310175 0.727272727272861 0
3266 0.3030303030309973 0.7171717171718917 0
3267 0.3030303030309771 0.7070707070709223 0
3268 0.3030303030309568 0.696969696969953 0
3269 0.3030303030309365 0.6868686868689837 0
3270 0.3030303030309163 0.6767676767680144 0
3271 0.3030303030308961 0.6666666666670451 0
3272 0.3030303030308757 0.6565656565660756 0
3273 0.3030303030308554 0.6464646464651063 0
3274 0.3030303030308352 0.636363636364137 0
3275 0.303030303030815 0.6262626262631676 0
3276 0.3030303030307947 0.6161616161621983 0
3277 0.3030303030307745 0.606060606061229 0
3278 0.3030303030307542 0.5959595959602597 0
3279 0.303030303030734 0.5858585858592904 0
3280 0.3030303030307137 0.5757575757583211 0
3281 0.3030303030306934 0.5656565656573516 0
3282 0.3030303030306732 0.5555555555563823 0
3283 0.3030303030306529 0.5454545454554129 0
3284 0.3030303030306326 0.5353535353544436 0
3285 0.3030303030306125 0.5252525252534743 0
3286 0.3030303030305922 0.5151515151525048 0
3287 0.3030303030305719 0.5050505050515313 0
3288 0.3030303030305517 0.4949494949505315 0
3289 0.3030303030305315 0.4848484848495052 0
3290 0.3030303030305112 0.4747474747484747 0
3291 0.3030303030304908 0.4646464646474442 0
3292 0.3030303030304706 0.4545454545464137 0
3293 0.3030303030304504 0.4444444444453833 0
3294 0.3030303030304302 0.4343434343443529 0
3295 0.3030303030304099 0.4242424242433224 0
3296 0.3030303030303896 0.414141414142292 0
3297 0.3030303030303694 0.4040404040412614 0
3298 0.3030303030303492 0.3939393939402309 0
3299 0.3030303030303289 0.3838383838392004 0
3300 0.3030303030303086 0.3737373737381701 0
3301 0.3030303030302883 0.3636363636371396 0
3302 0.3030303030302681 0.3535353535361091 0
3303 0.3030303030302478 0.3434343434350786 0
3304 0.3030303030302276 0.3333333333340481 0
3305 0.3030303030302074 0.3232323232330176 0
3306 0.3030303030301871 0.3131313131319873 0
3307 0.3030303030301669 0.3030303030309568 0
3308 0.3030303030301466 0.2929292929299262 0
3309 0.3030303030301263 0.2828282828288958 0
3310 0.303030303030106 0.2727272727278653 0
3311 0.3030303030300858 0.2626262626268349 0
3312 0.3030303030300656 0.2525252525258044 0
3313 0.3030303030300453 0.242424242424774 0
3314 0.3030303030300251 0.2323232323237435 0
3315 0.3030303030300048 0.222222222222713 0
3316 0.3030303030299846 0.2121212121216824 0
3317 0.3030303030299644 0.2020202020206521 0
3318 0.303030303029944 0.1919191919196216 0
3319 0.3030303030299238 0.1818181818185911 0
3320 0.3030303030299035 0.1717171717175606 0
3321 0.3030303030298833 0.1616161616165301 0
3322 0.303030303029863 0.1515151515154997 0
3323 0.3030303030298427 0.1414141414144693 0
3324 0.3030303030298225 0.1313131313134386 0
3325 0.3030303030298023 0.1212121212124063 0
3326 0.303030303029782 0.111111111111372 0
3327 0.3030303030297616 0.1010101010103372 0
3328 0.3030303030297414 0.09090909090930255 0
3329 0.3030303030297212 0.0808080808082679 0
3330 0.303030303029701 0.0707070707072332 0
3331 0.3030303030296807 0.06060606060619912 0
3332 0.3030303030296604 0.05050505050516624 0
3333 0.3030303030296402 0.04040404040413365 0
3334 0.30303030302962 0.03030303030310071 0
3335 0.3030303030295997 0.02020202020206732 0
3336 0.3030303030295795 0.01010101010103368 0
3337 0.3131313131325956 0.9898989898989528 0
3338 0.3131313131325747 0.9797979797979055 0
3339 0.3131313131325536 0.9696969696968581 0
3340 0.3131313131325326 0.9595959595958108 0
3341 0.3131313131325117 0.9494949494947633 0
3342 0.3131313131324908 0.9393939393937161 0
3343 0.3131313131324697 0.9292929292926684 0
3344 0.3131313131324488 0.9191919191916215 0
3345 0.3131313131324278 0.9090909090905742 0
3346 0.3131313131324067 0.8989898989895267 0
3347 0.3131313131323858 0.8888888888884794 0
3348 0.3131313131323649 0.8787878787874397 0
3349 0.3131313131323439 0.8686868686864356 0
3350 0.3131313131323228 0.8585858585854622 0
3351 0.3131313131323019 0.8484848484844922 0
3352 0.3131313131322809 0.838383838383522 0
3353 0.3131313131322599 0.8282828282825514 0
3354 0.3131313131322389 0.8181818181815814 0
3355 0.3131313131322181 0.808080808080611 0
3356 0.313131313132197 0.7979797979796407 0
3357 0.313131313132176 0.7878787878786704 0
3358 0.313131313132155 0.7777777777777002 0
3359 0.313131313132134 0.7676767676767299 0
3360 0.3131313131321131 0.7575757575757597 0
3361 0.3131313131320921 0.7474747474747894 0
3362 0.3131313131320712 0.7373737373738189 0
3363 0.3131313131320501 0.7272727272728488 0
3364 0.3131313131320291 0.7171717171718783 0
3365 0.3131313131320081 0.7070707070709079 0
3366 0.3131313131319873 0.6969696969699377 0
3367 0.3131313131319663 0.6868686868689673 0
3368 0.3131313131319453 0.6767676767679971 0
3369 0.3131313131319243 0.6666666666670269 0
3370 0.3131313131319033 0.6565656565660565 0
3371 0.3131313131318824 0.6464646464650861 0
3372 0.3131313131318614 0.6363636363641156 0
3373 0.3131313131318404 0.6262626262631454 0
3374 0.3131313131318194 0.6161616161621752 0
3375 0.3131313131317984 0.6060606060612048 0
3376 0.3131313131317774 0.5959595959602346 0
3377 0.3131313131317566 0.5858585858592642 0
3378 0.3131313131317355 0.575757575758294 0
3379 0.3131313131317145 0.5656565656573236 0
3380 0.3131313131316936 0.5555555555563534 0
3381 0.3131313131316726 0.545454545455383 0
3382 0.3131313131316515 0.5353535353544128 0
3383 0.3131313131316307 0.5252525252534423 0
3384 0.3131313131316097 0.5151515151524719 0
3385 0.3131313131315887 0.5050505050514977 0
3386 0.3131313131315677 0.4949494949504977 0
3387 0.3131313131315467 0.484848484849472 0
3388 0.3131313131315258 0.4747474747484421 0
3389 0.3131313131315048 0.4646464646474123 0
3390 0.3131313131314838 0.4545454545463826 0
3391 0.3131313131314628 0.4444444444453529 0
3392 0.3131313131314418 0.4343434343443232 0
3393 0.3131313131314208 0.4242424242432935 0
3394 0.3131313131313999 0.4141414141422637 0
3395 0.3131313131313789 0.4040404040412339 0
3396 0.3131313131313579 0.3939393939402042 0
3397 0.3131313131313369 0.3838383838391745 0
3398 0.313131313131316 0.3737373737381448 0
3399 0.3131313131312951 0.3636363636371149 0
3400 0.3131313131312741 0.3535353535360852 0
3401 0.3131313131312531 0.3434343434350555 0
3402 0.3131313131312321 0.3333333333340256 0
3403 0.3131313131312111 0.323232323232996 0
3404 0.3131313131311901 0.3131313131319663 0
3405 0.3131313131311692 0.3030303030309365 0
3406 0.3131313131311482 0.2929292929299067 0
3407 0.3131313131311272 0.282828282828877 0
3408 0.3131313131311062 0.2727272727278472 0
3409 0.3131313131310852 0.2626262626268175 0
3410 0.3131313131310642 0.2525252525257877 0
3411 0.3131313131310433 0.242424242424758 0
3412 0.3131313131310223 0.2323232323237283 0
3413 0.3131313131310014 0.2222222222226986 0
3414 0.3131313131309804 0.2121212121216687 0
3415 0.3131313131309593 0.2020202020206391 0
3416 0.3131313131309383 0.1919191919196093 0
3417 0.3131313131309175 0.1818181818185795 0
3418 0.3131313131308964 0.1717171717175497 0
3419 0.3131313131308755 0.16161616161652 0
3420 0.3131313131308545 0.1515151515154903 0
3421 0.3131313131308335 0.1414141414144605 0
3422 0.3131313131308124 0.1313131313134306 0
3423 0.3131313131307916 0.121212121212399 0
3424 0.3131313131307706 0.1111111111113653 0
3425 0.3131313131307496 0.1010101010103311 0
3426 0.3131313131307286 0.09090909090929697 0
3427 0.3131313131307076 0.08080808080826293 0
3428 0.3131313131306867 0.07070707070722881 0
3429 0.3131313131306657 0.06060606060619533 0
3430 0.3131313131306447 0.05050505050516307 0
3431 0.3131313131306237 0.04040404040413115 0
3432 0.3131313131306028 0.03030303030309885 0
3433 0.3131313131305817 0.02020202020206609 0
3434 0.3131313131305609 0.01010101010103305 0
3435 0.3232323232336469 0.9898989898989528 0
3436 0.3232323232336254 0.9797979797979057 0
3437 0.3232323232336035 0.9696969696968586 0
3438 0.3232323232335819 0.9595959595958112 0
3439 0.3232323232335602 0.9494949494947642 0
3440 0.3232323232335386 0.939393939393717 0
3441 0.3232323232335167 0.9292929292926699 0
3442 0.323232323233495 0.9191919191916226 0
3443 0.3232323232334734 0.9090909090905755 0
3444 0.3232323232334516 0.8989898989895284 0
3445 0.32323232323343 0.8888888888884809 0
3446 0.3232323232334083 0.8787878787874415 0
3447 0.3232323232333866 0.8686868686864369 0
3448 0.3232323232333648 0.8585858585854629 0
3449 0.3232323232333433 0.8484848484844916 0
3450 0.3232323232333215 0.8383838383835205 0
3451 0.3232323232332998 0.828282828282549 0
3452 0.3232323232332781 0.8181818181815778 0
3453 0.3232323232332564 0.8080808080806066 0
3454 0.3232323232332346 0.7979797979796355 0
3455 0.323232323233213 0.7878787878786639 0
3456 0.3232323232331913 0.7777777777776926 0
3457 0.3232323232331695 0.7676767676767213 0
3458 0.323232323233148 0.7575757575757501 0
3459 0.3232323232331262 0.7474747474747789 0
3460 0.3232323232331045 0.7373737373738076 0
3461 0.3232323232330827 0.7272727272728363 0
3462 0.3232323232330611 0.717171717171865 0
3463 0.3232323232330394 0.7070707070708937 0
3464 0.3232323232330176 0.6969696969699224 0
3465 0.3232323232329961 0.6868686868689511 0
3466 0.3232323232329744 0.6767676767679798 0
3467 0.3232323232329526 0.6666666666670087 0
3468 0.3232323232329309 0.6565656565660374 0
3469 0.3232323232329093 0.6464646464650659 0
3470 0.3232323232328875 0.6363636363640948 0
3471 0.3232323232328658 0.6262626262631232 0
3472 0.3232323232328442 0.6161616161621521 0
3473 0.3232323232328225 0.6060606060611808 0
3474 0.3232323232328007 0.5959595959602095 0
3475 0.3232323232327791 0.5858585858592382 0
3476 0.3232323232327573 0.5757575757582669 0
3477 0.3232323232327355 0.5656565656572956 0
3478 0.323232323232714 0.5555555555563243 0
3479 0.3232323232326922 0.545454545455353 0
3480 0.3232323232326705 0.5353535353543819 0
3481 0.3232323232326488 0.5252525252534104 0
3482 0.3232323232326272 0.5151515151524391 0
3483 0.3232323232326054 0.505050505051464 0
3484 0.3232323232325837 0.4949494949504638 0
3485 0.323232323232562 0.4848484848494387 0
3486 0.3232323232325403 0.4747474747484096 0
3487 0.3232323232325186 0.4646464646473806 0
3488 0.323232323232497 0.4545454545463516 0
3489 0.3232323232324752 0.4444444444453225 0
3490 0.3232323232324535 0.4343434343442936 0
3491 0.3232323232324318 0.4242424242432645 0
3492 0.3232323232324101 0.4141414141422355 0
3493 0.3232323232323884 0.4040404040412064 0
3494 0.3232323232323667 0.3939393939401774 0
3495 0.3232323232323451 0.3838383838391484 0
3496 0.3232323232323233 0.3737373737381194 0
3497 0.3232323232323017 0.3636363636370904 0
3498 0.3232323232322799 0.3535353535360614 0
3499 0.3232323232322583 0.3434343434350323 0
3500 0.3232323232322365 0.3333333333340033 0
3501 0.3232323232322148 0.3232323232329744 0
3502 0.3232323232321931 0.3131313131319453 0
3503 0.3232323232321714 0.3030303030309163 0
3504 0.3232323232321498 0.2929292929298871 0
3505 0.323232323232128 0.2828282828288582 0
3506 0.3232323232321064 0.2727272727278292 0
3507 0.3232323232320846 0.2626262626268002 0
3508 0.3232323232320629 0.2525252525257711 0
3509 0.3232323232320412 0.2424242424247421 0
3510 0.3232323232320196 0.2323232323237131 0
3511 0.3232323232319978 0.2222222222226841 0
3512 0.3232323232319761 0.212121212121655 0
3513 0.3232323232319545 0.202020202020626 0
3514 0.3232323232319327 0.1919191919195971 0
3515 0.3232323232319111 0.1818181818185679 0
3516 0.3232323232318893 0.1717171717175389 0
3517 0.3232323232318677 0.1616161616165099 0
3518 0.3232323232318459 0.1515151515154809 0
3519 0.3232323232318242 0.1414141414144519 0
3520 0.3232323232318026 0.1313131313134227 0
3521 0.3232323232317809 0.1212121212123917 0
3522 0.3232323232317591 0.1111111111113586 0
3523 0.3232323232317375 0.101010101010325 0
3524 0.3232323232317158 0.09090909090929142 0
3525 0.323232323231694 0.08080808080825794 0
3526 0.3232323232316723 0.0707070707072244 0
3527 0.3232323232316506 0.06060606060619154 0
3528 0.323232323231629 0.05050505050515992 0
3529 0.3232323232316072 0.04040404040412865 0
3530 0.3232323232315856 0.03030303030309699 0
3531 0.3232323232315639 0.02020202020206485 0
3532 0.3232323232315422 0.01010101010103244 0
3533 0.3333333333346983 0.9898989898989532 0
3534 0.333333333334676 0.9797979797979059 0
3535 0.3333333333346534 0.9696969696968589 0
3536 0.333333333334631 0.959595959595812 0
3537 0.3333333333346087 0.9494949494947649 0
3538 0.3333333333345861 0.9393939393937178 0
3539 0.3333333333345638 0.9292929292926709 0
3540 0.3333333333345413 0.9191919191916237 0
3541 0.3333333333345189 0.9090909090905768 0
3542 0.3333333333344964 0.89898989898953 0
3543 0.3333333333344741 0.8888888888884827 0
3544 0.3333333333344517 0.8787878787874432 0
3545 0.3333333333344292 0.8686868686864384 0
3546 0.3333333333344068 0.8585858585854632 0
3547 0.3333333333343844 0.8484848484844911 0
3548 0.333333333334362 0.8383838383835187 0
3549 0.3333333333343396 0.8282828282825466 0
3550 0.3333333333343172 0.8181818181815743 0
3551 0.3333333333342947 0.8080808080806019 0
3552 0.3333333333342723 0.7979797979796296 0
3553 0.3333333333342499 0.7878787878786575 0
3554 0.3333333333342274 0.7777777777776853 0
3555 0.333333333334205 0.767676767676713 0
3556 0.3333333333341827 0.7575757575757407 0
3557 0.3333333333341602 0.7474747474747685 0
3558 0.3333333333341378 0.7373737373737961 0
3559 0.3333333333341153 0.7272727272728241 0
3560 0.333333333334093 0.7171717171718517 0
3561 0.3333333333340706 0.7070707070708795 0
3562 0.333333333334048 0.6969696969699071 0
3563 0.3333333333340257 0.6868686868689349 0
3564 0.3333333333340033 0.6767676767679625 0
3565 0.3333333333339809 0.6666666666669905 0
3566 0.3333333333339584 0.6565656565660183 0
3567 0.333333333333936 0.6464646464650459 0
3568 0.3333333333339136 0.6363636363640734 0
3569 0.3333333333338911 0.6262626262631013 0
3570 0.3333333333338687 0.6161616161621288 0
3571 0.3333333333338463 0.6060606060611569 0
3572 0.3333333333338239 0.5959595959601844 0
3573 0.3333333333338016 0.5858585858592122 0
3574 0.333333333333779 0.5757575757582398 0
3575 0.3333333333337566 0.5656565656572676 0
3576 0.3333333333337343 0.5555555555562952 0
3577 0.3333333333337117 0.5454545454553232 0
3578 0.3333333333336894 0.5353535353543508 0
3579 0.3333333333336669 0.5252525252533784 0
3580 0.3333333333336446 0.5151515151524062 0
3581 0.333333333333622 0.5050505050514302 0
3582 0.3333333333335997 0.4949494949504299 0
3583 0.3333333333335773 0.4848484848494053 0
3584 0.3333333333335549 0.4747474747483771 0
3585 0.3333333333335324 0.4646464646473488 0
3586 0.33333333333351 0.4545454545463204 0
3587 0.3333333333334876 0.4444444444452921 0
3588 0.3333333333334652 0.4343434343442639 0
3589 0.3333333333334427 0.4242424242432357 0
3590 0.3333333333334203 0.4141414141422074 0
3591 0.3333333333333979 0.404040404041179 0
3592 0.3333333333333754 0.3939393939401507 0
3593 0.333333333333353 0.3838383838391224 0
3594 0.3333333333333306 0.3737373737380941 0
3595 0.3333333333333083 0.3636363636370658 0
3596 0.3333333333332859 0.3535353535360375 0
3597 0.3333333333332634 0.3434343434350092 0
3598 0.333333333333241 0.3333333333339809 0
3599 0.3333333333332186 0.3232323232329526 0
3600 0.3333333333331961 0.3131313131319243 0
3601 0.3333333333331737 0.3030303030308961 0
3602 0.3333333333331513 0.2929292929298676 0
3603 0.3333333333331289 0.2828282828288393 0
3604 0.3333333333331064 0.2727272727278111 0
3605 0.333333333333084 0.2626262626267829 0
3606 0.3333333333330616 0.2525252525257544 0
3607 0.3333333333330392 0.2424242424247262 0
3608 0.3333333333330167 0.2323232323236979 0
3609 0.3333333333329943 0.2222222222226696 0
3610 0.3333333333329719 0.2121212121216412 0
3611 0.3333333333329495 0.202020202020613 0
3612 0.333333333332927 0.1919191919195847 0
3613 0.3333333333329046 0.1818181818185564 0
3614 0.3333333333328822 0.1717171717175281 0
3615 0.3333333333328597 0.1616161616164997 0
3616 0.3333333333328374 0.1515151515154715 0
3617 0.3333333333328149 0.1414141414144432 0
3618 0.3333333333327925 0.1313131313134147 0
3619 0.3333333333327702 0.1212121212123844 0
3620 0.3333333333327477 0.1111111111113519 0
3621 0.3333333333327253 0.1010101010103188 0
3622 0.3333333333327029 0.09090909090928584 0
3623 0.3333333333326806 0.08080808080825297 0
3624 0.333333333332658 0.07070707070722002 0
3625 0.3333333333326356 0.06060606060618774 0
3626 0.3333333333326132 0.05050505050515677 0
3627 0.3333333333325907 0.04040404040412615 0
3628 0.3333333333325683 0.03030303030309514 0
3629 0.333333333332546 0.02020202020206362 0
3630 0.3333333333325236 0.01010101010103182 0
3631 0.3434343434357497 0.9898989898989532 0
3632 0.3434343434357268 0.9797979797979064 0
3633 0.3434343434357034 0.9696969696968594 0
3634 0.3434343434356804 0.9595959595958125 0
3635 0.3434343434356573 0.9494949494947658 0
3636 0.3434343434356341 0.9393939393937187 0
3637 0.343434343435611 0.929292929292672 0
3638 0.3434343434355879 0.9191919191916249 0
3639 0.3434343434355647 0.9090909090905781 0
3640 0.3434343434355416 0.8989898989895314 0
3641 0.3434343434355184 0.8888888888884845 0
3642 0.3434343434354952 0.878787878787445 0
3643 0.3434343434354721 0.8686868686864396 0
3644 0.343434343435449 0.8585858585854635 0
3645 0.3434343434354258 0.8484848484844902 0
3646 0.3434343434354026 0.8383838383835172 0
3647 0.3434343434353796 0.8282828282825438 0
3648 0.3434343434353563 0.8181818181815707 0
3649 0.3434343434353332 0.8080808080805975 0
3650 0.3434343434353102 0.7979797979796242 0
3651 0.3434343434352869 0.7878787878786508 0
3652 0.3434343434352637 0.7777777777776778 0
3653 0.3434343434352407 0.7676767676767045 0
3654 0.3434343434352175 0.7575757575757313 0
3655 0.3434343434351943 0.7474747474747581 0
3656 0.3434343434351712 0.7373737373737848 0
3657 0.3434343434351481 0.7272727272728117 0
3658 0.3434343434351249 0.7171717171718384 0
3659 0.3434343434351018 0.7070707070708651 0
3660 0.3434343434350786 0.6969696969698917 0
3661 0.3434343434350555 0.6868686868689187 0
3662 0.3434343434350323 0.6767676767679454 0
3663 0.3434343434350092 0.6666666666669723 0
3664 0.3434343434349861 0.656565656565999 0
3665 0.3434343434349629 0.6464646464650254 0
3666 0.3434343434349398 0.6363636363640524 0
3667 0.3434343434349166 0.626262626263079 0
3668 0.3434343434348934 0.6161616161621057 0
3669 0.3434343434348704 0.6060606060611327 0
3670 0.3434343434348472 0.5959595959601593 0
3671 0.343434343434824 0.585858585859186 0
3672 0.3434343434348009 0.575757575758213 0
3673 0.3434343434347777 0.5656565656572397 0
3674 0.3434343434347547 0.5555555555562663 0
3675 0.3434343434347316 0.545454545455293 0
3676 0.3434343434347082 0.53535353535432 0
3677 0.3434343434346852 0.5252525252533466 0
3678 0.3434343434346621 0.5151515151523733 0
3679 0.343434343434639 0.5050505050513965 0
3680 0.3434343434346158 0.4949494949503961 0
3681 0.3434343434345927 0.484848484849372 0
3682 0.3434343434345695 0.4747474747483446 0
3683 0.3434343434345464 0.464646464647317 0
3684 0.3434343434345232 0.4545454545462894 0
3685 0.3434343434345001 0.4444444444452618 0
3686 0.3434343434344769 0.4343434343442343 0
3687 0.3434343434344538 0.4242424242432067 0
3688 0.3434343434344306 0.4141414141421792 0
3689 0.3434343434344075 0.4040404040411515 0
3690 0.3434343434343844 0.3939393939401239 0
3691 0.3434343434343612 0.3838383838390963 0
3692 0.343434343434338 0.3737373737380688 0
3693 0.3434343434343149 0.3636363636370412 0
3694 0.3434343434342917 0.3535353535360136 0
3695 0.3434343434342686 0.343434343434986 0
3696 0.3434343434342455 0.3333333333339584 0
3697 0.3434343434342223 0.3232323232329309 0
3698 0.3434343434341992 0.3131313131319033 0
3699 0.343434343434176 0.3030303030308757 0
3700 0.3434343434341529 0.2929292929298482 0
3701 0.3434343434341298 0.2828282828288206 0
3702 0.3434343434341066 0.272727272727793 0
3703 0.3434343434340834 0.2626262626267655 0
3704 0.3434343434340603 0.2525252525257379 0
3705 0.3434343434340372 0.2424242424247103 0
3706 0.343434343434014 0.2323232323236827 0
3707 0.3434343434339909 0.2222222222226551 0
3708 0.3434343434339677 0.2121212121216275 0
3709 0.3434343434339446 0.2020202020206 0
3710 0.3434343434339214 0.1919191919195724 0
3711 0.3434343434338983 0.1818181818185448 0
3712 0.3434343434338751 0.1717171717175172 0
3713 0.343434343433852 0.1616161616164896 0
3714 0.3434343434338289 0.151515151515462 0
3715 0.3434343434338057 0.1414141414144345 0
3716 0.3434343434337825 0.1313131313134067 0
3717 0.3434343434337594 0.121212121212377 0
3718 0.3434343434337364 0.1111111111113451 0
3719 0.3434343434337132 0.1010101010103127 0
3720 0.3434343434336899 0.09090909090928029 0
3721 0.3434343434336669 0.080808080808248 0
3722 0.3434343434336438 0.0707070707072156 0
3723 0.3434343434336206 0.06060606060618395 0
3724 0.3434343434335974 0.05050505050515362 0
3725 0.3434343434335743 0.04040404040412365 0
3726 0.3434343434335512 0.03030303030309328 0
3727 0.3434343434335281 0.02020202020206238 0
3728 0.3434343434335048 0.0101010101010312 0
3729 0.3535353535368012 0.9898989898989532 0
3730 0.3535353535367773 0.9797979797979066 0
3731 0.3535353535367535 0.9696969696968598 0
3732 0.3535353535367296 0.9595959595958133 0
3733 0.3535353535367057 0.9494949494947664 0
3734 0.3535353535366819 0.9393939393937196 0
3735 0.353535353536658 0.9292929292926729 0
3736 0.3535353535366342 0.9191919191916262 0
3737 0.3535353535366103 0.9090909090905797 0
3738 0.3535353535365864 0.898989898989533 0
3739 0.3535353535365625 0.8888888888884863 0
3740 0.3535353535365386 0.8787878787874468 0
3741 0.3535353535365148 0.868686868686441 0
3742 0.353535353536491 0.8585858585854642 0
3743 0.353535353536467 0.8484848484844898 0
3744 0.3535353535364433 0.8383838383835156 0
3745 0.3535353535364194 0.8282828282825414 0
3746 0.3535353535363954 0.8181818181815671 0
3747 0.3535353535363717 0.8080808080805928 0
3748 0.3535353535363478 0.7979797979796187 0
3749 0.3535353535363238 0.7878787878786444 0
3750 0.3535353535363001 0.7777777777776704 0
3751 0.3535353535362762 0.7676767676766961 0
3752 0.3535353535362522 0.7575757575757219 0
3753 0.3535353535362284 0.7474747474747476 0
3754 0.3535353535362046 0.7373737373737734 0
3755 0.3535353535361807 0.7272727272727992 0
3756 0.3535353535361567 0.717171717171825 0
3757 0.353535353536133 0.7070707070708506 0
3758 0.353535353536109 0.6969696969698764 0
3759 0.3535353535360852 0.6868686868689025 0
3760 0.3535353535360614 0.6767676767679283 0
3761 0.3535353535360374 0.6666666666669538 0
3762 0.3535353535360137 0.6565656565659796 0
3763 0.3535353535359897 0.6464646464650055 0
3764 0.3535353535359658 0.6363636363640313 0
3765 0.353535353535942 0.6262626262630571 0
3766 0.3535353535359181 0.6161616161620826 0
3767 0.3535353535358943 0.6060606060611085 0
3768 0.3535353535358704 0.5959595959601343 0
3769 0.3535353535358465 0.5858585858591601 0
3770 0.3535353535358225 0.5757575757581859 0
3771 0.3535353535357988 0.5656565656572115 0
3772 0.3535353535357749 0.5555555555562375 0
3773 0.3535353535357511 0.5454545454552633 0
3774 0.3535353535357272 0.5353535353542891 0
3775 0.3535353535357033 0.5252525252533147 0
3776 0.3535353535356796 0.5151515151523405 0
3777 0.3535353535356556 0.5050505050513627 0
3778 0.3535353535356317 0.4949494949503622 0
3779 0.3535353535356078 0.4848484848493388 0
3780 0.3535353535355841 0.474747474748312 0
3781 0.3535353535355601 0.4646464646472851 0
3782 0.3535353535355362 0.4545454545462583 0
3783 0.3535353535355124 0.4444444444452315 0
3784 0.3535353535354885 0.4343434343442046 0
3785 0.3535353535354646 0.4242424242431778 0
3786 0.3535353535354409 0.414141414142151 0
3787 0.3535353535354169 0.404040404041124 0
3788 0.3535353535353931 0.3939393939400971 0
3789 0.3535353535353692 0.3838383838390703 0
3790 0.3535353535353453 0.3737373737380435 0
3791 0.3535353535353214 0.3636363636370166 0
3792 0.3535353535352976 0.3535353535359897 0
3793 0.3535353535352737 0.3434343434349629 0
3794 0.3535353535352499 0.333333333333936 0
3795 0.3535353535352259 0.3232323232329092 0
3796 0.3535353535352022 0.3131313131318824 0
3797 0.3535353535351783 0.3030303030308554 0
3798 0.3535353535351544 0.2929292929298286 0
3799 0.3535353535351304 0.2828282828288017 0
3800 0.3535353535351067 0.2727272727277749 0
3801 0.3535353535350828 0.262626262626748 0
3802 0.3535353535350589 0.2525252525257212 0
3803 0.3535353535350351 0.2424242424246943 0
3804 0.3535353535350112 0.2323232323236675 0
3805 0.3535353535349873 0.2222222222226407 0
3806 0.3535353535349635 0.2121212121216137 0
3807 0.3535353535349396 0.2020202020205869 0
3808 0.3535353535349157 0.1919191919195601 0
3809 0.3535353535348918 0.1818181818185332 0
3810 0.353535353534868 0.1717171717175063 0
3811 0.3535353535348441 0.1616161616164795 0
3812 0.3535353535348202 0.1515151515154526 0
3813 0.3535353535347964 0.1414141414144258 0
3814 0.3535353535347725 0.1313131313133987 0
3815 0.3535353535347486 0.1212121212123697 0
3816 0.3535353535347248 0.1111111111113384 0
3817 0.3535353535347009 0.1010101010103066 0
3818 0.353535353534677 0.09090909090927474 0
3819 0.3535353535346533 0.080808080808243 0
3820 0.3535353535346293 0.07070707070721122 0
3821 0.3535353535346055 0.06060606060618016 0
3822 0.3535353535345815 0.05050505050515047 0
3823 0.3535353535345578 0.04040404040412116 0
3824 0.3535353535345338 0.03030303030309142 0
3825 0.35353535353451 0.02020202020206115 0
3826 0.3535353535344861 0.01010101010103058 0
3827 0.3636363636378526 0.9898989898989536 0
3828 0.363636363637828 0.9797979797979068 0
3829 0.3636363636378034 0.9696969696968605 0
3830 0.3636363636377788 0.9595959595958138 0
3831 0.3636363636377543 0.9494949494947673 0
3832 0.3636363636377297 0.9393939393937207 0
3833 0.3636363636377051 0.9292929292926743 0
3834 0.3636363636376806 0.9191919191916278 0
3835 0.3636363636376559 0.9090909090905811 0
3836 0.3636363636376314 0.8989898989895346 0
3837 0.3636363636376068 0.888888888888488 0
3838 0.3636363636375821 0.8787878787874486 0
3839 0.3636363636375576 0.8686868686864422 0
3840 0.3636363636375329 0.8585858585854641 0
3841 0.3636363636375083 0.8484848484844891 0
3842 0.3636363636374838 0.8383838383835138 0
3843 0.3636363636374592 0.8282828282825386 0
3844 0.3636363636374346 0.8181818181815637 0
3845 0.3636363636374101 0.8080808080805884 0
3846 0.3636363636373854 0.7979797979796132 0
3847 0.3636363636373608 0.787878787878638 0
3848 0.3636363636373363 0.7777777777776629 0
3849 0.3636363636373117 0.7676767676766877 0
3850 0.3636363636372871 0.7575757575757126 0
3851 0.3636363636372626 0.7474747474747372 0
3852 0.3636363636372379 0.7373737373737621 0
3853 0.3636363636372132 0.7272727272727868 0
3854 0.3636363636371887 0.7171717171718117 0
3855 0.3636363636371641 0.7070707070708364 0
3856 0.3636363636371396 0.6969696969698613 0
3857 0.3636363636371149 0.686868686868886 0
3858 0.3636363636370903 0.6767676767679109 0
3859 0.3636363636370658 0.6666666666669359 0
3860 0.3636363636370412 0.6565656565659606 0
3861 0.3636363636370166 0.6464646464649852 0
3862 0.3636363636369919 0.6363636363640099 0
3863 0.3636363636369675 0.6262626262630349 0
3864 0.3636363636369428 0.6161616161620596 0
3865 0.3636363636369182 0.6060606060610845 0
3866 0.3636363636368937 0.5959595959601094 0
3867 0.3636363636368691 0.5858585858591341 0
3868 0.3636363636368444 0.575757575758159 0
3869 0.3636363636368198 0.5656565656571835 0
3870 0.3636363636367953 0.5555555555562084 0
3871 0.3636363636367708 0.5454545454552333 0
3872 0.3636363636367461 0.535353535354258 0
3873 0.3636363636367215 0.5252525252532829 0
3874 0.363636363636697 0.5151515151523076 0
3875 0.3636363636366723 0.505050505051329 0
3876 0.3636363636366478 0.4949494949503283 0
3877 0.3636363636366231 0.4848484848493056 0
3878 0.3636363636365987 0.4747474747482795 0
3879 0.363636363636574 0.4646464646472533 0
3880 0.3636363636365494 0.4545454545462272 0
3881 0.3636363636365249 0.444444444445201 0
3882 0.3636363636365003 0.434343434344175 0
3883 0.3636363636364757 0.4242424242431488 0
3884 0.363636363636451 0.4141414141421227 0
3885 0.3636363636364265 0.4040404040410964 0
3886 0.3636363636364018 0.3939393939400704 0
3887 0.3636363636363773 0.3838383838390443 0
3888 0.3636363636363527 0.3737373737380182 0
3889 0.3636363636363281 0.363636363636992 0
3890 0.3636363636363035 0.3535353535359659 0
3891 0.3636363636362789 0.3434343434349398 0
3892 0.3636363636362543 0.3333333333339136 0
3893 0.3636363636362298 0.3232323232328875 0
3894 0.3636363636362052 0.3131313131318614 0
3895 0.3636363636361806 0.3030303030308352 0
3896 0.3636363636361559 0.2929292929298091 0
3897 0.3636363636361313 0.2828282828287829 0
3898 0.3636363636361069 0.2727272727277568 0
3899 0.3636363636360822 0.2626262626267307 0
3900 0.3636363636360577 0.2525252525257046 0
3901 0.363636363636033 0.2424242424246784 0
3902 0.3636363636360085 0.2323232323236523 0
3903 0.3636363636359838 0.2222222222226262 0
3904 0.3636363636359593 0.2121212121216 0
3905 0.3636363636359348 0.2020202020205739 0
3906 0.3636363636359101 0.1919191919195478 0
3907 0.3636363636358855 0.1818181818185216 0
3908 0.3636363636358608 0.1717171717174955 0
3909 0.3636363636358363 0.1616161616164694 0
3910 0.3636363636358118 0.1515151515154432 0
3911 0.3636363636357871 0.1414141414144171 0
3912 0.3636363636357625 0.1313131313133908 0
3913 0.3636363636357379 0.1212121212123624 0
3914 0.3636363636357134 0.1111111111113317 0
3915 0.3636363636356887 0.1010101010103004 0
3916 0.3636363636356642 0.09090909090926919 0
3917 0.3636363636356397 0.08080808080823804 0
3918 0.363636363635615 0.0707070707072068 0
3919 0.3636363636355904 0.06060606060617636 0
3920 0.3636363636355657 0.05050505050514732 0
3921 0.3636363636355413 0.04040404040411866 0
3922 0.3636363636355167 0.03030303030308957 0
3923 0.363636363635492 0.02020202020205991 0
3924 0.3636363636354675 0.01010101010102996 0
3925 0.3737373737389041 0.9898989898989536 0
3926 0.3737373737388788 0.9797979797979073 0
3927 0.3737373737388534 0.9696969696968609 0
3928 0.3737373737388282 0.9595959595958145 0
3929 0.3737373737388029 0.949494949494768 0
3930 0.3737373737387776 0.9393939393937216 0
3931 0.3737373737387523 0.9292929292926752 0
3932 0.373737373738727 0.9191919191916291 0
3933 0.3737373737387016 0.9090909090905827 0
3934 0.3737373737386764 0.898989898989536 0
3935 0.373737373738651 0.8888888888884896 0
3936 0.3737373737386256 0.8787878787874503 0
3937 0.3737373737386005 0.8686868686864433 0
3938 0.3737373737385751 0.8585858585854645 0
3939 0.3737373737385498 0.8484848484844885 0
3940 0.3737373737385246 0.8383838383835123 0
3941 0.3737373737384991 0.828282828282536 0
3942 0.3737373737384738 0.8181818181815601 0
3943 0.3737373737384486 0.8080808080805837 0
3944 0.3737373737384232 0.7979797979796078 0
3945 0.3737373737383979 0.7878787878786315 0
3946 0.3737373737383726 0.7777777777776553 0
3947 0.3737373737383473 0.7676767676766793 0
3948 0.3737373737383219 0.7575757575757028 0
3949 0.3737373737382966 0.7474747474747268 0
3950 0.3737373737382713 0.7373737373737508 0
3951 0.373737373738246 0.7272727272727746 0
3952 0.3737373737382208 0.7171717171717984 0
3953 0.3737373737381954 0.7070707070708222 0
3954 0.3737373737381701 0.696969696969846 0
3955 0.3737373737381447 0.6868686868688698 0
3956 0.3737373737381195 0.6767676767678936 0
3957 0.3737373737380941 0.6666666666669174 0
3958 0.3737373737380688 0.6565656565659415 0
3959 0.3737373737380435 0.646464646464965 0
3960 0.3737373737380182 0.6363636363639888 0
3961 0.3737373737379929 0.6262626262630127 0
3962 0.3737373737379676 0.6161616161620365 0
3963 0.3737373737379424 0.6060606060610605 0
3964 0.3737373737379169 0.5959595959600843 0
3965 0.3737373737378916 0.5858585858591079 0
3966 0.3737373737378663 0.5757575757581319 0
3967 0.373737373737841 0.5656565656571555 0
3968 0.3737373737378158 0.5555555555561795 0
3969 0.3737373737377904 0.5454545454552033 0
3970 0.3737373737377651 0.5353535353542271 0
3971 0.3737373737377397 0.5252525252532509 0
3972 0.3737373737377144 0.5151515151522748 0
3973 0.3737373737376891 0.5050505050512952 0
3974 0.3737373737376638 0.4949494949502945 0
3975 0.3737373737376385 0.4848484848492723 0
3976 0.3737373737376132 0.474747474748247 0
3977 0.3737373737375879 0.4646464646472215 0
3978 0.3737373737375626 0.4545454545461961 0
3979 0.3737373737375373 0.4444444444451706 0
3980 0.3737373737375119 0.4343434343441454 0
3981 0.3737373737374866 0.4242424242431199 0
3982 0.3737373737374613 0.4141414141420945 0
3983 0.373737373737436 0.404040404041069 0
3984 0.3737373737374108 0.3939393939400436 0
3985 0.3737373737373854 0.3838383838390182 0
3986 0.37373737373736 0.3737373737379929 0
3987 0.3737373737373347 0.3636363636369674 0
3988 0.3737373737373094 0.353535353535942 0
3989 0.3737373737372841 0.3434343434349166 0
3990 0.3737373737372588 0.3333333333338911 0
3991 0.3737373737372335 0.3232323232328658 0
3992 0.3737373737372082 0.3131313131318404 0
3993 0.3737373737371829 0.303030303030815 0
3994 0.3737373737371575 0.2929292929297895 0
3995 0.3737373737371322 0.2828282828287642 0
3996 0.3737373737371069 0.2727272727277387 0
3997 0.3737373737370816 0.2626262626267134 0
3998 0.3737373737370563 0.2525252525256879 0
3999 0.373737373737031 0.2424242424246625 0
4000 0.3737373737370057 0.2323232323236371 0
4001 0.3737373737369803 0.2222222222226117 0
4002 0.373737373736955 0.2121212121215862 0
4003 0.3737373737369297 0.2020202020205609 0
4004 0.3737373737369044 0.1919191919195355 0
4005 0.3737373737368791 0.18181818181851 0
4006 0.3737373737368538 0.1717171717174846 0
4007 0.3737373737368285 0.1616161616164592 0
4008 0.3737373737368032 0.1515151515154338 0
4009 0.3737373737367778 0.1414141414144084 0
4010 0.3737373737367525 0.1313131313133828 0
4011 0.3737373737367272 0.1212121212123551 0
4012 0.3737373737367019 0.111111111111325 0
4013 0.3737373737366766 0.1010101010102943 0
4014 0.3737373737366513 0.09090909090926363 0
4015 0.373737373736626 0.08080808080823304 0
4016 0.3737373737366007 0.07070707070720242 0
4017 0.3737373737365753 0.06060606060617257 0
4018 0.37373737373655 0.05050505050514417 0
4019 0.3737373737365247 0.04040404040411616 0
4020 0.3737373737364994 0.03030303030308772 0
4021 0.3737373737364741 0.02020202020205868 0
4022 0.3737373737364488 0.01010101010102934 0
4023 0.3838383838399555 0.9898989898989539 0
4024 0.3838383838399294 0.9797979797979075 0
4025 0.3838383838399033 0.9696969696968614 0
4026 0.3838383838398773 0.9595959595958151 0
4027 0.3838383838398514 0.9494949494947689 0
4028 0.3838383838398253 0.9393939393937225 0
4029 0.3838383838397993 0.9292929292926764 0
4030 0.3838383838397732 0.9191919191916301 0
4031 0.3838383838397471 0.909090909090584 0
4032 0.3838383838397211 0.8989898989895375 0
4033 0.383838383839695 0.8888888888884914 0
4034 0.3838383838396691 0.8787878787874521 0
4035 0.3838383838396431 0.8686868686864445 0
4036 0.383838383839617 0.8585858585854649 0
4037 0.383838383839591 0.8484848484844878 0
4038 0.3838383838395649 0.8383838383835107 0
4039 0.3838383838395389 0.8282828282825335 0
4040 0.3838383838395129 0.8181818181815563 0
4041 0.3838383838394869 0.8080808080805792 0
4042 0.3838383838394608 0.7979797979796021 0
4043 0.3838383838394348 0.7878787878786251 0
4044 0.3838383838394087 0.7777777777776478 0
4045 0.3838383838393828 0.7676767676766708 0
4046 0.3838383838393566 0.7575757575756935 0
4047 0.3838383838393306 0.7474747474747165 0
4048 0.3838383838393046 0.7373737373737392 0
4049 0.3838383838392787 0.7272727272727622 0
4050 0.3838383838392526 0.7171717171717851 0
4051 0.3838383838392265 0.7070707070708078 0
4052 0.3838383838392004 0.6969696969698307 0
4053 0.3838383838391745 0.6868686868688536 0
4054 0.3838383838391484 0.6767676767678763 0
4055 0.3838383838391224 0.6666666666668992 0
4056 0.3838383838390964 0.6565656565659221 0
4057 0.3838383838390703 0.6464646464649448 0
4058 0.3838383838390442 0.6363636363639678 0
4059 0.3838383838390182 0.6262626262629905 0
4060 0.3838383838389922 0.6161616161620134 0
4061 0.3838383838389662 0.6060606060610363 0
4062 0.3838383838389401 0.5959595959600592 0
4063 0.3838383838389141 0.5858585858590819 0
4064 0.383838383838888 0.5757575757581048 0
4065 0.383838383838862 0.5656565656571275 0
4066 0.3838383838388361 0.5555555555561504 0
4067 0.38383838383881 0.5454545454551734 0
4068 0.383838383838784 0.5353535353541963 0
4069 0.3838383838387578 0.525252525253219 0
4070 0.3838383838387319 0.5151515151522419 0
4071 0.3838383838387058 0.5050505050512615 0
4072 0.3838383838386799 0.4949494949502606 0
4073 0.3838383838386537 0.484848484849239 0
4074 0.3838383838386277 0.4747474747482144 0
4075 0.3838383838386017 0.4646464646471897 0
4076 0.3838383838385757 0.454545454546165 0
4077 0.3838383838385496 0.4444444444451403 0
4078 0.3838383838385235 0.4343434343441157 0
4079 0.3838383838384976 0.424242424243091 0
4080 0.3838383838384716 0.4141414141420663 0
4081 0.3838383838384455 0.4040404040410416 0
4082 0.3838383838384194 0.3939393939400169 0
4083 0.3838383838383934 0.3838383838389922 0
4084 0.3838383838383673 0.3737373737379676 0
4085 0.3838383838383413 0.3636363636369428 0
4086 0.3838383838383154 0.3535353535359181 0
4087 0.3838383838382893 0.3434343434348934 0
4088 0.3838383838382633 0.3333333333338687 0
4089 0.3838383838382371 0.3232323232328441 0
4090 0.3838383838382111 0.3131313131318194 0
4091 0.3838383838381851 0.3030303030307948 0
4092 0.3838383838381592 0.29292929292977 0
4093 0.3838383838381332 0.2828282828287453 0
4094 0.3838383838381071 0.2727272727277207 0
4095 0.383838383838081 0.262626262626696 0
4096 0.383838383838055 0.2525252525256713 0
4097 0.3838383838380289 0.2424242424246466 0
4098 0.383838383838003 0.2323232323236219 0
4099 0.3838383838379769 0.2222222222225972 0
4100 0.3838383838379509 0.2121212121215725 0
4101 0.3838383838379248 0.2020202020205478 0
4102 0.3838383838378988 0.1919191919195232 0
4103 0.3838383838378727 0.1818181818184984 0
4104 0.3838383838378467 0.1717171717174737 0
4105 0.3838383838378207 0.1616161616164491 0
4106 0.3838383838377947 0.1515151515154244 0
4107 0.3838383838377686 0.1414141414143997 0
4108 0.3838383838377426 0.1313131313133748 0
4109 0.3838383838377166 0.1212121212123478 0
4110 0.3838383838376905 0.1111111111113183 0
4111 0.3838383838376644 0.1010101010102881 0
4112 0.3838383838376385 0.09090909090925806 0
4113 0.3838383838376125 0.08080808080822807 0
4114 0.3838383838375863 0.07070707070719801 0
4115 0.3838383838375603 0.06060606060616879 0
4116 0.3838383838375343 0.05050505050514101 0
4117 0.3838383838375083 0.04040404040411365 0
4118 0.3838383838374823 0.03030303030308586 0
4119 0.3838383838374562 0.02020202020205744 0
4120 0.3838383838374302 0.01010101010102872 0
4121 0.393939393941007 0.9898989898989541 0
4122 0.3939393939409801 0.9797979797979079 0
4123 0.3939393939409532 0.9696969696968618 0
4124 0.3939393939409266 0.9595959595958156 0
4125 0.3939393939408998 0.9494949494947698 0
4126 0.393939393940873 0.9393939393937234 0
4127 0.3939393939408464 0.9292929292926775 0
4128 0.3939393939408196 0.9191919191916312 0
4129 0.3939393939407929 0.9090909090905852 0
4130 0.393939393940766 0.8989898989895392 0
4131 0.3939393939407393 0.8888888888884929 0
4132 0.3939393939407126 0.8787878787874539 0
4133 0.3939393939406857 0.8686868686864457 0
4134 0.393939393940659 0.8585858585854654 0
4135 0.3939393939406324 0.8484848484844871 0
4136 0.3939393939406055 0.8383838383835089 0
4137 0.3939393939405788 0.8282828282825309 0
4138 0.393939393940552 0.8181818181815529 0
4139 0.3939393939405252 0.8080808080805746 0
4140 0.3939393939404986 0.7979797979795967 0
4141 0.3939393939404717 0.7878787878786184 0
4142 0.393939393940445 0.7777777777776405 0
4143 0.3939393939404182 0.7676767676766624 0
4144 0.3939393939403915 0.7575757575756842 0
4145 0.3939393939403647 0.7474747474747059 0
4146 0.3939393939403381 0.7373737373737279 0
4147 0.3939393939403112 0.7272727272727497 0
4148 0.3939393939402844 0.7171717171717715 0
4149 0.3939393939402577 0.7070707070707936 0
4150 0.3939393939402308 0.6969696969698154 0
4151 0.3939393939402043 0.6868686868688372 0
4152 0.3939393939401774 0.6767676767678592 0
4153 0.3939393939401507 0.666666666666881 0
4154 0.3939393939401239 0.6565656565659028 0
4155 0.3939393939400972 0.6464646464649246 0
4156 0.3939393939400705 0.6363636363639464 0
4157 0.3939393939400436 0.6262626262629685 0
4158 0.3939393939400169 0.6161616161619903 0
4159 0.3939393939399902 0.6060606060610121 0
4160 0.3939393939399634 0.5959595959600341 0
4161 0.3939393939399367 0.5858585858590559 0
4162 0.3939393939399098 0.5757575757580777 0
4163 0.393939393939883 0.5656565656570995 0
4164 0.3939393939398564 0.5555555555561216 0
4165 0.3939393939398296 0.5454545454551434 0
4166 0.3939393939398028 0.5353535353541652 0
4167 0.3939393939397761 0.525252525253187 0
4168 0.3939393939397493 0.515151515152209 0
4169 0.3939393939397224 0.5050505050512277 0
4170 0.3939393939396958 0.4949494949502268 0
4171 0.393939393939669 0.4848484848492058 0
4172 0.3939393939396423 0.4747474747481818 0
4173 0.3939393939396156 0.4646464646471579 0
4174 0.3939393939395888 0.4545454545461339 0
4175 0.393939393939562 0.4444444444451099 0
4176 0.3939393939395353 0.4343434343440861 0
4177 0.3939393939395085 0.4242424242430621 0
4178 0.3939393939394817 0.4141414141420382 0
4179 0.393939393939455 0.404040404041014 0
4180 0.3939393939394282 0.3939393939399901 0
4181 0.3939393939394016 0.3838383838389662 0
4182 0.3939393939393748 0.3737373737379422 0
4183 0.393939393939348 0.3636363636369182 0
4184 0.3939393939393212 0.3535353535358943 0
4185 0.3939393939392946 0.3434343434348703 0
4186 0.3939393939392677 0.3333333333338463 0
4187 0.3939393939392409 0.3232323232328225 0
4188 0.3939393939392142 0.3131313131317984 0
4189 0.3939393939391875 0.3030303030307745 0
4190 0.3939393939391607 0.2929292929297505 0
4191 0.393939393939134 0.2828282828287265 0
4192 0.3939393939391072 0.2727272727277025 0
4193 0.3939393939390804 0.2626262626266787 0
4194 0.3939393939390536 0.2525252525256546 0
4195 0.393939393939027 0.2424242424246307 0
4196 0.3939393939390001 0.2323232323236067 0
4197 0.3939393939389735 0.2222222222225828 0
4198 0.3939393939389466 0.2121212121215588 0
4199 0.39393939393892 0.2020202020205348 0
4200 0.3939393939388931 0.1919191919195109 0
4201 0.3939393939388663 0.1818181818184869 0
4202 0.3939393939388396 0.1717171717174629 0
4203 0.3939393939388129 0.1616161616164389 0
4204 0.3939393939387861 0.1515151515154149 0
4205 0.3939393939387594 0.141414141414391 0
4206 0.3939393939387326 0.1313131313133669 0
4207 0.3939393939387059 0.1212121212123405 0
4208 0.393939393938679 0.1111111111113115 0
4209 0.3939393939386524 0.101010101010282 0
4210 0.3939393939386255 0.0909090909092525 0
4211 0.3939393939385989 0.0808080808082231 0
4212 0.393939393938572 0.07070707070719362 0
4213 0.3939393939385454 0.060606060606165 0
4214 0.3939393939385185 0.05050505050513787 0
4215 0.3939393939384919 0.04040404040411115 0
4216 0.393939393938465 0.030303030303084 0
4217 0.3939393939384384 0.0202020202020562 0
4218 0.3939393939384115 0.0101010101010281 0
4219 0.4040404040420583 0.9898989898989541 0
4220 0.4040404040420308 0.9797979797979082 0
4221 0.4040404040420034 0.9696969696968621 0
4222 0.4040404040419759 0.9595959595958163 0
4223 0.4040404040419483 0.9494949494947704 0
4224 0.4040404040419209 0.9393939393937245 0
4225 0.4040404040418935 0.9292929292926784 0
4226 0.4040404040418659 0.9191919191916325 0
4227 0.4040404040418385 0.9090909090905868 0
4228 0.404040404041811 0.8989898989895407 0
4229 0.4040404040417834 0.8888888888884947 0
4230 0.404040404041756 0.8787878787874555 0
4231 0.4040404040417285 0.8686868686864473 0
4232 0.4040404040417011 0.8585858585854654 0
4233 0.4040404040416736 0.8484848484844867 0
4234 0.4040404040416461 0.8383838383835074 0
4235 0.4040404040416187 0.8282828282825284 0
4236 0.4040404040415911 0.8181818181815493 0
4237 0.4040404040415637 0.8080808080805701 0
4238 0.4040404040415362 0.797979797979591 0
4239 0.4040404040415088 0.787878787878612 0
4240 0.4040404040414813 0.7777777777776329 0
4241 0.4040404040414536 0.7676767676766539 0
4242 0.4040404040414263 0.7575757575756749 0
4243 0.4040404040413988 0.7474747474746957 0
4244 0.4040404040413713 0.7373737373737166 0
4245 0.4040404040413438 0.7272727272727375 0
4246 0.4040404040413164 0.7171717171717582 0
4247 0.4040404040412888 0.7070707070707791 0
4248 0.4040404040412613 0.6969696969698 0
4249 0.4040404040412339 0.686868686868821 0
4250 0.4040404040412064 0.6767676767678419 0
4251 0.4040404040411789 0.6666666666668628 0
4252 0.4040404040411515 0.6565656565658837 0
4253 0.4040404040411241 0.6464646464649044 0
4254 0.4040404040410965 0.6363636363639253 0
4255 0.404040404041069 0.6262626262629463 0
4256 0.4040404040410416 0.6161616161619672 0
4257 0.404040404041014 0.6060606060609881 0
4258 0.4040404040409866 0.595959595960009 0
4259 0.4040404040409591 0.5858585858590299 0
4260 0.4040404040409317 0.5757575757580509 0
4261 0.4040404040409041 0.5656565656570716 0
4262 0.4040404040408767 0.5555555555560927 0
4263 0.4040404040408492 0.5454545454551136 0
4264 0.4040404040408218 0.5353535353541345 0
4265 0.4040404040407942 0.5252525252531552 0
4266 0.4040404040407668 0.5151515151521762 0
4267 0.4040404040407393 0.505050505051194 0
4268 0.4040404040407118 0.4949494949501929 0
4269 0.4040404040406844 0.4848484848491725 0
4270 0.4040404040406569 0.4747474747481494 0
4271 0.4040404040406294 0.4646464646471261 0
4272 0.4040404040406019 0.4545454545461028 0
4273 0.4040404040405745 0.4444444444450796 0
4274 0.404040404040547 0.4343434343440563 0
4275 0.4040404040405194 0.4242424242430332 0
4276 0.404040404040492 0.4141414141420099 0
4277 0.4040404040404646 0.4040404040409866 0
4278 0.4040404040404371 0.3939393939399634 0
4279 0.4040404040404095 0.3838383838389402 0
4280 0.404040404040382 0.3737373737379169 0
4281 0.4040404040403547 0.3636363636368937 0
4282 0.404040404040327 0.3535353535358704 0
4283 0.4040404040402996 0.3434343434348472 0
4284 0.4040404040402722 0.3333333333338239 0
4285 0.4040404040402448 0.3232323232328007 0
4286 0.4040404040402172 0.3131313131317774 0
4287 0.4040404040401897 0.3030303030307542 0
4288 0.4040404040401622 0.2929292929297309 0
4289 0.4040404040401347 0.2828282828287078 0
4290 0.4040404040401073 0.2727272727276845 0
4291 0.4040404040400798 0.2626262626266612 0
4292 0.4040404040400523 0.252525252525638 0
4293 0.4040404040400247 0.2424242424246147 0
4294 0.4040404040399974 0.2323232323235915 0
4295 0.4040404040399699 0.2222222222225683 0
4296 0.4040404040399425 0.212121212121545 0
4297 0.404040404039915 0.2020202020205218 0
4298 0.4040404040398875 0.1919191919194986 0
4299 0.40404040403986 0.1818181818184753 0
4300 0.4040404040398325 0.171717171717452 0
4301 0.4040404040398051 0.1616161616164288 0
4302 0.4040404040397776 0.1515151515154055 0
4303 0.4040404040397501 0.1414141414143823 0
4304 0.4040404040397225 0.1313131313133589 0
4305 0.4040404040396952 0.1212121212123332 0
4306 0.4040404040396677 0.1111111111113048 0
4307 0.4040404040396401 0.1010101010102759 0
4308 0.4040404040396126 0.09090909090924695 0
4309 0.4040404040395852 0.08080808080821811 0
4310 0.4040404040395578 0.07070707070718923 0
4311 0.4040404040395302 0.06060606060616119 0
4312 0.4040404040395027 0.05050505050513471 0
4313 0.4040404040394753 0.04040404040410865 0
4314 0.4040404040394479 0.03030303030308214 0
4315 0.4040404040394203 0.02020202020205496 0
4316 0.4040404040393928 0.01010101010102749 0
4317 0.4141414141431099 0.9898989898989543 0
4318 0.4141414141430816 0.9797979797979084 0
4319 0.4141414141430534 0.9696969696968626 0
4320 0.4141414141430253 0.9595959595958168 0
4321 0.414141414142997 0.9494949494947711 0
4322 0.4141414141429688 0.9393939393937254 0
4323 0.4141414141429406 0.9292929292926796 0
4324 0.4141414141429124 0.9191919191916338 0
4325 0.4141414141428842 0.9090909090905881 0
4326 0.4141414141428559 0.8989898989895422 0
4327 0.4141414141428278 0.8888888888884965 0
4328 0.4141414141427996 0.8787878787874572 0
4329 0.4141414141427713 0.8686868686864486 0
4330 0.4141414141427432 0.8585858585854659 0
4331 0.414141414142715 0.8484848484844858 0
4332 0.4141414141426867 0.8383838383835058 0
4333 0.4141414141426586 0.8282828282825258 0
4334 0.4141414141426304 0.8181818181815458 0
4335 0.4141414141426022 0.8080808080805657 0
4336 0.414141414142574 0.7979797979795856 0
4337 0.4141414141425458 0.7878787878786055 0
4338 0.4141414141425176 0.7777777777776254 0
4339 0.4141414141424893 0.7676767676766455 0
4340 0.4141414141424612 0.7575757575756651 0
4341 0.414141414142433 0.7474747474746852 0
4342 0.4141414141424047 0.737373737373705 0
4343 0.4141414141423765 0.7272727272727251 0
4344 0.4141414141423485 0.7171717171717449 0
4345 0.4141414141423202 0.7070707070707649 0
4346 0.414141414142292 0.6969696969697847 0
4347 0.4141414141422638 0.6868686868688048 0
4348 0.4141414141422356 0.6767676767678246 0
4349 0.4141414141422073 0.6666666666668446 0
4350 0.4141414141421791 0.6565656565658646 0
4351 0.414141414142151 0.6464646464648842 0
4352 0.4141414141421227 0.6363636363639043 0
4353 0.4141414141420945 0.6262626262629243 0
4354 0.4141414141420662 0.6161616161619441 0
4355 0.4141414141420381 0.6060606060609641 0
4356 0.4141414141420099 0.5959595959599839 0
4357 0.4141414141419818 0.585858585859004 0
4358 0.4141414141419535 0.5757575757580238 0
4359 0.4141414141419253 0.5656565656570436 0
4360 0.4141414141418971 0.5555555555560636 0
4361 0.414141414141869 0.5454545454550834 0
4362 0.4141414141418407 0.5353535353541035 0
4363 0.4141414141418125 0.5252525252531233 0
4364 0.4141414141417843 0.5151515151521433 0
4365 0.4141414141417561 0.5050505050511604 0
4366 0.4141414141417279 0.4949494949501591 0
4367 0.4141414141416997 0.4848484848491393 0
4368 0.4141414141416715 0.4747474747481167 0
4369 0.4141414141416433 0.4646464646470942 0
4370 0.414141414141615 0.4545454545460718 0
4371 0.4141414141415868 0.4444444444450492 0
4372 0.4141414141415586 0.4343434343440268 0
4373 0.4141414141415304 0.4242424242430042 0
4374 0.4141414141415023 0.4141414141419817 0
4375 0.4141414141414741 0.4040404040409591 0
4376 0.4141414141414459 0.3939393939399366 0
4377 0.4141414141414177 0.3838383838389141 0
4378 0.4141414141413894 0.3737373737378916 0
4379 0.4141414141413612 0.363636363636869 0
4380 0.414141414141333 0.3535353535358465 0
4381 0.4141414141413049 0.343434343434824 0
4382 0.4141414141412767 0.3333333333338014 0
4383 0.4141414141412484 0.323232323232779 0
4384 0.4141414141412202 0.3131313131317565 0
4385 0.414141414141192 0.303030303030734 0
4386 0.4141414141411639 0.2929292929297115 0
4387 0.4141414141411357 0.2828282828286889 0
4388 0.4141414141411075 0.2727272727276663 0
4389 0.4141414141410792 0.2626262626266439 0
4390 0.414141414141051 0.2525252525256213 0
4391 0.4141414141410229 0.2424242424245988 0
4392 0.4141414141409947 0.2323232323235763 0
4393 0.4141414141409664 0.2222222222225538 0
4394 0.4141414141409382 0.2121212121215312 0
4395 0.41414141414091 0.2020202020205087 0
4396 0.4141414141408818 0.1919191919194863 0
4397 0.4141414141408536 0.1818181818184637 0
4398 0.4141414141408254 0.1717171717174412 0
4399 0.4141414141407972 0.1616161616164187 0
4400 0.414141414140769 0.1515151515153961 0
4401 0.4141414141407408 0.1414141414143736 0
4402 0.4141414141407126 0.1313131313133509 0
4403 0.4141414141406844 0.1212121212123258 0
4404 0.4141414141406562 0.1111111111112981 0
4405 0.414141414140628 0.1010101010102697 0
4406 0.4141414141405998 0.09090909090924137 0
4407 0.4141414141405716 0.08080808080821314 0
4408 0.4141414141405434 0.07070707070718482 0
4409 0.4141414141405152 0.06060606060615741 0
4410 0.414141414140487 0.05050505050513156 0
4411 0.4141414141404588 0.04040404040410615 0
4412 0.4141414141404306 0.03030303030308029 0
4413 0.4141414141404024 0.02020202020205374 0
4414 0.4141414141403742 0.01010101010102686 0
4415 0.4242424242441613 0.9898989898989545 0
4416 0.4242424242441323 0.9797979797979088 0
4417 0.4242424242441034 0.969696969696863 0
4418 0.4242424242440744 0.9595959595958172 0
4419 0.4242424242440455 0.949494949494772 0
4420 0.4242424242440166 0.9393939393937263 0
4421 0.4242424242439876 0.9292929292926807 0
4422 0.4242424242439586 0.9191919191916353 0
4423 0.4242424242439298 0.9090909090905895 0
4424 0.4242424242439008 0.898989898989544 0
4425 0.424242424243872 0.8888888888884983 0
4426 0.4242424242438431 0.878787878787459 0
4427 0.4242424242438141 0.8686868686864498 0
4428 0.4242424242437852 0.8585858585854663 0
4429 0.4242424242437562 0.8484848484844854 0
4430 0.4242424242437274 0.8383838383835041 0
4431 0.4242424242436984 0.8282828282825231 0
4432 0.4242424242436694 0.8181818181815422 0
4433 0.4242424242436407 0.808080808080561 0
4434 0.4242424242436116 0.7979797979795799 0
4435 0.4242424242435828 0.7878787878785989 0
4436 0.4242424242435537 0.777777777777618 0
4437 0.4242424242435249 0.7676767676766371 0
4438 0.424242424243496 0.7575757575756558 0
4439 0.4242424242434669 0.7474747474746748 0
4440 0.4242424242434381 0.7373737373736937 0
4441 0.4242424242434092 0.7272727272727126 0
4442 0.4242424242433803 0.7171717171717316 0
4443 0.4242424242433513 0.7070707070707505 0
4444 0.4242424242433224 0.6969696969697694 0
4445 0.4242424242432935 0.6868686868687883 0
4446 0.4242424242432645 0.6767676767678075 0
4447 0.4242424242432355 0.6666666666668264 0
4448 0.4242424242432067 0.6565656565658453 0
4449 0.4242424242431777 0.6464646464648642 0
4450 0.4242424242431488 0.6363636363638832 0
4451 0.42424242424312 0.6262626262629021 0
4452 0.424242424243091 0.616161616161921 0
4453 0.4242424242430621 0.6060606060609399 0
4454 0.424242424243033 0.5959595959599588 0
4455 0.4242424242430043 0.5858585858589778 0
4456 0.4242424242429753 0.5757575757579969 0
4457 0.4242424242429464 0.5656565656570156 0
4458 0.4242424242429175 0.5555555555560345 0
4459 0.4242424242428885 0.5454545454550537 0
4460 0.4242424242428596 0.5353535353540726 0
4461 0.4242424242428308 0.5252525252530915 0
4462 0.4242424242428018 0.5151515151521104 0
4463 0.4242424242427728 0.5050505050511265 0
4464 0.4242424242427439 0.4949494949501251 0
4465 0.4242424242427151 0.484848484849106 0
4466 0.4242424242426861 0.4747474747480843 0
4467 0.4242424242426571 0.4646464646470624 0
4468 0.4242424242426281 0.4545454545460407 0
4469 0.4242424242425994 0.4444444444450188 0
4470 0.4242424242425704 0.4343434343439971 0
4471 0.4242424242425414 0.4242424242429753 0
4472 0.4242424242425125 0.4141414141419535 0
4473 0.4242424242424835 0.4040404040409317 0
4474 0.4242424242424547 0.3939393939399098 0
4475 0.4242424242424258 0.383838383838888 0
4476 0.4242424242423969 0.3737373737378663 0
4477 0.4242424242423678 0.3636363636368445 0
4478 0.4242424242423389 0.3535353535358227 0
4479 0.4242424242423101 0.3434343434348009 0
4480 0.4242424242422812 0.333333333333779 0
4481 0.4242424242422522 0.3232323232327573 0
4482 0.4242424242422232 0.3131313131317355 0
4483 0.4242424242421944 0.3030303030307138 0
4484 0.4242424242421655 0.2929292929296918 0
4485 0.4242424242421365 0.28282828282867 0
4486 0.4242424242421076 0.2727272727276483 0
4487 0.4242424242420787 0.2626262626266266 0
4488 0.4242424242420498 0.2525252525256046 0
4489 0.4242424242420207 0.2424242424245829 0
4490 0.4242424242419919 0.2323232323235611 0
4491 0.424242424241963 0.2222222222225393 0
4492 0.424242424241934 0.2121212121215175 0
4493 0.4242424242419051 0.2020202020204958 0
4494 0.4242424242418762 0.1919191919194739 0
4495 0.4242424242418473 0.1818181818184521 0
4496 0.4242424242418183 0.1717171717174303 0
4497 0.4242424242417894 0.1616161616164085 0
4498 0.4242424242417605 0.1515151515153867 0
4499 0.4242424242417316 0.1414141414143649 0
4500 0.4242424242417027 0.1313131313133429 0
4501 0.4242424242416737 0.1212121212123185 0
4502 0.4242424242416448 0.1111111111112914 0
4503 0.4242424242416158 0.1010101010102636 0
4504 0.4242424242415869 0.09090909090923582 0
4505 0.424242424241558 0.08080808080820817 0
4506 0.4242424242415291 0.07070707070718041 0
4507 0.4242424242415002 0.06060606060615362 0
4508 0.4242424242414713 0.05050505050512841 0
4509 0.4242424242414423 0.04040404040410366 0
4510 0.4242424242414135 0.03030303030307843 0
4511 0.4242424242413845 0.02020202020205249 0
4512 0.4242424242413555 0.01010101010102625 0
4513 0.4343434343452127 0.9898989898989545 0
4514 0.434343434345183 0.9797979797979093 0
4515 0.4343434343451533 0.9696969696968637 0
4516 0.4343434343451237 0.9595959595958183 0
4517 0.4343434343450939 0.9494949494947726 0
4518 0.4343434343450644 0.9393939393937272 0
4519 0.4343434343450348 0.9292929292926818 0
4520 0.434343434345005 0.9191919191916362 0
4521 0.4343434343449755 0.9090909090905909 0
4522 0.4343434343449457 0.8989898989895455 0
4523 0.4343434343449162 0.8888888888884998 0
4524 0.4343434343448864 0.8787878787874608 0
4525 0.4343434343448568 0.8686868686864512 0
4526 0.4343434343448272 0.8585858585854668 0
4527 0.4343434343447976 0.8484848484844847 0
4528 0.434343434344768 0.8383838383835025 0
4529 0.4343434343447382 0.8282828282825204 0
4530 0.4343434343447087 0.8181818181815387 0
4531 0.434343434344679 0.8080808080805564 0
4532 0.4343434343446494 0.7979797979795745 0
4533 0.4343434343446196 0.7878787878785924 0
4534 0.43434343434459 0.7777777777776105 0
4535 0.4343434343445605 0.7676767676766286 0
4536 0.4343434343445307 0.7575757575756464 0
4537 0.4343434343445011 0.7474747474746644 0
4538 0.4343434343444715 0.7373737373736824 0
4539 0.4343434343444418 0.7272727272727004 0
4540 0.4343434343444121 0.7171717171717182 0
4541 0.4343434343443825 0.7070707070707363 0
4542 0.4343434343443528 0.6969696969697541 0
4543 0.4343434343443232 0.6868686868687721 0
4544 0.4343434343442935 0.6767676767677901 0
4545 0.4343434343442639 0.6666666666668082 0
4546 0.4343434343442342 0.656565656565826 0
4547 0.4343434343442047 0.646464646464844 0
4548 0.434343434344175 0.6363636363638621 0
4549 0.4343434343441452 0.6262626262628799 0
4550 0.4343434343441157 0.6161616161618979 0
4551 0.4343434343440861 0.6060606060609159 0
4552 0.4343434343440563 0.595959595959934 0
4553 0.4343434343440268 0.5858585858589518 0
4554 0.434343434343997 0.5757575757579698 0
4555 0.4343434343439675 0.5656565656569876 0
4556 0.4343434343439379 0.5555555555560057 0
4557 0.4343434343439082 0.5454545454550237 0
4558 0.4343434343438785 0.5353535353540417 0
4559 0.4343434343438489 0.5252525252530595 0
4560 0.4343434343438193 0.5151515151520774 0
4561 0.4343434343437896 0.5050505050510929 0
4562 0.4343434343437599 0.4949494949500913 0
4563 0.4343434343437304 0.4848484848490728 0
4564 0.4343434343437007 0.4747474747480517 0
4565 0.434343434343671 0.4646464646470306 0
4566 0.4343434343436413 0.4545454545460096 0
4567 0.4343434343436118 0.4444444444449884 0
4568 0.434343434343582 0.4343434343439675 0
4569 0.4343434343435525 0.4242424242429463 0
4570 0.4343434343435227 0.4141414141419253 0
4571 0.4343434343434931 0.4040404040409041 0
4572 0.4343434343434635 0.3939393939398831 0
4573 0.4343434343434339 0.383838383838862 0
4574 0.4343434343434042 0.373737373737841 0
4575 0.4343434343433746 0.3636363636368199 0
4576 0.4343434343433449 0.3535353535357988 0
4577 0.4343434343433153 0.3434343434347777 0
4578 0.4343434343432856 0.3333333333337566 0
4579 0.4343434343432558 0.3232323232327357 0
4580 0.4343434343432263 0.3131313131317145 0
4581 0.4343434343431967 0.3030303030306934 0
4582 0.434343434343167 0.2929292929296724 0
4583 0.4343434343431373 0.2828282828286512 0
4584 0.4343434343431077 0.2727272727276302 0
4585 0.4343434343430781 0.2626262626266092 0
4586 0.4343434343430485 0.252525252525588 0
4587 0.4343434343430188 0.242424242424567 0
4588 0.4343434343429892 0.2323232323235459 0
4589 0.4343434343429594 0.2222222222225249 0
4590 0.4343434343429298 0.2121212121215037 0
4591 0.4343434343429002 0.2020202020204827 0
4592 0.4343434343428706 0.1919191919194616 0
4593 0.4343434343428408 0.1818181818184405 0
4594 0.4343434343428113 0.1717171717174195 0
4595 0.4343434343427816 0.1616161616163984 0
4596 0.4343434343427519 0.1515151515153773 0
4597 0.4343434343427223 0.1414141414143562 0
4598 0.4343434343426927 0.1313131313133349 0
4599 0.434343434342663 0.1212121212123112 0
4600 0.4343434343426333 0.1111111111112846 0
4601 0.4343434343426037 0.1010101010102574 0
4602 0.4343434343425742 0.09090909090923027 0
4603 0.4343434343425444 0.08080808080820318 0
4604 0.4343434343425148 0.07070707070717602 0
4605 0.4343434343424851 0.06060606060614981 0
4606 0.4343434343424556 0.05050505050512526 0
4607 0.4343434343424258 0.04040404040410114 0
4608 0.4343434343423962 0.03030303030307657 0
4609 0.4343434343423666 0.02020202020205126 0
4610 0.4343434343423369 0.01010101010102563 0
4611 0.444444444446264 0.9898989898989548 0
4612 0.4444444444462335 0.9797979797979093 0
4613 0.4444444444462031 0.9696969696968641 0
4614 0.4444444444461728 0.9595959595958188 0
4615 0.4444444444461424 0.9494949494947735 0
4616 0.4444444444461122 0.9393939393937283 0
4617 0.4444444444460817 0.9292929292926826 0
4618 0.4444444444460514 0.9191919191916375 0
4619 0.4444444444460209 0.9090909090905923 0
4620 0.4444444444459906 0.8989898989895472 0
4621 0.4444444444459602 0.8888888888885016 0
4622 0.4444444444459298 0.8787878787874626 0
4623 0.4444444444458996 0.8686868686864523 0
4624 0.4444444444458691 0.8585858585854668 0
4625 0.4444444444458388 0.848484848484484 0
4626 0.4444444444458084 0.8383838383835009 0
4627 0.444444444445778 0.828282828282518 0
4628 0.4444444444457477 0.8181818181815351 0
4629 0.4444444444457173 0.8080808080805519 0
4630 0.444444444445687 0.797979797979569 0
4631 0.4444444444456566 0.787878787878586 0
4632 0.4444444444456261 0.7777777777776029 0
4633 0.4444444444455958 0.76767676767662 0
4634 0.4444444444455655 0.7575757575756371 0
4635 0.444444444445535 0.7474747474746539 0
4636 0.4444444444455046 0.7373737373736708 0
4637 0.4444444444454744 0.727272727272688 0
4638 0.4444444444454441 0.7171717171717049 0
4639 0.4444444444454136 0.7070707070707218 0
4640 0.4444444444453832 0.6969696969697388 0
4641 0.4444444444453529 0.6868686868687559 0
4642 0.4444444444453226 0.6767676767677728 0
4643 0.4444444444452921 0.6666666666667898 0
4644 0.4444444444452617 0.6565656565658069 0
4645 0.4444444444452313 0.6464646464648238 0
4646 0.444444444445201 0.6363636363638407 0
4647 0.4444444444451707 0.6262626262628577 0
4648 0.4444444444451403 0.6161616161618748 0
4649 0.44444444444511 0.6060606060608917 0
4650 0.4444444444450795 0.5959595959599087 0
4651 0.4444444444450493 0.5858585858589258 0
4652 0.4444444444450188 0.5757575757579427 0
4653 0.4444444444449884 0.5656565656569597 0
4654 0.4444444444449581 0.5555555555559768 0
4655 0.4444444444449278 0.5454545454549937 0
4656 0.4444444444448974 0.5353535353540106 0
4657 0.444444444444867 0.5252525252530276 0
4658 0.4444444444448368 0.5151515151520445 0
4659 0.4444444444448062 0.5050505050510592 0
4660 0.4444444444447759 0.4949494949500574 0
4661 0.4444444444447455 0.4848484848490395 0
4662 0.4444444444447151 0.4747474747480193 0
4663 0.4444444444446849 0.4646464646469989 0
4664 0.4444444444446545 0.4545454545459785 0
4665 0.4444444444446241 0.4444444444449581 0
4666 0.4444444444445936 0.4343434343439379 0
4667 0.4444444444445634 0.4242424242429175 0
4668 0.444444444444533 0.4141414141418971 0
4669 0.4444444444445026 0.4040404040408767 0
4670 0.4444444444444722 0.3939393939398563 0
4671 0.444444444444442 0.3838383838388361 0
4672 0.4444444444444116 0.3737373737378157 0
4673 0.4444444444443811 0.3636363636367953 0
4674 0.4444444444443507 0.3535353535357749 0
4675 0.4444444444443204 0.3434343434347547 0
4676 0.44444444444429 0.3333333333337342 0
4677 0.4444444444442597 0.3232323232327139 0
4678 0.4444444444442293 0.3131313131316935 0
4679 0.4444444444441989 0.3030303030306731 0
4680 0.4444444444441686 0.2929292929296529 0
4681 0.4444444444441382 0.2828282828286325 0
4682 0.4444444444441078 0.2727272727276121 0
4683 0.4444444444440774 0.2626262626265917 0
4684 0.4444444444440472 0.2525252525255713 0
4685 0.4444444444440168 0.2424242424245511 0
4686 0.4444444444439863 0.2323232323235307 0
4687 0.4444444444439559 0.2222222222225104 0
4688 0.4444444444439255 0.21212121212149 0
4689 0.4444444444438953 0.2020202020204697 0
4690 0.4444444444438649 0.1919191919194493 0
4691 0.4444444444438345 0.1818181818184289 0
4692 0.444444444443804 0.1717171717174086 0
4693 0.4444444444437738 0.1616161616163883 0
4694 0.4444444444437434 0.1515151515153679 0
4695 0.444444444443713 0.1414141414143475 0
4696 0.4444444444436826 0.1313131313133269 0
4697 0.4444444444436524 0.1212121212123039 0
4698 0.444444444443622 0.1111111111112779 0
4699 0.4444444444435915 0.1010101010102513 0
4700 0.4444444444435611 0.09090909090922472 0
4701 0.4444444444435308 0.08080808080819818 0
4702 0.4444444444435005 0.07070707070717164 0
4703 0.4444444444434701 0.06060606060614603 0
4704 0.4444444444434398 0.05050505050512211 0
4705 0.4444444444434095 0.04040404040409865 0
4706 0.444444444443379 0.03030303030307472 0
4707 0.4444444444433486 0.02020202020205002 0
4708 0.4444444444433182 0.01010101010102501 0
4709 0.4545454545473154 0.989898989898955 0
4710 0.4545454545472843 0.9797979797979097 0
4711 0.4545454545472533 0.9696969696968646 0
4712 0.4545454545472222 0.9595959595958197 0
4713 0.4545454545471911 0.9494949494947742 0
4714 0.45454545454716 0.9393939393937292 0
4715 0.4545454545471288 0.9292929292926839 0
4716 0.4545454545470978 0.9191919191916388 0
4717 0.4545454545470666 0.9090909090905938 0
4718 0.4545454545470357 0.8989898989895485 0
4719 0.4545454545470045 0.8888888888885034 0
4720 0.4545454545469734 0.8787878787874643 0
4721 0.4545454545469423 0.8686868686864536 0
4722 0.4545454545469112 0.8585858585854672 0
4723 0.4545454545468802 0.8484848484844834 0
4724 0.454545454546849 0.8383838383834994 0
4725 0.4545454545468179 0.8282828282825155 0
4726 0.454545454546787 0.8181818181815314 0
4727 0.4545454545467557 0.8080808080805475 0
4728 0.4545454545467247 0.7979797979795634 0
4729 0.4545454545466936 0.7878787878785796 0
4730 0.4545454545466626 0.7777777777775954 0
4731 0.4545454545466314 0.7676767676766115 0
4732 0.4545454545466003 0.7575757575756276 0
4733 0.4545454545465692 0.7474747474746437 0
4734 0.4545454545465381 0.7373737373736595 0
4735 0.4545454545465071 0.7272727272726756 0
4736 0.454545454546476 0.7171717171716916 0
4737 0.454545454546445 0.7070707070707076 0
4738 0.4545454545464137 0.6969696969697237 0
4739 0.4545454545463827 0.6868686868687397 0
4740 0.4545454545463516 0.6767676767677555 0
4741 0.4545454545463204 0.6666666666667715 0
4742 0.4545454545462894 0.6565656565657878 0
4743 0.4545454545462583 0.6464646464648036 0
4744 0.4545454545462273 0.6363636363638197 0
4745 0.4545454545461961 0.6262626262628357 0
4746 0.4545454545461651 0.6161616161618517 0
4747 0.4545454545461339 0.6060606060608678 0
4748 0.4545454545461027 0.5959595959598838 0
4749 0.4545454545460718 0.5858585858588996 0
4750 0.4545454545460406 0.5757575757579156 0
4751 0.4545454545460096 0.5656565656569317 0
4752 0.4545454545459784 0.5555555555559477 0
4753 0.4545454545459475 0.5454545454549637 0
4754 0.4545454545459163 0.5353535353539798 0
4755 0.4545454545458851 0.5252525252529956 0
4756 0.4545454545458542 0.5151515151520116 0
4757 0.4545454545458231 0.5050505050510254 0
4758 0.454545454545792 0.4949494949500236 0
4759 0.4545454545457609 0.4848484848490062 0
4760 0.4545454545457298 0.4747474747479866 0
4761 0.4545454545456987 0.464646464646967 0
4762 0.4545454545456675 0.4545454545459474 0
4763 0.4545454545456366 0.4444444444449277 0
4764 0.4545454545456055 0.4343434343439082 0
4765 0.4545454545455743 0.4242424242428885 0
4766 0.4545454545455433 0.4141414141418689 0
4767 0.4545454545455122 0.4040404040408492 0
4768 0.454545454545481 0.3939393939398296 0
4769 0.45454545454545 0.38383838383881 0
4770 0.4545454545454188 0.3737373737377904 0
4771 0.4545454545453878 0.3636363636367707 0
4772 0.4545454545453566 0.3535353535357511 0
4773 0.4545454545453257 0.3434343434347314 0
4774 0.4545454545452945 0.3333333333337118 0
4775 0.4545454545452634 0.3232323232326922 0
4776 0.4545454545452322 0.3131313131316726 0
4777 0.4545454545452012 0.3030303030306529 0
4778 0.4545454545451701 0.2929292929296333 0
4779 0.4545454545451391 0.2828282828286136 0
4780 0.4545454545451079 0.272727272727594 0
4781 0.4545454545450769 0.2626262626265744 0
4782 0.4545454545450457 0.2525252525255547 0
4783 0.4545454545450146 0.2424242424245352 0
4784 0.4545454545449835 0.2323232323235155 0
4785 0.4545454545449524 0.2222222222224959 0
4786 0.4545454545449215 0.2121212121214762 0
4787 0.4545454545448903 0.2020202020204567 0
4788 0.4545454545448592 0.191919191919437 0
4789 0.4545454545448281 0.1818181818184174 0
4790 0.454545454544797 0.1717171717173977 0
4791 0.4545454545447659 0.1616161616163781 0
4792 0.4545454545447348 0.1515151515153584 0
4793 0.4545454545447037 0.1414141414143388 0
4794 0.4545454545446727 0.131313131313319 0
4795 0.4545454545446416 0.1212121212122966 0
4796 0.4545454545446105 0.1111111111112712 0
4797 0.4545454545445794 0.1010101010102452 0
4798 0.4545454545445483 0.09090909090921914 0
4799 0.4545454545445172 0.08080808080819321 0
4800 0.4545454545444861 0.07070707070716722 0
4801 0.4545454545444551 0.06060606060614224 0
4802 0.454545454544424 0.05050505050511896 0
4803 0.4545454545443929 0.04040404040409615 0
4804 0.4545454545443618 0.03030303030307286 0
4805 0.4545454545443307 0.0202020202020488 0
4806 0.4545454545442996 0.01010101010102439 0
4807 0.4646464646483669 0.9898989898989552 0
4808 0.464646464648335 0.9797979797979102 0
4809 0.4646464646483032 0.969696969696865 0
4810 0.4646464646482714 0.95959595959582 0
4811 0.4646464646482396 0.9494949494947751 0
4812 0.4646464646482078 0.9393939393937301 0
4813 0.4646464646481759 0.9292929292926849 0
4814 0.4646464646481441 0.9191919191916401 0
4815 0.4646464646481122 0.9090909090905951 0
4816 0.4646464646480806 0.8989898989895503 0
4817 0.4646464646480487 0.8888888888885051 0
4818 0.4646464646480168 0.8787878787874661 0
4819 0.4646464646479851 0.8686868686864547 0
4820 0.4646464646479532 0.8585858585854677 0
4821 0.4646464646479215 0.8484848484844827 0
4822 0.4646464646478896 0.8383838383834978 0
4823 0.4646464646478579 0.8282828282825129 0
4824 0.464646464647826 0.8181818181815278 0
4825 0.4646464646477942 0.8080808080805428 0
4826 0.4646464646477624 0.7979797979795581 0
4827 0.4646464646477305 0.7878787878785729 0
4828 0.4646464646476988 0.7777777777775881 0
4829 0.4646464646476669 0.7676767676766031 0
4830 0.4646464646476351 0.757575757575618 0
4831 0.4646464646476033 0.7474747474746331 0
4832 0.4646464646475715 0.7373737373736482 0
4833 0.4646464646475397 0.7272727272726633 0
4834 0.4646464646475078 0.7171717171716783 0
4835 0.4646464646474761 0.7070707070706934 0
4836 0.4646464646474441 0.6969696969697083 0
4837 0.4646464646474124 0.6868686868687235 0
4838 0.4646464646473806 0.6767676767677384 0
4839 0.4646464646473488 0.6666666666667536 0
4840 0.464646464647317 0.6565656565657685 0
4841 0.4646464646472852 0.6464646464647834 0
4842 0.4646464646472533 0.6363636363637986 0
4843 0.4646464646472214 0.6262626262628135 0
4844 0.4646464646471897 0.6161616161618286 0
4845 0.4646464646471579 0.6060606060608436 0
4846 0.4646464646471261 0.5959595959598587 0
4847 0.4646464646470944 0.5858585858588736 0
4848 0.4646464646470625 0.5757575757578888 0
4849 0.4646464646470307 0.5656565656569037 0
4850 0.4646464646469989 0.5555555555559186 0
4851 0.464646464646967 0.5454545454549338 0
4852 0.4646464646469352 0.5353535353539489 0
4853 0.4646464646469034 0.5252525252529638 0
4854 0.4646464646468716 0.5151515151519788 0
4855 0.4646464646468398 0.5050505050509917 0
4856 0.4646464646468079 0.4949494949499896 0
4857 0.4646464646467762 0.484848484848973 0
4858 0.4646464646467443 0.4747474747479541 0
4859 0.4646464646467124 0.4646464646469352 0
4860 0.4646464646466807 0.4545454545459163 0
4861 0.4646464646466488 0.4444444444448974 0
4862 0.4646464646466171 0.4343434343438785 0
4863 0.4646464646465852 0.4242424242428596 0
4864 0.4646464646465535 0.4141414141418407 0
4865 0.4646464646465216 0.4040404040408218 0
4866 0.4646464646464897 0.3939393939398028 0
4867 0.464646464646458 0.3838383838387839 0
4868 0.4646464646464261 0.3737373737377651 0
4869 0.4646464646463944 0.3636363636367461 0
4870 0.4646464646463625 0.3535353535357272 0
4871 0.4646464646463307 0.3434343434347084 0
4872 0.464646464646299 0.3333333333336894 0
4873 0.4646464646462672 0.3232323232326706 0
4874 0.4646464646462353 0.3131313131316515 0
4875 0.4646464646462035 0.3030303030306327 0
4876 0.4646464646461717 0.2929292929296138 0
4877 0.4646464646461398 0.2828282828285948 0
4878 0.464646464646108 0.2727272727275759 0
4879 0.4646464646460762 0.2626262626265571 0
4880 0.4646464646460444 0.252525252525538 0
4881 0.4646464646460126 0.2424242424245192 0
4882 0.4646464646459808 0.2323232323235003 0
4883 0.4646464646459489 0.2222222222224814 0
4884 0.4646464646459172 0.2121212121214625 0
4885 0.4646464646458853 0.2020202020204436 0
4886 0.4646464646458536 0.1919191919194247 0
4887 0.4646464646458217 0.1818181818184058 0
4888 0.46464646464579 0.1717171717173869 0
4889 0.4646464646457581 0.1616161616163679 0
4890 0.4646464646457263 0.1515151515153491 0
4891 0.4646464646456945 0.1414141414143302 0
4892 0.4646464646456626 0.131313131313311 0
4893 0.4646464646456309 0.1212121212122892 0
4894 0.464646464645599 0.1111111111112645 0
4895 0.4646464646455671 0.101010101010239 0
4896 0.4646464646455354 0.09090909090921359 0
4897 0.4646464646455036 0.08080808080818824 0
4898 0.4646464646454718 0.07070707070716281 0
4899 0.4646464646454399 0.06060606060613843 0
4900 0.4646464646454082 0.05050505050511581 0
4901 0.4646464646453764 0.04040404040409365 0
4902 0.4646464646453444 0.03030303030307101 0
4903 0.4646464646453127 0.02020202020204755 0
4904 0.4646464646452809 0.01010101010102377 0
4905 0.4747474747494183 0.9898989898989552 0
4906 0.4747474747493857 0.9797979797979104 0
4907 0.4747474747493533 0.9696969696968656 0
4908 0.4747474747493207 0.9595959595958207 0
4909 0.4747474747492881 0.949494949494776 0
4910 0.4747474747492556 0.9393939393937309 0
4911 0.474747474749223 0.9292929292926863 0
4912 0.4747474747491905 0.9191919191916414 0
4913 0.474747474749158 0.9090909090905964 0
4914 0.4747474747491255 0.8989898989895516 0
4915 0.4747474747490928 0.8888888888885067 0
4916 0.4747474747490603 0.8787878787874677 0
4917 0.4747474747490278 0.8686868686864561 0
4918 0.4747474747489953 0.8585858585854681 0
4919 0.4747474747489627 0.848484848484482 0
4920 0.4747474747489301 0.8383838383834961 0
4921 0.4747474747488976 0.8282828282825102 0
4922 0.4747474747488651 0.8181818181815242 0
4923 0.4747474747488326 0.8080808080805384 0
4924 0.4747474747488 0.7979797979795523 0
4925 0.4747474747487676 0.7878787878785665 0
4926 0.4747474747487349 0.7777777777775805 0
4927 0.4747474747487025 0.7676767676765947 0
4928 0.47474747474867 0.7575757575756087 0
4929 0.4747474747486374 0.7474747474746228 0
4930 0.4747474747486049 0.7373737373736367 0
4931 0.4747474747485723 0.7272727272726509 0
4932 0.4747474747485397 0.7171717171716649 0
4933 0.4747474747485072 0.707070707070679 0
4934 0.4747474747484747 0.696969696969693 0
4935 0.474747474748442 0.6868686868687071 0
4936 0.4747474747484097 0.6767676767677211 0
4937 0.4747474747483771 0.6666666666667351 0
4938 0.4747474747483446 0.6565656565657494 0
4939 0.474747474748312 0.6464646464647632 0
4940 0.4747474747482795 0.6363636363637772 0
4941 0.474747474748247 0.6262626262627915 0
4942 0.4747474747482144 0.6161616161618055 0
4943 0.4747474747481819 0.6060606060608196 0
4944 0.4747474747481493 0.5959595959598336 0
4945 0.4747474747481168 0.5858585858588476 0
4946 0.4747474747480842 0.5757575757578617 0
4947 0.4747474747480517 0.5656565656568757 0
4948 0.4747474747480191 0.5555555555558898 0
4949 0.4747474747479866 0.5454545454549038 0
4950 0.4747474747479541 0.5353535353539178 0
4951 0.4747474747479216 0.5252525252529319 0
4952 0.474747474747889 0.5151515151519459 0
4953 0.4747474747478565 0.5050505050509579 0
4954 0.4747474747478241 0.4949494949499558 0
4955 0.4747474747477914 0.4848484848489397 0
4956 0.4747474747477589 0.4747474747479216 0
4957 0.4747474747477264 0.4646464646469034 0
4958 0.4747474747476939 0.4545454545458852 0
4959 0.4747474747476613 0.444444444444867 0
4960 0.4747474747476287 0.4343434343438489 0
4961 0.4747474747475962 0.4242424242428307 0
4962 0.4747474747475636 0.4141414141418125 0
4963 0.4747474747475312 0.4040404040407942 0
4964 0.4747474747474986 0.3939393939397761 0
4965 0.4747474747474661 0.3838383838387579 0
4966 0.4747474747474335 0.3737373737377397 0
4967 0.474747474747401 0.3636363636367216 0
4968 0.4747474747473684 0.3535353535357033 0
4969 0.4747474747473358 0.3434343434346852 0
4970 0.4747474747473034 0.333333333333667 0
4971 0.4747474747472707 0.3232323232326488 0
4972 0.4747474747472383 0.3131313131316307 0
4973 0.4747474747472058 0.3030303030306124 0
4974 0.4747474747471733 0.2929292929295942 0
4975 0.4747474747471406 0.2828282828285761 0
4976 0.4747474747471082 0.2727272727275578 0
4977 0.4747474747470757 0.2626262626265398 0
4978 0.4747474747470432 0.2525252525255215 0
4979 0.4747474747470105 0.2424242424245033 0
4980 0.4747474747469781 0.2323232323234851 0
4981 0.4747474747469455 0.222222222222467 0
4982 0.474747474746913 0.2121212121214487 0
4983 0.4747474747468804 0.2020202020204306 0
4984 0.474747474746848 0.1919191919194124 0
4985 0.4747474747468153 0.1818181818183942 0
4986 0.4747474747467828 0.171717171717376 0
4987 0.4747474747467503 0.1616161616163578 0
4988 0.4747474747467177 0.1515151515153396 0
4989 0.4747474747466852 0.1414141414143215 0
4990 0.4747474747466527 0.131313131313303 0
4991 0.47474747474662 0.1212121212122819 0
4992 0.4747474747465876 0.1111111111112578 0
4993 0.4747474747465551 0.1010101010102329 0
4994 0.4747474747465226 0.09090909090920804 0
4995 0.47474747474649 0.08080808080818325 0
4996 0.4747474747464574 0.07070707070715843 0
4997 0.474747474746425 0.06060606060613466 0
4998 0.4747474747463923 0.05050505050511266 0
4999 0.4747474747463599 0.04040404040409115 0
5000 0.4747474747463273 0.03030303030306915 0
5001 0.4747474747462948 0.02020202020204632 0
5002 0.4747474747462622 0.01010101010102315 0
5003 0.4848484848504697 0.9898989898989554 0
5004 0.4848484848504364 0.9797979797979106 0
5005 0.4848484848504032 0.9696969696968661 0
5006 0.4848484848503699 0.9595959595958213 0
5007 0.4848484848503366 0.9494949494947766 0
5008 0.4848484848503034 0.9393939393937321 0
5009 0.4848484848502701 0.9292929292926871 0
5010 0.4848484848502369 0.9191919191916423 0
5011 0.4848484848502036 0.9090909090905978 0
5012 0.4848484848501704 0.8989898989895532 0
5013 0.4848484848501371 0.8888888888885085 0
5014 0.4848484848501039 0.8787878787874697 0
5015 0.4848484848500705 0.8686868686864574 0
5016 0.4848484848500373 0.8585858585854683 0
5017 0.484848484850004 0.8484848484844814 0
5018 0.4848484848499708 0.8383838383834945 0
5019 0.4848484848499375 0.8282828282825075 0
5020 0.4848484848499042 0.8181818181815207 0
5021 0.484848484849871 0.8080808080805337 0
5022 0.4848484848498378 0.797979797979547 0
5023 0.4848484848498045 0.78787878787856 0
5024 0.4848484848497712 0.7777777777775732 0
5025 0.484848484849738 0.7676767676765862 0
5026 0.4848484848497047 0.7575757575755994 0
5027 0.4848484848496716 0.7474747474746124 0
5028 0.4848484848496381 0.7373737373736255 0
5029 0.484848484849605 0.7272727272726385 0
5030 0.4848484848495717 0.7171717171716514 0
5031 0.4848484848495385 0.7070707070706646 0
5032 0.4848484848495052 0.6969696969696777 0
5033 0.484848484849472 0.6868686868686908 0
5034 0.4848484848494387 0.676767676767704 0
5035 0.4848484848494054 0.6666666666667169 0
5036 0.4848484848493721 0.6565656565657301 0
5037 0.484848484849339 0.646464646464743 0
5038 0.4848484848493056 0.6363636363637561 0
5039 0.4848484848492724 0.6262626262627693 0
5040 0.4848484848492391 0.6161616161617824 0
5041 0.4848484848492058 0.6060606060607954 0
5042 0.4848484848491725 0.5959595959598085 0
5043 0.4848484848491393 0.5858585858588214 0
5044 0.4848484848491061 0.5757575757578348 0
5045 0.4848484848490727 0.5656565656568477 0
5046 0.4848484848490396 0.5555555555558609 0
5047 0.4848484848490063 0.5454545454548738 0
5048 0.484848484848973 0.535353535353887 0
5049 0.4848484848489398 0.5252525252529001 0
5050 0.4848484848489065 0.515151515151913 0
5051 0.4848484848488732 0.5050505050509242 0
5052 0.48484848484884 0.4949494949499219 0
5053 0.4848484848488067 0.4848484848489065 0
5054 0.4848484848487734 0.474747474747889 0
5055 0.4848484848487402 0.4646464646468715 0
5056 0.484848484848707 0.4545454545458542 0
5057 0.4848484848486737 0.4444444444448367 0
5058 0.4848484848486404 0.4343434343438192 0
5059 0.4848484848486072 0.4242424242428018 0
5060 0.484848484848574 0.4141414141417843 0
5061 0.4848484848485407 0.4040404040407668 0
5062 0.4848484848485074 0.3939393939397493 0
5063 0.4848484848484741 0.3838383838387319 0
5064 0.4848484848484408 0.3737373737377144 0
5065 0.4848484848484076 0.3636363636366969 0
5066 0.4848484848483744 0.3535353535356794 0
5067 0.4848484848483411 0.3434343434346621 0
5068 0.4848484848483078 0.3333333333336446 0
5069 0.4848484848482746 0.3232323232326271 0
5070 0.4848484848482414 0.3131313131316096 0
5071 0.4848484848482081 0.3030303030305922 0
5072 0.4848484848481748 0.2929292929295747 0
5073 0.4848484848481415 0.2828282828285572 0
5074 0.4848484848481083 0.2727272727275397 0
5075 0.4848484848480751 0.2626262626265223 0
5076 0.4848484848480418 0.2525252525255048 0
5077 0.4848484848480086 0.2424242424244874 0
5078 0.4848484848479754 0.23232323232347 0
5079 0.4848484848479421 0.2222222222224525 0
5080 0.4848484848479088 0.212121212121435 0
5081 0.4848484848478755 0.2020202020204176 0
5082 0.4848484848478423 0.1919191919194001 0
5083 0.4848484848478091 0.1818181818183826 0
5084 0.4848484848477758 0.1717171717173651 0
5085 0.4848484848477425 0.1616161616163477 0
5086 0.4848484848477091 0.1515151515153302 0
5087 0.484848484847676 0.1414141414143127 0
5088 0.4848484848476428 0.131313131313295 0
5089 0.4848484848476095 0.1212121212122746 0
5090 0.4848484848475761 0.111111111111251 0
5091 0.4848484848475428 0.1010101010102267 0
5092 0.4848484848475096 0.09090909090920246 0
5093 0.4848484848474764 0.08080808080817828 0
5094 0.4848484848474431 0.07070707070715404 0
5095 0.4848484848474098 0.06060606060613086 0
5096 0.4848484848473766 0.05050505050510951 0
5097 0.4848484848473433 0.04040404040408865 0
5098 0.4848484848473101 0.0303030303030673 0
5099 0.4848484848472768 0.02020202020204508 0
5100 0.4848484848472435 0.01010101010102253 0
5101 0.4949494949515136 0.9898989898989556 0
5102 0.4949494949514798 0.9797979797979111 0
5103 0.4949494949514459 0.9696969696968666 0
5104 0.4949494949514121 0.9595959595958218 0
5105 0.4949494949513781 0.9494949494947773 0
5106 0.4949494949513443 0.9393939393937329 0
5107 0.4949494949513105 0.9292929292926885 0
5108 0.4949494949512766 0.9191919191916437 0
5109 0.4949494949512427 0.9090909090905993 0
5110 0.4949494949512089 0.8989898989895547 0
5111 0.4949494949511749 0.8888888888885103 0
5112 0.4949494949511412 0.8787878787874712 0
5113 0.4949494949511073 0.8686868686864587 0
5114 0.4949494949510734 0.8585858585854685 0
5115 0.4949494949510396 0.8484848484844809 0
5116 0.4949494949510056 0.838383838383493 0
5117 0.4949494949509717 0.8282828282825049 0
5118 0.494949494950938 0.8181818181815169 0
5119 0.4949494949509041 0.8080808080805293 0
5120 0.4949494949508702 0.7979797979795412 0
5121 0.4949494949508363 0.7878787878785536 0
5122 0.4949494949508024 0.7777777777775656 0
5123 0.4949494949507686 0.7676767676765776 0
5124 0.4949494949507348 0.7575757575755898 0
5125 0.4949494949507009 0.747474747474602 0
5126 0.494949494950667 0.737373737373614 0
5127 0.4949494949506331 0.727272727272626 0
5128 0.4949494949505994 0.7171717171716383 0
5129 0.4949494949505654 0.7070707070706503 0
5130 0.4949494949505315 0.6969696969696624 0
5131 0.4949494949504977 0.6868686868686746 0
5132 0.4949494949504637 0.6767676767676867 0
5133 0.4949494949504299 0.6666666666666987 0
5134 0.494949494950396 0.656565656565711 0
5135 0.4949494949503622 0.6464646464647228 0
5136 0.4949494949503283 0.6363636363637351 0
5137 0.4949494949502944 0.6262626262627471 0
5138 0.4949494949502605 0.6161616161617594 0
5139 0.4949494949502268 0.6060606060607714 0
5140 0.4949494949501929 0.5959595959597834 0
5141 0.4949494949501591 0.5858585858587955 0
5142 0.4949494949501251 0.5757575757578077 0
5143 0.4949494949500912 0.5656565656568198 0
5144 0.4949494949500574 0.5555555555558318 0
5145 0.4949494949500236 0.5454545454548441 0
5146 0.4949494949499897 0.5353535353538561 0
5147 0.4949494949499557 0.5252525252528681 0
5148 0.4949494949499219 0.5151515151518802 0
5149 0.494949494949888 0.5050505050508904 0
5150 0.4949494949498542 0.494949494949888 0
5151 0.4949494949498204 0.4848484848488732 0
5152 0.4949494949497865 0.4747474747478565 0
5153 0.4949494949497526 0.4646464646468398 0
5154 0.4949494949497187 0.4545454545458231 0
5155 0.494949494949685 0.4444444444448062 0
5156 0.494949494949651 0.4343434343437896 0
5157 0.494949494949617 0.4242424242427728 0
5158 0.4949494949495833 0.4141414141417561 0
5159 0.4949494949495494 0.4040404040407393 0
5160 0.4949494949495156 0.3939393939397225 0
5161 0.4949494949494816 0.3838383838387058 0
5162 0.4949494949494478 0.3737373737376891 0
5163 0.4949494949494139 0.3636363636366723 0
5164 0.4949494949493801 0.3535353535356556 0
5165 0.4949494949493461 0.343434343434639 0
5166 0.4949494949493124 0.3333333333336221 0
5167 0.4949494949492785 0.3232323232326054 0
5168 0.4949494949492447 0.3131313131315887 0
5169 0.4949494949492107 0.3030303030305719 0
5170 0.4949494949491769 0.2929292929295552 0
5171 0.494949494949143 0.2828282828285384 0
5172 0.4949494949491092 0.2727272727275217 0
5173 0.4949494949490753 0.262626262626505 0
5174 0.4949494949490415 0.2525252525254882 0
5175 0.4949494949490075 0.2424242424244715 0
5176 0.4949494949489738 0.2323232323234548 0
5177 0.4949494949489398 0.222222222222438 0
5178 0.4949494949489061 0.2121212121214212 0
5179 0.4949494949488721 0.2020202020204045 0
5180 0.4949494949488382 0.1919191919193878 0
5181 0.4949494949488044 0.181818181818371 0
5182 0.4949494949487706 0.1717171717173543 0
5183 0.4949494949487366 0.1616161616163375 0
5184 0.4949494949487027 0.1515151515153208 0
5185 0.4949494949486689 0.1414141414143041 0
5186 0.494949494948635 0.1313131313132871 0
5187 0.4949494949486012 0.1212121212122673 0
5188 0.4949494949485672 0.1111111111112443 0
5189 0.4949494949485335 0.1010101010102206 0
5190 0.4949494949484995 0.09090909090919691 0
5191 0.4949494949484657 0.08080808080817331 0
5192 0.4949494949484318 0.07070707070714963 0
5193 0.494949494948398 0.06060606060612707 0
5194 0.494949494948364 0.05050505050510634 0
5195 0.4949494949483303 0.04040404040408616 0
5196 0.4949494949482963 0.03030303030306544 0
5197 0.4949494949482626 0.02020202020204385 0
5198 0.4949494949482286 0.01010101010102191 0
5199 0.5050505050525098 0.9898989898989556 0
5200 0.5050505050524761 0.9797979797979113 0
5201 0.5050505050524423 0.969696969696867 0
5202 0.5050505050524088 0.9595959595958227 0
5203 0.5050505050523748 0.9494949494947782 0
5204 0.5050505050523411 0.9393939393937338 0
5205 0.5050505050523075 0.9292929292926894 0
5206 0.5050505050522736 0.919191919191645 0
5207 0.50505050505224 0.9090909090906009 0
5208 0.5050505050522063 0.8989898989895565 0
5209 0.5050505050521725 0.888888888888512 0
5210 0.5050505050521388 0.878787878787473 0
5211 0.505050505052105 0.8686868686864601 0
5212 0.5050505050520713 0.858585858585469 0
5213 0.5050505050520375 0.8484848484844802 0
5214 0.5050505050520038 0.8383838383834912 0
5215 0.50505050505197 0.8282828282825022 0
5216 0.5050505050519363 0.8181818181815134 0
5217 0.5050505050519025 0.8080808080805246 0
5218 0.5050505050518688 0.7979797979795359 0
5219 0.505050505051835 0.7878787878785469 0
5220 0.5050505050518013 0.7777777777775581 0
5221 0.5050505050517675 0.7676767676765691 0
5222 0.5050505050517338 0.7575757575755803 0
5223 0.5050505050517002 0.7474747474745915 0
5224 0.5050505050516665 0.7373737373736027 0
5225 0.5050505050516325 0.7272727272726138 0
5226 0.5050505050515988 0.7171717171716248 0
5227 0.5050505050515652 0.7070707070706361 0
5228 0.5050505050515313 0.6969696969696471 0
5229 0.5050505050514977 0.6868686868686582 0
5230 0.505050505051464 0.6767676767676694 0
5231 0.5050505050514302 0.6666666666666805 0
5232 0.5050505050513965 0.6565656565656917 0
5233 0.5050505050513627 0.6464646464647026 0
5234 0.505050505051329 0.636363636363714 0
5235 0.5050505050512952 0.6262626262627249 0
5236 0.5050505050512617 0.6161616161617363 0
5237 0.5050505050512277 0.6060606060607472 0
5238 0.505050505051194 0.5959595959597583 0
5239 0.5050505050511604 0.5858585858587695 0
5240 0.5050505050511265 0.5757575757577806 0
5241 0.5050505050510927 0.5656565656567918 0
5242 0.5050505050510592 0.5555555555558029 0
5243 0.5050505050510252 0.5454545454548139 0
5244 0.5050505050509915 0.5353535353538252 0
5245 0.5050505050509579 0.5252525252528362 0
5246 0.5050505050509242 0.5151515151518473 0
5247 0.5050505050508902 0.5050505050508567 0
5248 0.5050505050508567 0.4949494949498542 0
5249 0.5050505050508229 0.48484848484884 0
5250 0.5050505050507892 0.474747474747824 0
5251 0.5050505050507554 0.4646464646468079 0
5252 0.5050505050507217 0.454545454545792 0
5253 0.5050505050506879 0.4444444444447759 0
5254 0.5050505050506542 0.4343434343437599 0
5255 0.5050505050506207 0.4242424242427439 0
5256 0.5050505050505869 0.4141414141417279 0
5257 0.5050505050505532 0.4040404040407118 0
5258 0.5050505050505194 0.3939393939396958 0
5259 0.5050505050504857 0.3838383838386797 0
5260 0.5050505050504519 0.3737373737376638 0
5261 0.5050505050504182 0.3636363636366478 0
5262 0.5050505050503844 0.3535353535356317 0
5263 0.5050505050503507 0.3434343434346158 0
5264 0.5050505050503169 0.3333333333335997 0
5265 0.5050505050502831 0.3232323232325838 0
5266 0.5050505050502494 0.3131313131315677 0
5267 0.5050505050502156 0.3030303030305517 0
5268 0.5050505050501819 0.2929292929295356 0
5269 0.5050505050501481 0.2828282828285196 0
5270 0.5050505050501144 0.2727272727275035 0
5271 0.5050505050500806 0.2626262626264876 0
5272 0.5050505050500469 0.2525252525254715 0
5273 0.5050505050500131 0.2424242424244556 0
5274 0.5050505050499794 0.2323232323234395 0
5275 0.5050505050499456 0.2222222222224235 0
5276 0.5050505050499119 0.2121212121214074 0
5277 0.5050505050498781 0.2020202020203915 0
5278 0.5050505050498444 0.1919191919193755 0
5279 0.5050505050498106 0.1818181818183594 0
5280 0.5050505050497771 0.1717171717173434 0
5281 0.5050505050497434 0.1616161616163274 0
5282 0.5050505050497096 0.1515151515153114 0
5283 0.5050505050496759 0.1414141414142954 0
5284 0.5050505050496421 0.1313131313132791 0
5285 0.5050505050496084 0.12121212121226 0
5286 0.5050505050495746 0.1111111111112376 0
5287 0.5050505050495409 0.1010101010102145 0
5288 0.5050505050495071 0.09090909090919136 0
5289 0.5050505050494734 0.08080808080816831 0
5290 0.5050505050494396 0.07070707070714524 0
5291 0.5050505050494059 0.06060606060612328 0
5292 0.5050505050493721 0.05050505050510321 0
5293 0.5050505050493383 0.04040404040408366 0
5294 0.5050505050493046 0.03030303030306358 0
5295 0.5050505050492708 0.02020202020204261 0
5296 0.5050505050492373 0.0101010101010213 0
5297 0.5151515151534583 0.9898989898989559 0
5298 0.5151515151534252 0.9797979797979115 0
5299 0.5151515151533925 0.9696969696968675 0
5300 0.5151515151533597 0.9595959595958231 0
5301 0.5151515151533268 0.9494949494947791 0
5302 0.5151515151532939 0.9393939393937347 0
5303 0.5151515151532609 0.9292929292926907 0
5304 0.515151515153228 0.9191919191916463 0
5305 0.5151515151531953 0.9090909090906022 0
5306 0.5151515151531625 0.8989898989895578 0
5307 0.5151515151531294 0.8888888888885138 0
5308 0.5151515151530965 0.8787878787874748 0
5309 0.5151515151530637 0.8686868686864614 0
5310 0.5151515151530308 0.8585858585854694 0
5311 0.515151515152998 0.8484848484844796 0
5312 0.5151515151529651 0.8383838383834896 0
5313 0.5151515151529322 0.8282828282825 0
5314 0.5151515151528994 0.8181818181815098 0
5315 0.5151515151528665 0.8080808080805202 0
5316 0.5151515151528336 0.7979797979795303 0
5317 0.5151515151528008 0.7878787878785405 0
5318 0.5151515151527679 0.7777777777775505 0
5319 0.5151515151527351 0.7676767676765607 0
5320 0.5151515151527022 0.7575757575755709 0
5321 0.5151515151526693 0.7474747474745811 0
5322 0.5151515151526365 0.7373737373735914 0
5323 0.5151515151526034 0.7272727272726014 0
5324 0.5151515151525705 0.7171717171716114 0
5325 0.5151515151525377 0.7070707070706217 0
5326 0.5151515151525048 0.6969696969696317 0
5327 0.5151515151524719 0.686868686868642 0
5328 0.5151515151524391 0.676767676767652 0
5329 0.5151515151524062 0.6666666666666623 0
5330 0.5151515151523733 0.6565656565656726 0
5331 0.5151515151523405 0.6464646464646826 0
5332 0.5151515151523074 0.6363636363636926 0
5333 0.5151515151522745 0.6262626262627029 0
5334 0.5151515151522419 0.6161616161617129 0
5335 0.515151515152209 0.6060606060607232 0
5336 0.5151515151521762 0.5959595959597332 0
5337 0.5151515151521431 0.5858585858587435 0
5338 0.5151515151521102 0.5757575757577535 0
5339 0.5151515151520774 0.5656565656567638 0
5340 0.5151515151520447 0.5555555555557739 0
5341 0.5151515151520119 0.5454545454547841 0
5342 0.5151515151519788 0.5353535353537942 0
5343 0.5151515151519459 0.5252525252528042 0
5344 0.515151515151913 0.5151515151518145 0
5345 0.5151515151518802 0.5050505050508229 0
5346 0.5151515151518473 0.4949494949498203 0
5347 0.5151515151518145 0.4848484848488067 0
5348 0.5151515151517816 0.4747474747477914 0
5349 0.5151515151517487 0.4646464646467762 0
5350 0.5151515151517159 0.4545454545457609 0
5351 0.515151515151683 0.4444444444447455 0
5352 0.5151515151516501 0.4343434343437304 0
5353 0.5151515151516171 0.424242424242715 0
5354 0.5151515151515842 0.4141414141416997 0
5355 0.5151515151515513 0.4040404040406843 0
5356 0.5151515151515185 0.393939393939669 0
5357 0.5151515151514856 0.3838383838386538 0
5358 0.5151515151514527 0.3737373737376385 0
5359 0.5151515151514199 0.3636363636366232 0
5360 0.515151515151387 0.3535353535356078 0
5361 0.5151515151513542 0.3434343434345926 0
5362 0.5151515151513213 0.3333333333335773 0
5363 0.5151515151512884 0.323232323232562 0
5364 0.5151515151512556 0.3131313131315467 0
5365 0.5151515151512227 0.3030303030305315 0
5366 0.5151515151511898 0.2929292929295161 0
5367 0.515151515151157 0.2828282828285008 0
5368 0.5151515151511241 0.2727272727274855 0
5369 0.5151515151510913 0.2626262626264703 0
5370 0.5151515151510584 0.2525252525254549 0
5371 0.5151515151510255 0.2424242424244397 0
5372 0.5151515151509924 0.2323232323234243 0
5373 0.5151515151509596 0.2222222222224091 0
5374 0.5151515151509267 0.2121212121213937 0
5375 0.5151515151508939 0.2020202020203785 0
5376 0.515151515150861 0.1919191919193632 0
5377 0.5151515151508281 0.1818181818183479 0
5378 0.5151515151507953 0.1717171717173326 0
5379 0.5151515151507624 0.1616161616163173 0
5380 0.5151515151507295 0.151515151515302 0
5381 0.5151515151506967 0.1414141414142867 0
5382 0.5151515151506638 0.1313131313132711 0
5383 0.5151515151506307 0.1212121212122527 0
5384 0.5151515151505981 0.1111111111112309 0
5385 0.5151515151505652 0.1010101010102083 0
5386 0.5151515151505321 0.09090909090918581 0
5387 0.5151515151504993 0.08080808080816335 0
5388 0.5151515151504664 0.07070707070714083 0
5389 0.5151515151504336 0.06060606060611948 0
5390 0.5151515151504007 0.05050505050510004 0
5391 0.5151515151503678 0.04040404040408116 0
5392 0.515151515150335 0.03030303030306172 0
5393 0.5151515151503021 0.02020202020204138 0
5394 0.5151515151502692 0.01010101010102068 0
5395 0.5252525252543992 0.9898989898989561 0
5396 0.5252525252543675 0.9797979797979119 0
5397 0.5252525252543355 0.9696969696968679 0
5398 0.5252525252543035 0.9595959595958237 0
5399 0.5252525252542718 0.9494949494947797 0
5400 0.5252525252542396 0.9393939393937356 0
5401 0.5252525252542078 0.9292929292926916 0
5402 0.5252525252541761 0.9191919191916477 0
5403 0.5252525252541441 0.9090909090906035 0
5404 0.5252525252541124 0.8989898989895596 0
5405 0.5252525252540804 0.8888888888885154 0
5406 0.5252525252540484 0.8787878787874766 0
5407 0.5252525252540164 0.8686868686864625 0
5408 0.5252525252539847 0.8585858585854699 0
5409 0.5252525252539527 0.8484848484844789 0
5410 0.5252525252539207 0.8383838383834881 0
5411 0.525252525253889 0.8282828282824973 0
5412 0.525252525253857 0.8181818181815063 0
5413 0.5252525252538253 0.8080808080805155 0
5414 0.5252525252537931 0.7979797979795248 0
5415 0.5252525252537613 0.787878787878534 0
5416 0.5252525252537296 0.7777777777775432 0
5417 0.5252525252536976 0.7676767676765522 0
5418 0.5252525252536656 0.7575757575755616 0
5419 0.5252525252536336 0.7474747474745707 0
5420 0.5252525252536018 0.7373737373735798 0
5421 0.5252525252535699 0.7272727272725892 0
5422 0.525252525253538 0.7171717171715981 0
5423 0.5252525252535061 0.7070707070706073 0
5424 0.5252525252534742 0.6969696969696166 0
5425 0.5252525252534421 0.6868686868686258 0
5426 0.5252525252534105 0.6767676767676349 0
5427 0.5252525252533786 0.6666666666666441 0
5428 0.5252525252533465 0.6565656565656532 0
5429 0.5252525252533148 0.6464646464646624 0
5430 0.5252525252532828 0.6363636363636715 0
5431 0.5252525252532508 0.6262626262626807 0
5432 0.5252525252532191 0.6161616161616899 0
5433 0.5252525252531871 0.606060606060699 0
5434 0.5252525252531551 0.5959595959597084 0
5435 0.5252525252531233 0.5858585858587175 0
5436 0.5252525252530914 0.5757575757577267 0
5437 0.5252525252530595 0.5656565656567358 0
5438 0.5252525252530277 0.555555555555745 0
5439 0.5252525252529957 0.5454545454547541 0
5440 0.5252525252529637 0.5353535353537633 0
5441 0.525252525252932 0.5252525252527724 0
5442 0.5252525252529 0.5151515151517816 0
5443 0.525252525252868 0.5050505050507892 0
5444 0.5252525252528363 0.4949494949497865 0
5445 0.5252525252528043 0.4848484848487734 0
5446 0.5252525252527723 0.4747474747477589 0
5447 0.5252525252527406 0.4646464646467443 0
5448 0.5252525252527086 0.4545454545457298 0
5449 0.5252525252526768 0.4444444444447152 0
5450 0.5252525252526449 0.4343434343437006 0
5451 0.5252525252526129 0.424242424242686 0
5452 0.5252525252525809 0.4141414141416715 0
5453 0.5252525252525492 0.4040404040406569 0
5454 0.5252525252525172 0.3939393939396423 0
5455 0.5252525252524854 0.3838383838386278 0
5456 0.5252525252524535 0.3737373737376132 0
5457 0.5252525252524215 0.3636363636365986 0
5458 0.5252525252523895 0.353535353535584 0
5459 0.5252525252523578 0.3434343434345695 0
5460 0.5252525252523258 0.3333333333335549 0
5461 0.5252525252522938 0.3232323232325404 0
5462 0.5252525252522621 0.3131313131315258 0
5463 0.5252525252522301 0.3030303030305112 0
5464 0.5252525252521981 0.2929292929294965 0
5465 0.5252525252521661 0.2828282828284819 0
5466 0.5252525252521344 0.2727272727274674 0
5467 0.5252525252521024 0.2626262626264529 0
5468 0.5252525252520707 0.2525252525254382 0
5469 0.5252525252520387 0.2424242424244237 0
5470 0.5252525252520067 0.2323232323234091 0
5471 0.5252525252519747 0.2222222222223946 0
5472 0.525252525251943 0.21212121212138 0
5473 0.525252525251911 0.2020202020203654 0
5474 0.5252525252518793 0.1919191919193509 0
5475 0.5252525252518473 0.1818181818183363 0
5476 0.5252525252518153 0.1717171717173217 0
5477 0.5252525252517836 0.1616161616163071 0
5478 0.5252525252517516 0.1515151515152925 0
5479 0.5252525252517198 0.141414141414278 0
5480 0.5252525252516879 0.1313131313132632 0
5481 0.5252525252516559 0.1212121212122453 0
5482 0.5252525252516239 0.1111111111112242 0
5483 0.5252525252515919 0.1010101010102022 0
5484 0.5252525252515602 0.09090909090918023 0
5485 0.5252525252515284 0.08080808080815838 0
5486 0.5252525252514965 0.07070707070713644 0
5487 0.5252525252514645 0.06060606060611569 0
5488 0.5252525252514325 0.0505050505050969 0
5489 0.5252525252514005 0.04040404040407866 0
5490 0.5252525252513688 0.03030303030305987 0
5491 0.5252525252513368 0.02020202020204014 0
5492 0.5252525252513051 0.01010101010102006 0
5493 0.5353535353553405 0.9898989898989561 0
5494 0.5353535353553096 0.9797979797979124 0
5495 0.5353535353552785 0.9696969696968684 0
5496 0.5353535353552477 0.9595959595958244 0
5497 0.5353535353552168 0.9494949494947804 0
5498 0.5353535353551856 0.9393939393937367 0
5499 0.5353535353551548 0.9292929292926927 0
5500 0.535353535355124 0.9191919191916488 0
5501 0.5353535353550931 0.9090909090906049 0
5502 0.5353535353550622 0.8989898989895609 0
5503 0.5353535353550312 0.8888888888885171 0
5504 0.5353535353550001 0.8787878787874783 0
5505 0.5353535353549694 0.8686868686864638 0
5506 0.5353535353549383 0.8585858585854699 0
5507 0.5353535353549075 0.8484848484844782 0
5508 0.5353535353548766 0.8383838383834863 0
5509 0.5353535353548455 0.8282828282824947 0
5510 0.5353535353548147 0.8181818181815027 0
5511 0.5353535353547838 0.8080808080805111 0
5512 0.5353535353547529 0.7979797979795195 0
5513 0.5353535353547221 0.7878787878785276 0
5514 0.535353535354691 0.7777777777775357 0
5515 0.5353535353546601 0.7676767676765438 0
5516 0.5353535353546293 0.7575757575755521 0
5517 0.5353535353545982 0.7474747474745602 0
5518 0.5353535353545673 0.7373737373735685 0
5519 0.5353535353545364 0.7272727272725767 0
5520 0.5353535353545056 0.7171717171715848 0
5521 0.5353535353544745 0.7070707070705931 0
5522 0.5353535353544436 0.6969696969696013 0
5523 0.5353535353544128 0.6868686868686094 0
5524 0.5353535353543819 0.6767676767676176 0
5525 0.5353535353543508 0.6666666666666259 0
5526 0.53535353535432 0.6565656565656341 0
5527 0.5353535353542891 0.6464646464646422 0
5528 0.535353535354258 0.6363636363636505 0
5529 0.5353535353542271 0.6262626262626587 0
5530 0.5353535353541963 0.6161616161616668 0
5531 0.5353535353541654 0.606060606060675 0
5532 0.5353535353541343 0.5959595959596833 0
5533 0.5353535353541035 0.5858585858586913 0
5534 0.5353535353540724 0.5757575757576996 0
5535 0.5353535353540417 0.5656565656567079 0
5536 0.5353535353540106 0.5555555555557161 0
5537 0.5353535353539798 0.5454545454547242 0
5538 0.5353535353539489 0.5353535353537324 0
5539 0.5353535353539178 0.5252525252527405 0
5540 0.535353535353887 0.5151515151517487 0
5541 0.5353535353538561 0.5050505050507554 0
5542 0.5353535353538252 0.4949494949497526 0
5543 0.5353535353537942 0.4848484848487402 0
5544 0.5353535353537633 0.4747474747477264 0
5545 0.5353535353537324 0.4646464646467124 0
5546 0.5353535353537016 0.4545454545456987 0
5547 0.5353535353536705 0.4444444444446848 0
5548 0.5353535353536396 0.4343434343436711 0
5549 0.5353535353536087 0.4242424242426571 0
5550 0.5353535353535779 0.4141414141416433 0
5551 0.5353535353535468 0.4040404040406294 0
5552 0.5353535353535159 0.3939393939396155 0
5553 0.5353535353534848 0.3838383838386017 0
5554 0.535353535353454 0.3737373737375879 0
5555 0.5353535353534231 0.363636363636574 0
5556 0.5353535353533923 0.3535353535355601 0
5557 0.5353535353533614 0.3434343434345464 0
5558 0.5353535353533303 0.3333333333335324 0
5559 0.5353535353532994 0.3232323232325186 0
5560 0.5353535353532686 0.3131313131315048 0
5561 0.5353535353532375 0.3030303030304909 0
5562 0.5353535353532066 0.292929292929477 0
5563 0.5353535353531758 0.2828282828284632 0
5564 0.5353535353531447 0.2727272727274493 0
5565 0.535353535353114 0.2626262626264355 0
5566 0.5353535353530829 0.2525252525254216 0
5567 0.5353535353530521 0.2424242424244078 0
5568 0.5353535353530212 0.2323232323233939 0
5569 0.5353535353529901 0.2222222222223801 0
5570 0.5353535353529593 0.2121212121213662 0
5571 0.5353535353529284 0.2020202020203524 0
5572 0.5353535353528975 0.1919191919193386 0
5573 0.5353535353528664 0.1818181818183247 0
5574 0.5353535353528356 0.1717171717173108 0
5575 0.5353535353528047 0.161616161616297 0
5576 0.5353535353527739 0.1515151515152831 0
5577 0.5353535353527428 0.1414141414142693 0
5578 0.5353535353527119 0.1313131313132552 0
5579 0.535353535352681 0.121212121212238 0
5580 0.53535353535265 0.1111111111112174 0
5581 0.5353535353526191 0.101010101010196 0
5582 0.5353535353525882 0.09090909090917468 0
5583 0.5353535353525571 0.08080808080815338 0
5584 0.5353535353525263 0.07070707070713206 0
5585 0.5353535353524954 0.0606060606061119 0
5586 0.5353535353524645 0.05050505050509374 0
5587 0.5353535353524337 0.04040404040407615 0
5588 0.5353535353524026 0.03030303030305801 0
5589 0.535353535352372 0.02020202020203891 0
5590 0.5353535353523409 0.01010101010101944 0
5591 0.5454545454562814 0.9898989898989563 0
5592 0.5454545454562514 0.9797979797979126 0
5593 0.5454545454562214 0.9696969696968689 0
5594 0.5454545454561914 0.9595959595958249 0
5595 0.5454545454561617 0.9494949494947813 0
5596 0.5454545454561317 0.9393939393937376 0
5597 0.5454545454561015 0.9292929292926938 0
5598 0.5454545454560717 0.9191919191916498 0
5599 0.545454545456042 0.9090909090906062 0
5600 0.5454545454560118 0.8989898989895627 0
5601 0.5454545454559818 0.8888888888885187 0
5602 0.5454545454559521 0.8787878787874801 0
5603 0.5454545454559221 0.8686868686864649 0
5604 0.5454545454558921 0.8585858585854703 0
5605 0.5454545454558621 0.8484848484844776 0
5606 0.5454545454558324 0.8383838383834847 0
5607 0.5454545454558022 0.828282828282492 0
5608 0.5454545454557722 0.8181818181814992 0
5609 0.5454545454557425 0.8080808080805064 0
5610 0.5454545454557125 0.7979797979795137 0
5611 0.5454545454556825 0.7878787878785209 0
5612 0.5454545454556525 0.7777777777775283 0
5613 0.5454545454556226 0.7676767676765354 0
5614 0.5454545454555926 0.7575757575755425 0
5615 0.5454545454555626 0.74747474747455 0
5616 0.5454545454555326 0.7373737373735572 0
5617 0.5454545454555026 0.7272727272725643 0
5618 0.5454545454554729 0.7171717171715715 0
5619 0.5454545454554429 0.7070707070705788 0
5620 0.5454545454554129 0.696969696969586 0
5621 0.545454545455383 0.6868686868685931 0
5622 0.545454545455353 0.6767676767676005 0
5623 0.545454545455323 0.6666666666666077 0
5624 0.545454545455293 0.6565656565656148 0
5625 0.5454545454552633 0.646464646464622 0
5626 0.5454545454552333 0.6363636363636294 0
5627 0.5454545454552033 0.6262626262626365 0
5628 0.5454545454551734 0.6161616161616437 0
5629 0.5454545454551434 0.606060606060651 0
5630 0.5454545454551134 0.5959595959596582 0
5631 0.5454545454550834 0.5858585858586653 0
5632 0.5454545454550537 0.5757575757576727 0
5633 0.5454545454550235 0.5656565656566799 0
5634 0.5454545454549937 0.555555555555687 0
5635 0.5454545454549637 0.5454545454546942 0
5636 0.5454545454549338 0.5353535353537016 0
5637 0.5454545454549038 0.5252525252527087 0
5638 0.5454545454548738 0.5151515151517156 0
5639 0.5454545454548441 0.5050505050507217 0
5640 0.5454545454548141 0.4949494949497187 0
5641 0.5454545454547841 0.484848484848707 0
5642 0.5454545454547541 0.4747474747476937 0
5643 0.5454545454547242 0.4646464646466807 0
5644 0.5454545454546942 0.4545454545456676 0
5645 0.5454545454546642 0.4444444444446545 0
5646 0.5454545454546342 0.4343434343436413 0
5647 0.5454545454546043 0.4242424242426283 0
5648 0.5454545454545745 0.4141414141416151 0
5649 0.5454545454545443 0.4040404040406019 0
5650 0.5454545454545145 0.3939393939395888 0
5651 0.5454545454544846 0.3838383838385756 0
5652 0.5454545454544546 0.3737373737375626 0
5653 0.5454545454544248 0.3636363636365494 0
5654 0.5454545454543949 0.3535353535355362 0
5655 0.5454545454543647 0.3434343434345232 0
5656 0.5454545454543347 0.33333333333351 0
5657 0.5454545454543049 0.323232323232497 0
5658 0.545454545454275 0.3131313131314838 0
5659 0.545454545454245 0.3030303030304706 0
5660 0.545454545454215 0.2929292929294575 0
5661 0.545454545454185 0.2828282828284444 0
5662 0.5454545454541551 0.2727272727274312 0
5663 0.5454545454541251 0.2626262626264181 0
5664 0.5454545454540953 0.252525252525405 0
5665 0.5454545454540654 0.2424242424243919 0
5666 0.5454545454540354 0.2323232323233788 0
5667 0.5454545454540054 0.2222222222223657 0
5668 0.5454545454539754 0.2121212121213525 0
5669 0.5454545454539457 0.2020202020203394 0
5670 0.5454545454539155 0.1919191919193263 0
5671 0.5454545454538857 0.1818181818183131 0
5672 0.5454545454538555 0.1717171717172999 0
5673 0.5454545454538258 0.1616161616162868 0
5674 0.5454545454537958 0.1515151515152737 0
5675 0.5454545454537658 0.1414141414142606 0
5676 0.5454545454537361 0.1313131313132472 0
5677 0.5454545454537059 0.1212121212122307 0
5678 0.5454545454536759 0.1111111111112107 0
5679 0.5454545454536459 0.1010101010101899 0
5680 0.5454545454536162 0.09090909090916913 0
5681 0.5454545454535862 0.08080808080814841 0
5682 0.5454545454535562 0.07070707070712764 0
5683 0.5454545454535262 0.0606060606061081 0
5684 0.5454545454534963 0.05050505050509059 0
5685 0.5454545454534665 0.04040404040407365 0
5686 0.5454545454534363 0.03030303030305616 0
5687 0.5454545454534065 0.02020202020203767 0
5688 0.5454545454533766 0.01010101010101882 0
5689 0.5555555555572225 0.9898989898989565 0
5690 0.5555555555571936 0.9797979797979128 0
5691 0.5555555555571645 0.9696969696968692 0
5692 0.5555555555571354 0.9595959595958258 0
5693 0.5555555555571066 0.9494949494947822 0
5694 0.5555555555570777 0.9393939393937385 0
5695 0.5555555555570488 0.9292929292926948 0
5696 0.5555555555570195 0.9191919191916513 0
5697 0.5555555555569904 0.9090909090906076 0
5698 0.5555555555569616 0.8989898989895641 0
5699 0.5555555555569327 0.8888888888885205 0
5700 0.5555555555569036 0.8787878787874819 0
5701 0.5555555555568747 0.8686868686864663 0
5702 0.5555555555568457 0.8585858585854708 0
5703 0.5555555555568168 0.8484848484844769 0
5704 0.5555555555567879 0.8383838383834832 0
5705 0.5555555555567588 0.8282828282824893 0
5706 0.5555555555567298 0.8181818181814956 0
5707 0.5555555555567009 0.808080808080502 0
5708 0.555555555556672 0.7979797979795084 0
5709 0.5555555555566429 0.7878787878785145 0
5710 0.5555555555566141 0.7777777777775208 0
5711 0.5555555555565852 0.7676767676765269 0
5712 0.5555555555565561 0.7575757575755332 0
5713 0.5555555555565272 0.7474747474745396 0
5714 0.5555555555564982 0.7373737373735456 0
5715 0.5555555555564691 0.7272727272725519 0
5716 0.5555555555564402 0.7171717171715581 0
5717 0.5555555555564113 0.7070707070705644 0
5718 0.5555555555563823 0.6969696969695707 0
5719 0.5555555555563532 0.6868686868685769 0
5720 0.5555555555563245 0.6767676767675832 0
5721 0.5555555555562952 0.6666666666665895 0
5722 0.5555555555562663 0.6565656565655957 0
5723 0.5555555555562375 0.6464646464646018 0
5724 0.5555555555562084 0.636363636363608 0
5725 0.5555555555561795 0.6262626262626143 0
5726 0.5555555555561504 0.6161616161616206 0
5727 0.5555555555561216 0.6060606060606268 0
5728 0.5555555555560925 0.5959595959596331 0
5729 0.5555555555560636 0.5858585858586394 0
5730 0.5555555555560345 0.5757575757576456 0
5731 0.5555555555560057 0.5656565656566519 0
5732 0.5555555555559768 0.5555555555556579 0
5733 0.5555555555559477 0.5454545454546642 0
5734 0.5555555555559188 0.5353535353536705 0
5735 0.5555555555558898 0.5252525252526767 0
5736 0.5555555555558609 0.515151515151683 0
5737 0.5555555555558318 0.5050505050506879 0
5738 0.5555555555558029 0.4949494949496849 0
5739 0.5555555555557739 0.4848484848486737 0
5740 0.555555555555745 0.4747474747476613 0
5741 0.5555555555557159 0.4646464646466489 0
5742 0.555555555555687 0.4545454545456366 0
5743 0.5555555555556579 0.4444444444446241 0
5744 0.5555555555556291 0.4343434343436117 0
5745 0.5555555555556002 0.4242424242425993 0
5746 0.5555555555555711 0.4141414141415869 0
5747 0.555555555555542 0.4040404040405744 0
5748 0.5555555555555132 0.393939393939562 0
5749 0.5555555555554843 0.3838383838385496 0
5750 0.5555555555554552 0.3737373737375372 0
5751 0.5555555555554264 0.3636363636365249 0
5752 0.5555555555553973 0.3535353535355124 0
5753 0.5555555555553684 0.3434343434345001 0
5754 0.5555555555553393 0.3333333333334876 0
5755 0.5555555555553104 0.3232323232324752 0
5756 0.5555555555552814 0.3131313131314628 0
5757 0.5555555555552525 0.3030303030304504 0
5758 0.5555555555552234 0.2929292929294379 0
5759 0.5555555555551945 0.2828282828284255 0
5760 0.5555555555551654 0.2727272727274132 0
5761 0.5555555555551366 0.2626262626264008 0
5762 0.5555555555551077 0.2525252525253884 0
5763 0.5555555555550786 0.2424242424243759 0
5764 0.5555555555550495 0.2323232323233635 0
5765 0.5555555555550207 0.2222222222223512 0
5766 0.5555555555549918 0.2121212121213387 0
5767 0.5555555555549627 0.2020202020203263 0
5768 0.5555555555549339 0.1919191919193139 0
5769 0.5555555555549048 0.1818181818183015 0
5770 0.5555555555548759 0.1717171717172891 0
5771 0.555555555554847 0.1616161616162767 0
5772 0.5555555555548179 0.1515151515152643 0
5773 0.5555555555547889 0.1414141414142519 0
5774 0.55555555555476 0.1313131313132392 0
5775 0.5555555555547311 0.1212121212122234 0
5776 0.555555555554702 0.111111111111204 0
5777 0.5555555555546732 0.1010101010101838 0
5778 0.5555555555546441 0.09090909090916355 0
5779 0.5555555555546152 0.08080808080814345 0
5780 0.5555555555545864 0.07070707070712323 0
5781 0.555555555554557 0.06060606060610431 0
5782 0.5555555555545282 0.05050505050508744 0
5783 0.5555555555544993 0.04040404040407115 0
5784 0.5555555555544704 0.0303030303030543 0
5785 0.5555555555544414 0.02020202020203644 0
5786 0.5555555555544123 0.0101010101010182 0
5787 0.5656565656581634 0.9898989898989567 0
5788 0.5656565656581354 0.9797979797979133 0
5789 0.5656565656581074 0.9696969696968697 0
5790 0.5656565656580794 0.9595959595958262 0
5791 0.5656565656580512 0.9494949494947829 0
5792 0.5656565656580232 0.9393939393937394 0
5793 0.5656565656579955 0.929292929292696 0
5794 0.5656565656579675 0.9191919191916526 0
5795 0.5656565656579395 0.9090909090906094 0
5796 0.5656565656579113 0.8989898989895659 0
5797 0.5656565656578834 0.8888888888885222 0
5798 0.5656565656578554 0.8787878787874837 0
5799 0.5656565656578274 0.8686868686864676 0
5800 0.5656565656577994 0.858585858585471 0
5801 0.5656565656577714 0.8484848484844765 0
5802 0.5656565656577435 0.8383838383834816 0
5803 0.5656565656577155 0.8282828282824869 0
5804 0.5656565656576873 0.818181818181492 0
5805 0.5656565656576593 0.8080808080804973 0
5806 0.5656565656576316 0.7979797979795026 0
5807 0.5656565656576036 0.7878787878785081 0
5808 0.5656565656575756 0.7777777777775132 0
5809 0.5656565656575474 0.7676767676765185 0
5810 0.5656565656575196 0.7575757575755239 0
5811 0.5656565656574915 0.7474747474745291 0
5812 0.5656565656574635 0.7373737373735343 0
5813 0.5656565656574355 0.7272727272725397 0
5814 0.5656565656574075 0.7171717171715448 0
5815 0.5656565656573795 0.7070707070705502 0
5816 0.5656565656573516 0.6969696969695554 0
5817 0.5656565656573236 0.6868686868685607 0
5818 0.5656565656572956 0.6767676767675659 0
5819 0.5656565656572676 0.6666666666665713 0
5820 0.5656565656572397 0.6565656565655764 0
5821 0.5656565656572117 0.6464646464645818 0
5822 0.5656565656571837 0.6363636363635869 0
5823 0.5656565656571555 0.6262626262625921 0
5824 0.5656565656571277 0.6161616161615975 0
5825 0.5656565656570998 0.6060606060606026 0
5826 0.5656565656570718 0.595959595959608 0
5827 0.5656565656570438 0.5858585858586132 0
5828 0.5656565656570156 0.5757575757576185 0
5829 0.5656565656569876 0.5656565656566237 0
5830 0.5656565656569599 0.5555555555556291 0
5831 0.5656565656569317 0.5454545454546342 0
5832 0.5656565656569037 0.5353535353536396 0
5833 0.5656565656568757 0.5252525252526448 0
5834 0.5656565656568477 0.5151515151516499 0
5835 0.5656565656568198 0.5050505050506542 0
5836 0.5656565656567918 0.494949494949651 0
5837 0.5656565656567638 0.4848484848486404 0
5838 0.5656565656567356 0.4747474747476288 0
5839 0.5656565656567076 0.4646464646466171 0
5840 0.5656565656566799 0.4545454545456054 0
5841 0.5656565656566517 0.4444444444445937 0
5842 0.5656565656566237 0.434343434343582 0
5843 0.5656565656565957 0.4242424242425704 0
5844 0.5656565656565677 0.4141414141415587 0
5845 0.5656565656565398 0.404040404040547 0
5846 0.5656565656565118 0.3939393939395353 0
5847 0.5656565656564838 0.3838383838385236 0
5848 0.5656565656564558 0.3737373737375119 0
5849 0.5656565656564279 0.3636363636365002 0
5850 0.5656565656563999 0.3535353535354885 0
5851 0.5656565656563719 0.3434343434344769 0
5852 0.5656565656563439 0.3333333333334652 0
5853 0.5656565656563159 0.3232323232324535 0
5854 0.565656565656288 0.3131313131314418 0
5855 0.56565656565626 0.3030303030304302 0
5856 0.5656565656562318 0.2929292929294184 0
5857 0.565656565656204 0.2828282828284068 0
5858 0.5656565656561758 0.2727272727273951 0
5859 0.5656565656561479 0.2626262626263834 0
5860 0.5656565656561199 0.2525252525253717 0
5861 0.5656565656560919 0.2424242424243601 0
5862 0.5656565656560639 0.2323232323233483 0
5863 0.5656565656560359 0.2222222222223367 0
5864 0.565656565656008 0.212121212121325 0
5865 0.56565656565598 0.2020202020203133 0
5866 0.5656565656559518 0.1919191919193016 0
5867 0.565656565655924 0.1818181818182899 0
5868 0.5656565656558961 0.1717171717172782 0
5869 0.5656565656558679 0.1616161616162666 0
5870 0.5656565656558401 0.1515151515152549 0
5871 0.5656565656558119 0.1414141414142432 0
5872 0.5656565656557839 0.1313131313132312 0
5873 0.5656565656557559 0.1212121212122161 0
5874 0.565656565655728 0.1111111111111973 0
5875 0.5656565656557 0.1010101010101776 0
5876 0.565656565655672 0.090909090909158 0
5877 0.565656565655644 0.08080808080813845 0
5878 0.5656565656556161 0.07070707070711885 0
5879 0.5656565656555881 0.06060606060610052 0
5880 0.5656565656555601 0.05050505050508429 0
5881 0.5656565656555321 0.04040404040406866 0
5882 0.5656565656555042 0.03030303030305244 0
5883 0.5656565656554762 0.0202020202020352 0
5884 0.5656565656554482 0.01010101010101758 0
5885 0.5757575757591044 0.9898989898989567 0
5886 0.5757575757590775 0.9797979797979135 0
5887 0.5757575757590502 0.9696969696968702 0
5888 0.5757575757590233 0.959595959595827 0
5889 0.5757575757589961 0.9494949494947837 0
5890 0.5757575757589694 0.9393939393937405 0
5891 0.5757575757589425 0.9292929292926968 0
5892 0.5757575757589154 0.9191919191916539 0
5893 0.5757575757588883 0.9090909090906107 0
5894 0.5757575757588613 0.898989898989567 0
5895 0.5757575757588344 0.888888888888524 0
5896 0.5757575757588071 0.8787878787874854 0
5897 0.5757575757587802 0.868686868686469 0
5898 0.5757575757587531 0.8585858585854712 0
5899 0.5757575757587262 0.8484848484844756 0
5900 0.5757575757586993 0.8383838383834799 0
5901 0.5757575757586723 0.8282828282824845 0
5902 0.5757575757586454 0.8181818181814885 0
5903 0.5757575757586181 0.8080808080804929 0
5904 0.5757575757585912 0.7979797979794973 0
5905 0.5757575757585641 0.7878787878785016 0
5906 0.5757575757585373 0.7777777777775057 0
5907 0.5757575757585102 0.7676767676765101 0
5908 0.5757575757584831 0.7575757575755143 0
5909 0.575757575758456 0.7474747474745187 0
5910 0.5757575757584291 0.737373737373523 0
5911 0.575757575758402 0.7272727272725272 0
5912 0.5757575757583751 0.7171717171715315 0
5913 0.5757575757583479 0.7070707070705358 0
5914 0.575757575758321 0.69696969696954 0
5915 0.5757575757582939 0.6868686868685443 0
5916 0.575757575758267 0.6767676767675486 0
5917 0.57575757575824 0.6666666666665531 0
5918 0.5757575757582128 0.6565656565655573 0
5919 0.5757575757581859 0.6464646464645614 0
5920 0.575757575758159 0.6363636363635659 0
5921 0.5757575757581318 0.6262626262625701 0
5922 0.5757575757581048 0.6161616161615744 0
5923 0.5757575757580778 0.6060606060605787 0
5924 0.5757575757580508 0.5959595959595829 0
5925 0.5757575757580239 0.5858585858585872 0
5926 0.5757575757579968 0.5757575757575915 0
5927 0.5757575757579698 0.5656565656565957 0
5928 0.5757575757579428 0.5555555555556002 0
5929 0.5757575757579156 0.5454545454546043 0
5930 0.5757575757578888 0.5353535353536087 0
5931 0.5757575757578616 0.5252525252526128 0
5932 0.5757575757578347 0.5151515151516171 0
5933 0.5757575757578077 0.5050505050506204 0
5934 0.5757575757577807 0.4949494949496172 0
5935 0.5757575757577537 0.4848484848486072 0
5936 0.5757575757577266 0.4747474747475963 0
5937 0.5757575757576995 0.4646464646465852 0
5938 0.5757575757576726 0.4545454545455743 0
5939 0.5757575757576455 0.4444444444445633 0
5940 0.5757575757576187 0.4343434343435524 0
5941 0.5757575757575916 0.4242424242425414 0
5942 0.5757575757575645 0.4141414141415305 0
5943 0.5757575757575374 0.4040404040405194 0
5944 0.5757575757575105 0.3939393939395085 0
5945 0.5757575757574837 0.3838383838384976 0
5946 0.5757575757574566 0.3737373737374866 0
5947 0.5757575757574295 0.3636363636364756 0
5948 0.5757575757574024 0.3535353535354647 0
5949 0.5757575757573755 0.3434343434344538 0
5950 0.5757575757573484 0.3333333333334427 0
5951 0.5757575757573216 0.3232323232324318 0
5952 0.5757575757572945 0.3131313131314208 0
5953 0.5757575757572674 0.3030303030304099 0
5954 0.5757575757572403 0.2929292929293988 0
5955 0.5757575757572134 0.282828282828388 0
5956 0.5757575757571863 0.272727272727377 0
5957 0.5757575757571595 0.2626262626263661 0
5958 0.5757575757571324 0.2525252525253551 0
5959 0.5757575757571053 0.2424242424243441 0
5960 0.5757575757570782 0.2323232323233332 0
5961 0.5757575757570513 0.2222222222223222 0
5962 0.5757575757570242 0.2121212121213112 0
5963 0.5757575757569972 0.2020202020203003 0
5964 0.5757575757569703 0.1919191919192894 0
5965 0.5757575757569432 0.1818181818182784 0
5966 0.5757575757569161 0.1717171717172674 0
5967 0.5757575757568892 0.1616161616162564 0
5968 0.5757575757568621 0.1515151515152455 0
5969 0.5757575757568351 0.1414141414142345 0
5970 0.5757575757568082 0.1313131313132233 0
5971 0.5757575757567811 0.1212121212122088 0
5972 0.575757575756754 0.1111111111111905 0
5973 0.5757575757567271 0.1010101010101715 0
5974 0.5757575757567001 0.09090909090915245 0
5975 0.5757575757566732 0.08080808080813345 0
5976 0.5757575757566461 0.07070707070711446 0
5977 0.575757575756619 0.06060606060609672 0
5978 0.5757575757565919 0.05050505050508114 0
5979 0.5757575757565648 0.04040404040406616 0
5980 0.575757575756538 0.03030303030305059 0
5981 0.5757575757565112 0.02020202020203397 0
5982 0.575757575756484 0.01010101010101696 0
5983 0.5858585858600455 0.989898989898957 0
5984 0.5858585858600193 0.9797979797979137 0
5985 0.5858585858599933 0.9696969696968706 0
5986 0.5858585858599673 0.9595959595958274 0
5987 0.5858585858599413 0.9494949494947844 0
5988 0.5858585858599151 0.9393939393937414 0
5989 0.5858585858598891 0.9292929292926982 0
5990 0.5858585858598632 0.9191919191916549 0
5991 0.585858585859837 0.9090909090906121 0
5992 0.585858585859811 0.8989898989895688 0
5993 0.585858585859785 0.8888888888885258 0
5994 0.585858585859759 0.8787878787874872 0
5995 0.5858585858597328 0.8686868686864704 0
5996 0.5858585858597068 0.8585858585854717 0
5997 0.5858585858596809 0.8484848484844751 0
5998 0.5858585858596549 0.8383838383834783 0
5999 0.5858585858596289 0.8282828282824818 0
6000 0.5858585858596029 0.8181818181814849 0
6001 0.585858585859577 0.8080808080804884 0
6002 0.5858585858595508 0.7979797979794915 0
6003 0.5858585858595248 0.787878787878495 0
6004 0.5858585858594986 0.7777777777774983 0
6005 0.5858585858594726 0.7676767676765016 0
6006 0.5858585858594466 0.7575757575755048 0
6007 0.5858585858594206 0.7474747474745083 0
6008 0.5858585858593944 0.7373737373735114 0
6009 0.5858585858593682 0.727272727272515 0
6010 0.5858585858593423 0.7171717171715182 0
6011 0.5858585858593163 0.7070707070705216 0
6012 0.5858585858592903 0.6969696969695247 0
6013 0.5858585858592643 0.6868686868685281 0
6014 0.5858585858592381 0.6767676767675315 0
6015 0.5858585858592121 0.6666666666665348 0
6016 0.5858585858591862 0.656565656565538 0
6017 0.5858585858591602 0.6464646464645414 0
6018 0.5858585858591341 0.6363636363635445 0
6019 0.5858585858591081 0.6262626262625479 0
6020 0.585858585859082 0.6161616161615513 0
6021 0.585858585859056 0.6060606060605545 0
6022 0.5858585858590299 0.5959595959595578 0
6023 0.585858585859004 0.5858585858585612 0
6024 0.5858585858589779 0.5757575757575646 0
6025 0.5858585858589518 0.5656565656565677 0
6026 0.5858585858589258 0.5555555555555711 0
6027 0.5858585858588996 0.5454545454545745 0
6028 0.5858585858588737 0.5353535353535777 0
6029 0.5858585858588478 0.525252525252581 0
6030 0.5858585858588214 0.5151515151515842 0
6031 0.5858585858587956 0.5050505050505867 0
6032 0.5858585858587696 0.4949494949495833 0
6033 0.5858585858587434 0.4848484848485739 0
6034 0.5858585858587174 0.4747474747475636 0
6035 0.5858585858586914 0.4646464646465535 0
6036 0.5858585858586652 0.4545454545455432 0
6037 0.5858585858586393 0.444444444444533 0
6038 0.5858585858586133 0.4343434343435227 0
6039 0.5858585858585871 0.4242424242425126 0
6040 0.5858585858585611 0.4141414141415023 0
6041 0.5858585858585351 0.404040404040492 0
6042 0.5858585858585091 0.3939393939394817 0
6043 0.5858585858584832 0.3838383838384715 0
6044 0.585858585858457 0.3737373737374613 0
6045 0.585858585858431 0.363636363636451 0
6046 0.585858585858405 0.3535353535354407 0
6047 0.5858585858583788 0.3434343434344306 0
6048 0.5858585858583528 0.3333333333334203 0
6049 0.5858585858583268 0.3232323232324101 0
6050 0.5858585858583009 0.3131313131313999 0
6051 0.5858585858582749 0.3030303030303896 0
6052 0.5858585858582487 0.2929292929293793 0
6053 0.5858585858582227 0.2828282828283691 0
6054 0.5858585858581967 0.272727272727359 0
6055 0.5858585858581705 0.2626262626263487 0
6056 0.5858585858581445 0.2525252525253384 0
6057 0.5858585858581186 0.2424242424243282 0
6058 0.5858585858580924 0.232323232323318 0
6059 0.5858585858580666 0.2222222222223078 0
6060 0.5858585858580404 0.2121212121212975 0
6061 0.5858585858580144 0.2020202020202873 0
6062 0.5858585858579884 0.191919191919277 0
6063 0.5858585858579622 0.1818181818182668 0
6064 0.5858585858579363 0.1717171717172565 0
6065 0.5858585858579103 0.1616161616162463 0
6066 0.5858585858578841 0.151515151515236 0
6067 0.5858585858578581 0.1414141414142258 0
6068 0.5858585858578321 0.1313131313132153 0
6069 0.585858585857806 0.1212121212122015 0
6070 0.5858585858577802 0.1111111111111838 0
6071 0.585858585857754 0.1010101010101653 0
6072 0.5858585858577278 0.09090909090914689 0
6073 0.585858585857702 0.08080808080812849 0
6074 0.5858585858576758 0.07070707070711005 0
6075 0.5858585858576498 0.06060606060609293 0
6076 0.5858585858576238 0.05050505050507799 0
6077 0.5858585858575976 0.04040404040406366 0
6078 0.5858585858575719 0.03030303030304873 0
6079 0.5858585858575457 0.02020202020203273 0
6080 0.5858585858575197 0.01010101010101634 0
6081 0.5959595959609865 0.9898989898989572 0
6082 0.5959595959609614 0.9797979797979142 0
6083 0.5959595959609363 0.969696969696871 0
6084 0.5959595959609112 0.9595959595958281 0
6085 0.5959595959608861 0.9494949494947853 0
6086 0.5959595959608612 0.9393939393937423 0
6087 0.5959595959608361 0.929292929292699 0
6088 0.5959595959608111 0.9191919191916562 0
6089 0.595959595960786 0.9090909090906133 0
6090 0.5959595959607609 0.8989898989895703 0
6091 0.5959595959607358 0.8888888888885274 0
6092 0.5959595959607107 0.878787878787489 0
6093 0.5959595959606856 0.8686868686864716 0
6094 0.5959595959606605 0.8585858585854721 0
6095 0.5959595959606354 0.8484848484844745 0
6096 0.5959595959606105 0.8383838383834767 0
6097 0.5959595959605855 0.8282828282824791 0
6098 0.5959595959605604 0.8181818181814814 0
6099 0.5959595959605353 0.8080808080804838 0
6100 0.5959595959605102 0.7979797979794861 0
6101 0.5959595959604853 0.7878787878784885 0
6102 0.59595959596046 0.7777777777774908 0
6103 0.5959595959604351 0.7676767676764932 0
6104 0.59595959596041 0.7575757575754954 0
6105 0.5959595959603852 0.7474747474744978 0
6106 0.5959595959603599 0.7373737373735001 0
6107 0.5959595959603348 0.7272727272725026 0
6108 0.5959595959603097 0.7171717171715049 0
6109 0.5959595959602846 0.7070707070705071 0
6110 0.5959595959602595 0.6969696969695096 0
6111 0.5959595959602346 0.6868686868685119 0
6112 0.5959595959602095 0.6767676767675141 0
6113 0.5959595959601844 0.6666666666665166 0
6114 0.5959595959601593 0.6565656565655189 0
6115 0.5959595959601345 0.6464646464645212 0
6116 0.5959595959601094 0.6363636363635234 0
6117 0.5959595959600843 0.6262626262625257 0
6118 0.5959595959600592 0.6161616161615282 0
6119 0.5959595959600341 0.6060606060605305 0
6120 0.595959595960009 0.595959595959533 0
6121 0.5959595959599839 0.5858585858585352 0
6122 0.5959595959599588 0.5757575757575375 0
6123 0.5959595959599338 0.5656565656565398 0
6124 0.5959595959599089 0.555555555555542 0
6125 0.5959595959598838 0.5454545454545445 0
6126 0.5959595959598587 0.5353535353535468 0
6127 0.5959595959598336 0.5252525252525491 0
6128 0.5959595959598085 0.5151515151515513 0
6129 0.5959595959597834 0.5050505050505529 0
6130 0.5959595959597583 0.4949494949495494 0
6131 0.5959595959597335 0.4848484848485407 0
6132 0.5959595959597082 0.4747474747475312 0
6133 0.5959595959596833 0.4646464646465216 0
6134 0.5959595959596582 0.4545454545455121 0
6135 0.5959595959596331 0.4444444444445026 0
6136 0.595959595959608 0.4343434343434932 0
6137 0.5959595959595829 0.4242424242424836 0
6138 0.5959595959595578 0.4141414141414741 0
6139 0.5959595959595327 0.4040404040404645 0
6140 0.5959595959595076 0.393939393939455 0
6141 0.5959595959594828 0.3838383838384455 0
6142 0.5959595959594577 0.373737373737436 0
6143 0.5959595959594326 0.3636363636364265 0
6144 0.5959595959594075 0.3535353535354169 0
6145 0.5959595959593824 0.3434343434344075 0
6146 0.5959595959593573 0.3333333333333979 0
6147 0.5959595959593325 0.3232323232323884 0
6148 0.5959595959593074 0.3131313131313789 0
6149 0.5959595959592823 0.3030303030303694 0
6150 0.5959595959592572 0.2929292929293599 0
6151 0.5959595959592321 0.2828282828283503 0
6152 0.595959595959207 0.2727272727273408 0
6153 0.5959595959591819 0.2626262626263313 0
6154 0.595959595959157 0.2525252525253218 0
6155 0.5959595959591319 0.2424242424243123 0
6156 0.5959595959591069 0.2323232323233028 0
6157 0.5959595959590818 0.2222222222222933 0
6158 0.5959595959590567 0.2121212121212837 0
6159 0.5959595959590316 0.2020202020202742 0
6160 0.5959595959590065 0.1919191919192647 0
6161 0.5959595959589816 0.1818181818182552 0
6162 0.5959595959589563 0.1717171717172457 0
6163 0.5959595959589314 0.1616161616162362 0
6164 0.5959595959589061 0.1515151515152267 0
6165 0.5959595959588813 0.1414141414142172 0
6166 0.5959595959588559 0.1313131313132073 0
6167 0.5959595959588311 0.1212121212121941 0
6168 0.5959595959588062 0.1111111111111771 0
6169 0.5959595959587809 0.1010101010101592 0
6170 0.595959595958756 0.09090909090914132 0
6171 0.5959595959587307 0.08080808080812352 0
6172 0.5959595959587058 0.07070707070710563 0
6173 0.5959595959586808 0.06060606060608914 0
6174 0.5959595959586557 0.05050505050507484 0
6175 0.5959595959586306 0.04040404040406115 0
6176 0.5959595959586055 0.03030303030304687 0
6177 0.5959595959585806 0.0202020202020315 0
6178 0.5959595959585553 0.01010101010101572 0
6179 0.6060606060619274 0.9898989898989572 0
6180 0.6060606060619034 0.9797979797979144 0
6181 0.6060606060618792 0.9696969696968716 0
6182 0.606060606061855 0.959595959595829 0
6183 0.6060606060618312 0.949494949494786 0
6184 0.606060606061807 0.9393939393937432 0
6185 0.606060606061783 0.9292929292927005 0
6186 0.6060606060617588 0.9191919191916574 0
6187 0.6060606060617348 0.9090909090906146 0
6188 0.6060606060617109 0.898989898989572 0
6189 0.6060606060616867 0.8888888888885291 0
6190 0.6060606060616627 0.8787878787874905 0
6191 0.6060606060616385 0.8686868686864727 0
6192 0.6060606060616145 0.8585858585854725 0
6193 0.6060606060615903 0.8484848484844738 0
6194 0.6060606060615661 0.8383838383834752 0
6195 0.6060606060615421 0.8282828282824765 0
6196 0.6060606060615179 0.8181818181814778 0
6197 0.6060606060614937 0.8080808080804791 0
6198 0.6060606060614699 0.7979797979794806 0
6199 0.6060606060614457 0.7878787878784821 0
6200 0.6060606060614218 0.7777777777774835 0
6201 0.6060606060613976 0.7676767676764847 0
6202 0.6060606060613734 0.7575757575754861 0
6203 0.6060606060613496 0.7474747474744874 0
6204 0.6060606060613254 0.7373737373734888 0
6205 0.6060606060613012 0.7272727272724901 0
6206 0.606060606061277 0.7171717171714915 0
6207 0.6060606060612532 0.7070707070704929 0
6208 0.606060606061229 0.6969696969694941 0
6209 0.6060606060612048 0.6868686868684957 0
6210 0.6060606060611808 0.6767676767674971 0
6211 0.6060606060611566 0.6666666666664984 0
6212 0.6060606060611327 0.6565656565654996 0
6213 0.6060606060611087 0.646464646464501 0
6214 0.6060606060610845 0.6363636363635023 0
6215 0.6060606060610603 0.6262626262625037 0
6216 0.6060606060610363 0.6161616161615051 0
6217 0.6060606060610123 0.6060606060605063 0
6218 0.6060606060609881 0.5959595959595076 0
6219 0.6060606060609639 0.5858585858585093 0
6220 0.6060606060609399 0.5757575757575106 0
6221 0.6060606060609159 0.5656565656565118 0
6222 0.6060606060608917 0.5555555555555132 0
6223 0.6060606060608678 0.5454545454545145 0
6224 0.6060606060608436 0.5353535353535159 0
6225 0.6060606060608196 0.5252525252525173 0
6226 0.6060606060607956 0.5151515151515185 0
6227 0.6060606060607714 0.5050505050505192 0
6228 0.6060606060607472 0.4949494949495156 0
6229 0.6060606060607232 0.4848484848485074 0
6230 0.606060606060699 0.4747474747474986 0
6231 0.606060606060675 0.4646464646464897 0
6232 0.6060606060606508 0.454545454545481 0
6233 0.6060606060606268 0.4444444444444723 0
6234 0.6060606060606026 0.4343434343434635 0
6235 0.6060606060605787 0.4242424242424546 0
6236 0.6060606060605545 0.4141414141414459 0
6237 0.6060606060605305 0.404040404040437 0
6238 0.6060606060605065 0.3939393939394282 0
6239 0.6060606060604823 0.3838383838384195 0
6240 0.6060606060604581 0.3737373737374107 0
6241 0.6060606060604341 0.3636363636364018 0
6242 0.6060606060604101 0.353535353535393 0
6243 0.6060606060603859 0.3434343434343843 0
6244 0.6060606060603617 0.3333333333333754 0
6245 0.6060606060603377 0.3232323232323667 0
6246 0.6060606060603138 0.313131313131358 0
6247 0.6060606060602896 0.3030303030303492 0
6248 0.6060606060602656 0.2929292929293403 0
6249 0.6060606060602414 0.2828282828283315 0
6250 0.6060606060602174 0.2727272727273228 0
6251 0.6060606060601934 0.2626262626263139 0
6252 0.6060606060601692 0.2525252525253051 0
6253 0.606060606060145 0.2424242424242964 0
6254 0.606060606060121 0.2323232323232876 0
6255 0.6060606060600968 0.2222222222222788 0
6256 0.6060606060600728 0.2121212121212699 0
6257 0.6060606060600486 0.2020202020202612 0
6258 0.6060606060600247 0.1919191919192524 0
6259 0.6060606060600007 0.1818181818182436 0
6260 0.6060606060599765 0.1717171717172348 0
6261 0.6060606060599525 0.161616161616226 0
6262 0.6060606060599283 0.1515151515152172 0
6263 0.6060606060599043 0.1414141414142084 0
6264 0.6060606060598803 0.1313131313131993 0
6265 0.6060606060598559 0.1212121212121868 0
6266 0.6060606060598319 0.1111111111111704 0
6267 0.6060606060598079 0.1010101010101531 0
6268 0.606060606059784 0.09090909090913576 0
6269 0.6060606060597598 0.08080808080811852 0
6270 0.6060606060597356 0.07070707070710125 0
6271 0.6060606060597116 0.06060606060608534 0
6272 0.6060606060596876 0.05050505050507167 0
6273 0.6060606060596634 0.04040404040405865 0
6274 0.6060606060596392 0.03030303030304501 0
6275 0.6060606060596152 0.02020202020203026 0
6276 0.6060606060595912 0.01010101010101511 0
6277 0.6161616161628682 0.9898989898989574 0
6278 0.6161616161628451 0.9797979797979146 0
6279 0.6161616161628223 0.9696969696968719 0
6280 0.6161616161627992 0.9595959595958294 0
6281 0.6161616161627761 0.9494949494947866 0
6282 0.616161616162753 0.939393939393744 0
6283 0.6161616161627299 0.9292929292927014 0
6284 0.6161616161627068 0.9191919191916588 0
6285 0.6161616161626835 0.909090909090616 0
6286 0.6161616161626604 0.8989898989895735 0
6287 0.6161616161626373 0.8888888888885307 0
6288 0.6161616161626142 0.8787878787874923 0
6289 0.6161616161625914 0.8686868686864738 0
6290 0.6161616161625683 0.8585858585854725 0
6291 0.6161616161625449 0.8484848484844731 0
6292 0.6161616161625219 0.8383838383834734 0
6293 0.6161616161624986 0.8282828282824737 0
6294 0.6161616161624754 0.8181818181814742 0
6295 0.6161616161624526 0.8080808080804747 0
6296 0.6161616161624295 0.797979797979475 0
6297 0.6161616161624064 0.7878787878784754 0
6298 0.6161616161623833 0.7777777777774759 0
6299 0.6161616161623602 0.7676767676764763 0
6300 0.6161616161623369 0.7575757575754766 0
6301 0.6161616161623138 0.7474747474744772 0
6302 0.6161616161622907 0.7373737373734774 0
6303 0.6161616161622676 0.7272727272724777 0
6304 0.6161616161622445 0.7171717171714782 0
6305 0.6161616161622214 0.7070707070704785 0
6306 0.6161616161621983 0.696969696969479 0
6307 0.6161616161621752 0.6868686868684792 0
6308 0.6161616161621521 0.6767676767674797 0
6309 0.6161616161621291 0.6666666666664802 0
6310 0.6161616161621057 0.6565656565654805 0
6311 0.6161616161620826 0.6464646464644808 0
6312 0.6161616161620598 0.6363636363634813 0
6313 0.6161616161620367 0.6262626262624815 0
6314 0.6161616161620134 0.6161616161614818 0
6315 0.6161616161619905 0.6060606060604823 0
6316 0.6161616161619672 0.5959595959594828 0
6317 0.6161616161619441 0.585858585858483 0
6318 0.616161616161921 0.5757575757574835 0
6319 0.6161616161618977 0.5656565656564838 0
6320 0.6161616161618748 0.5555555555554843 0
6321 0.6161616161618517 0.5454545454544846 0
6322 0.6161616161618284 0.5353535353534848 0
6323 0.6161616161618053 0.5252525252524853 0
6324 0.6161616161617824 0.5151515151514856 0
6325 0.6161616161617591 0.5050505050504854 0
6326 0.616161616161736 0.4949494949494817 0
6327 0.6161616161617132 0.4848484848484741 0
6328 0.6161616161616901 0.474747474747466 0
6329 0.6161616161616668 0.464646464646458 0
6330 0.6161616161616437 0.4545454545454499 0
6331 0.6161616161616206 0.4444444444444419 0
6332 0.6161616161615975 0.4343434343434338 0
6333 0.6161616161615744 0.4242424242424258 0
6334 0.6161616161615513 0.4141414141414177 0
6335 0.6161616161615282 0.4040404040404095 0
6336 0.6161616161615051 0.3939393939394015 0
6337 0.616161616161482 0.3838383838383934 0
6338 0.6161616161614589 0.3737373737373854 0
6339 0.6161616161614358 0.3636363636363773 0
6340 0.6161616161614127 0.3535353535353692 0
6341 0.6161616161613894 0.3434343434343612 0
6342 0.6161616161613663 0.333333333333353 0
6343 0.6161616161613432 0.3232323232323451 0
6344 0.6161616161613201 0.3131313131313369 0
6345 0.6161616161612971 0.3030303030303289 0
6346 0.616161616161274 0.2929292929293208 0
6347 0.6161616161612509 0.2828282828283127 0
6348 0.6161616161612278 0.2727272727273046 0
6349 0.6161616161612047 0.2626262626262966 0
6350 0.6161616161611816 0.2525252525252885 0
6351 0.6161616161611583 0.2424242424242805 0
6352 0.6161616161611352 0.2323232323232724 0
6353 0.6161616161611123 0.2222222222222643 0
6354 0.6161616161610892 0.2121212121212562 0
6355 0.6161616161610659 0.2020202020202482 0
6356 0.6161616161610428 0.1919191919192401 0
6357 0.6161616161610197 0.181818181818232 0
6358 0.6161616161609966 0.1717171717172239 0
6359 0.6161616161609735 0.1616161616162158 0
6360 0.6161616161609504 0.1515151515152078 0
6361 0.6161616161609274 0.1414141414141997 0
6362 0.6161616161609043 0.1313131313131913 0
6363 0.6161616161608812 0.1212121212121795 0
6364 0.6161616161608581 0.1111111111111636 0
6365 0.616161616160835 0.1010101010101469 0
6366 0.6161616161608119 0.09090909090913021 0
6367 0.6161616161607888 0.08080808080811355 0
6368 0.6161616161607655 0.07070707070709686 0
6369 0.6161616161607426 0.06060606060608155 0
6370 0.6161616161607193 0.05050505050506854 0
6371 0.6161616161606962 0.04040404040405615 0
6372 0.6161616161606731 0.03030303030304316 0
6373 0.61616161616065 0.02020202020202903 0
6374 0.6161616161606269 0.01010101010101449 0
6375 0.6262626262638096 0.9898989898989576 0
6376 0.6262626262637874 0.9797979797979151 0
6377 0.6262626262637654 0.9696969696968726 0
6378 0.6262626262637432 0.95959595959583 0
6379 0.626262626263721 0.9494949494947875 0
6380 0.6262626262636988 0.9393939393937449 0
6381 0.6262626262636766 0.9292929292927026 0
6382 0.6262626262636546 0.91919191919166 0
6383 0.6262626262636324 0.9090909090906176 0
6384 0.6262626262636104 0.898989898989575 0
6385 0.626262626263588 0.8888888888885325 0
6386 0.626262626263566 0.8787878787874943 0
6387 0.6262626262635438 0.8686868686864752 0
6388 0.6262626262635218 0.858585858585473 0
6389 0.6262626262634998 0.8484848484844725 0
6390 0.6262626262634776 0.8383838383834719 0
6391 0.6262626262634554 0.8282828282824712 0
6392 0.6262626262634332 0.8181818181814706 0
6393 0.626262626263411 0.8080808080804702 0
6394 0.6262626262633888 0.7979797979794697 0
6395 0.6262626262633668 0.787878787878469 0
6396 0.6262626262633446 0.7777777777774684 0
6397 0.6262626262633224 0.7676767676764679 0
6398 0.6262626262633002 0.757575757575467 0
6399 0.6262626262632782 0.7474747474744665 0
6400 0.626262626263256 0.7373737373734661 0
6401 0.6262626262632338 0.7272727272724655 0
6402 0.6262626262632121 0.7171717171714649 0
6403 0.6262626262631896 0.7070707070704643 0
6404 0.6262626262631674 0.6969696969694636 0
6405 0.6262626262631454 0.686868686868463 0
6406 0.6262626262631235 0.6767676767674624 0
6407 0.6262626262631013 0.6666666666664618 0
6408 0.626262626263079 0.6565656565654614 0
6409 0.6262626262630568 0.6464646464644606 0
6410 0.6262626262630349 0.6363636363634602 0
6411 0.6262626262630127 0.6262626262624593 0
6412 0.6262626262629907 0.6161616161614587 0
6413 0.6262626262629685 0.6060606060604583 0
6414 0.6262626262629463 0.5959595959594577 0
6415 0.6262626262629243 0.5858585858584571 0
6416 0.6262626262629021 0.5757575757574565 0
6417 0.6262626262628799 0.5656565656564558 0
6418 0.6262626262628579 0.5555555555554552 0
6419 0.6262626262628357 0.5454545454544546 0
6420 0.6262626262628135 0.5353535353534542 0
6421 0.6262626262627913 0.5252525252524534 0
6422 0.6262626262627693 0.5151515151514527 0
6423 0.6262626262627471 0.5050505050504517 0
6424 0.6262626262627249 0.4949494949494478 0
6425 0.6262626262627027 0.4848484848484409 0
6426 0.6262626262626807 0.4747474747474335 0
6427 0.6262626262626587 0.4646464646464262 0
6428 0.6262626262626365 0.4545454545454188 0
6429 0.6262626262626143 0.4444444444444114 0
6430 0.6262626262625921 0.4343434343434042 0
6431 0.6262626262625701 0.4242424242423969 0
6432 0.6262626262625479 0.4141414141413894 0
6433 0.6262626262625257 0.4040404040403821 0
6434 0.6262626262625037 0.3939393939393748 0
6435 0.6262626262624815 0.3838383838383673 0
6436 0.6262626262624593 0.37373737373736 0
6437 0.6262626262624373 0.3636363636363527 0
6438 0.6262626262624151 0.3535353535353453 0
6439 0.6262626262623929 0.3434343434343381 0
6440 0.6262626262623709 0.3333333333333306 0
6441 0.6262626262623487 0.3232323232323233 0
6442 0.6262626262623265 0.313131313131316 0
6443 0.6262626262623046 0.3030303030303086 0
6444 0.6262626262622824 0.2929292929293013 0
6445 0.6262626262622601 0.2828282828282939 0
6446 0.6262626262622382 0.2727272727272866 0
6447 0.626262626262216 0.2626262626262792 0
6448 0.6262626262621938 0.2525252525252718 0
6449 0.6262626262621716 0.2424242424242645 0
6450 0.6262626262621496 0.2323232323232572 0
6451 0.6262626262621274 0.2222222222222499 0
6452 0.6262626262621054 0.2121212121212425 0
6453 0.6262626262620832 0.2020202020202351 0
6454 0.626262626262061 0.1919191919192278 0
6455 0.6262626262620388 0.1818181818182204 0
6456 0.6262626262620166 0.1717171717172131 0
6457 0.6262626262619948 0.1616161616162057 0
6458 0.6262626262619726 0.1515151515151983 0
6459 0.6262626262619504 0.1414141414141911 0
6460 0.6262626262619282 0.1313131313131833 0
6461 0.6262626262619062 0.1212121212121722 0
6462 0.626262626261884 0.111111111111157 0
6463 0.6262626262618618 0.1010101010101408 0
6464 0.6262626262618398 0.09090909090912463 0
6465 0.6262626262618176 0.08080808080810858 0
6466 0.6262626262617954 0.07070707070709245 0
6467 0.6262626262617732 0.06060606060607776 0
6468 0.6262626262617512 0.05050505050506537 0
6469 0.626262626261729 0.04040404040405365 0
6470 0.626262626261707 0.03030303030304131 0
6471 0.6262626262616848 0.02020202020202779 0
6472 0.6262626262616626 0.01010101010101386 0
6473 0.6363636363647505 0.9898989898989579 0
6474 0.6363636363647291 0.9797979797979153 0
6475 0.6363636363647081 0.9696969696968731 0
6476 0.636363636364687 0.9595959595958307 0
6477 0.6363636363646656 0.9494949494947884 0
6478 0.6363636363646448 0.939393939393746 0
6479 0.6363636363646237 0.9292929292927036 0
6480 0.6363636363646024 0.9191919191916611 0
6481 0.636363636364581 0.9090909090906192 0
6482 0.6363636363645599 0.8989898989895765 0
6483 0.6363636363645391 0.8888888888885342 0
6484 0.6363636363645178 0.8787878787874961 0
6485 0.6363636363644964 0.8686868686864764 0
6486 0.6363636363644753 0.8585858585854734 0
6487 0.6363636363644543 0.8484848484844718 0
6488 0.6363636363644332 0.8383838383834703 0
6489 0.6363636363644118 0.8282828282824687 0
6490 0.6363636363643908 0.8181818181814671 0
6491 0.6363636363643697 0.8080808080804656 0
6492 0.6363636363643486 0.7979797979794639 0
6493 0.6363636363643272 0.7878787878784625 0
6494 0.6363636363643062 0.7777777777774608 0
6495 0.6363636363642851 0.7676767676764594 0
6496 0.636363636364264 0.7575757575754577 0
6497 0.6363636363642429 0.7474747474744563 0
6498 0.6363636363642216 0.7373737373734546 0
6499 0.6363636363642002 0.7272727272724531 0
6500 0.6363636363641791 0.7171717171714516 0
6501 0.6363636363641583 0.7070707070704498 0
6502 0.636363636364137 0.6969696969694483 0
6503 0.6363636363641159 0.6868686868684468 0
6504 0.6363636363640948 0.6767676767674451 0
6505 0.6363636363640734 0.6666666666664436 0
6506 0.6363636363640524 0.6565656565654421 0
6507 0.636363636364031 0.6464646464644406 0
6508 0.6363636363640099 0.6363636363634388 0
6509 0.6363636363639888 0.6262626262624373 0
6510 0.6363636363639678 0.6161616161614356 0
6511 0.6363636363639467 0.6060606060604341 0
6512 0.6363636363639253 0.5959595959594326 0
6513 0.6363636363639043 0.5858585858584311 0
6514 0.6363636363638832 0.5757575757574294 0
6515 0.6363636363638621 0.5656565656564279 0
6516 0.636363636363841 0.5555555555554264 0
6517 0.6363636363638197 0.5454545454544246 0
6518 0.6363636363637983 0.5353535353534231 0
6519 0.6363636363637772 0.5252525252524214 0
6520 0.6363636363637564 0.5151515151514199 0
6521 0.6363636363637351 0.5050505050504179 0
6522 0.6363636363637137 0.494949494949414 0
6523 0.6363636363636929 0.4848484848484076 0
6524 0.6363636363636715 0.474747474747401 0
6525 0.6363636363636502 0.4646464646463944 0
6526 0.6363636363636294 0.4545454545453878 0
6527 0.636363636363608 0.4444444444443811 0
6528 0.6363636363635869 0.4343434343433745 0
6529 0.6363636363635659 0.4242424242423679 0
6530 0.6363636363635445 0.4141414141413613 0
6531 0.6363636363635234 0.4040404040403546 0
6532 0.6363636363635023 0.393939393939348 0
6533 0.6363636363634813 0.3838383838383413 0
6534 0.6363636363634599 0.3737373737373347 0
6535 0.6363636363634388 0.3636363636363281 0
6536 0.6363636363634178 0.3535353535353215 0
6537 0.6363636363633967 0.3434343434343149 0
6538 0.6363636363633753 0.3333333333333082 0
6539 0.6363636363633542 0.3232323232323016 0
6540 0.6363636363633332 0.3131313131312949 0
6541 0.6363636363633121 0.3030303030302883 0
6542 0.6363636363632907 0.2929292929292817 0
6543 0.6363636363632696 0.2828282828282751 0
6544 0.6363636363632486 0.2727272727272685 0
6545 0.6363636363632272 0.2626262626262619 0
6546 0.6363636363632061 0.2525252525252552 0
6547 0.636363636363185 0.2424242424242486 0
6548 0.636363636363164 0.232323232323242 0
6549 0.6363636363631426 0.2222222222222354 0
6550 0.6363636363631215 0.2121212121212287 0
6551 0.6363636363631004 0.2020202020202221 0
6552 0.6363636363630794 0.1919191919192155 0
6553 0.6363636363630583 0.1818181818182088 0
6554 0.6363636363630369 0.1717171717172022 0
6555 0.6363636363630156 0.1616161616161956 0
6556 0.6363636363629948 0.151515151515189 0
6557 0.6363636363629734 0.1414141414141823 0
6558 0.6363636363629523 0.1313131313131754 0
6559 0.6363636363629313 0.1212121212121649 0
6560 0.6363636363629099 0.1111111111111502 0
6561 0.6363636363628891 0.1010101010101346 0
6562 0.6363636363628677 0.09090909090911908 0
6563 0.6363636363628464 0.08080808080810359 0
6564 0.6363636363628256 0.07070707070708807 0
6565 0.6363636363628042 0.06060606060607396 0
6566 0.6363636363627829 0.05050505050506222 0
6567 0.6363636363627621 0.04040404040405116 0
6568 0.6363636363627407 0.03030303030303945 0
6569 0.6363636363627196 0.02020202020202656 0
6570 0.6363636363626985 0.01010101010101325 0
6571 0.6464646464656914 0.9898989898989579 0
6572 0.6464646464656714 0.9797979797979157 0
6573 0.6464646464656509 0.9696969696968735 0
6574 0.6464646464656307 0.9595959595958311 0
6575 0.6464646464656107 0.9494949494947891 0
6576 0.6464646464655905 0.9393939393937469 0
6577 0.6464646464655702 0.9292929292927048 0
6578 0.6464646464655499 0.9191919191916624 0
6579 0.6464646464655301 0.9090909090906205 0
6580 0.6464646464655097 0.8989898989895783 0
6581 0.6464646464654895 0.888888888888536 0
6582 0.6464646464654695 0.8787878787874976 0
6583 0.6464646464654493 0.8686868686864777 0
6584 0.6464646464654291 0.858585858585474 0
6585 0.6464646464654089 0.8484848484844711 0
6586 0.6464646464653888 0.8383838383834687 0
6587 0.6464646464653685 0.8282828282824662 0
6588 0.6464646464653483 0.8181818181814635 0
6589 0.6464646464653283 0.8080808080804609 0
6590 0.6464646464653081 0.7979797979794587 0
6591 0.6464646464652877 0.7878787878784559 0
6592 0.6464646464652677 0.7777777777774535 0
6593 0.6464646464652477 0.767676767676451 0
6594 0.6464646464652273 0.7575757575754484 0
6595 0.6464646464652071 0.7474747474744459 0
6596 0.6464646464651871 0.7373737373734432 0
6597 0.6464646464651667 0.7272727272724409 0
6598 0.6464646464651467 0.717171717171438 0
6599 0.6464646464651265 0.7070707070704356 0
6600 0.6464646464651063 0.696969696969433 0
6601 0.6464646464650861 0.6868686868684304 0
6602 0.6464646464650659 0.6767676767674278 0
6603 0.6464646464650456 0.6666666666664254 0
6604 0.6464646464650257 0.656565656565423 0
6605 0.6464646464650055 0.6464646464644201 0
6606 0.6464646464649852 0.6363636363634178 0
6607 0.646464646464965 0.6262626262624151 0
6608 0.6464646464649448 0.6161616161614125 0
6609 0.6464646464649246 0.6060606060604099 0
6610 0.6464646464649044 0.5959595959594075 0
6611 0.6464646464648844 0.5858585858584049 0
6612 0.646464646464864 0.5757575757574025 0
6613 0.6464646464648438 0.5656565656563999 0
6614 0.6464646464648238 0.5555555555553973 0
6615 0.6464646464648036 0.5454545454543946 0
6616 0.6464646464647834 0.5353535353533923 0
6617 0.6464646464647632 0.5252525252523896 0
6618 0.6464646464647432 0.515151515151387 0
6619 0.6464646464647228 0.5050505050503842 0
6620 0.6464646464647026 0.4949494949493801 0
6621 0.6464646464646826 0.4848484848483744 0
6622 0.6464646464646624 0.4747474747473684 0
6623 0.6464646464646422 0.4646464646463626 0
6624 0.646464646464622 0.4545454545453567 0
6625 0.6464646464646018 0.4444444444443507 0
6626 0.6464646464645818 0.4343434343433449 0
6627 0.6464646464645616 0.4242424242423389 0
6628 0.6464646464645414 0.4141414141413331 0
6629 0.6464646464645212 0.404040404040327 0
6630 0.646464646464501 0.3939393939393213 0
6631 0.6464646464644808 0.3838383838383154 0
6632 0.6464646464644606 0.3737373737373094 0
6633 0.6464646464644404 0.3636363636363035 0
6634 0.6464646464644201 0.3535353535352975 0
6635 0.6464646464644002 0.3434343434342917 0
6636 0.64646464646438 0.3333333333332857 0
6637 0.6464646464643597 0.3232323232322799 0
6638 0.6464646464643395 0.3131313131312741 0
6639 0.6464646464643193 0.3030303030302681 0
6640 0.6464646464642991 0.2929292929292622 0
6641 0.6464646464642789 0.2828282828282563 0
6642 0.6464646464642589 0.2727272727272504 0
6643 0.6464646464642387 0.2626262626262444 0
6644 0.6464646464642185 0.2525252525252385 0
6645 0.6464646464641983 0.2424242424242327 0
6646 0.6464646464641781 0.2323232323232268 0
6647 0.6464646464641581 0.2222222222222209 0
6648 0.6464646464641377 0.2121212121212149 0
6649 0.6464646464641177 0.2020202020202091 0
6650 0.6464646464640973 0.1919191919192032 0
6651 0.6464646464640773 0.1818181818181972 0
6652 0.6464646464640571 0.1717171717171914 0
6653 0.6464646464640369 0.1616161616161855 0
6654 0.6464646464640167 0.1515151515151796 0
6655 0.6464646464639965 0.1414141414141736 0
6656 0.6464646464639765 0.1313131313131674 0
6657 0.6464646464639561 0.1212121212121575 0
6658 0.6464646464639361 0.1111111111111435 0
6659 0.6464646464639157 0.1010101010101285 0
6660 0.6464646464638957 0.09090909090911353 0
6661 0.6464646464638755 0.08080808080809862 0
6662 0.6464646464638553 0.07070707070708365 0
6663 0.6464646464638351 0.06060606060607017 0
6664 0.6464646464638149 0.05050505050505907 0
6665 0.6464646464637949 0.04040404040404866 0
6666 0.6464646464637744 0.03030303030303759 0
6667 0.6464646464637545 0.02020202020202532 0
6668 0.646464646463734 0.01010101010101263 0
6669 0.6565656565666325 0.9898989898989581 0
6670 0.6565656565666134 0.9797979797979159 0
6671 0.656565656566594 0.9696969696968741 0
6672 0.656565656566575 0.959595959595832 0
6673 0.6565656565665559 0.9494949494947897 0
6674 0.6565656565665365 0.9393939393937478 0
6675 0.6565656565665174 0.9292929292927058 0
6676 0.6565656565664983 0.9191919191916637 0
6677 0.6565656565664788 0.9090909090906217 0
6678 0.6565656565664597 0.8989898989895796 0
6679 0.6565656565664406 0.8888888888885378 0
6680 0.6565656565664213 0.8787878787874994 0
6681 0.6565656565664022 0.8686868686864792 0
6682 0.6565656565663831 0.8585858585854739 0
6683 0.6565656565663638 0.8484848484844707 0
6684 0.6565656565663447 0.8383838383834672 0
6685 0.6565656565663254 0.8282828282824637 0
6686 0.6565656565663061 0.8181818181814602 0
6687 0.656565656566287 0.8080808080804565 0
6688 0.6565656565662678 0.797979797979453 0
6689 0.6565656565662485 0.7878787878784494 0
6690 0.6565656565662294 0.7777777777774459 0
6691 0.6565656565662101 0.7676767676764424 0
6692 0.6565656565661908 0.757575757575439 0
6693 0.6565656565661717 0.7474747474744354 0
6694 0.6565656565661526 0.7373737373734319 0
6695 0.6565656565661333 0.7272727272724284 0
6696 0.656565656566114 0.7171717171714247 0
6697 0.6565656565660951 0.7070707070704212 0
6698 0.6565656565660758 0.6969696969694177 0
6699 0.6565656565660565 0.6868686868684142 0
6700 0.6565656565660374 0.6767676767674107 0
6701 0.6565656565660181 0.6666666666664072 0
6702 0.656565656565999 0.6565656565654037 0
6703 0.6565656565659799 0.6464646464644002 0
6704 0.6565656565659603 0.6363636363633967 0
6705 0.6565656565659412 0.6262626262623929 0
6706 0.6565656565659221 0.6161616161613894 0
6707 0.6565656565659028 0.6060606060603859 0
6708 0.6565656565658837 0.5959595959593824 0
6709 0.6565656565658646 0.5858585858583789 0
6710 0.6565656565658453 0.5757575757573754 0
6711 0.6565656565658262 0.5656565656563719 0
6712 0.6565656565658069 0.5555555555553684 0
6713 0.6565656565657876 0.5454545454543649 0
6714 0.6565656565657685 0.5353535353533614 0
6715 0.6565656565657494 0.5252525252523577 0
6716 0.6565656565657301 0.5151515151513542 0
6717 0.6565656565657108 0.5050505050503504 0
6718 0.6565656565656917 0.4949494949493463 0
6719 0.6565656565656726 0.4848484848483411 0
6720 0.6565656565656535 0.4747474747473359 0
6721 0.6565656565656341 0.4646464646463307 0
6722 0.6565656565656148 0.4545454545453256 0
6723 0.6565656565655957 0.4444444444443204 0
6724 0.6565656565655764 0.4343434343433152 0
6725 0.6565656565655573 0.4242424242423101 0
6726 0.656565656565538 0.4141414141413049 0
6727 0.6565656565655189 0.4040404040402996 0
6728 0.6565656565654998 0.3939393939392944 0
6729 0.6565656565654805 0.3838383838382894 0
6730 0.6565656565654612 0.3737373737372841 0
6731 0.6565656565654421 0.3636363636362789 0
6732 0.656565656565423 0.3535353535352738 0
6733 0.6565656565654039 0.3434343434342686 0
6734 0.6565656565653846 0.3333333333332633 0
6735 0.6565656565653653 0.3232323232322583 0
6736 0.6565656565653462 0.313131313131253 0
6737 0.6565656565653268 0.3030303030302479 0
6738 0.6565656565653077 0.2929292929292426 0
6739 0.6565656565652884 0.2828282828282375 0
6740 0.6565656565652693 0.2727272727272323 0
6741 0.6565656565652502 0.2626262626262271 0
6742 0.6565656565652309 0.2525252525252218 0
6743 0.6565656565652116 0.2424242424242168 0
6744 0.6565656565651925 0.2323232323232116 0
6745 0.6565656565651734 0.2222222222222064 0
6746 0.6565656565651541 0.2121212121212012 0
6747 0.6565656565651348 0.202020202020196 0
6748 0.6565656565651157 0.1919191919191909 0
6749 0.6565656565650966 0.1818181818181857 0
6750 0.6565656565650773 0.1717171717171805 0
6751 0.6565656565650579 0.1616161616161753 0
6752 0.6565656565650388 0.1515151515151701 0
6753 0.6565656565650198 0.141414141414165 0
6754 0.6565656565650004 0.1313131313131594 0
6755 0.6565656565649811 0.1212121212121502 0
6756 0.656565656564962 0.1111111111111368 0
6757 0.6565656565649429 0.1010101010101224 0
6758 0.6565656565649236 0.09090909090910798 0
6759 0.6565656565649045 0.08080808080809365 0
6760 0.6565656565648852 0.07070707070707927 0
6761 0.6565656565648661 0.06060606060606638 0
6762 0.6565656565648468 0.05050505050505592 0
6763 0.6565656565648277 0.04040404040404616 0
6764 0.6565656565648084 0.03030303030303574 0
6765 0.6565656565647893 0.02020202020202409 0
6766 0.6565656565647702 0.01010101010101201 0
6767 0.6666666666675736 0.9898989898989581 0
6768 0.6666666666675554 0.9797979797979164 0
6769 0.6666666666675369 0.9696969696968745 0
6770 0.6666666666675189 0.9595959595958323 0
6771 0.6666666666675005 0.9494949494947906 0
6772 0.6666666666674825 0.9393939393937487 0
6773 0.6666666666674643 0.9292929292927068 0
6774 0.6666666666674459 0.9191919191916649 0
6775 0.6666666666674279 0.9090909090906231 0
6776 0.6666666666674095 0.8989898989895815 0
6777 0.6666666666673913 0.8888888888885393 0
6778 0.6666666666673733 0.8787878787875012 0
6779 0.6666666666673546 0.8686868686864805 0
6780 0.6666666666673366 0.8585858585854744 0
6781 0.6666666666673184 0.8484848484844698 0
6782 0.6666666666673 0.8383838383834654 0
6783 0.666666666667282 0.8282828282824609 0
6784 0.6666666666672638 0.8181818181814566 0
6785 0.6666666666672456 0.808080808080452 0
6786 0.6666666666672274 0.7979797979794475 0
6787 0.6666666666672092 0.787878787878443 0
6788 0.666666666667191 0.7777777777774384 0
6789 0.6666666666671726 0.7676767676764341 0
6790 0.6666666666671544 0.7575757575754293 0
6791 0.6666666666671361 0.747474747474425 0
6792 0.6666666666671179 0.7373737373734204 0
6793 0.6666666666670997 0.727272727272416 0
6794 0.6666666666670815 0.7171717171714114 0
6795 0.6666666666670633 0.707070707070407 0
6796 0.6666666666670451 0.6969696969694024 0
6797 0.6666666666670269 0.686868686868398 0
6798 0.6666666666670085 0.6767676767673934 0
6799 0.6666666666669905 0.666666666666389 0
6800 0.6666666666669723 0.6565656565653846 0
6801 0.6666666666669541 0.64646464646438 0
6802 0.6666666666669356 0.6363636363633753 0
6803 0.6666666666669174 0.6262626262623709 0
6804 0.6666666666668992 0.6161616161613663 0
6805 0.6666666666668812 0.6060606060603619 0
6806 0.6666666666668626 0.5959595959593575 0
6807 0.6666666666668444 0.5858585858583529 0
6808 0.6666666666668262 0.5757575757573485 0
6809 0.6666666666668082 0.5656565656563437 0
6810 0.66666666666679 0.5555555555553395 0
6811 0.6666666666667718 0.5454545454543347 0
6812 0.6666666666667533 0.5353535353533303 0
6813 0.6666666666667351 0.5252525252523259 0
6814 0.6666666666667169 0.5151515151513213 0
6815 0.6666666666666987 0.5050505050503169 0
6816 0.6666666666666805 0.4949494949493124 0
6817 0.6666666666666623 0.4848484848483078 0
6818 0.6666666666666441 0.4747474747473034 0
6819 0.6666666666666259 0.4646464646462989 0
6820 0.6666666666666077 0.4545454545452945 0
6821 0.6666666666665895 0.44444444444429 0
6822 0.6666666666665713 0.4343434343432856 0
6823 0.6666666666665531 0.4242424242422811 0
6824 0.6666666666665348 0.4141414141412766 0
6825 0.6666666666665166 0.4040404040402722 0
6826 0.6666666666664984 0.3939393939392677 0
6827 0.66666666666648 0.3838383838382632 0
6828 0.6666666666664618 0.3737373737372588 0
6829 0.6666666666664438 0.3636363636362543 0
6830 0.6666666666664254 0.3535353535352498 0
6831 0.6666666666664072 0.3434343434342455 0
6832 0.666666666666389 0.333333333333241 0
6833 0.6666666666663708 0.3232323232322365 0
6834 0.6666666666663523 0.3131313131312321 0
6835 0.6666666666663343 0.3030303030302276 0
6836 0.6666666666663159 0.2929292929292231 0
6837 0.6666666666662979 0.2828282828282186 0
6838 0.6666666666662795 0.2727272727272142 0
6839 0.6666666666662613 0.2626262626262098 0
6840 0.6666666666662431 0.2525252525252052 0
6841 0.6666666666662249 0.2424242424242009 0
6842 0.6666666666662067 0.2323232323231964 0
6843 0.6666666666661885 0.222222222222192 0
6844 0.6666666666661702 0.2121212121211875 0
6845 0.666666666666152 0.202020202020183 0
6846 0.6666666666661338 0.1919191919191786 0
6847 0.6666666666661156 0.1818181818181741 0
6848 0.6666666666660974 0.1717171717171697 0
6849 0.6666666666660792 0.1616161616161652 0
6850 0.666666666666061 0.1515151515151607 0
6851 0.6666666666660428 0.1414141414141563 0
6852 0.6666666666660246 0.1313131313131515 0
6853 0.6666666666660064 0.1212121212121429 0
6854 0.6666666666659882 0.11111111111113 0
6855 0.6666666666659697 0.1010101010101162 0
6856 0.6666666666659518 0.0909090909091024 0
6857 0.6666666666659333 0.08080808080808866 0
6858 0.6666666666659151 0.07070707070707485 0
6859 0.6666666666658969 0.06060606060606258 0
6860 0.6666666666658787 0.05050505050505277 0
6861 0.6666666666658603 0.04040404040404366 0
6862 0.6666666666658421 0.03030303030303388 0
6863 0.6666666666658241 0.02020202020202285 0
6864 0.6666666666658059 0.01010101010101139 0
6865 0.6767676767685147 0.9898989898989585 0
6866 0.6767676767684974 0.9797979797979166 0
6867 0.67676767676848 0.969696969696875 0
6868 0.6767676767684629 0.9595959595958332 0
6869 0.6767676767684456 0.9494949494947915 0
6870 0.6767676767684283 0.9393939393937498 0
6871 0.676767676768411 0.929292929292708 0
6872 0.6767676767683937 0.9191919191916664 0
6873 0.6767676767683763 0.9090909090906244 0
6874 0.6767676767683595 0.8989898989895826 0
6875 0.6767676767683419 0.8888888888885411 0
6876 0.6767676767683248 0.878787878787503 0
6877 0.6767676767683075 0.8686868686864818 0
6878 0.6767676767682902 0.8585858585854749 0
6879 0.6767676767682731 0.8484848484844694 0
6880 0.6767676767682558 0.8383838383834639 0
6881 0.6767676767682387 0.8282828282824582 0
6882 0.6767676767682214 0.8181818181814531 0
6883 0.676767676768204 0.8080808080804474 0
6884 0.6767676767681867 0.7979797979794419 0
6885 0.6767676767681696 0.7878787878784363 0
6886 0.6767676767681523 0.7777777777774311 0
6887 0.6767676767681352 0.7676767676764257 0
6888 0.6767676767681179 0.75757575757542 0
6889 0.6767676767681006 0.7474747474744146 0
6890 0.6767676767680832 0.7373737373734091 0
6891 0.6767676767680659 0.7272727272724036 0
6892 0.6767676767680488 0.717171717171398 0
6893 0.6767676767680315 0.7070707070703925 0
6894 0.6767676767680144 0.696969696969387 0
6895 0.6767676767679971 0.6868686868683818 0
6896 0.67676767676798 0.6767676767673763 0
6897 0.6767676767679627 0.6666666666663708 0
6898 0.6767676767679454 0.6565656565653653 0
6899 0.6767676767679283 0.6464646464643597 0
6900 0.6767676767679107 0.6363636363633542 0
6901 0.6767676767678936 0.6262626262623487 0
6902 0.6767676767678763 0.6161616161613432 0
6903 0.6767676767678592 0.6060606060603377 0
6904 0.6767676767678419 0.5959595959593322 0
6905 0.6767676767678246 0.5858585858583267 0
6906 0.6767676767678075 0.5757575757573214 0
6907 0.6767676767677899 0.5656565656563157 0
6908 0.6767676767677728 0.5555555555553104 0
6909 0.6767676767677555 0.5454545454543049 0
6910 0.6767676767677382 0.5353535353532994 0
6911 0.6767676767677211 0.5252525252522939 0
6912 0.676767676767704 0.5151515151512884 0
6913 0.6767676767676867 0.5050505050502829 0
6914 0.6767676767676694 0.4949494949492784 0
6915 0.676767676767652 0.4848484848482746 0
6916 0.6767676767676349 0.4747474747472709 0
6917 0.6767676767676176 0.464646464646267 0
6918 0.6767676767676005 0.4545454545452634 0
6919 0.6767676767675832 0.4444444444442597 0
6920 0.6767676767675659 0.434343434343256 0
6921 0.6767676767675488 0.4242424242422521 0
6922 0.6767676767675315 0.4141414141412484 0
6923 0.6767676767675141 0.4040404040402447 0
6924 0.6767676767674971 0.3939393939392409 0
6925 0.6767676767674797 0.3838383838382372 0
6926 0.6767676767674624 0.3737373737372335 0
6927 0.6767676767674451 0.3636363636362298 0
6928 0.6767676767674278 0.353535353535226 0
6929 0.6767676767674107 0.3434343434342223 0
6930 0.6767676767673934 0.3333333333332186 0
6931 0.6767676767673763 0.3232323232322148 0
6932 0.6767676767673589 0.313131313131211 0
6933 0.6767676767673416 0.3030303030302073 0
6934 0.6767676767673243 0.2929292929292037 0
6935 0.6767676767673072 0.2828282828281999 0
6936 0.6767676767672899 0.2727272727271961 0
6937 0.6767676767672728 0.2626262626261924 0
6938 0.6767676767672555 0.2525252525251885 0
6939 0.6767676767672381 0.2424242424241849 0
6940 0.6767676767672208 0.2323232323231812 0
6941 0.6767676767672035 0.2222222222221775 0
6942 0.6767676767671864 0.2121212121211737 0
6943 0.6767676767671693 0.20202020202017 0
6944 0.676767676767152 0.1919191919191663 0
6945 0.6767676767671347 0.1818181818181624 0
6946 0.6767676767671174 0.1717171717171588 0
6947 0.6767676767671003 0.161616161616155 0
6948 0.6767676767670829 0.1515151515151513 0
6949 0.6767676767670658 0.1414141414141475 0
6950 0.6767676767670485 0.1313131313131435 0
6951 0.6767676767670312 0.1212121212121356 0
6952 0.6767676767670139 0.1111111111111233 0
6953 0.6767676767669968 0.1010101010101101 0
6954 0.6767676767669795 0.09090909090909685 0
6955 0.6767676767669624 0.08080808080808366 0
6956 0.676767676766945 0.07070707070707047 0
6957 0.6767676767669277 0.0606060606060588 0
6958 0.6767676767669104 0.05050505050504962 0
6959 0.6767676767668933 0.04040404040404116 0
6960 0.676767676766876 0.03030303030303202 0
6961 0.6767676767668589 0.02020202020202162 0
6962 0.6767676767668416 0.01010101010101077 0
6963 0.6868686868694556 0.9898989898989585 0
6964 0.6868686868694391 0.9797979797979171 0
6965 0.6868686868694232 0.9696969696968755 0
6966 0.6868686868694067 0.9595959595958339 0
6967 0.6868686868693905 0.9494949494947922 0
6968 0.6868686868693741 0.9393939393937507 0
6969 0.6868686868693581 0.9292929292927088 0
6970 0.6868686868693417 0.9191919191916674 0
6971 0.6868686868693255 0.909090909090626 0
6972 0.686868686869309 0.8989898989895845 0
6973 0.6868686868692928 0.8888888888885427 0
6974 0.6868686868692764 0.8787878787875048 0
6975 0.6868686868692604 0.8686868686864829 0
6976 0.6868686868692438 0.8585858585854751 0
6977 0.686868686869228 0.8484848484844687 0
6978 0.6868686868692115 0.8383838383834621 0
6979 0.6868686868691953 0.8282828282824557 0
6980 0.6868686868691789 0.8181818181814495 0
6981 0.6868686868691629 0.8080808080804429 0
6982 0.6868686868691463 0.7979797979794364 0
6983 0.6868686868691303 0.7878787878784301 0
6984 0.6868686868691138 0.7777777777774235 0
6985 0.6868686868690976 0.7676767676764172 0
6986 0.6868686868690812 0.7575757575754106 0
6987 0.6868686868690652 0.7474747474744041 0
6988 0.6868686868690487 0.7373737373733977 0
6989 0.6868686868690324 0.7272727272723913 0
6990 0.6868686868690161 0.7171717171713847 0
6991 0.6868686868689999 0.7070707070703783 0
6992 0.6868686868689837 0.6969696969693719 0
6993 0.6868686868689675 0.6868686868683656 0
6994 0.6868686868689511 0.6767676767673589 0
6995 0.6868686868689349 0.6666666666663525 0
6996 0.6868686868689187 0.6565656565653462 0
6997 0.6868686868689025 0.6464646464643395 0
6998 0.686868686868886 0.6363636363633332 0
6999 0.6868686868688698 0.6262626262623265 0
7000 0.6868686868688534 0.6161616161613201 0
7001 0.6868686868688374 0.6060606060603138 0
7002 0.686868686868821 0.5959595959593074 0
7003 0.6868686868688048 0.585858585858301 0
7004 0.6868686868687883 0.5757575757572944 0
7005 0.6868686868687721 0.5656565656562877 0
7006 0.6868686868687559 0.5555555555552814 0
7007 0.6868686868687397 0.545454545454275 0
7008 0.6868686868687233 0.5353535353532686 0
7009 0.6868686868687071 0.525252525252262 0
7010 0.6868686868686911 0.5151515151512556 0
7011 0.6868686868686744 0.5050505050502494 0
7012 0.6868686868686582 0.4949494949492447 0
7013 0.6868686868686422 0.4848484848482414 0
7014 0.6868686868686258 0.4747474747472383 0
7015 0.6868686868686096 0.4646464646462353 0
7016 0.6868686868685931 0.4545454545452323 0
7017 0.6868686868685769 0.4444444444442294 0
7018 0.6868686868685607 0.4343434343432263 0
7019 0.6868686868685443 0.4242424242422232 0
7020 0.6868686868685281 0.4141414141412203 0
7021 0.6868686868685117 0.4040404040402172 0
7022 0.6868686868684957 0.3939393939392143 0
7023 0.6868686868684792 0.3838383838382112 0
7024 0.686868686868463 0.3737373737372082 0
7025 0.6868686868684468 0.3636363636362051 0
7026 0.6868686868684304 0.353535353535202 0
7027 0.6868686868684142 0.3434343434341992 0
7028 0.686868686868398 0.333333333333196 0
7029 0.6868686868683815 0.3232323232321932 0
7030 0.6868686868683656 0.3131313131311901 0
7031 0.6868686868683491 0.3030303030301871 0
7032 0.6868686868683329 0.2929292929291841 0
7033 0.6868686868683167 0.2828282828281811 0
7034 0.6868686868683003 0.272727272727178 0
7035 0.6868686868682841 0.2626262626261751 0
7036 0.6868686868682679 0.252525252525172 0
7037 0.6868686868682514 0.242424242424169 0
7038 0.6868686868682352 0.232323232323166 0
7039 0.686868686868219 0.222222222222163 0
7040 0.6868686868682026 0.21212121212116 0
7041 0.6868686868681864 0.202020202020157 0
7042 0.6868686868681702 0.191919191919154 0
7043 0.6868686868681539 0.1818181818181509 0
7044 0.6868686868681377 0.1717171717171479 0
7045 0.6868686868681213 0.1616161616161449 0
7046 0.6868686868681051 0.1515151515151419 0
7047 0.6868686868680889 0.1414141414141389 0
7048 0.6868686868680725 0.1313131313131355 0
7049 0.6868686868680562 0.1212121212121283 0
7050 0.68686868686804 0.1111111111111166 0
7051 0.6868686868680236 0.1010101010101039 0
7052 0.6868686868680076 0.09090909090909127 0
7053 0.6868686868679912 0.08080808080807869 0
7054 0.686868686867975 0.07070707070706606 0
7055 0.6868686868679588 0.060606060606055 0
7056 0.6868686868679423 0.05050505050504647 0
7057 0.6868686868679261 0.04040404040403867 0
7058 0.6868686868679099 0.03030303030303017 0
7059 0.6868686868678935 0.02020202020202038 0
7060 0.6868686868678775 0.01010101010101015 0
7061 0.6969696969703967 0.9898989898989587 0
7062 0.6969696969703811 0.9797979797979173 0
7063 0.696969696970366 0.9696969696968758 0
7064 0.6969696969703505 0.9595959595958343 0
7065 0.6969696969703354 0.9494949494947931 0
7066 0.6969696969703201 0.9393939393937516 0
7067 0.6969696969703048 0.9292929292927102 0
7068 0.6969696969702894 0.9191919191916685 0
7069 0.6969696969702741 0.9090909090906275 0
7070 0.696969696970259 0.8989898989895858 0
7071 0.6969696969702437 0.8888888888885444 0
7072 0.6969696969702284 0.8787878787875063 0
7073 0.696969696970213 0.868686868686484 0
7074 0.6969696969701977 0.8585858585854755 0
7075 0.6969696969701824 0.848484848484468 0
7076 0.6969696969701671 0.8383838383834605 0
7077 0.6969696969701519 0.8282828282824533 0
7078 0.6969696969701364 0.8181818181814456 0
7079 0.6969696969701213 0.8080808080804383 0
7080 0.6969696969701058 0.7979797979794309 0
7081 0.6969696969700907 0.7878787878784235 0
7082 0.6969696969700754 0.777777777777416 0
7083 0.6969696969700601 0.7676767676764086 0
7084 0.6969696969700447 0.7575757575754013 0
7085 0.6969696969700294 0.7474747474743937 0
7086 0.6969696969700141 0.7373737373733862 0
7087 0.6969696969699988 0.7272727272723789 0
7088 0.6969696969699835 0.7171717171713714 0
7089 0.6969696969699681 0.7070707070703639 0
7090 0.696969696969953 0.6969696969693564 0
7091 0.6969696969699377 0.6868686868683491 0
7092 0.6969696969699224 0.6767676767673416 0
7093 0.6969696969699071 0.6666666666663343 0
7094 0.6969696969698917 0.6565656565653268 0
7095 0.6969696969698767 0.6464646464643193 0
7096 0.6969696969698611 0.6363636363633118 0
7097 0.6969696969698458 0.6262626262623043 0
7098 0.6969696969698307 0.6161616161612971 0
7099 0.6969696969698154 0.6060606060602896 0
7100 0.6969696969698 0.5959595959592823 0
7101 0.6969696969697847 0.5858585858582748 0
7102 0.6969696969697694 0.5757575757572673 0
7103 0.6969696969697541 0.5656565656562598 0
7104 0.696969696969739 0.5555555555552525 0
7105 0.6969696969697234 0.545454545454245 0
7106 0.6969696969697083 0.5353535353532375 0
7107 0.6969696969696928 0.52525252525223 0
7108 0.6969696969696777 0.5151515151512227 0
7109 0.6969696969696624 0.5050505050502156 0
7110 0.6969696969696471 0.4949494949492107 0
7111 0.6969696969696317 0.4848484848482081 0
7112 0.6969696969696164 0.4747474747472058 0
7113 0.6969696969696013 0.4646464646462035 0
7114 0.696969696969586 0.4545454545452012 0
7115 0.6969696969695707 0.4444444444441989 0
7116 0.6969696969695554 0.4343434343431967 0
7117 0.69696969696954 0.4242424242421944 0
7118 0.6969696969695249 0.414141414141192 0
7119 0.6969696969695094 0.4040404040401897 0
7120 0.6969696969694941 0.3939393939391874 0
7121 0.6969696969694787 0.3838383838381851 0
7122 0.6969696969694636 0.3737373737371829 0
7123 0.6969696969694483 0.3636363636361806 0
7124 0.696969696969433 0.3535353535351783 0
7125 0.6969696969694177 0.343434343434176 0
7126 0.6969696969694024 0.3333333333331737 0
7127 0.6969696969693873 0.3232323232321714 0
7128 0.6969696969693717 0.3131313131311692 0
7129 0.6969696969693566 0.3030303030301669 0
7130 0.6969696969693413 0.2929292929291646 0
7131 0.696969696969326 0.2828282828281622 0
7132 0.6969696969693107 0.2727272727271599 0
7133 0.6969696969692953 0.2626262626261576 0
7134 0.6969696969692802 0.2525252525251553 0
7135 0.6969696969692647 0.2424242424241531 0
7136 0.6969696969692496 0.2323232323231508 0
7137 0.6969696969692343 0.2222222222221485 0
7138 0.696969696969219 0.2121212121211462 0
7139 0.6969696969692036 0.2020202020201439 0
7140 0.6969696969691883 0.1919191919191416 0
7141 0.6969696969691732 0.1818181818181394 0
7142 0.6969696969691577 0.1717171717171371 0
7143 0.6969696969691426 0.1616161616161348 0
7144 0.696969696969127 0.1515151515151325 0
7145 0.6969696969691119 0.1414141414141302 0
7146 0.6969696969690964 0.1313131313131275 0
7147 0.6969696969690813 0.121212121212121 0
7148 0.696969696969066 0.1111111111111099 0
7149 0.6969696969690506 0.1010101010100978 0
7150 0.6969696969690353 0.09090909090908572 0
7151 0.69696969696902 0.08080808080807372 0
7152 0.6969696969690049 0.07070707070706167 0
7153 0.6969696969689894 0.06060606060605121 0
7154 0.6969696969689743 0.05050505050504332 0
7155 0.6969696969689589 0.04040404040403617 0
7156 0.6969696969689436 0.03030303030302831 0
7157 0.6969696969689283 0.02020202020201915 0
7158 0.696969696968913 0.01010101010100953 0
7159 0.7070707070713375 0.9898989898989587 0
7160 0.7070707070713232 0.9797979797979175 0
7161 0.7070707070713088 0.9696969696968764 0
7162 0.7070707070712946 0.9595959595958351 0
7163 0.7070707070712804 0.9494949494947937 0
7164 0.707070707071266 0.9393939393937525 0
7165 0.7070707070712517 0.929292929292711 0
7166 0.7070707070712373 0.9191919191916698 0
7167 0.7070707070712229 0.9090909090906288 0
7168 0.7070707070712089 0.8989898989895876 0
7169 0.7070707070711945 0.8888888888885462 0
7170 0.70707070707118 0.8787878787875083 0
7171 0.7070707070711659 0.8686868686864853 0
7172 0.7070707070711513 0.8585858585854755 0
7173 0.7070707070711372 0.8484848484844674 0
7174 0.7070707070711227 0.838383838383459 0
7175 0.7070707070711085 0.8282828282824507 0
7176 0.7070707070710941 0.8181818181814421 0
7177 0.7070707070710799 0.8080808080804338 0
7178 0.7070707070710656 0.7979797979794252 0
7179 0.7070707070710512 0.787878787878417 0
7180 0.7070707070710368 0.7777777777774084 0
7181 0.7070707070710226 0.7676767676764001 0
7182 0.7070707070710082 0.7575757575753918 0
7183 0.7070707070709938 0.7474747474743835 0
7184 0.7070707070709796 0.7373737373733749 0
7185 0.7070707070709653 0.7272727272723667 0
7186 0.7070707070709511 0.7171717171713581 0
7187 0.7070707070709368 0.7070707070703497 0
7188 0.7070707070709225 0.6969696969693413 0
7189 0.7070707070709081 0.6868686868683329 0
7190 0.7070707070708935 0.6767676767673245 0
7191 0.7070707070708796 0.6666666666663161 0
7192 0.7070707070708652 0.6565656565653077 0
7193 0.7070707070708506 0.6464646464642991 0
7194 0.7070707070708365 0.6363636363632907 0
7195 0.7070707070708221 0.6262626262622824 0
7196 0.7070707070708079 0.616161616161274 0
7197 0.7070707070707933 0.6060606060602656 0
7198 0.7070707070707792 0.5959595959592572 0
7199 0.707070707070765 0.5858585858582486 0
7200 0.7070707070707505 0.5757575757572404 0
7201 0.7070707070707363 0.5656565656562318 0
7202 0.7070707070707219 0.5555555555552236 0
7203 0.7070707070707075 0.545454545454215 0
7204 0.7070707070706932 0.5353535353532066 0
7205 0.707070707070679 0.5252525252521982 0
7206 0.7070707070706647 0.5151515151511898 0
7207 0.7070707070706503 0.5050505050501819 0
7208 0.7070707070706362 0.4949494949491768 0
7209 0.7070707070706218 0.4848484848481748 0
7210 0.7070707070706074 0.4747474747471733 0
7211 0.7070707070705929 0.4646464646461717 0
7212 0.7070707070705787 0.4545454545451701 0
7213 0.7070707070705643 0.4444444444441685 0
7214 0.7070707070705501 0.434343434343167 0
7215 0.7070707070705359 0.4242424242421654 0
7216 0.7070707070705217 0.4141414141411638 0
7217 0.7070707070705072 0.4040404040401623 0
7218 0.7070707070704928 0.3939393939391608 0
7219 0.7070707070704786 0.383838383838159 0
7220 0.7070707070704642 0.3737373737371575 0
7221 0.7070707070704497 0.3636363636361559 0
7222 0.7070707070704355 0.3535353535351544 0
7223 0.7070707070704213 0.3434343434341529 0
7224 0.7070707070704069 0.3333333333331513 0
7225 0.7070707070703927 0.3232323232321497 0
7226 0.7070707070703782 0.3131313131311482 0
7227 0.707070707070364 0.3030303030301466 0
7228 0.7070707070703496 0.292929292929145 0
7229 0.7070707070703354 0.2828282828281434 0
7230 0.7070707070703209 0.2727272727271418 0
7231 0.7070707070703067 0.2626262626261403 0
7232 0.7070707070702925 0.2525252525251387 0
7233 0.7070707070702781 0.2424242424241372 0
7234 0.7070707070702636 0.2323232323231356 0
7235 0.7070707070702493 0.2222222222221341 0
7236 0.7070707070702352 0.2121212121211324 0
7237 0.7070707070702208 0.2020202020201309 0
7238 0.7070707070702064 0.1919191919191293 0
7239 0.7070707070701922 0.1818181818181277 0
7240 0.7070707070701778 0.1717171717171262 0
7241 0.7070707070701635 0.1616161616161246 0
7242 0.7070707070701491 0.1515151515151231 0
7243 0.7070707070701349 0.1414141414141215 0
7244 0.7070707070701207 0.1313131313131196 0
7245 0.7070707070701064 0.1212121212121137 0
7246 0.707070707070092 0.1111111111111032 0
7247 0.7070707070700776 0.1010101010100917 0
7248 0.7070707070700634 0.09090909090908017 0
7249 0.7070707070700492 0.08080808080806873 0
7250 0.7070707070700345 0.07070707070705728 0
7251 0.7070707070700203 0.06060606060604742 0
7252 0.7070707070700061 0.05050505050504017 0
7253 0.7070707070699919 0.04040404040403366 0
7254 0.7070707070699774 0.03030303030302645 0
7255 0.707070707069963 0.02020202020201791 0
7256 0.7070707070699488 0.01010101010100892 0
7257 0.7171717171722786 0.989898989898959 0
7258 0.7171717171722652 0.9797979797979179 0
7259 0.7171717171722519 0.9696969696968768 0
7260 0.7171717171722384 0.9595959595958355 0
7261 0.7171717171722253 0.9494949494947946 0
7262 0.7171717171722117 0.9393939393937534 0
7263 0.7171717171721984 0.9292929292927125 0
7264 0.7171717171721853 0.9191919191916713 0
7265 0.717171717172172 0.9090909090906302 0
7266 0.7171717171721584 0.898989898989589 0
7267 0.7171717171721451 0.888888888888548 0
7268 0.7171717171721319 0.8787878787875101 0
7269 0.7171717171721184 0.8686868686864866 0
7270 0.7171717171721051 0.8585858585854761 0
7271 0.7171717171720917 0.8484848484844667 0
7272 0.7171717171720783 0.8383838383834574 0
7273 0.7171717171720652 0.828282828282448 0
7274 0.7171717171720519 0.8181818181814385 0
7275 0.7171717171720383 0.8080808080804291 0
7276 0.7171717171720252 0.79797979797942 0
7277 0.7171717171720119 0.7878787878784106 0
7278 0.7171717171719983 0.7777777777774011 0
7279 0.717171717171985 0.7676767676763917 0
7280 0.7171717171719717 0.7575757575753823 0
7281 0.7171717171719582 0.7474747474743728 0
7282 0.7171717171719449 0.7373737373733635 0
7283 0.7171717171719317 0.7272727272723543 0
7284 0.7171717171719183 0.7171717171713448 0
7285 0.717171717171905 0.7070707070703355 0
7286 0.7171717171718915 0.696969696969326 0
7287 0.7171717171718784 0.6868686868683167 0
7288 0.717171717171865 0.6767676767673072 0
7289 0.7171717171718517 0.6666666666662979 0
7290 0.7171717171718381 0.6565656565652886 0
7291 0.7171717171718248 0.6464646464642789 0
7292 0.7171717171718116 0.6363636363632696 0
7293 0.7171717171717984 0.6262626262622601 0
7294 0.717171717171785 0.6161616161612509 0
7295 0.7171717171717715 0.6060606060602416 0
7296 0.7171717171717582 0.5959595959592321 0
7297 0.7171717171717449 0.5858585858582228 0
7298 0.7171717171717316 0.5757575757572133 0
7299 0.7171717171717181 0.5656565656562038 0
7300 0.7171717171717049 0.5555555555551945 0
7301 0.7171717171716915 0.545454545454185 0
7302 0.7171717171716783 0.5353535353531758 0
7303 0.7171717171716652 0.5252525252521663 0
7304 0.7171717171716516 0.515151515151157 0
7305 0.7171717171716383 0.5050505050501481 0
7306 0.7171717171716246 0.494949494949143 0
7307 0.7171717171716115 0.4848484848481416 0
7308 0.7171717171715982 0.4747474747471406 0
7309 0.7171717171715849 0.4646464646461399 0
7310 0.7171717171715716 0.4545454545451391 0
7311 0.717171717171558 0.4444444444441382 0
7312 0.7171717171715449 0.4343434343431374 0
7313 0.7171717171715314 0.4242424242421364 0
7314 0.7171717171715181 0.4141414141411356 0
7315 0.717171717171505 0.4040404040401347 0
7316 0.7171717171714914 0.3939393939391339 0
7317 0.7171717171714781 0.3838383838381331 0
7318 0.7171717171714648 0.3737373737371322 0
7319 0.7171717171714515 0.3636363636361314 0
7320 0.7171717171714381 0.3535353535351305 0
7321 0.7171717171714248 0.3434343434341298 0
7322 0.7171717171714115 0.3333333333331289 0
7323 0.7171717171713982 0.323232323232128 0
7324 0.7171717171713848 0.3131313131311272 0
7325 0.7171717171713715 0.3030303030301263 0
7326 0.7171717171713582 0.2929292929291255 0
7327 0.7171717171713449 0.2828282828281247 0
7328 0.7171717171713313 0.2727272727271238 0
7329 0.717171717171318 0.262626262626123 0
7330 0.7171717171713047 0.252525252525122 0
7331 0.7171717171712914 0.2424242424241213 0
7332 0.717171717171278 0.2323232323231204 0
7333 0.7171717171712647 0.2222222222221196 0
7334 0.7171717171712512 0.2121212121211187 0
7335 0.7171717171712378 0.2020202020201179 0
7336 0.7171717171712246 0.191919191919117 0
7337 0.7171717171712113 0.1818181818181162 0
7338 0.7171717171711979 0.1717171717171153 0
7339 0.7171717171711846 0.1616161616161145 0
7340 0.7171717171711712 0.1515151515151136 0
7341 0.7171717171711579 0.1414141414141128 0
7342 0.7171717171711446 0.1313131313131116 0
7343 0.7171717171711313 0.1212121212121063 0
7344 0.7171717171711179 0.1111111111110964 0
7345 0.7171717171711046 0.1010101010100855 0
7346 0.7171717171710913 0.09090909090907462 0
7347 0.717171717171078 0.08080808080806376 0
7348 0.7171717171710646 0.07070707070705287 0
7349 0.7171717171710513 0.06060606060604362 0
7350 0.7171717171710378 0.05050505050503701 0
7351 0.7171717171710245 0.04040404040403116 0
7352 0.7171717171710114 0.0303030303030246 0
7353 0.7171717171709978 0.02020202020201668 0
7354 0.7171717171709847 0.0101010101010083 0
7355 0.7272727272732196 0.9898989898989592 0
7356 0.7272727272732071 0.9797979797979182 0
7357 0.7272727272731949 0.9696969696968771 0
7358 0.7272727272731825 0.9595959595958364 0
7359 0.7272727272731703 0.9494949494947953 0
7360 0.7272727272731578 0.9393939393937545 0
7361 0.7272727272731454 0.9292929292927132 0
7362 0.7272727272731332 0.9191919191916725 0
7363 0.7272727272731208 0.9090909090906315 0
7364 0.7272727272731084 0.8989898989895906 0
7365 0.7272727272730959 0.8888888888885498 0
7366 0.7272727272730837 0.8787878787875116 0
7367 0.7272727272730712 0.868686868686488 0
7368 0.7272727272730588 0.8585858585854765 0
7369 0.7272727272730466 0.8484848484844663 0
7370 0.7272727272730342 0.8383838383834556 0
7371 0.7272727272730218 0.8282828282824453 0
7372 0.7272727272730095 0.818181818181435 0
7373 0.7272727272729973 0.8080808080804247 0
7374 0.7272727272729846 0.7979797979794142 0
7375 0.7272727272729722 0.7878787878784039 0
7376 0.72727272727296 0.7777777777773938 0
7377 0.7272727272729478 0.7676767676763833 0
7378 0.7272727272729352 0.7575757575753728 0
7379 0.7272727272729228 0.7474747474743626 0
7380 0.7272727272729107 0.737373737373352 0
7381 0.7272727272728983 0.7272727272723418 0
7382 0.7272727272728858 0.7171717171713314 0
7383 0.7272727272728736 0.707070707070321 0
7384 0.7272727272728611 0.6969696969693107 0
7385 0.7272727272728488 0.6868686868683003 0
7386 0.7272727272728363 0.6767676767672899 0
7387 0.7272727272728241 0.6666666666662795 0
7388 0.7272727272728119 0.6565656565652693 0
7389 0.7272727272727995 0.6464646464642589 0
7390 0.7272727272727868 0.6363636363632483 0
7391 0.7272727272727746 0.6262626262622382 0
7392 0.7272727272727622 0.6161616161612278 0
7393 0.7272727272727497 0.6060606060602174 0
7394 0.7272727272727375 0.595959595959207 0
7395 0.7272727272727253 0.5858585858581966 0
7396 0.7272727272727129 0.5757575757571864 0
7397 0.7272727272727004 0.5656565656561758 0
7398 0.727272727272688 0.5555555555551654 0
7399 0.7272727272726756 0.5454545454541553 0
7400 0.7272727272726631 0.5353535353531449 0
7401 0.7272727272726509 0.5252525252521345 0
7402 0.7272727272726387 0.5151515151511241 0
7403 0.727272727272626 0.5050505050501144 0
7404 0.7272727272726138 0.4949494949491092 0
7405 0.7272727272726014 0.4848484848481083 0
7406 0.727272727272589 0.4747474747471082 0
7407 0.7272727272725767 0.464646464646108 0
7408 0.7272727272725643 0.454545454545108 0
7409 0.7272727272725521 0.4444444444441078 0
7410 0.7272727272725397 0.4343434343431077 0
7411 0.7272727272725272 0.4242424242421076 0
7412 0.727272727272515 0.4141414141411074 0
7413 0.7272727272725026 0.4040404040401073 0
7414 0.7272727272724901 0.3939393939391072 0
7415 0.7272727272724779 0.3838383838381071 0
7416 0.7272727272724655 0.3737373737371069 0
7417 0.7272727272724531 0.3636363636361067 0
7418 0.7272727272724406 0.3535353535351067 0
7419 0.7272727272724282 0.3434343434341066 0
7420 0.727272727272416 0.3333333333331064 0
7421 0.7272727272724036 0.3232323232321064 0
7422 0.7272727272723913 0.3131313131311062 0
7423 0.7272727272723789 0.303030303030106 0
7424 0.7272727272723665 0.292929292929106 0
7425 0.727272727272354 0.2828282828281058 0
7426 0.7272727272723418 0.2727272727271056 0
7427 0.7272727272723296 0.2626262626261056 0
7428 0.7272727272723172 0.2525252525251054 0
7429 0.7272727272723047 0.2424242424241053 0
7430 0.7272727272722923 0.2323232323231052 0
7431 0.7272727272722799 0.2222222222221051 0
7432 0.7272727272722674 0.212121212121105 0
7433 0.7272727272722554 0.2020202020201048 0
7434 0.727272727272243 0.1919191919191047 0
7435 0.7272727272722306 0.1818181818181046 0
7436 0.7272727272722181 0.1717171717171045 0
7437 0.7272727272722057 0.1616161616161044 0
7438 0.7272727272721935 0.1515151515151042 0
7439 0.7272727272721811 0.1414141414141041 0
7440 0.7272727272721689 0.1313131313131036 0
7441 0.7272727272721564 0.121212121212099 0
7442 0.727272727272144 0.1111111111110897 0
7443 0.7272727272721315 0.1010101010100794 0
7444 0.7272727272721191 0.09090909090906907 0
7445 0.7272727272721069 0.08080808080805879 0
7446 0.7272727272720947 0.07070707070704846 0
7447 0.7272727272720823 0.06060606060603983 0
7448 0.7272727272720698 0.05050505050503387 0
7449 0.7272727272720574 0.04040404040402866 0
7450 0.7272727272720449 0.03030303030302274 0
7451 0.7272727272720327 0.02020202020201544 0
7452 0.7272727272720203 0.01010101010100767 0
7453 0.7373737373741607 0.9898989898989594 0
7454 0.7373737373741494 0.9797979797979186 0
7455 0.7373737373741378 0.9696969696968777 0
7456 0.7373737373741263 0.9595959595958369 0
7457 0.7373737373741152 0.949494949494796 0
7458 0.7373737373741038 0.9393939393937552 0
7459 0.7373737373740923 0.9292929292927145 0
7460 0.7373737373740807 0.9191919191916736 0
7461 0.7373737373740694 0.9090909090906328 0
7462 0.7373737373740581 0.898989898989592 0
7463 0.7373737373740468 0.8888888888885513 0
7464 0.7373737373740354 0.8787878787875134 0
7465 0.7373737373740239 0.8686868686864894 0
7466 0.7373737373740126 0.858585858585477 0
7467 0.7373737373740012 0.8484848484844654 0
7468 0.7373737373739899 0.8383838383834541 0
7469 0.7373737373739784 0.8282828282824427 0
7470 0.7373737373739671 0.8181818181814314 0
7471 0.7373737373739557 0.80808080808042 0
7472 0.7373737373739444 0.7979797979794089 0
7473 0.7373737373739329 0.7878787878783975 0
7474 0.7373737373739215 0.7777777777773862 0
7475 0.73737373737391 0.7676767676763748 0
7476 0.7373737373738989 0.7575757575753636 0
7477 0.7373737373738873 0.7474747474743522 0
7478 0.7373737373738758 0.7373737373733409 0
7479 0.7373737373738645 0.7272727272723294 0
7480 0.7373737373738531 0.7171717171713179 0
7481 0.7373737373738418 0.7070707070703066 0
7482 0.7373737373738303 0.6969696969692956 0
7483 0.7373737373738189 0.6868686868682841 0
7484 0.7373737373738076 0.6767676767672728 0
7485 0.7373737373737961 0.6666666666662613 0
7486 0.7373737373737848 0.65656565656525 0
7487 0.7373737373737737 0.6464646464642387 0
7488 0.7373737373737621 0.6363636363632275 0
7489 0.7373737373737506 0.626262626262216 0
7490 0.7373737373737392 0.6161616161612047 0
7491 0.7373737373737279 0.6060606060601932 0
7492 0.7373737373737164 0.5959595959591821 0
7493 0.7373737373737053 0.5858585858581706 0
7494 0.7373737373736937 0.5757575757571594 0
7495 0.7373737373736824 0.5656565656561479 0
7496 0.7373737373736711 0.5555555555551366 0
7497 0.7373737373736595 0.5454545454541251 0
7498 0.7373737373736482 0.535353535353114 0
7499 0.7373737373736369 0.5252525252521025 0
7500 0.7373737373736255 0.5151515151510913 0
7501 0.737373737373614 0.5050505050500806 0
7502 0.7373737373736027 0.4949494949490753 0
7503 0.7373737373735914 0.4848484848480751 0
7504 0.7373737373735798 0.4747474747470756 0
7505 0.7373737373735685 0.4646464646460762 0
7506 0.7373737373735569 0.4545454545450769 0
7507 0.7373737373735456 0.4444444444440775 0
7508 0.7373737373735343 0.434343434343078 0
7509 0.737373737373523 0.4242424242420787 0
7510 0.7373737373735116 0.4141414141410793 0
7511 0.7373737373735001 0.4040404040400798 0
7512 0.7373737373734888 0.3939393939390804 0
7513 0.7373737373734774 0.383838383838081 0
7514 0.7373737373734661 0.3737373737370816 0
7515 0.7373737373734546 0.3636363636360822 0
7516 0.7373737373734432 0.3535353535350828 0
7517 0.7373737373734319 0.3434343434340835 0
7518 0.7373737373734206 0.333333333333084 0
7519 0.7373737373734091 0.3232323232320846 0
7520 0.7373737373733975 0.3131313131310852 0
7521 0.7373737373733864 0.3030303030300858 0
7522 0.7373737373733749 0.2929292929290864 0
7523 0.7373737373733635 0.282828282828087 0
7524 0.7373737373733522 0.2727272727270876 0
7525 0.7373737373733407 0.2626262626260882 0
7526 0.7373737373733296 0.2525252525250888 0
7527 0.737373737373318 0.2424242424240894 0
7528 0.7373737373733065 0.23232323232309 0
7529 0.7373737373732951 0.2222222222220906 0
7530 0.7373737373732838 0.2121212121210912 0
7531 0.7373737373732723 0.2020202020200918 0
7532 0.7373737373732612 0.1919191919190925 0
7533 0.7373737373732496 0.1818181818180929 0
7534 0.7373737373732381 0.1717171717170936 0
7535 0.737373737373227 0.1616161616160942 0
7536 0.7373737373732154 0.1515151515150948 0
7537 0.7373737373732039 0.1414141414140954 0
7538 0.7373737373731928 0.1313131313130956 0
7539 0.7373737373731812 0.1212121212120917 0
7540 0.7373737373731699 0.111111111111083 0
7541 0.7373737373731586 0.1010101010100732 0
7542 0.737373737373147 0.09090909090906352 0
7543 0.7373737373731359 0.08080808080805379 0
7544 0.7373737373731244 0.07070707070704407 0
7545 0.7373737373731131 0.06060606060603604 0
7546 0.7373737373731017 0.05050505050503071 0
7547 0.7373737373730902 0.04040404040402616 0
7548 0.7373737373730787 0.03030303030302089 0
7549 0.7373737373730676 0.02020202020201421 0
7550 0.737373737373056 0.01010101010100706 0
7551 0.7474747474751016 0.9898989898989594 0
7552 0.7474747474750914 0.9797979797979188 0
7553 0.7474747474750809 0.9696969696968781 0
7554 0.7474747474750705 0.9595959595958375 0
7555 0.7474747474750598 0.9494949494947968 0
7556 0.7474747474750496 0.9393939393937563 0
7557 0.7474747474750392 0.9292929292927156 0
7558 0.747474747475029 0.919191919191675 0
7559 0.7474747474750185 0.9090909090906344 0
7560 0.7474747474750079 0.8989898989895938 0
7561 0.7474747474749976 0.8888888888885531 0
7562 0.747474747474987 0.8787878787875152 0
7563 0.7474747474749768 0.8686868686864907 0
7564 0.7474747474749663 0.858585858585477 0
7565 0.747474747474956 0.8484848484844649 0
7566 0.7474747474749452 0.8383838383834525 0
7567 0.747474747474935 0.82828282828244 0
7568 0.7474747474749246 0.8181818181814279 0
7569 0.7474747474749144 0.8080808080804156 0
7570 0.7474747474749039 0.7979797979794031 0
7571 0.7474747474748935 0.7878787878783911 0
7572 0.7474747474748831 0.7777777777773787 0
7573 0.7474747474748724 0.7676767676763662 0
7574 0.7474747474748622 0.757575757575354 0
7575 0.7474747474748518 0.7474747474743417 0
7576 0.7474747474748414 0.7373737373733293 0
7577 0.7474747474748309 0.727272727272317 0
7578 0.7474747474748206 0.7171717171713046 0
7579 0.74747474747481 0.7070707070702924 0
7580 0.7474747474747998 0.69696969696928 0
7581 0.7474747474747894 0.6868686868682679 0
7582 0.7474747474747792 0.6767676767672555 0
7583 0.7474747474747685 0.6666666666662431 0
7584 0.7474747474747581 0.6565656565652309 0
7585 0.7474747474747476 0.6464646464642185 0
7586 0.7474747474747372 0.6363636363632061 0
7587 0.747474747474727 0.6262626262621938 0
7588 0.7474747474747165 0.6161616161611816 0
7589 0.7474747474747061 0.6060606060601692 0
7590 0.7474747474746954 0.5959595959591568 0
7591 0.7474747474746852 0.5858585858581447 0
7592 0.7474747474746748 0.5757575757571323 0
7593 0.7474747474746644 0.5656565656561199 0
7594 0.7474747474746541 0.5555555555551077 0
7595 0.7474747474746435 0.5454545454540953 0
7596 0.7474747474746331 0.5353535353530829 0
7597 0.7474747474746226 0.5252525252520706 0
7598 0.7474747474746124 0.5151515151510584 0
7599 0.7474747474746017 0.5050505050500469 0
7600 0.7474747474745915 0.4949494949490415 0
7601 0.7474747474745811 0.4848484848480418 0
7602 0.7474747474745707 0.474747474747043 0
7603 0.7474747474745602 0.4646464646460444 0
7604 0.74747474747455 0.4545454545450458 0
7605 0.7474747474745393 0.4444444444440471 0
7606 0.7474747474745291 0.4343434343430485 0
7607 0.7474747474745187 0.4242424242420497 0
7608 0.7474747474745083 0.414141414141051 0
7609 0.7474747474744978 0.4040404040400524 0
7610 0.7474747474744874 0.3939393939390536 0
7611 0.7474747474744772 0.3838383838380549 0
7612 0.7474747474744665 0.3737373737370563 0
7613 0.7474747474744563 0.3636363636360577 0
7614 0.7474747474744459 0.3535353535350589 0
7615 0.7474747474744354 0.3434343434340603 0
7616 0.747474747474425 0.3333333333330616 0
7617 0.7474747474744148 0.3232323232320629 0
7618 0.7474747474744041 0.3131313131310642 0
7619 0.7474747474743939 0.3030303030300656 0
7620 0.7474747474743832 0.2929292929290669 0
7621 0.747474747474373 0.2828282828280682 0
7622 0.7474747474743626 0.2727272727270695 0
7623 0.7474747474743522 0.2626262626260708 0
7624 0.7474747474743417 0.2525252525250722 0
7625 0.7474747474743313 0.2424242424240735 0
7626 0.7474747474743209 0.2323232323230748 0
7627 0.7474747474743104 0.2222222222220762 0
7628 0.7474747474743002 0.2121212121210775 0
7629 0.7474747474742895 0.2020202020200788 0
7630 0.7474747474742793 0.1919191919190801 0
7631 0.7474747474742687 0.1818181818180814 0
7632 0.7474747474742585 0.1717171717170828 0
7633 0.747474747474248 0.1616161616160841 0
7634 0.7474747474742376 0.1515151515150854 0
7635 0.7474747474742274 0.1414141414140867 0
7636 0.7474747474742167 0.1313131313130876 0
7637 0.7474747474742065 0.1212121212120844 0
7638 0.7474747474741958 0.1111111111110763 0
7639 0.7474747474741856 0.1010101010100671 0
7640 0.7474747474741752 0.09090909090905794 0
7641 0.7474747474741648 0.08080808080804883 0
7642 0.7474747474741543 0.07070707070703969 0
7643 0.7474747474741439 0.06060606060603224 0
7644 0.7474747474741337 0.05050505050502757 0
7645 0.747474747474123 0.04040404040402365 0
7646 0.7474747474741128 0.03030303030301903 0
7647 0.7474747474741024 0.02020202020201297 0
7648 0.7474747474740919 0.01010101010100644 0
7649 0.7575757575760425 0.9898989898989596 0
7650 0.7575757575760331 0.979797979797919 0
7651 0.7575757575760238 0.9696969696968785 0
7652 0.7575757575760145 0.9595959595958382 0
7653 0.7575757575760047 0.9494949494947977 0
7654 0.7575757575759954 0.9393939393937571 0
7655 0.7575757575759858 0.9292929292927168 0
7656 0.7575757575759764 0.919191919191676 0
7657 0.757575757575967 0.9090909090906359 0
7658 0.7575757575759576 0.8989898989895951 0
7659 0.7575757575759483 0.8888888888885547 0
7660 0.757575757575939 0.878787878787517 0
7661 0.7575757575759294 0.8686868686864918 0
7662 0.7575757575759199 0.8585858585854774 0
7663 0.7575757575759106 0.8484848484844643 0
7664 0.757575757575901 0.8383838383834508 0
7665 0.7575757575758917 0.8282828282824376 0
7666 0.7575757575758824 0.8181818181814243 0
7667 0.7575757575758728 0.8080808080804112 0
7668 0.7575757575758635 0.7979797979793978 0
7669 0.7575757575758538 0.7878787878783846 0
7670 0.7575757575758446 0.7777777777773711 0
7671 0.7575757575758351 0.7676767676763578 0
7672 0.7575757575758256 0.7575757575753443 0
7673 0.7575757575758162 0.7474747474743313 0
7674 0.7575757575758068 0.737373737373318 0
7675 0.7575757575757973 0.7272727272723047 0
7676 0.757575757575788 0.7171717171712912 0
7677 0.7575757575757787 0.7070707070702782 0
7678 0.757575757575769 0.6969696969692649 0
7679 0.7575757575757598 0.6868686868682514 0
7680 0.7575757575757502 0.6767676767672381 0
7681 0.7575757575757407 0.6666666666662249 0
7682 0.7575757575757314 0.6565656565652118 0
7683 0.7575757575757218 0.6464646464641983 0
7684 0.7575757575757123 0.636363636363185 0
7685 0.7575757575757029 0.6262626262621718 0
7686 0.7575757575756936 0.6161616161611585 0
7687 0.7575757575756843 0.6060606060601452 0
7688 0.7575757575756747 0.5959595959591319 0
7689 0.7575757575756652 0.5858585858581185 0
7690 0.7575757575756559 0.5757575757571052 0
7691 0.7575757575756463 0.5656565656560919 0
7692 0.7575757575756368 0.5555555555550786 0
7693 0.7575757575756275 0.5454545454540654 0
7694 0.7575757575756181 0.5353535353530521 0
7695 0.7575757575756086 0.5252525252520386 0
7696 0.7575757575755995 0.5151515151510255 0
7697 0.7575757575755897 0.5050505050500131 0
7698 0.7575757575755804 0.4949494949490075 0
7699 0.7575757575755711 0.4848484848480085 0
7700 0.7575757575755615 0.4747474747470105 0
7701 0.757575757575552 0.4646464646460126 0
7702 0.7575757575755426 0.4545454545450147 0
7703 0.7575757575755331 0.4444444444440167 0
7704 0.7575757575755238 0.4343434343430188 0
7705 0.7575757575755144 0.4242424242420207 0
7706 0.7575757575755049 0.4141414141410228 0
7707 0.7575757575754956 0.4040404040400248 0
7708 0.7575757575754858 0.3939393939390269 0
7709 0.7575757575754767 0.3838383838380289 0
7710 0.7575757575754671 0.373737373737031 0
7711 0.7575757575754578 0.363636363636033 0
7712 0.7575757575754485 0.3535353535350351 0
7713 0.7575757575754389 0.3434343434340372 0
7714 0.7575757575754294 0.3333333333330392 0
7715 0.7575757575754201 0.3232323232320412 0
7716 0.7575757575754105 0.3131313131310433 0
7717 0.7575757575754012 0.3030303030300453 0
7718 0.7575757575753916 0.2929292929290473 0
7719 0.7575757575753823 0.2828282828280494 0
7720 0.757575757575373 0.2727272727270514 0
7721 0.7575757575753634 0.2626262626260535 0
7722 0.7575757575753539 0.2525252525250555 0
7723 0.7575757575753446 0.2424242424240576 0
7724 0.7575757575753352 0.2323232323230596 0
7725 0.7575757575753259 0.2222222222220617 0
7726 0.7575757575753161 0.2121212121210637 0
7727 0.7575757575753068 0.2020202020200658 0
7728 0.7575757575752975 0.1919191919190678 0
7729 0.7575757575752879 0.1818181818180698 0
7730 0.7575757575752786 0.1717171717170719 0
7731 0.7575757575752691 0.161616161616074 0
7732 0.7575757575752597 0.151515151515076 0
7733 0.7575757575752504 0.141414141414078 0
7734 0.7575757575752406 0.1313131313130796 0
7735 0.7575757575752313 0.1212121212120771 0
7736 0.757575757575222 0.1111111111110696 0
7737 0.7575757575752127 0.1010101010100609 0
7738 0.7575757575752031 0.09090909090905236 0
7739 0.7575757575751936 0.08080808080804386 0
7740 0.7575757575751842 0.07070707070703527 0
7741 0.7575757575751749 0.06060606060602845 0
7742 0.7575757575751652 0.05050505050502441 0
7743 0.7575757575751558 0.04040404040402115 0
7744 0.7575757575751465 0.03030303030301718 0
7745 0.7575757575751372 0.02020202020201173 0
7746 0.7575757575751276 0.01010101010100582 0
7747 0.7676767676769836 0.9898989898989599 0
7748 0.7676767676769751 0.9797979797979195 0
7749 0.7676767676769667 0.969696969696879 0
7750 0.7676767676769582 0.9595959595958385 0
7751 0.7676767676769498 0.9494949494947986 0
7752 0.7676767676769414 0.939393939393758 0
7753 0.7676767676769329 0.9292929292927178 0
7754 0.7676767676769243 0.9191919191916774 0
7755 0.7676767676769161 0.9090909090906373 0
7756 0.7676767676769074 0.898989898989597 0
7757 0.7676767676768991 0.8888888888885564 0
7758 0.7676767676768905 0.8787878787875187 0
7759 0.7676767676768821 0.8686868686864931 0
7760 0.7676767676768734 0.8585858585854779 0
7761 0.767676767676865 0.8484848484844636 0
7762 0.7676767676768567 0.8383838383834494 0
7763 0.7676767676768481 0.8282828282824352 0
7764 0.7676767676768399 0.8181818181814206 0
7765 0.7676767676768315 0.8080808080804065 0
7766 0.7676767676768228 0.7979797979793922 0
7767 0.7676767676768144 0.787878787878378 0
7768 0.767676767676806 0.7777777777773638 0
7769 0.7676767676767975 0.7676767676763494 0
7770 0.7676767676767893 0.7575757575753351 0
7771 0.7676767676767808 0.7474747474743209 0
7772 0.7676767676767722 0.7373737373733067 0
7773 0.7676767676767637 0.7272727272722923 0
7774 0.7676767676767551 0.7171717171712779 0
7775 0.7676767676767468 0.7070707070702638 0
7776 0.7676767676767382 0.6969696969692494 0
7777 0.76767676767673 0.6868686868682354 0
7778 0.7676767676767213 0.6767676767672208 0
7779 0.7676767676767129 0.6666666666662067 0
7780 0.7676767676767045 0.6565656565651925 0
7781 0.767676767676696 0.6464646464641781 0
7782 0.7676767676766876 0.636363636363164 0
7783 0.7676767676766791 0.6262626262621496 0
7784 0.7676767676766707 0.6161616161611354 0
7785 0.7676767676766625 0.606060606060121 0
7786 0.7676767676766536 0.5959595959591066 0
7787 0.7676767676766454 0.5858585858580925 0
7788 0.767676767676637 0.5757575757570783 0
7789 0.7676767676766283 0.5656565656560639 0
7790 0.7676767676766201 0.5555555555550495 0
7791 0.7676767676766114 0.5454545454540354 0
7792 0.767676767676603 0.5353535353530212 0
7793 0.7676767676765945 0.5252525252520066 0
7794 0.7676767676765863 0.5151515151509927 0
7795 0.7676767676765777 0.5050505050499794 0
7796 0.7676767676765692 0.4949494949489738 0
7797 0.7676767676765608 0.4848484848479753 0
7798 0.7676767676765524 0.4747474747469781 0
7799 0.7676767676765439 0.4646464646459808 0
7800 0.7676767676765355 0.4545454545449836 0
7801 0.767676767676527 0.4444444444439863 0
7802 0.7676767676765184 0.4343434343429892 0
7803 0.7676767676765099 0.4242424242419919 0
7804 0.7676767676765015 0.4141414141409946 0
7805 0.7676767676764931 0.4040404040399973 0
7806 0.7676767676764846 0.3939393939390001 0
7807 0.7676767676764764 0.383838383838003 0
7808 0.767676767676468 0.3737373737370057 0
7809 0.7676767676764595 0.3636363636360085 0
7810 0.7676767676764511 0.3535353535350112 0
7811 0.7676767676764424 0.343434343434014 0
7812 0.7676767676764342 0.3333333333330168 0
7813 0.7676767676764258 0.3232323232320196 0
7814 0.7676767676764173 0.3131313131310223 0
7815 0.7676767676764085 0.303030303030025 0
7816 0.7676767676764 0.2929292929290278 0
7817 0.7676767676763916 0.2828282828280305 0
7818 0.7676767676763832 0.2727272727270333 0
7819 0.7676767676763747 0.2626262626260362 0
7820 0.7676767676763663 0.2525252525250389 0
7821 0.7676767676763578 0.2424242424240416 0
7822 0.7676767676763494 0.2323232323230444 0
7823 0.767676767676341 0.2222222222220472 0
7824 0.7676767676763325 0.21212121212105 0
7825 0.7676767676763241 0.2020202020200527 0
7826 0.7676767676763157 0.1919191919190555 0
7827 0.7676767676763072 0.1818181818180583 0
7828 0.7676767676762988 0.171717171717061 0
7829 0.7676767676762903 0.1616161616160638 0
7830 0.7676767676762819 0.1515151515150666 0
7831 0.7676767676762735 0.1414141414140693 0
7832 0.767676767676265 0.1313131313130717 0
7833 0.7676767676762566 0.1212121212120698 0
7834 0.7676767676762479 0.1111111111110628 0
7835 0.7676767676762395 0.1010101010100548 0
7836 0.7676767676762311 0.09090909090904684 0
7837 0.7676767676762226 0.08080808080803886 0
7838 0.7676767676762142 0.07070707070703086 0
7839 0.7676767676762057 0.06060606060602466 0
7840 0.7676767676761973 0.05050505050502126 0
7841 0.7676767676761886 0.04040404040401865 0
7842 0.7676767676761804 0.03030303030301532 0
7843 0.7676767676761718 0.0202020202020105 0
7844 0.7676767676761636 0.0101010101010052 0
7845 0.7777777777779245 0.9898989898989599 0
7846 0.7777777777779169 0.9797979797979197 0
7847 0.7777777777779096 0.9696969696968795 0
7848 0.777777777777902 0.9595959595958394 0
7849 0.7777777777778945 0.9494949494947993 0
7850 0.7777777777778871 0.9393939393937591 0
7851 0.7777777777778795 0.9292929292927188 0
7852 0.7777777777778723 0.9191919191916788 0
7853 0.7777777777778645 0.9090909090906386 0
7854 0.7777777777778572 0.8989898989895985 0
7855 0.7777777777778496 0.8888888888885582 0
7856 0.7777777777778422 0.8787878787875205 0
7857 0.7777777777778347 0.8686868686864943 0
7858 0.7777777777778272 0.8585858585854781 0
7859 0.7777777777778199 0.8484848484844629 0
7860 0.7777777777778123 0.8383838383834477 0
7861 0.7777777777778048 0.8282828282824326 0
7862 0.7777777777777974 0.818181818181417 0
7863 0.7777777777777899 0.8080808080804018 0
7864 0.7777777777777823 0.7979797979793866 0
7865 0.7777777777777748 0.7878787878783715 0
7866 0.7777777777777675 0.777777777777356 0
7867 0.7777777777777599 0.7676767676763409 0
7868 0.7777777777777526 0.7575757575753258 0
7869 0.7777777777777449 0.7474747474743106 0
7870 0.7777777777777377 0.7373737373732951 0
7871 0.7777777777777302 0.7272727272722801 0
7872 0.7777777777777226 0.7171717171712646 0
7873 0.7777777777777153 0.7070707070702493 0
7874 0.7777777777777077 0.6969696969692343 0
7875 0.7777777777777002 0.686868686868219 0
7876 0.7777777777776926 0.6767676767672037 0
7877 0.7777777777776851 0.6666666666661885 0
7878 0.7777777777776778 0.6565656565651732 0
7879 0.7777777777776702 0.6464646464641579 0
7880 0.7777777777776629 0.6363636363631426 0
7881 0.7777777777776553 0.6262626262621276 0
7882 0.7777777777776478 0.6161616161611123 0
7883 0.7777777777776405 0.6060606060600968 0
7884 0.7777777777776329 0.5959595959590818 0
7885 0.7777777777776254 0.5858585858580665 0
7886 0.7777777777776178 0.5757575757570512 0
7887 0.7777777777776105 0.5656565656560359 0
7888 0.7777777777776029 0.5555555555550207 0
7889 0.7777777777775954 0.5454545454540054 0
7890 0.7777777777775881 0.5353535353529901 0
7891 0.7777777777775805 0.5252525252519749 0
7892 0.7777777777775732 0.5151515151509598 0
7893 0.7777777777775656 0.5050505050499456 0
7894 0.7777777777775583 0.4949494949489398 0
7895 0.7777777777775507 0.484848484847942 0
7896 0.777777777777543 0.4747474747469455 0
7897 0.7777777777775357 0.4646464646459491 0
7898 0.7777777777775281 0.4545454545449525 0
7899 0.7777777777775208 0.444444444443956 0
7900 0.7777777777775134 0.4343434343429595 0
7901 0.7777777777775057 0.424242424241963 0
7902 0.7777777777774981 0.4141414141409664 0
7903 0.7777777777774908 0.4040404040399699 0
7904 0.7777777777774835 0.3939393939389734 0
7905 0.7777777777774759 0.3838383838379769 0
7906 0.7777777777774684 0.3737373737369803 0
7907 0.7777777777774608 0.3636363636359838 0
7908 0.7777777777774535 0.3535353535349873 0
7909 0.7777777777774462 0.3434343434339908 0
7910 0.7777777777774384 0.3333333333329944 0
7911 0.7777777777774311 0.3232323232319978 0
7912 0.7777777777774235 0.3131313131310013 0
7913 0.777777777777416 0.3030303030300048 0
7914 0.7777777777774086 0.2929292929290083 0
7915 0.7777777777774009 0.2828282828280118 0
7916 0.7777777777773938 0.2727272727270152 0
7917 0.7777777777773862 0.2626262626260187 0
7918 0.7777777777773787 0.2525252525250222 0
7919 0.7777777777773711 0.2424242424240257 0
7920 0.7777777777773636 0.2323232323230292 0
7921 0.777777777777356 0.2222222222220328 0
7922 0.7777777777773489 0.2121212121210362 0
7923 0.7777777777773414 0.2020202020200397 0
7924 0.7777777777773338 0.1919191919190432 0
7925 0.7777777777773263 0.1818181818180467 0
7926 0.7777777777773187 0.1717171717170501 0
7927 0.7777777777773114 0.1616161616160536 0
7928 0.7777777777773038 0.1515151515150571 0
7929 0.7777777777772965 0.1414141414140606 0
7930 0.777777777777289 0.1313131313130637 0
7931 0.7777777777772814 0.1212121212120624 0
7932 0.7777777777772739 0.1111111111110561 0
7933 0.7777777777772665 0.1010101010100487 0
7934 0.777777777777259 0.09090909090904126 0
7935 0.7777777777772517 0.08080808080803389 0
7936 0.7777777777772441 0.07070707070702648 0
7937 0.7777777777772366 0.06060606060602086 0
7938 0.777777777777229 0.05050505050501811 0
7939 0.7777777777772217 0.04040404040401616 0
7940 0.7777777777772141 0.03030303030301346 0
7941 0.7777777777772066 0.02020202020200926 0
7942 0.7777777777771993 0.01010101010100458 0
7943 0.7878787878788653 0.9898989898989601 0
7944 0.7878787878788589 0.9797979797979199 0
7945 0.7878787878788525 0.96969696969688 0
7946 0.7878787878788458 0.95959595959584 0
7947 0.7878787878788396 0.9494949494948 0
7948 0.7878787878788331 0.93939393939376 0
7949 0.7878787878788265 0.92929292929272 0
7950 0.78787878787882 0.9191919191916801 0
7951 0.7878787878788136 0.9090909090906399 0
7952 0.7878787878788072 0.8989898989896 0
7953 0.7878787878788005 0.88888888888856 0
7954 0.7878787878787941 0.8787878787875223 0
7955 0.7878787878787876 0.8686868686864956 0
7956 0.7878787878787812 0.8585858585854784 0
7957 0.7878787878787745 0.8484848484844623 0
7958 0.7878787878787681 0.8383838383834461 0
7959 0.7878787878787614 0.8282828282824298 0
7960 0.787878787878755 0.8181818181814134 0
7961 0.7878787878787484 0.8080808080803974 0
7962 0.7878787878787419 0.7979797979793813 0
7963 0.7878787878787357 0.7878787878783651 0
7964 0.787878787878729 0.7777777777773487 0
7965 0.7878787878787226 0.7676767676763324 0
7966 0.7878787878787161 0.7575757575753164 0
7967 0.7878787878787095 0.7474747474743 0
7968 0.787878787878703 0.7373737373732838 0
7969 0.7878787878786966 0.7272727272722677 0
7970 0.78787878787869 0.7171717171712513 0
7971 0.7878787878786836 0.7070707070702351 0
7972 0.7878787878786769 0.696969696969219 0
7973 0.7878787878786705 0.6868686868682028 0
7974 0.7878787878786642 0.6767676767671864 0
7975 0.7878787878786575 0.6666666666661702 0
7976 0.787878787878651 0.6565656565651541 0
7977 0.7878787878786446 0.6464646464641377 0
7978 0.787878787878638 0.6363636363631215 0
7979 0.7878787878786315 0.6262626262621054 0
7980 0.7878787878786249 0.6161616161610892 0
7981 0.7878787878786184 0.6060606060600728 0
7982 0.787878787878612 0.5959595959590567 0
7983 0.7878787878786055 0.5858585858580403 0
7984 0.7878787878785989 0.5757575757570244 0
7985 0.7878787878785927 0.565656565656008 0
7986 0.787878787878586 0.5555555555549918 0
7987 0.7878787878785796 0.5454545454539754 0
7988 0.7878787878785729 0.5353535353529593 0
7989 0.7878787878785665 0.5252525252519431 0
7990 0.7878787878785602 0.5151515151509267 0
7991 0.7878787878785536 0.5050505050499121 0
7992 0.7878787878785469 0.4949494949489059 0
7993 0.7878787878785405 0.4848484848479088 0
7994 0.787878787878534 0.4747474747469129 0
7995 0.7878787878785274 0.4646464646459171 0
7996 0.7878787878785212 0.4545454545449213 0
7997 0.7878787878785145 0.4444444444439256 0
7998 0.7878787878785078 0.4343434343429299 0
7999 0.7878787878785016 0.424242424241934 0
8000 0.787878787878495 0.4141414141409382 0
8001 0.7878787878784885 0.4040404040399425 0
8002 0.7878787878784821 0.3939393939389467 0
8003 0.7878787878784754 0.3838383838379509 0
8004 0.7878787878784692 0.373737373736955 0
8005 0.7878787878784625 0.3636363636359593 0
8006 0.7878787878784559 0.3535353535349635 0
8007 0.7878787878784497 0.3434343434339677 0
8008 0.787878787878443 0.333333333332972 0
8009 0.7878787878784366 0.3232323232319761 0
8010 0.7878787878784301 0.3131313131309803 0
8011 0.7878787878784235 0.3030303030299846 0
8012 0.787878787878417 0.2929292929289887 0
8013 0.7878787878784106 0.282828282827993 0
8014 0.7878787878784039 0.2727272727269971 0
8015 0.7878787878783975 0.2626262626260013 0
8016 0.7878787878783911 0.2525252525250056 0
8017 0.7878787878783844 0.2424242424240098 0
8018 0.7878787878783782 0.232323232323014 0
8019 0.7878787878783715 0.2222222222220183 0
8020 0.7878787878783649 0.2121212121210224 0
8021 0.7878787878783586 0.2020202020200267 0
8022 0.787878787878352 0.1919191919190309 0
8023 0.7878787878783455 0.1818181818180351 0
8024 0.7878787878783391 0.1717171717170393 0
8025 0.7878787878783324 0.1616161616160435 0
8026 0.787878787878326 0.1515151515150477 0
8027 0.7878787878783196 0.141414141414052 0
8028 0.7878787878783129 0.1313131313130557 0
8029 0.7878787878783067 0.1212121212120551 0
8030 0.7878787878783 0.1111111111110494 0
8031 0.7878787878782934 0.1010101010100425 0
8032 0.7878787878782871 0.09090909090903571 0
8033 0.7878787878782805 0.0808080808080289 0
8034 0.787878787878274 0.07070707070702209 0
8035 0.7878787878782676 0.06060606060601709 0
8036 0.7878787878782609 0.05050505050501496 0
8037 0.7878787878782545 0.04040404040401366 0
8038 0.7878787878782481 0.0303030303030116 0
8039 0.7878787878782416 0.02020202020200803 0
8040 0.7878787878782352 0.01010101010100396 0
8041 0.7979797979798064 0.9898989898989603 0
8042 0.7979797979798011 0.9797979797979204 0
8043 0.7979797979797953 0.9696969696968804 0
8044 0.7979797979797898 0.9595959595958404 0
8045 0.7979797979797845 0.9494949494948008 0
8046 0.7979797979797789 0.9393939393937609 0
8047 0.7979797979797734 0.9292929292927211 0
8048 0.7979797979797678 0.9191919191916812 0
8049 0.7979797979797623 0.9090909090906413 0
8050 0.7979797979797567 0.8989898989896014 0
8051 0.7979797979797512 0.8888888888885618 0
8052 0.7979797979797458 0.8787878787875241 0
8053 0.7979797979797402 0.8686868686864968 0
8054 0.7979797979797348 0.8585858585854786 0
8055 0.7979797979797292 0.8484848484844616 0
8056 0.7979797979797236 0.8383838383834443 0
8057 0.7979797979797181 0.8282828282824272 0
8058 0.7979797979797125 0.8181818181814099 0
8059 0.797979797979707 0.808080808080393 0
8060 0.7979797979797015 0.7979797979793755 0
8061 0.7979797979796961 0.7878787878783586 0
8062 0.7979797979796905 0.7777777777773414 0
8063 0.797979797979685 0.767676767676324 0
8064 0.7979797979796797 0.7575757575753067 0
8065 0.7979797979796738 0.7474747474742898 0
8066 0.7979797979796684 0.7373737373732725 0
8067 0.7979797979796628 0.7272727272722552 0
8068 0.7979797979796575 0.717171717171238 0
8069 0.7979797979796517 0.7070707070702209 0
8070 0.7979797979796461 0.6969696969692036 0
8071 0.7979797979796409 0.6868686868681866 0
8072 0.7979797979796354 0.6767676767671693 0
8073 0.7979797979796299 0.666666666666152 0
8074 0.7979797979796242 0.656565656565135 0
8075 0.7979797979796188 0.6464646464641177 0
8076 0.797979797979613 0.6363636363631004 0
8077 0.7979797979796077 0.6262626262620832 0
8078 0.7979797979796022 0.6161616161610661 0
8079 0.7979797979795966 0.6060606060600489 0
8080 0.7979797979795911 0.5959595959590316 0
8081 0.7979797979795857 0.5858585858580145 0
8082 0.7979797979795802 0.5757575757569973 0
8083 0.7979797979795746 0.56565656565598 0
8084 0.7979797979795691 0.5555555555549629 0
8085 0.7979797979795635 0.5454545454539457 0
8086 0.797979797979558 0.5353535353529284 0
8087 0.7979797979795522 0.5252525252519111 0
8088 0.7979797979795469 0.5151515151508939 0
8089 0.7979797979795411 0.5050505050498781 0
8090 0.797979797979536 0.4949494949488721 0
8091 0.7979797979795304 0.4848484848478755 0
8092 0.7979797979795249 0.4747474747468804 0
8093 0.7979797979795193 0.4646464646458853 0
8094 0.7979797979795136 0.4545454545448903 0
8095 0.7979797979795082 0.4444444444438952 0
8096 0.7979797979795027 0.4343434343429001 0
8097 0.7979797979794971 0.4242424242419051 0
8098 0.7979797979794918 0.41414141414091 0
8099 0.7979797979794863 0.4040404040399149 0
8100 0.7979797979794805 0.3939393939389199 0
8101 0.7979797979794749 0.3838383838379248 0
8102 0.7979797979794696 0.3737373737369297 0
8103 0.7979797979794641 0.3636363636359347 0
8104 0.7979797979794585 0.3535353535349396 0
8105 0.797979797979453 0.3434343434339446 0
8106 0.7979797979794474 0.3333333333329495 0
8107 0.7979797979794421 0.3232323232319545 0
8108 0.7979797979794363 0.3131313131309594 0
8109 0.797979797979431 0.3030303030299644 0
8110 0.7979797979794254 0.2929292929289692 0
8111 0.7979797979794199 0.2828282828279741 0
8112 0.7979797979794145 0.2727272727269791 0
8113 0.7979797979794088 0.262626262625984 0
8114 0.7979797979794034 0.2525252525249889 0
8115 0.7979797979793979 0.2424242424239939 0
8116 0.7979797979793923 0.2323232323229988 0
8117 0.7979797979793868 0.2222222222220038 0
8118 0.7979797979793812 0.2121212121210087 0
8119 0.7979797979793757 0.2020202020200136 0
8120 0.7979797979793701 0.1919191919190186 0
8121 0.7979797979793648 0.1818181818180234 0
8122 0.797979797979359 0.1717171717170284 0
8123 0.7979797979793537 0.1616161616160334 0
8124 0.7979797979793479 0.1515151515150382 0
8125 0.7979797979793426 0.1414141414140432 0
8126 0.797979797979337 0.1313131313130478 0
8127 0.7979797979793315 0.1212121212120478 0
8128 0.7979797979793262 0.1111111111110427 0
8129 0.7979797979793204 0.1010101010100364 0
8130 0.7979797979793151 0.09090909090903015 0
8131 0.7979797979793093 0.08080808080802393 0
8132 0.797979797979304 0.07070707070701768 0
8133 0.7979797979792982 0.06060606060601328 0
8134 0.7979797979792929 0.05050505050501181 0
8135 0.7979797979792873 0.04040404040401116 0
8136 0.7979797979792818 0.03030303030300975 0
8137 0.7979797979792764 0.02020202020200679 0
8138 0.7979797979792707 0.01010101010100335 0
8139 0.8080808080807476 0.9898989898989603 0
8140 0.8080808080807429 0.9797979797979208 0
8141 0.8080808080807385 0.969696969696881 0
8142 0.808080808080734 0.9595959595958413 0
8143 0.8080808080807294 0.9494949494948015 0
8144 0.8080808080807247 0.9393939393937618 0
8145 0.80808080808072 0.9292929292927222 0
8146 0.8080808080807156 0.9191919191916824 0
8147 0.8080808080807111 0.9090909090906428 0
8148 0.8080808080807067 0.8989898989896032 0
8149 0.808080808080702 0.8888888888885633 0
8150 0.8080808080806974 0.8787878787875258 0
8151 0.8080808080806928 0.8686868686864981 0
8152 0.8080808080806885 0.8585858585854792 0
8153 0.8080808080806841 0.8484848484844609 0
8154 0.8080808080806794 0.8383838383834428 0
8155 0.8080808080806747 0.8282828282824247 0
8156 0.8080808080806703 0.8181818181814063 0
8157 0.8080808080806656 0.8080808080803883 0
8158 0.8080808080806612 0.7979797979793702 0
8159 0.8080808080806567 0.787878787878352 0
8160 0.8080808080806521 0.7777777777773338 0
8161 0.8080808080806474 0.7676767676763155 0
8162 0.808080808080643 0.7575757575752974 0
8163 0.8080808080806383 0.7474747474742791 0
8164 0.8080808080806337 0.737373737373261 0
8165 0.8080808080806292 0.7272727272722428 0
8166 0.8080808080806248 0.7171717171712246 0
8167 0.8080808080806202 0.7070707070702067 0
8168 0.8080808080806157 0.6969696969691885 0
8169 0.8080808080806111 0.6868686868681702 0
8170 0.8080808080806066 0.676767676767152 0
8171 0.8080808080806019 0.6666666666661338 0
8172 0.8080808080805975 0.6565656565651157 0
8173 0.808080808080593 0.6464646464640973 0
8174 0.8080808080805884 0.6363636363630791 0
8175 0.8080808080805837 0.626262626262061 0
8176 0.8080808080805792 0.616161616161043 0
8177 0.8080808080805748 0.6060606060600247 0
8178 0.8080808080805701 0.5959595959590065 0
8179 0.8080808080805657 0.5858585858579883 0
8180 0.808080808080561 0.5757575757569702 0
8181 0.8080808080805564 0.565656565655952 0
8182 0.8080808080805519 0.5555555555549336 0
8183 0.8080808080805475 0.5454545454539155 0
8184 0.8080808080805428 0.5353535353528973 0
8185 0.8080808080805384 0.5252525252518792 0
8186 0.8080808080805337 0.515151515150861 0
8187 0.8080808080805291 0.5050505050498446 0
8188 0.8080808080805246 0.4949494949488382 0
8189 0.8080808080805202 0.4848484848478422 0
8190 0.8080808080805157 0.474747474746848 0
8191 0.8080808080805109 0.4646464646458536 0
8192 0.8080808080805064 0.4545454545448592 0
8193 0.808080808080502 0.4444444444438649 0
8194 0.8080808080804975 0.4343434343428706 0
8195 0.8080808080804927 0.4242424242418762 0
8196 0.8080808080804882 0.4141414141408818 0
8197 0.8080808080804838 0.4040404040398874 0
8198 0.8080808080804793 0.3939393939388932 0
8199 0.8080808080804744 0.3838383838378988 0
8200 0.80808080808047 0.3737373737369044 0
8201 0.8080808080804656 0.36363636363591 0
8202 0.8080808080804611 0.3535353535349157 0
8203 0.8080808080804565 0.3434343434339214 0
8204 0.808080808080452 0.333333333332927 0
8205 0.8080808080804474 0.3232323232319327 0
8206 0.8080808080804429 0.3131313131309383 0
8207 0.8080808080804383 0.303030303029944 0
8208 0.8080808080804336 0.2929292929289496 0
8209 0.8080808080804291 0.2828282828279554 0
8210 0.8080808080804247 0.2727272727269611 0
8211 0.8080808080804203 0.2626262626259667 0
8212 0.8080808080804154 0.2525252525249723 0
8213 0.8080808080804109 0.242424242423978 0
8214 0.8080808080804065 0.2323232323229836 0
8215 0.8080808080804021 0.2222222222219893 0
8216 0.8080808080803974 0.2121212121209949 0
8217 0.8080808080803927 0.2020202020200006 0
8218 0.8080808080803883 0.1919191919190063 0
8219 0.8080808080803839 0.1818181818180119 0
8220 0.8080808080803792 0.1717171717170176 0
8221 0.8080808080803747 0.1616161616160232 0
8222 0.8080808080803701 0.1515151515150289 0
8223 0.8080808080803656 0.1414141414140345 0
8224 0.8080808080803612 0.1313131313130398 0
8225 0.8080808080803563 0.1212121212120405 0
8226 0.8080808080803519 0.1111111111110359 0
8227 0.8080808080803474 0.1010101010100303 0
8228 0.8080808080803428 0.0909090909090246 0
8229 0.8080808080803383 0.08080808080801893 0
8230 0.8080808080803337 0.07070707070701326 0
8231 0.8080808080803292 0.06060606060600948 0
8232 0.8080808080803248 0.05050505050500866 0
8233 0.8080808080803201 0.04040404040400866 0
8234 0.8080808080803155 0.03030303030300789 0
8235 0.808080808080311 0.02020202020200555 0
8236 0.8080808080803066 0.01010101010100272 0
8237 0.8181818181816884 0.9898989898989605 0
8238 0.8181818181816849 0.9797979797979208 0
8239 0.8181818181816813 0.9696969696968816 0
8240 0.8181818181816778 0.9595959595958418 0
8241 0.818181818181674 0.9494949494948024 0
8242 0.8181818181816707 0.9393939393937627 0
8243 0.8181818181816671 0.9292929292927231 0
8244 0.8181818181816636 0.9191919191916836 0
8245 0.8181818181816598 0.9090909090906442 0
8246 0.8181818181816565 0.8989898989896046 0
8247 0.8181818181816529 0.8888888888885651 0
8248 0.8181818181816494 0.8787878787875276 0
8249 0.8181818181816456 0.8686868686864997 0
8250 0.818181818181642 0.8585858585854796 0
8251 0.8181818181816385 0.8484848484844605 0
8252 0.8181818181816349 0.8383838383834412 0
8253 0.8181818181816314 0.8282828282824222 0
8254 0.8181818181816278 0.8181818181814028 0
8255 0.8181818181816241 0.8080808080803836 0
8256 0.8181818181816205 0.7979797979793646 0
8257 0.8181818181816172 0.7878787878783455 0
8258 0.8181818181816134 0.7777777777773263 0
8259 0.8181818181816098 0.7676767676763071 0
8260 0.8181818181816063 0.7575757575752879 0
8261 0.818181818181603 0.7474747474742689 0
8262 0.8181818181815994 0.7373737373732496 0
8263 0.8181818181815956 0.7272727272722304 0
8264 0.8181818181815921 0.7171717171712113 0
8265 0.8181818181815885 0.707070707070192 0
8266 0.8181818181815849 0.696969696969173 0
8267 0.8181818181815814 0.6868686868681537 0
8268 0.8181818181815776 0.6767676767671347 0
8269 0.8181818181815741 0.6666666666661156 0
8270 0.8181818181815708 0.6565656565650964 0
8271 0.8181818181815671 0.6464646464640773 0
8272 0.8181818181815634 0.6363636363630583 0
8273 0.81818181818156 0.6262626262620388 0
8274 0.8181818181815563 0.6161616161610197 0
8275 0.818181818181553 0.6060606060600005 0
8276 0.8181818181815492 0.5959595959589814 0
8277 0.8181818181815455 0.5858585858579621 0
8278 0.8181818181815421 0.5757575757569431 0
8279 0.8181818181815383 0.565656565655924 0
8280 0.818181818181535 0.5555555555549048 0
8281 0.8181818181815312 0.5454545454538857 0
8282 0.8181818181815277 0.5353535353528664 0
8283 0.8181818181815241 0.5252525252518472 0
8284 0.8181818181815208 0.5151515151508281 0
8285 0.818181818181517 0.5050505050498109 0
8286 0.8181818181815137 0.4949494949488044 0
8287 0.8181818181815099 0.484848484847809 0
8288 0.8181818181815064 0.4747474747468153 0
8289 0.8181818181815028 0.4646464646458217 0
8290 0.8181818181814993 0.4545454545448281 0
8291 0.8181818181814957 0.4444444444438346 0
8292 0.8181818181814922 0.4343434343428408 0
8293 0.8181818181814886 0.4242424242418473 0
8294 0.8181818181814851 0.4141414141408536 0
8295 0.8181818181814813 0.40404040403986 0
8296 0.8181818181814779 0.3939393939388663 0
8297 0.8181818181814744 0.3838383838378728 0
8298 0.8181818181814708 0.3737373737368791 0
8299 0.8181818181814671 0.3636363636358855 0
8300 0.8181818181814635 0.3535353535348918 0
8301 0.81818181818146 0.3434343434338982 0
8302 0.8181818181814564 0.3333333333329047 0
8303 0.8181818181814526 0.323232323231911 0
8304 0.8181818181814495 0.3131313131309175 0
8305 0.8181818181814458 0.3030303030299237 0
8306 0.818181818181442 0.2929292929289301 0
8307 0.8181818181814384 0.2828282828279366 0
8308 0.8181818181814351 0.2727272727269429 0
8309 0.8181818181814313 0.2626262626259493 0
8310 0.8181818181814278 0.2525252525249556 0
8311 0.8181818181814242 0.2424242424239621 0
8312 0.8181818181814207 0.2323232323229684 0
8313 0.8181818181814171 0.2222222222219749 0
8314 0.8181818181814136 0.2121212121209812 0
8315 0.81818181818141 0.2020202020199875 0
8316 0.8181818181814065 0.191919191918994 0
8317 0.8181818181814029 0.1818181818180003 0
8318 0.8181818181813993 0.1717171717170067 0
8319 0.8181818181813958 0.1616161616160131 0
8320 0.8181818181813922 0.1515151515150195 0
8321 0.8181818181813887 0.1414141414140259 0
8322 0.8181818181813851 0.1313131313130318 0
8323 0.8181818181813814 0.1212121212120332 0
8324 0.8181818181813778 0.1111111111110292 0
8325 0.8181818181813745 0.1010101010100241 0
8326 0.8181818181813707 0.09090909090901902 0
8327 0.8181818181813671 0.08080808080801399 0
8328 0.8181818181813638 0.07070707070700888 0
8329 0.81818181818136 0.06060606060600571 0
8330 0.8181818181813565 0.05050505050500551 0
8331 0.8181818181813527 0.04040404040400616 0
8332 0.8181818181813494 0.03030303030300603 0
8333 0.8181818181813456 0.02020202020200432 0
8334 0.8181818181813421 0.0101010101010021 0
8335 0.8282828282826293 0.9898989898989607 0
8336 0.8282828282826269 0.9797979797979213 0
8337 0.8282828282826242 0.9696969696968819 0
8338 0.8282828282826216 0.9595959595958427 0
8339 0.8282828282826191 0.9494949494948031 0
8340 0.8282828282826167 0.9393939393937636 0
8341 0.8282828282826138 0.9292929292927246 0
8342 0.8282828282826111 0.919191919191685 0
8343 0.8282828282826087 0.9090909090906457 0
8344 0.828282828282606 0.8989898989896062 0
8345 0.8282828282826034 0.8888888888885667 0
8346 0.8282828282826009 0.8787878787875294 0
8347 0.8282828282825985 0.8686868686865009 0
8348 0.8282828282825958 0.8585858585854799 0
8349 0.8282828282825929 0.8484848484844596 0
8350 0.8282828282825905 0.8383838383834397 0
8351 0.828282828282588 0.8282828282824197 0
8352 0.8282828282825854 0.8181818181813992 0
8353 0.8282828282825827 0.8080808080803792 0
8354 0.8282828282825803 0.7979797979793591 0
8355 0.8282828282825776 0.7878787878783391 0
8356 0.8282828282825749 0.7777777777773187 0
8357 0.8282828282825725 0.7676767676762987 0
8358 0.8282828282825698 0.7575757575752785 0
8359 0.8282828282825672 0.7474747474742585 0
8360 0.8282828282825645 0.7373737373732383 0
8361 0.8282828282825621 0.7272727272722181 0
8362 0.8282828282825594 0.717171717171198 0
8363 0.8282828282825569 0.7070707070701778 0
8364 0.8282828282825541 0.6969696969691579 0
8365 0.8282828282825518 0.6868686868681377 0
8366 0.8282828282825492 0.6767676767671174 0
8367 0.8282828282825463 0.6666666666660974 0
8368 0.8282828282825441 0.6565656565650773 0
8369 0.8282828282825414 0.6464646464640569 0
8370 0.8282828282825387 0.6363636363630369 0
8371 0.8282828282825361 0.6262626262620166 0
8372 0.8282828282825336 0.6161616161609966 0
8373 0.828282828282531 0.6060606060599765 0
8374 0.8282828282825283 0.5959595959589565 0
8375 0.8282828282825259 0.5858585858579364 0
8376 0.8282828282825232 0.5757575757569162 0
8377 0.8282828282825205 0.5656565656558961 0
8378 0.8282828282825181 0.5555555555548759 0
8379 0.8282828282825154 0.5454545454538557 0
8380 0.8282828282825128 0.5353535353528356 0
8381 0.8282828282825103 0.5252525252518154 0
8382 0.8282828282825077 0.5151515151507953 0
8383 0.828282828282505 0.5050505050497771 0
8384 0.8282828282825023 0.4949494949487705 0
8385 0.8282828282824997 0.4848484848477758 0
8386 0.8282828282824972 0.4747474747467828 0
8387 0.8282828282824948 0.4646464646457898 0
8388 0.8282828282824921 0.454545454544797 0
8389 0.8282828282824894 0.4444444444438042 0
8390 0.828282828282487 0.4343434343428113 0
8391 0.8282828282824841 0.4242424242418183 0
8392 0.8282828282824817 0.4141414141408254 0
8393 0.828282828282479 0.4040404040398325 0
8394 0.8282828282824766 0.3939393939388397 0
8395 0.8282828282824739 0.3838383838378466 0
8396 0.8282828282824712 0.3737373737368538 0
8397 0.8282828282824686 0.3636363636358609 0
8398 0.8282828282824659 0.353535353534868 0
8399 0.8282828282824637 0.3434343434338751 0
8400 0.8282828282824608 0.3333333333328823 0
8401 0.8282828282824584 0.3232323232318894 0
8402 0.8282828282824557 0.3131313131308964 0
8403 0.828282828282453 0.3030303030299035 0
8404 0.8282828282824504 0.2929292929289106 0
8405 0.8282828282824479 0.2828282828279177 0
8406 0.8282828282824455 0.2727272727269249 0
8407 0.8282828282824428 0.2626262626259319 0
8408 0.8282828282824402 0.252525252524939 0
8409 0.8282828282824375 0.2424242424239461 0
8410 0.828282828282435 0.2323232323229533 0
8411 0.8282828282824324 0.2222222222219604 0
8412 0.8282828282824299 0.2121212121209675 0
8413 0.8282828282824273 0.2020202020199745 0
8414 0.8282828282824246 0.1919191919189817 0
8415 0.8282828282824219 0.1818181818179887 0
8416 0.8282828282824195 0.1717171717169959 0
8417 0.8282828282824171 0.161616161616003 0
8418 0.8282828282824144 0.15151515151501 0
8419 0.8282828282824117 0.1414141414140171 0
8420 0.8282828282824091 0.1313131313130238 0
8421 0.8282828282824064 0.1212121212120258 0
8422 0.828282828282404 0.1111111111110225 0
8423 0.8282828282824013 0.101010101010018 0
8424 0.8282828282823989 0.09090909090901345 0
8425 0.8282828282823962 0.080808080808009 0
8426 0.8282828282823935 0.07070707070700449 0
8427 0.8282828282823909 0.0606060606060019 0
8428 0.8282828282823884 0.05050505050500234 0
8429 0.828282828282386 0.04040404040400367 0
8430 0.8282828282823833 0.03030303030300418 0
8431 0.8282828282823806 0.02020202020200309 0
8432 0.828282828282378 0.01010101010100149 0
8433 0.8383838383835702 0.9898989898989607 0
8434 0.8383838383835689 0.9797979797979217 0
8435 0.8383838383835671 0.9696969696968826 0
8436 0.8383838383835656 0.9595959595958431 0
8437 0.838383838383564 0.949494949494804 0
8438 0.8383838383835622 0.9393939393937645 0
8439 0.8383838383835607 0.9292929292927253 0
8440 0.8383838383835591 0.9191919191916863 0
8441 0.8383838383835573 0.909090909090647 0
8442 0.8383838383835558 0.8989898989896076 0
8443 0.8383838383835542 0.8888888888885684 0
8444 0.8383838383835525 0.8787878787875312 0
8445 0.8383838383835509 0.868686868686502 0
8446 0.8383838383835496 0.8585858585854801 0
8447 0.8383838383835478 0.8484848484844592 0
8448 0.8383838383835461 0.8383838383834379 0
8449 0.8383838383835447 0.8282828282824169 0
8450 0.8383838383835429 0.8181818181813957 0
8451 0.8383838383835414 0.8080808080803747 0
8452 0.8383838383835398 0.7979797979793534 0
8453 0.838383838383538 0.7878787878783324 0
8454 0.8383838383835365 0.7777777777773114 0
8455 0.8383838383835349 0.7676767676762903 0
8456 0.8383838383835331 0.757575757575269 0
8457 0.8383838383835316 0.747474747474248 0
8458 0.8383838383835301 0.7373737373732268 0
8459 0.8383838383835285 0.7272727272722057 0
8460 0.8383838383835268 0.7171717171711847 0
8461 0.8383838383835254 0.7070707070701636 0
8462 0.8383838383835236 0.6969696969691423 0
8463 0.838383838383522 0.6868686868681213 0
8464 0.8383838383835205 0.6767676767671003 0
8465 0.8383838383835187 0.6666666666660792 0
8466 0.8383838383835172 0.6565656565650582 0
8467 0.8383838383835156 0.6464646464640369 0
8468 0.8383838383835138 0.6363636363630158 0
8469 0.838383838383512 0.6262626262619948 0
8470 0.8383838383835107 0.6161616161609735 0
8471 0.8383838383835089 0.6060606060599525 0
8472 0.8383838383835072 0.5959595959589312 0
8473 0.8383838383835058 0.5858585858579102 0
8474 0.8383838383835041 0.5757575757568891 0
8475 0.8383838383835023 0.5656565656558681 0
8476 0.8383838383835009 0.555555555554847 0
8477 0.8383838383834994 0.5454545454538258 0
8478 0.8383838383834978 0.5353535353528047 0
8479 0.8383838383834961 0.5252525252517835 0
8480 0.8383838383834945 0.5151515151507624 0
8481 0.838383838383493 0.5050505050497434 0
8482 0.8383838383834914 0.4949494949487366 0
8483 0.8383838383834898 0.4848484848477425 0
8484 0.8383838383834881 0.4747474747467503 0
8485 0.8383838383834865 0.4646464646457581 0
8486 0.8383838383834847 0.4545454545447659 0
8487 0.8383838383834832 0.4444444444437737 0
8488 0.8383838383834814 0.4343434343427816 0
8489 0.8383838383834801 0.4242424242417894 0
8490 0.8383838383834783 0.4141414141407972 0
8491 0.8383838383834767 0.404040404039805 0
8492 0.838383838383475 0.3939393939388128 0
8493 0.8383838383834734 0.3838383838378207 0
8494 0.8383838383834721 0.3737373737368285 0
8495 0.8383838383834703 0.3636363636358363 0
8496 0.8383838383834685 0.3535353535348441 0
8497 0.8383838383834672 0.343434343433852 0
8498 0.8383838383834654 0.3333333333328599 0
8499 0.8383838383834636 0.3232323232318677 0
8500 0.8383838383834623 0.3131313131308755 0
8501 0.8383838383834605 0.3030303030298833 0
8502 0.8383838383834588 0.292929292928891 0
8503 0.8383838383834574 0.282828282827899 0
8504 0.8383838383834559 0.2727272727269067 0
8505 0.8383838383834541 0.2626262626259145 0
8506 0.8383838383834525 0.2525252525249223 0
8507 0.838383838383451 0.2424242424239302 0
8508 0.8383838383834494 0.2323232323229381 0
8509 0.8383838383834477 0.2222222222219459 0
8510 0.8383838383834463 0.2121212121209537 0
8511 0.8383838383834445 0.2020202020199615 0
8512 0.8383838383834428 0.1919191919189693 0
8513 0.8383838383834412 0.1818181818179772 0
8514 0.8383838383834397 0.171717171716985 0
8515 0.8383838383834379 0.1616161616159928 0
8516 0.8383838383834363 0.1515151515150006 0
8517 0.8383838383834348 0.1414141414140084 0
8518 0.838383838383433 0.1313131313130158 0
8519 0.8383838383834317 0.1212121212120185 0
8520 0.8383838383834299 0.1111111111110158 0
8521 0.8383838383834283 0.1010101010100118 0
8522 0.8383838383834268 0.09090909090900789 0
8523 0.838383838383425 0.080808080808004 0
8524 0.8383838383834235 0.07070707070700011 0
8525 0.8383838383834219 0.06060606060599812 0
8526 0.8383838383834201 0.05050505050499919 0
8527 0.8383838383834186 0.04040404040400117 0
8528 0.838383838383417 0.03030303030300233 0
8529 0.8383838383834152 0.02020202020200185 0
8530 0.8383838383834139 0.01010101010100087 0
8531 0.8484848484845116 0.9898989898989612 0
8532 0.8484848484845107 0.9797979797979219 0
8533 0.8484848484845102 0.969696969696883 0
8534 0.8484848484845096 0.9595959595958438 0
8535 0.8484848484845087 0.9494949494948048 0
8536 0.8484848484845082 0.9393939393937656 0
8537 0.8484848484845074 0.9292929292927266 0
8538 0.8484848484845069 0.9191919191916873 0
8539 0.8484848484845064 0.9090909090906484 0
8540 0.8484848484845056 0.8989898989896093 0
8541 0.8484848484845049 0.8888888888885702 0
8542 0.8484848484845045 0.8787878787875327 0
8543 0.8484848484845036 0.8686868686865031 0
8544 0.8484848484845031 0.8585858585854805 0
8545 0.8484848484845025 0.8484848484844585 0
8546 0.8484848484845018 0.8383838383834363 0
8547 0.8484848484845013 0.8282828282824143 0
8548 0.8484848484845005 0.8181818181813921 0
8549 0.8484848484845 0.8080808080803701 0
8550 0.8484848484844993 0.797979797979348 0
8551 0.8484848484844987 0.787878787878326 0
8552 0.8484848484844982 0.7777777777773041 0
8553 0.8484848484844973 0.7676767676762818 0
8554 0.8484848484844967 0.7575757575752596 0
8555 0.8484848484844961 0.7474747474742378 0
8556 0.8484848484844952 0.7373737373732157 0
8557 0.8484848484844947 0.7272727272721935 0
8558 0.8484848484844942 0.7171717171711713 0
8559 0.8484848484844933 0.7070707070701492 0
8560 0.848484848484493 0.6969696969691273 0
8561 0.8484848484844922 0.6868686868681051 0
8562 0.8484848484844916 0.6767676767670829 0
8563 0.8484848484844911 0.666666666666061 0
8564 0.8484848484844905 0.6565656565650388 0
8565 0.8484848484844898 0.6464646464640167 0
8566 0.8484848484844889 0.6363636363629948 0
8567 0.8484848484844882 0.6262626262619726 0
8568 0.8484848484844878 0.6161616161609504 0
8569 0.8484848484844871 0.6060606060599283 0
8570 0.8484848484844865 0.5959595959589064 0
8571 0.8484848484844858 0.5858585858578842 0
8572 0.8484848484844854 0.5757575757568623 0
8573 0.8484848484844845 0.5656565656558401 0
8574 0.848484848484484 0.5555555555548179 0
8575 0.8484848484844834 0.5454545454537958 0
8576 0.8484848484844827 0.5353535353527739 0
8577 0.848484848484482 0.5252525252517517 0
8578 0.8484848484844816 0.5151515151507295 0
8579 0.8484848484844807 0.5050505050497096 0
8580 0.84848484848448 0.4949494949487028 0
8581 0.8484848484844796 0.4848484848477093 0
8582 0.8484848484844787 0.4747474747467177 0
8583 0.8484848484844782 0.4646464646457263 0
8584 0.8484848484844776 0.4545454545447348 0
8585 0.8484848484844769 0.4444444444437434 0
8586 0.8484848484844763 0.434343434342752 0
8587 0.8484848484844756 0.4242424242417605 0
8588 0.8484848484844751 0.414141414140769 0
8589 0.8484848484844745 0.4040404040397775 0
8590 0.8484848484844738 0.3939393939387862 0
8591 0.8484848484844731 0.3838383838377947 0
8592 0.8484848484844725 0.3737373737368032 0
8593 0.848484848484472 0.3636363636358116 0
8594 0.8484848484844711 0.3535353535348202 0
8595 0.8484848484844707 0.3434343434338289 0
8596 0.8484848484844703 0.3333333333328374 0
8597 0.8484848484844691 0.3232323232318459 0
8598 0.8484848484844687 0.3131313131308544 0
8599 0.848484848484468 0.303030303029863 0
8600 0.8484848484844676 0.2929292929288715 0
8601 0.8484848484844667 0.2828282828278801 0
8602 0.8484848484844663 0.2727272727268887 0
8603 0.8484848484844654 0.2626262626258972 0
8604 0.8484848484844649 0.2525252525249057 0
8605 0.8484848484844643 0.2424242424239143 0
8606 0.8484848484844636 0.2323232323229228 0
8607 0.8484848484844631 0.2222222222219314 0
8608 0.8484848484844623 0.2121212121209399 0
8609 0.8484848484844618 0.2020202020199485 0
8610 0.8484848484844609 0.191919191918957 0
8611 0.8484848484844603 0.1818181818179656 0
8612 0.8484848484844596 0.1717171717169741 0
8613 0.8484848484844592 0.1616161616159827 0
8614 0.8484848484844585 0.1515151515149912 0
8615 0.8484848484844578 0.1414141414139998 0
8616 0.8484848484844572 0.1313131313130079 0
8617 0.8484848484844565 0.1212121212120112 0
8618 0.848484848484456 0.1111111111110091 0
8619 0.8484848484844552 0.1010101010100057 0
8620 0.8484848484844547 0.09090909090900234 0
8621 0.848484848484454 0.08080808080799903 0
8622 0.8484848484844534 0.07070707070699569 0
8623 0.8484848484844529 0.06060606060599431 0
8624 0.848484848484452 0.05050505050499604 0
8625 0.8484848484844516 0.04040404040399867 0
8626 0.8484848484844507 0.03030303030300047 0
8627 0.8484848484844503 0.02020202020200062 0
8628 0.8484848484844496 0.01010101010100025 0
8629 0.8585858585854524 0.9898989898989612 0
8630 0.8585858585854527 0.9797979797979222 0
8631 0.8585858585854529 0.9696969696968835 0
8632 0.8585858585854533 0.9595959595958443 0
8633 0.8585858585854538 0.9494949494948055 0
8634 0.8585858585854542 0.9393939393937665 0
8635 0.8585858585854542 0.9292929292927276 0
8636 0.8585858585854547 0.9191919191916885 0
8637 0.8585858585854549 0.9090909090906497 0
8638 0.8585858585854556 0.8989898989896108 0
8639 0.8585858585854558 0.888888888888572 0
8640 0.858585858585456 0.8787878787875347 0
8641 0.8585858585854564 0.8686868686865045 0
8642 0.8585858585854567 0.858585858585481 0
8643 0.8585858585854571 0.8484848484844578 0
8644 0.8585858585854573 0.8383838383834348 0
8645 0.858585858585458 0.8282828282824116 0
8646 0.8585858585854582 0.8181818181813886 0
8647 0.8585858585854584 0.8080808080803654 0
8648 0.8585858585854589 0.7979797979793425 0
8649 0.8585858585854591 0.7878787878783196 0
8650 0.8585858585854595 0.7777777777772965 0
8651 0.8585858585854598 0.7676767676762734 0
8652 0.8585858585854602 0.7575757575752503 0
8653 0.8585858585854604 0.7474747474742272 0
8654 0.8585858585854609 0.7373737373732041 0
8655 0.8585858585854611 0.7272727272721811 0
8656 0.8585858585854613 0.717171717171158 0
8657 0.858585858585462 0.707070707070135 0
8658 0.858585858585462 0.6969696969691119 0
8659 0.8585858585854627 0.6868686868680889 0
8660 0.8585858585854627 0.6767676767670658 0
8661 0.8585858585854633 0.6666666666660428 0
8662 0.8585858585854634 0.6565656565650198 0
8663 0.858585858585464 0.6464646464639965 0
8664 0.8585858585854642 0.6363636363629734 0
8665 0.8585858585854644 0.6262626262619504 0
8666 0.8585858585854649 0.6161616161609274 0
8667 0.8585858585854652 0.6060606060599043 0
8668 0.8585858585854658 0.5959595959588813 0
8669 0.858585858585466 0.5858585858578582 0
8670 0.8585858585854662 0.5757575757568352 0
8671 0.8585858585854667 0.5656565656558121 0
8672 0.8585858585854671 0.5555555555547889 0
8673 0.8585858585854673 0.5454545454537658 0
8674 0.8585858585854675 0.5353535353527428 0
8675 0.858585858585468 0.5252525252517197 0
8676 0.8585858585854684 0.5151515151506967 0
8677 0.8585858585854684 0.5050505050496759 0
8678 0.8585858585854691 0.4949494949486689 0
8679 0.8585858585854693 0.484848484847676 0
8680 0.8585858585854695 0.4747474747466852 0
8681 0.85858585858547 0.4646464646456944 0
8682 0.8585858585854702 0.4545454545447037 0
8683 0.8585858585854707 0.4444444444437131 0
8684 0.8585858585854711 0.4343434343427223 0
8685 0.8585858585854715 0.4242424242417316 0
8686 0.8585858585854718 0.4141414141407408 0
8687 0.8585858585854722 0.4040404040397501 0
8688 0.8585858585854724 0.3939393939387593 0
8689 0.8585858585854726 0.3838383838377687 0
8690 0.8585858585854731 0.3737373737367778 0
8691 0.8585858585854733 0.3636363636357871 0
8692 0.8585858585854738 0.3535353535347964 0
8693 0.8585858585854742 0.3434343434338057 0
8694 0.8585858585854744 0.333333333332815 0
8695 0.8585858585854749 0.3232323232318242 0
8696 0.8585858585854751 0.3131313131308335 0
8697 0.8585858585854753 0.3030303030298427 0
8698 0.858585858585476 0.2929292929288521 0
8699 0.858585858585476 0.2828282828278613 0
8700 0.8585858585854764 0.2727272727268705 0
8701 0.8585858585854769 0.2626262626258798 0
8702 0.8585858585854771 0.252525252524889 0
8703 0.8585858585854773 0.2424242424238984 0
8704 0.8585858585854778 0.2323232323229076 0
8705 0.8585858585854782 0.222222222221917 0
8706 0.8585858585854784 0.2121212121209262 0
8707 0.8585858585854786 0.2020202020199354 0
8708 0.8585858585854791 0.1919191919189447 0
8709 0.8585858585854795 0.1818181818179539 0
8710 0.85858585858548 0.1717171717169633 0
8711 0.8585858585854802 0.1616161616159725 0
8712 0.8585858585854804 0.1515151515149818 0
8713 0.8585858585854809 0.1414141414139911 0
8714 0.8585858585854813 0.1313131313129999 0
8715 0.8585858585854815 0.1212121212120039 0
8716 0.8585858585854818 0.1111111111110024 0
8717 0.8585858585854822 0.1010101010099996 0
8718 0.8585858585854826 0.09090909090899679 0
8719 0.8585858585854831 0.08080808080799406 0
8720 0.8585858585854831 0.07070707070699128 0
8721 0.8585858585854835 0.06060606060599052 0
8722 0.858585858585484 0.0505050505049929 0
8723 0.8585858585854844 0.04040404040399616 0
8724 0.8585858585854846 0.03030303030299861 0
8725 0.8585858585854849 0.02020202020199938 0
8726 0.8585858585854853 0.01010101010099963 0
8727 0.8686868686863976 0.9898989898989614 0
8728 0.8686868686863989 0.9797979797979226 0
8729 0.8686868686864 0.9696969696968839 0
8730 0.8686868686864015 0.9595959595958449 0
8731 0.8686868686864024 0.9494949494948062 0
8732 0.8686868686864038 0.9393939393937676 0
8733 0.8686868686864051 0.9292929292927287 0
8734 0.8686868686864064 0.9191919191916899 0
8735 0.8686868686864078 0.9090909090906513 0
8736 0.8686868686864089 0.8989898989896125 0
8737 0.8686868686864104 0.8888888888885738 0
8738 0.8686868686864115 0.8787878787875363 0
8739 0.8686868686864129 0.8686868686865058 0
8740 0.8686868686864142 0.8585858585854812 0
8741 0.8686868686864153 0.8484848484844574 0
8742 0.8686868686864166 0.838383838383433 0
8743 0.868686868686418 0.828282828282409 0
8744 0.8686868686864191 0.818181818181385 0
8745 0.8686868686864206 0.808080808080361 0
8746 0.8686868686864215 0.7979797979793369 0
8747 0.8686868686864231 0.7878787878783129 0
8748 0.8686868686864242 0.777777777777289 0
8749 0.8686868686864255 0.7676767676762649 0
8750 0.8686868686864269 0.7575757575752408 0
8751 0.868686868686428 0.7474747474742169 0
8752 0.8686868686864295 0.7373737373731926 0
8753 0.8686868686864307 0.7272727272721686 0
8754 0.8686868686864319 0.7171717171711447 0
8755 0.8686868686864333 0.7070707070701205 0
8756 0.8686868686864344 0.6969696969690966 0
8757 0.868686868686436 0.6868686868680725 0
8758 0.8686868686864371 0.6767676767670485 0
8759 0.8686868686864382 0.6666666666660246 0
8760 0.8686868686864397 0.6565656565650004 0
8761 0.8686868686864406 0.6464646464639763 0
8762 0.868686868686442 0.6363636363629523 0
8763 0.8686868686864434 0.6262626262619282 0
8764 0.8686868686864446 0.6161616161609043 0
8765 0.868686868686446 0.6060606060598801 0
8766 0.8686868686864472 0.5959595959588562 0
8767 0.8686868686864486 0.585858585857832 0
8768 0.8686868686864497 0.5757575757568081 0
8769 0.8686868686864511 0.5656565656557839 0
8770 0.8686868686864524 0.55555555555476 0
8771 0.8686868686864535 0.5454545454537358 0
8772 0.8686868686864548 0.5353535353527119 0
8773 0.8686868686864562 0.5252525252516878 0
8774 0.8686868686864575 0.5151515151506636 0
8775 0.8686868686864586 0.5050505050496421 0
8776 0.8686868686864599 0.494949494948635 0
8777 0.8686868686864611 0.4848484848476426 0
8778 0.8686868686864626 0.4747474747466527 0
8779 0.8686868686864637 0.4646464646456626 0
8780 0.8686868686864653 0.4545454545446727 0
8781 0.8686868686864664 0.4444444444436827 0
8782 0.8686868686864677 0.4343434343426927 0
8783 0.8686868686864688 0.4242424242417027 0
8784 0.8686868686864704 0.4141414141407126 0
8785 0.8686868686864715 0.4040404040397226 0
8786 0.8686868686864726 0.3939393939387327 0
8787 0.8686868686864739 0.3838383838377426 0
8788 0.8686868686864753 0.3737373737367525 0
8789 0.8686868686864766 0.3636363636357626 0
8790 0.8686868686864777 0.3535353535347726 0
8791 0.868686868686479 0.3434343434337825 0
8792 0.8686868686864806 0.3333333333327926 0
8793 0.8686868686864817 0.3232323232318025 0
8794 0.8686868686864828 0.3131313131308125 0
8795 0.8686868686864841 0.3030303030298225 0
8796 0.8686868686864855 0.2929292929288325 0
8797 0.8686868686864868 0.2828282828278424 0
8798 0.8686868686864881 0.2727272727268525 0
8799 0.8686868686864893 0.2626262626258625 0
8800 0.8686868686864908 0.2525252525248723 0
8801 0.8686868686864917 0.2424242424238825 0
8802 0.868686868686493 0.2323232323228924 0
8803 0.8686868686864944 0.2222222222219025 0
8804 0.8686868686864957 0.2121212121209125 0
8805 0.868686868686497 0.2020202020199224 0
8806 0.8686868686864984 0.1919191919189324 0
8807 0.8686868686864997 0.1818181818179424 0
8808 0.8686868686865008 0.1717171717169524 0
8809 0.8686868686865019 0.1616161616159624 0
8810 0.8686868686865032 0.1515151515149724 0
8811 0.8686868686865046 0.1414141414139823 0
8812 0.8686868686865059 0.1313131313129919 0
8813 0.8686868686865072 0.1212121212119966 0
8814 0.8686868686865086 0.1111111111109956 0
8815 0.8686868686865097 0.1010101010099934 0
8816 0.868686868686511 0.09090909090899124 0
8817 0.8686868686865121 0.08080808080798907 0
8818 0.8686868686865135 0.0707070707069869 0
8819 0.8686868686865148 0.06060606060598674 0
8820 0.8686868686865161 0.05050505050498974 0
8821 0.8686868686865175 0.04040404040399366 0
8822 0.8686868686865188 0.03030303030299675 0
8823 0.8686868686865199 0.02020202020199815 0
8824 0.868686868686521 0.01010101010099901 0
8825 0.8787878787873873 0.9898989898989616 0
8826 0.8787878787873888 0.9797979797979228 0
8827 0.8787878787873904 0.9696969696968843 0
8828 0.8787878787873924 0.9595959595958458 0
8829 0.8787878787873942 0.9494949494948071 0
8830 0.8787878787873957 0.9393939393937685 0
8831 0.8787878787873975 0.9292929292927298 0
8832 0.8787878787873995 0.9191919191916912 0
8833 0.8787878787874011 0.9090909090906528 0
8834 0.8787878787874029 0.8989898989896139 0
8835 0.8787878787874046 0.8888888888885753 0
8836 0.8787878787874062 0.8787878787875381 0
8837 0.8787878787874084 0.8686868686865071 0
8838 0.8787878787874098 0.8585858585854816 0
8839 0.8787878787874115 0.8484848484844565 0
8840 0.8787878787874133 0.8383838383834314 0
8841 0.8787878787874153 0.8282828282824065 0
8842 0.8787878787874168 0.8181818181813815 0
8843 0.8787878787874186 0.8080808080803565 0
8844 0.8787878787874204 0.7979797979793316 0
8845 0.8787878787874221 0.7878787878783067 0
8846 0.8787878787874241 0.7777777777772814 0
8847 0.8787878787874257 0.7676767676762566 0
8848 0.8787878787874273 0.7575757575752312 0
8849 0.8787878787874293 0.7474747474742063 0
8850 0.878787878787431 0.7373737373731815 0
8851 0.8787878787874326 0.7272727272721564 0
8852 0.8787878787874346 0.7171717171711312 0
8853 0.8787878787874364 0.7070707070701063 0
8854 0.8787878787874377 0.6969696969690813 0
8855 0.8787878787874398 0.6868686868680565 0
8856 0.8787878787874415 0.6767676767670312 0
8857 0.878787878787443 0.6666666666660064 0
8858 0.878787878787445 0.6565656565649813 0
8859 0.8787878787874467 0.6464646464639561 0
8860 0.8787878787874486 0.6363636363629313 0
8861 0.8787878787874502 0.626262626261906 0
8862 0.8787878787874519 0.6161616161608812 0
8863 0.8787878787874539 0.6060606060598561 0
8864 0.8787878787874557 0.5959595959588311 0
8865 0.8787878787874572 0.585858585857806 0
8866 0.878787878787459 0.575757575756781 0
8867 0.8787878787874608 0.5656565656557562 0
8868 0.8787878787874626 0.5555555555547311 0
8869 0.8787878787874643 0.5454545454537059 0
8870 0.8787878787874661 0.535353535352681 0
8871 0.8787878787874679 0.5252525252516558 0
8872 0.8787878787874697 0.5151515151506307 0
8873 0.8787878787874714 0.5050505050496084 0
8874 0.878787878787473 0.4949494949486012 0
8875 0.8787878787874748 0.4848484848476095 0
8876 0.8787878787874768 0.4747474747466202 0
8877 0.8787878787874785 0.4646464646456309 0
8878 0.8787878787874801 0.4545454545446416 0
8879 0.8787878787874819 0.4444444444436523 0
8880 0.8787878787874837 0.434343434342663 0
8881 0.8787878787874852 0.4242424242416737 0
8882 0.878787878787487 0.4141414141406844 0
8883 0.8787878787874888 0.4040404040396951 0
8884 0.8787878787874905 0.3939393939387058 0
8885 0.8787878787874925 0.3838383838377165 0
8886 0.8787878787874941 0.3737373737367272 0
8887 0.8787878787874959 0.3636363636357379 0
8888 0.8787878787874976 0.3535353535347486 0
8889 0.8787878787874994 0.3434343434337594 0
8890 0.8787878787875012 0.3333333333327702 0
8891 0.878787878787503 0.3232323232317809 0
8892 0.8787878787875048 0.3131313131307916 0
8893 0.8787878787875065 0.3030303030298023 0
8894 0.8787878787875083 0.292929292928813 0
8895 0.8787878787875101 0.2828282828278237 0
8896 0.8787878787875119 0.2727272727268344 0
8897 0.8787878787875136 0.2626262626258451 0
8898 0.8787878787875152 0.2525252525248558 0
8899 0.8787878787875172 0.2424242424238666 0
8900 0.8787878787875187 0.2323232323228773 0
8901 0.8787878787875203 0.222222222221888 0
8902 0.8787878787875223 0.2121212121208987 0
8903 0.8787878787875241 0.2020202020199094 0
8904 0.8787878787875258 0.1919191919189202 0
8905 0.8787878787875274 0.1818181818179309 0
8906 0.8787878787875292 0.1717171717169416 0
8907 0.878787878787531 0.1616161616159523 0
8908 0.8787878787875327 0.151515151514963 0
8909 0.8787878787875345 0.1414141414139737 0
8910 0.8787878787875363 0.1313131313129839 0
8911 0.8787878787875381 0.1212121212119893 0
8912 0.8787878787875398 0.1111111111109889 0
8913 0.8787878787875416 0.1010101010099873 0
8914 0.8787878787875434 0.09090909090898569 0
8915 0.8787878787875452 0.08080808080798407 0
8916 0.8787878787875469 0.07070707070698251 0
8917 0.8787878787875487 0.06060606060598295 0
8918 0.8787878787875505 0.05050505050498659 0
8919 0.8787878787875523 0.04040404040399116 0
8920 0.878787878787554 0.03030303030299489 0
8921 0.8787878787875556 0.02020202020199691 0
8922 0.8787878787875574 0.01010101010099839 0
8923 0.888888888888428 0.9898989898989616 0
8924 0.8888888888884297 0.9797979797979233 0
8925 0.8888888888884313 0.9696969696968848 0
8926 0.8888888888884331 0.9595959595958462 0
8927 0.8888888888884346 0.9494949494948079 0
8928 0.8888888888884364 0.9393939393937694 0
8929 0.8888888888884381 0.9292929292927308 0
8930 0.8888888888884398 0.9191919191916923 0
8931 0.8888888888884418 0.9090909090906542 0
8932 0.8888888888884435 0.8989898989896156 0
8933 0.8888888888884451 0.8888888888885771 0
8934 0.8888888888884467 0.8787878787875398 0
8935 0.8888888888884484 0.8686868686865085 0
8936 0.8888888888884502 0.8585858585854819 0
8937 0.8888888888884517 0.848484848484456 0
8938 0.8888888888884535 0.8383838383834299 0
8939 0.8888888888884554 0.8282828282824041 0
8940 0.8888888888884569 0.818181818181378 0
8941 0.8888888888884589 0.8080808080803519 0
8942 0.8888888888884606 0.7979797979793258 0
8943 0.8888888888884621 0.7878787878783 0
8944 0.8888888888884638 0.7777777777772739 0
8945 0.8888888888884655 0.767676767676248 0
8946 0.8888888888884673 0.7575757575752219 0
8947 0.888888888888469 0.7474747474741961 0
8948 0.8888888888884707 0.7373737373731699 0
8949 0.8888888888884724 0.727272727272144 0
8950 0.8888888888884742 0.7171717171711181 0
8951 0.8888888888884759 0.7070707070700919 0
8952 0.8888888888884776 0.696969696969066 0
8953 0.8888888888884794 0.68686868686804 0
8954 0.8888888888884809 0.6767676767670139 0
8955 0.8888888888884828 0.666666666665988 0
8956 0.8888888888884844 0.656565656564962 0
8957 0.8888888888884861 0.6464646464639361 0
8958 0.8888888888884878 0.6363636363629099 0
8959 0.8888888888884896 0.626262626261884 0
8960 0.8888888888884916 0.6161616161608581 0
8961 0.888888888888493 0.6060606060598319 0
8962 0.8888888888884949 0.595959595958806 0
8963 0.8888888888884965 0.5858585858577801 0
8964 0.8888888888884982 0.5757575757567541 0
8965 0.8888888888884999 0.5656565656557282 0
8966 0.8888888888885016 0.555555555554702 0
8967 0.8888888888885031 0.5454545454536761 0
8968 0.8888888888885051 0.53535353535265 0
8969 0.8888888888885067 0.525252525251624 0
8970 0.8888888888885085 0.5151515151505979 0
8971 0.8888888888885103 0.5050505050495746 0
8972 0.8888888888885121 0.4949494949485673 0
8973 0.8888888888885135 0.4848484848475761 0
8974 0.8888888888885152 0.4747474747465876 0
8975 0.888888888888517 0.464646464645599 0
8976 0.8888888888885188 0.4545454545446105 0
8977 0.8888888888885206 0.4444444444436219 0
8978 0.8888888888885221 0.4343434343426334 0
8979 0.8888888888885241 0.4242424242416448 0
8980 0.8888888888885254 0.4141414141406562 0
8981 0.8888888888885272 0.4040404040396676 0
8982 0.8888888888885291 0.3939393939386792 0
8983 0.8888888888885307 0.3838383838376905 0
8984 0.8888888888885326 0.3737373737367019 0
8985 0.8888888888885342 0.3636363636357134 0
8986 0.8888888888885358 0.3535353535347248 0
8987 0.8888888888885375 0.3434343434337364 0
8988 0.8888888888885393 0.3333333333327477 0
8989 0.888888888888541 0.3232323232317591 0
8990 0.8888888888885428 0.3131313131307706 0
8991 0.8888888888885444 0.303030303029782 0
8992 0.8888888888885463 0.2929292929287935 0
8993 0.8888888888885482 0.2828282828278049 0
8994 0.8888888888885499 0.2727272727268163 0
8995 0.8888888888885514 0.2626262626258277 0
8996 0.8888888888885531 0.2525252525248391 0
8997 0.8888888888885548 0.2424242424238506 0
8998 0.8888888888885565 0.232323232322862 0
8999 0.8888888888885583 0.2222222222218735 0
9000 0.8888888888885599 0.2121212121208849 0
9001 0.8888888888885614 0.2020202020198963 0
9002 0.8888888888885632 0.1919191919189078 0
9003 0.888888888888565 0.1818181818179192 0
9004 0.8888888888885669 0.1717171717169307 0
9005 0.8888888888885685 0.1616161616159421 0
9006 0.8888888888885703 0.1515151515149535 0
9007 0.888888888888572 0.141414141413965 0
9008 0.8888888888885736 0.131313131312976 0
9009 0.8888888888885752 0.121212121211982 0
9010 0.888888888888577 0.1111111111109822 0
9011 0.8888888888885788 0.1010101010099811 0
9012 0.8888888888885805 0.09090909090898011 0
9013 0.8888888888885823 0.08080808080797913 0
9014 0.8888888888885841 0.0707070707069781 0
9015 0.8888888888885859 0.06060606060597915 0
9016 0.8888888888885874 0.05050505050498344 0
9017 0.888888888888589 0.04040404040398866 0
9018 0.8888888888885907 0.03030303030299304 0
9019 0.8888888888885925 0.02020202020199568 0
9020 0.8888888888885943 0.01010101010099777 0
9021 0.89898989898948 0.9898989898989619 0
9022 0.8989898989894816 0.9797979797979235 0
9023 0.8989898989894831 0.9696969696968852 0
9024 0.8989898989894847 0.9595959595958469 0
9025 0.8989898989894862 0.9494949494948086 0
9026 0.898989898989488 0.9393939393937702 0
9027 0.8989898989894893 0.929292929292732 0
9028 0.8989898989894908 0.9191919191916935 0
9029 0.8989898989894927 0.9090909090906555 0
9030 0.898989898989494 0.8989898989896171 0
9031 0.8989898989894956 0.8888888888885789 0
9032 0.8989898989894971 0.8787878787875416 0
9033 0.8989898989894987 0.8686868686865099 0
9034 0.8989898989895002 0.8585858585854823 0
9035 0.8989898989895018 0.8484848484844552 0
9036 0.8989898989895035 0.8383838383834281 0
9037 0.8989898989895051 0.8282828282824014 0
9038 0.8989898989895064 0.8181818181813744 0
9039 0.898989898989508 0.8080808080803472 0
9040 0.8989898989895095 0.7979797979793205 0
9041 0.8989898989895111 0.7878787878782936 0
9042 0.8989898989895126 0.7777777777772665 0
9043 0.8989898989895142 0.7676767676762396 0
9044 0.8989898989895159 0.7575757575752124 0
9045 0.8989898989895173 0.7474747474741854 0
9046 0.8989898989895191 0.7373737373731586 0
9047 0.8989898989895204 0.7272727272721318 0
9048 0.8989898989895222 0.7171717171711047 0
9049 0.8989898989895236 0.7070707070700777 0
9050 0.8989898989895251 0.6969696969690506 0
9051 0.8989898989895269 0.6868686868680236 0
9052 0.8989898989895284 0.6767676767669968 0
9053 0.8989898989895297 0.66666666666597 0
9054 0.8989898989895314 0.6565656565649429 0
9055 0.8989898989895329 0.6464646464639157 0
9056 0.8989898989895347 0.6363636363628888 0
9057 0.898989898989536 0.6262626262618618 0
9058 0.8989898989895375 0.616161616160835 0
9059 0.8989898989895393 0.6060606060598079 0
9060 0.8989898989895406 0.5959595959587811 0
9061 0.8989898989895424 0.5858585858577539 0
9062 0.8989898989895437 0.575757575756727 0
9063 0.8989898989895455 0.5656565656557 0
9064 0.8989898989895471 0.5555555555546732 0
9065 0.8989898989895486 0.5454545454536459 0
9066 0.8989898989895502 0.5353535353526191 0
9067 0.8989898989895517 0.5252525252515921 0
9068 0.8989898989895531 0.515151515150565 0
9069 0.8989898989895548 0.5050505050495409 0
9070 0.8989898989895564 0.4949494949485335 0
9071 0.8989898989895577 0.4848484848475428 0
9072 0.8989898989895595 0.4747474747465551 0
9073 0.8989898989895611 0.4646464646455671 0
9074 0.8989898989895626 0.4545454545445794 0
9075 0.8989898989895642 0.4444444444435917 0
9076 0.8989898989895655 0.4343434343426037 0
9077 0.8989898989895673 0.424242424241616 0
9078 0.8989898989895686 0.414141414140628 0
9079 0.8989898989895704 0.4040404040396401 0
9080 0.8989898989895719 0.3939393939386523 0
9081 0.8989898989895735 0.3838383838376646 0
9082 0.898989898989575 0.3737373737366766 0
9083 0.8989898989895766 0.3636363636356889 0
9084 0.8989898989895784 0.3535353535347009 0
9085 0.8989898989895797 0.3434343434337132 0
9086 0.8989898989895815 0.3333333333327253 0
9087 0.8989898989895828 0.3232323232317375 0
9088 0.8989898989895846 0.3131313131307496 0
9089 0.8989898989895859 0.3030303030297617 0
9090 0.8989898989895877 0.2929292929287739 0
9091 0.898989898989589 0.282828282827786 0
9092 0.8989898989895908 0.2727272727267982 0
9093 0.8989898989895921 0.2626262626258103 0
9094 0.8989898989895937 0.2525252525248225 0
9095 0.8989898989895952 0.2424242424238348 0
9096 0.898989898989597 0.2323232323228469 0
9097 0.8989898989895984 0.2222222222218591 0
9098 0.8989898989896001 0.2121212121208712 0
9099 0.8989898989896015 0.2020202020198834 0
9100 0.898989898989603 0.1919191919188955 0
9101 0.8989898989896046 0.1818181818179077 0
9102 0.8989898989896061 0.1717171717169198 0
9103 0.8989898989896077 0.161616161615932 0
9104 0.8989898989896095 0.1515151515149441 0
9105 0.8989898989896108 0.1414141414139563 0
9106 0.8989898989896126 0.131313131312968 0
9107 0.8989898989896139 0.1212121212119746 0
9108 0.8989898989896155 0.1111111111109755 0
9109 0.898989898989617 0.101010101009975 0
9110 0.8989898989896186 0.09090909090897456 0
9111 0.8989898989896201 0.08080808080797414 0
9112 0.8989898989896217 0.07070707070697368 0
9113 0.8989898989896232 0.06060606060597536 0
9114 0.898989898989625 0.05050505050498029 0
9115 0.8989898989896263 0.04040404040398617 0
9116 0.8989898989896281 0.03030303030299118 0
9117 0.8989898989896294 0.02020202020199444 0
9118 0.8989898989896312 0.01010101010099716 0
9119 0.9090909090905319 0.9898989898989621 0
9120 0.9090909090905335 0.9797979797979239 0
9121 0.9090909090905348 0.9696969696968857 0
9122 0.9090909090905361 0.9595959595958475 0
9123 0.9090909090905377 0.9494949494948093 0
9124 0.909090909090539 0.9393939393937711 0
9125 0.9090909090905404 0.9292929292927331 0
9126 0.9090909090905419 0.9191919191916947 0
9127 0.909090909090543 0.9090909090906568 0
9128 0.9090909090905446 0.8989898989896187 0
9129 0.9090909090905461 0.8888888888885804 0
9130 0.9090909090905475 0.8787878787875434 0
9131 0.909090909090549 0.8686868686865111 0
9132 0.9090909090905503 0.8585858585854828 0
9133 0.9090909090905517 0.8484848484844547 0
9134 0.9090909090905532 0.8383838383834266 0
9135 0.9090909090905546 0.8282828282823987 0
9136 0.9090909090905559 0.8181818181813708 0
9137 0.9090909090905572 0.8080808080803428 0
9138 0.9090909090905588 0.797979797979315 0
9139 0.9090909090905601 0.7878787878782869 0
9140 0.9090909090905614 0.777777777777259 0
9141 0.909090909090563 0.7676767676762312 0
9142 0.9090909090905643 0.7575757575752032 0
9143 0.9090909090905657 0.7474747474741752 0
9144 0.9090909090905671 0.7373737373731473 0
9145 0.9090909090905683 0.7272727272721193 0
9146 0.9090909090905699 0.7171717171710912 0
9147 0.9090909090905712 0.7070707070700633 0
9148 0.9090909090905726 0.6969696969690353 0
9149 0.9090909090905743 0.6868686868680076 0
9150 0.9090909090905757 0.6767676767669795 0
9151 0.909090909090577 0.6666666666659518 0
9152 0.9090909090905783 0.6565656565649236 0
9153 0.9090909090905797 0.6464646464638957 0
9154 0.909090909090581 0.6363636363628677 0
9155 0.9090909090905825 0.6262626262618398 0
9156 0.9090909090905838 0.6161616161608119 0
9157 0.9090909090905853 0.6060606060597837 0
9158 0.9090909090905867 0.5959595959587558 0
9159 0.9090909090905883 0.5858585858577281 0
9160 0.9090909090905896 0.5757575757567002 0
9161 0.909090909090591 0.565656565655672 0
9162 0.9090909090905922 0.5555555555546441 0
9163 0.9090909090905936 0.5454545454536162 0
9164 0.909090909090595 0.5353535353525882 0
9165 0.9090909090905963 0.5252525252515603 0
9166 0.9090909090905981 0.5151515151505321 0
9167 0.9090909090905992 0.5050505050495071 0
9168 0.9090909090906008 0.4949494949484995 0
9169 0.9090909090906021 0.4848484848475096 0
9170 0.9090909090906036 0.4747474747465225 0
9171 0.909090909090605 0.4646464646455354 0
9172 0.9090909090906065 0.4545454545445483 0
9173 0.9090909090906079 0.4444444444435612 0
9174 0.9090909090906092 0.4343434343425741 0
9175 0.9090909090906105 0.424242424241587 0
9176 0.9090909090906121 0.4141414141405998 0
9177 0.9090909090906136 0.4040404040396127 0
9178 0.909090909090615 0.3939393939386256 0
9179 0.9090909090906161 0.3838383838376385 0
9180 0.9090909090906176 0.3737373737366513 0
9181 0.909090909090619 0.3636363636356642 0
9182 0.9090909090906203 0.353535353534677 0
9183 0.9090909090906218 0.3434343434336899 0
9184 0.9090909090906234 0.3333333333327029 0
9185 0.9090909090906247 0.3232323232317158 0
9186 0.9090909090906261 0.3131313131307286 0
9187 0.9090909090906274 0.3030303030297414 0
9188 0.9090909090906287 0.2929292929287545 0
9189 0.9090909090906303 0.2828282828277672 0
9190 0.9090909090906318 0.2727272727267801 0
9191 0.9090909090906332 0.262626262625793 0
9192 0.9090909090906345 0.2525252525248058 0
9193 0.9090909090906358 0.2424242424238188 0
9194 0.9090909090906372 0.2323232323228316 0
9195 0.9090909090906385 0.2222222222218446 0
9196 0.9090909090906398 0.2121212121208574 0
9197 0.9090909090906414 0.2020202020198703 0
9198 0.9090909090906429 0.1919191919188832 0
9199 0.9090909090906443 0.1818181818178961 0
9200 0.9090909090906456 0.1717171717169089 0
9201 0.9090909090906469 0.1616161616159218 0
9202 0.9090909090906485 0.1515151515149347 0
9203 0.9090909090906498 0.1414141414139476 0
9204 0.9090909090906514 0.13131313131296 0
9205 0.9090909090906527 0.1212121212119673 0
9206 0.909090909090654 0.1111111111109687 0
9207 0.9090909090906554 0.1010101010099689 0
9208 0.9090909090906569 0.09090909090896898 0
9209 0.9090909090906583 0.08080808080796914 0
9210 0.9090909090906596 0.0707070707069693 0
9211 0.9090909090906611 0.06060606060597157 0
9212 0.9090909090906625 0.05050505050497714 0
9213 0.9090909090906638 0.04040404040398365 0
9214 0.9090909090906651 0.03030303030298932 0
9215 0.9090909090906667 0.0202020202019932 0
9216 0.9090909090906683 0.01010101010099654 0
9217 0.9191919191915841 0.9898989898989621 0
9218 0.9191919191915852 0.9797979797979242 0
9219 0.9191919191915865 0.9696969696968862 0
9220 0.9191919191915876 0.959595959595848 0
9221 0.9191919191915887 0.9494949494948102 0
9222 0.9191919191915903 0.939393939393772 0
9223 0.9191919191915914 0.9292929292927342 0
9224 0.9191919191915927 0.9191919191916961 0
9225 0.919191919191594 0.9090909090906582 0
9226 0.9191919191915949 0.8989898989896201 0
9227 0.9191919191915965 0.8888888888885822 0
9228 0.9191919191915976 0.8787878787875449 0
9229 0.9191919191915989 0.8686868686865122 0
9230 0.9191919191916003 0.8585858585854828 0
9231 0.9191919191916014 0.848484848484454 0
9232 0.9191919191916027 0.838383838383425 0
9233 0.9191919191916039 0.828282828282396 0
9234 0.9191919191916051 0.8181818181813673 0
9235 0.9191919191916065 0.8080808080803383 0
9236 0.9191919191916076 0.7979797979793094 0
9237 0.9191919191916089 0.7878787878782805 0
9238 0.9191919191916103 0.7777777777772517 0
9239 0.9191919191916114 0.7676767676762227 0
9240 0.9191919191916126 0.7575757575751936 0
9241 0.9191919191916138 0.7474747474741648 0
9242 0.9191919191916151 0.7373737373731357 0
9243 0.9191919191916162 0.7272727272721069 0
9244 0.9191919191916176 0.7171717171710779 0
9245 0.9191919191916189 0.707070707070049 0
9246 0.91919191919162 0.6969696969690202 0
9247 0.9191919191916214 0.6868686868679912 0
9248 0.9191919191916227 0.6767676767669621 0
9249 0.9191919191916236 0.6666666666659333 0
9250 0.9191919191916249 0.6565656565649045 0
9251 0.9191919191916265 0.6464646464638755 0
9252 0.9191919191916273 0.6363636363628467 0
9253 0.9191919191916289 0.6262626262618176 0
9254 0.91919191919163 0.6161616161607886 0
9255 0.9191919191916313 0.6060606060597598 0
9256 0.9191919191916326 0.5959595959587309 0
9257 0.9191919191916338 0.5858585858577019 0
9258 0.9191919191916351 0.5757575757566731 0
9259 0.9191919191916362 0.565656565655644 0
9260 0.9191919191916375 0.5555555555546152 0
9261 0.9191919191916388 0.5454545454535862 0
9262 0.91919191919164 0.5353535353525571 0
9263 0.9191919191916413 0.5252525252515283 0
9264 0.9191919191916427 0.5151515151504993 0
9265 0.9191919191916436 0.5050505050494734 0
9266 0.9191919191916449 0.4949494949484657 0
9267 0.9191919191916462 0.4848484848474764 0
9268 0.9191919191916476 0.47474747474649 0
9269 0.9191919191916487 0.4646464646455036 0
9270 0.9191919191916502 0.4545454545445172 0
9271 0.9191919191916511 0.4444444444435308 0
9272 0.9191919191916524 0.4343434343425444 0
9273 0.9191919191916538 0.424242424241558 0
9274 0.9191919191916551 0.4141414141405716 0
9275 0.9191919191916562 0.4040404040395852 0
9276 0.9191919191916575 0.3939393939385988 0
9277 0.9191919191916587 0.3838383838376124 0
9278 0.91919191919166 0.373737373736626 0
9279 0.9191919191916611 0.3636363636356396 0
9280 0.9191919191916627 0.3535353535346532 0
9281 0.9191919191916638 0.3434343434336669 0
9282 0.9191919191916649 0.3333333333326804 0
9283 0.9191919191916662 0.323232323231694 0
9284 0.9191919191916673 0.3131313131307076 0
9285 0.9191919191916689 0.3030303030297212 0
9286 0.91919191919167 0.2929292929287349 0
9287 0.9191919191916711 0.2828282828277485 0
9288 0.9191919191916724 0.2727272727267621 0
9289 0.9191919191916738 0.2626262626257757 0
9290 0.9191919191916751 0.2525252525247892 0
9291 0.9191919191916762 0.2424242424238029 0
9292 0.9191919191916773 0.2323232323228165 0
9293 0.9191919191916786 0.2222222222218301 0
9294 0.91919191919168 0.2121212121208437 0
9295 0.9191919191916811 0.2020202020198573 0
9296 0.9191919191916824 0.1919191919188709 0
9297 0.9191919191916835 0.1818181818178844 0
9298 0.9191919191916849 0.1717171717168982 0
9299 0.9191919191916862 0.1616161616159117 0
9300 0.9191919191916875 0.1515151515149253 0
9301 0.9191919191916884 0.1414141414139389 0
9302 0.9191919191916897 0.131313131312952 0
9303 0.9191919191916911 0.12121212121196 0
9304 0.9191919191916924 0.111111111110962 0
9305 0.9191919191916935 0.1010101010099627 0
9306 0.9191919191916949 0.09090909090896343 0
9307 0.919191919191696 0.08080808080796417 0
9308 0.9191919191916973 0.07070707070696491 0
9309 0.9191919191916986 0.06060606060596777 0
9310 0.9191919191917 0.05050505050497399 0
9311 0.9191919191917011 0.04040404040398116 0
9312 0.9191919191917024 0.03030303030298747 0
9313 0.9191919191917035 0.02020202020199197 0
9314 0.9191919191917048 0.01010101010099592 0
9315 0.929292929292636 0.9898989898989623 0
9316 0.9292929292926371 0.9797979797979244 0
9317 0.9292929292926382 0.9696969696968865 0
9318 0.9292929292926391 0.9595959595958488 0
9319 0.9292929292926404 0.9494949494948108 0
9320 0.9292929292926415 0.9393939393937729 0
9321 0.9292929292926424 0.9292929292927351 0
9322 0.9292929292926435 0.9191919191916974 0
9323 0.9292929292926446 0.9090909090906597 0
9324 0.9292929292926457 0.8989898989896218 0
9325 0.9292929292926471 0.888888888888584 0
9326 0.929292929292648 0.8787878787875467 0
9327 0.9292929292926491 0.8686868686865133 0
9328 0.9292929292926502 0.8585858585854832 0
9329 0.9292929292926513 0.8484848484844534 0
9330 0.9292929292926524 0.8383838383834235 0
9331 0.9292929292926533 0.8282828282823936 0
9332 0.9292929292926544 0.8181818181813637 0
9333 0.9292929292926557 0.8080808080803339 0
9334 0.9292929292926566 0.797979797979304 0
9335 0.9292929292926579 0.787878787878274 0
9336 0.9292929292926591 0.7777777777772441 0
9337 0.9292929292926599 0.7676767676762143 0
9338 0.9292929292926611 0.7575757575751841 0
9339 0.9292929292926622 0.7474747474741543 0
9340 0.9292929292926632 0.7373737373731244 0
9341 0.9292929292926642 0.7272727272720945 0
9342 0.9292929292926653 0.7171717171710648 0
9343 0.9292929292926664 0.7070707070700346 0
9344 0.9292929292926676 0.6969696969690047 0
9345 0.9292929292926686 0.686868686867975 0
9346 0.9292929292926699 0.676767676766945 0
9347 0.9292929292926708 0.6666666666659151 0
9348 0.9292929292926722 0.6565656565648854 0
9349 0.9292929292926729 0.6464646464638553 0
9350 0.9292929292926742 0.6363636363628256 0
9351 0.9292929292926752 0.6262626262617954 0
9352 0.9292929292926764 0.6161616161607655 0
9353 0.9292929292926775 0.6060606060597356 0
9354 0.9292929292926786 0.5959595959587056 0
9355 0.9292929292926795 0.5858585858576759 0
9356 0.9292929292926806 0.575757575756646 0
9357 0.9292929292926817 0.5656565656556161 0
9358 0.9292929292926829 0.5555555555545864 0
9359 0.9292929292926839 0.5454545454535562 0
9360 0.929292929292685 0.5353535353525265 0
9361 0.9292929292926859 0.5252525252514963 0
9362 0.9292929292926873 0.5151515151504664 0
9363 0.9292929292926884 0.5050505050494396 0
9364 0.9292929292926895 0.4949494949484319 0
9365 0.9292929292926904 0.4848484848474431 0
9366 0.9292929292926917 0.4747474747464574 0
9367 0.9292929292926928 0.4646464646454718 0
9368 0.9292929292926939 0.4545454545444861 0
9369 0.9292929292926948 0.4444444444435004 0
9370 0.9292929292926961 0.4343434343425148 0
9371 0.929292929292697 0.4242424242415291 0
9372 0.9292929292926981 0.4141414141405434 0
9373 0.9292929292926992 0.4040404040395577 0
9374 0.9292929292927001 0.393939393938572 0
9375 0.9292929292927015 0.3838383838375864 0
9376 0.9292929292927024 0.3737373737366007 0
9377 0.9292929292927037 0.3636363636356149 0
9378 0.9292929292927046 0.3535353535346294 0
9379 0.9292929292927059 0.3434343434336438 0
9380 0.9292929292927068 0.333333333332658 0
9381 0.9292929292927079 0.3232323232316723 0
9382 0.929292929292709 0.3131313131306868 0
9383 0.9292929292927101 0.303030303029701 0
9384 0.9292929292927112 0.2929292929287154 0
9385 0.9292929292927123 0.2828282828277296 0
9386 0.9292929292927135 0.2727272727267439 0
9387 0.9292929292927143 0.2626262626257583 0
9388 0.9292929292927157 0.2525252525247726 0
9389 0.9292929292927168 0.242424242423787 0
9390 0.9292929292927179 0.2323232323228013 0
9391 0.9292929292927188 0.2222222222218156 0
9392 0.9292929292927199 0.2121212121208299 0
9393 0.929292929292721 0.2020202020198443 0
9394 0.9292929292927223 0.1919191919188586 0
9395 0.9292929292927232 0.1818181818178729 0
9396 0.9292929292927246 0.1717171717168873 0
9397 0.9292929292927254 0.1616161616159015 0
9398 0.9292929292927266 0.1515151515149159 0
9399 0.9292929292927277 0.1414141414139302 0
9400 0.9292929292927286 0.1313131313129441 0
9401 0.9292929292927299 0.1212121212119527 0
9402 0.9292929292927308 0.1111111111109553 0
9403 0.9292929292927321 0.1010101010099566 0
9404 0.929292929292733 0.09090909090895788 0
9405 0.9292929292927343 0.0808080808079592 0
9406 0.9292929292927352 0.0707070707069605 0
9407 0.9292929292927363 0.06060606060596398 0
9408 0.9292929292927374 0.05050505050497084 0
9409 0.9292929292927385 0.04040404040397866 0
9410 0.9292929292927397 0.03030303030298562 0
9411 0.9292929292927408 0.02020202020199074 0
9412 0.9292929292927419 0.0101010101009953 0
9413 0.939393939393688 0.9898989898989625 0
9414 0.9393939393936891 0.9797979797979248 0
9415 0.93939393939369 0.969696969696887 0
9416 0.9393939393936908 0.9595959595958492 0
9417 0.9393939393936918 0.9494949494948117 0
9418 0.9393939393936926 0.9393939393937738 0
9419 0.9393939393936935 0.9292929292927364 0
9420 0.9393939393936946 0.9191919191916987 0
9421 0.9393939393936955 0.909090909090661 0
9422 0.9393939393936964 0.8989898989896233 0
9423 0.9393939393936975 0.8888888888885857 0
9424 0.9393939393936981 0.8787878787875487 0
9425 0.9393939393936993 0.8686868686865148 0
9426 0.9393939393937 0.8585858585854836 0
9427 0.9393939393937011 0.8484848484844527 0
9428 0.939393939393702 0.8383838383834219 0
9429 0.9393939393937029 0.828282828282391 0
9430 0.939393939393704 0.8181818181813602 0
9431 0.9393939393937047 0.8080808080803292 0
9432 0.9393939393937056 0.7979797979792983 0
9433 0.9393939393937067 0.7878787878782676 0
9434 0.9393939393937075 0.7777777777772366 0
9435 0.9393939393937086 0.7676767676762059 0
9436 0.9393939393937095 0.7575757575751748 0
9437 0.9393939393937104 0.7474747474741439 0
9438 0.9393939393937114 0.7373737373731131 0
9439 0.9393939393937123 0.727272727272082 0
9440 0.9393939393937134 0.7171717171710512 0
9441 0.9393939393937143 0.7070707070700204 0
9442 0.9393939393937151 0.6969696969689896 0
9443 0.9393939393937162 0.6868686868679588 0
9444 0.9393939393937171 0.6767676767669277 0
9445 0.9393939393937181 0.6666666666658969 0
9446 0.9393939393937187 0.6565656565648661 0
9447 0.9393939393937196 0.6464646464638351 0
9448 0.9393939393937207 0.6363636363628042 0
9449 0.9393939393937216 0.6262626262617732 0
9450 0.9393939393937225 0.6161616161607424 0
9451 0.9393939393937236 0.6060606060597116 0
9452 0.9393939393937244 0.5959595959586808 0
9453 0.9393939393937253 0.5858585858576499 0
9454 0.9393939393937265 0.5757575757566189 0
9455 0.9393939393937272 0.5656565656555881 0
9456 0.9393939393937281 0.5555555555545573 0
9457 0.9393939393937292 0.5454545454535262 0
9458 0.9393939393937301 0.5353535353524954 0
9459 0.9393939393937309 0.5252525252514644 0
9460 0.9393939393937318 0.5151515151504336 0
9461 0.9393939393937329 0.5050505050494059 0
9462 0.9393939393937337 0.494949494948398 0
9463 0.9393939393937348 0.4848484848474098 0
9464 0.9393939393937357 0.474747474746425 0
9465 0.9393939393937366 0.4646464646454399 0
9466 0.9393939393937375 0.4545454545444551 0
9467 0.9393939393937383 0.4444444444434701 0
9468 0.9393939393937396 0.4343434343424851 0
9469 0.9393939393937402 0.4242424242415003 0
9470 0.9393939393937413 0.4141414141405152 0
9471 0.9393939393937423 0.4040404040395302 0
9472 0.9393939393937432 0.3939393939385453 0
9473 0.9393939393937442 0.3838383838375604 0
9474 0.939393939393745 0.3737373737365753 0
9475 0.9393939393937458 0.3636363636355905 0
9476 0.9393939393937469 0.3535353535346054 0
9477 0.9393939393937477 0.3434343434336206 0
9478 0.9393939393937486 0.3333333333326356 0
9479 0.9393939393937494 0.3232323232316506 0
9480 0.9393939393937509 0.3131313131306657 0
9481 0.9393939393937515 0.3030303030296808 0
9482 0.9393939393937526 0.2929292929286959 0
9483 0.9393939393937534 0.2828282828277108 0
9484 0.9393939393937545 0.2727272727267259 0
9485 0.9393939393937553 0.2626262626257408 0
9486 0.9393939393937561 0.252525252524756 0
9487 0.939393939393757 0.242424242423771 0
9488 0.9393939393937583 0.2323232323227861 0
9489 0.939393939393759 0.2222222222218012 0
9490 0.9393939393937601 0.2121212121208162 0
9491 0.9393939393937608 0.2020202020198312 0
9492 0.939393939393762 0.1919191919188463 0
9493 0.9393939393937628 0.1818181818178613 0
9494 0.9393939393937637 0.1717171717168764 0
9495 0.9393939393937646 0.1616161616158914 0
9496 0.9393939393937656 0.1515151515149065 0
9497 0.9393939393937664 0.1414141414139215 0
9498 0.9393939393937675 0.1313131313129361 0
9499 0.9393939393937686 0.1212121212119454 0
9500 0.9393939393937693 0.1111111111109486 0
9501 0.9393939393937701 0.1010101010099504 0
9502 0.9393939393937712 0.09090909090895233 0
9503 0.9393939393937721 0.08080808080795421 0
9504 0.939393939393773 0.07070707070695609 0
9505 0.9393939393937739 0.06060606060596019 0
9506 0.9393939393937748 0.05050505050496767 0
9507 0.9393939393937757 0.04040404040397616 0
9508 0.9393939393937765 0.03030303030298376 0
9509 0.9393939393937777 0.0202020202019895 0
9510 0.9393939393937786 0.01010101010099468 0
9511 0.9494949494947401 0.9898989898989625 0
9512 0.9494949494947408 0.979797979797925 0
9513 0.9494949494947414 0.9696969696968875 0
9514 0.9494949494947423 0.95959595959585 0
9515 0.949494949494743 0.9494949494948124 0
9516 0.9494949494947437 0.9393939393937749 0
9517 0.9494949494947448 0.9292929292927373 0
9518 0.9494949494947454 0.9191919191916998 0
9519 0.9494949494947463 0.9090909090906626 0
9520 0.949494949494747 0.8989898989896249 0
9521 0.9494949494947477 0.8888888888885875 0
9522 0.9494949494947486 0.8787878787875503 0
9523 0.9494949494947493 0.868686868686516 0
9524 0.94949494949475 0.8585858585854841 0
9525 0.9494949494947509 0.848484848484452 0
9526 0.9494949494947518 0.8383838383834201 0
9527 0.9494949494947525 0.8282828282823883 0
9528 0.9494949494947534 0.8181818181813564 0
9529 0.9494949494947541 0.8080808080803246 0
9530 0.9494949494947548 0.797979797979293 0
9531 0.9494949494947557 0.7878787878782609 0
9532 0.9494949494947563 0.777777777777229 0
9533 0.9494949494947571 0.7676767676761974 0
9534 0.949494949494758 0.7575757575751655 0
9535 0.9494949494947587 0.7474747474741334 0
9536 0.9494949494947595 0.7373737373731015 0
9537 0.9494949494947603 0.7272727272720696 0
9538 0.9494949494947611 0.7171717171710377 0
9539 0.9494949494947617 0.707070707070006 0
9540 0.9494949494947627 0.6969696969689743 0
9541 0.9494949494947633 0.6868686868679423 0
9542 0.9494949494947642 0.6767676767669104 0
9543 0.9494949494947651 0.6666666666658787 0
9544 0.9494949494947655 0.6565656565648468 0
9545 0.9494949494947664 0.6464646464638149 0
9546 0.9494949494947672 0.6363636363627831 0
9547 0.9494949494947679 0.6262626262617512 0
9548 0.9494949494947688 0.6161616161607193 0
9549 0.9494949494947696 0.6060606060596874 0
9550 0.9494949494947704 0.5959595959586554 0
9551 0.9494949494947711 0.5858585858576237 0
9552 0.949494949494772 0.575757575756592 0
9553 0.9494949494947729 0.5656565656555601 0
9554 0.9494949494947735 0.5555555555545282 0
9555 0.9494949494947742 0.5454545454534963 0
9556 0.949494949494775 0.5353535353524645 0
9557 0.949494949494776 0.5252525252514326 0
9558 0.9494949494947766 0.5151515151504007 0
9559 0.9494949494947774 0.5050505050493721 0
9560 0.9494949494947781 0.4949494949483642 0
9561 0.949494949494779 0.4848484848473766 0
9562 0.9494949494947796 0.4747474747463923 0
9563 0.9494949494947803 0.4646464646454082 0
9564 0.9494949494947812 0.454545454544424 0
9565 0.9494949494947822 0.4444444444434398 0
9566 0.949494949494783 0.4343434343424556 0
9567 0.9494949494947835 0.4242424242414712 0
9568 0.9494949494947844 0.414141414140487 0
9569 0.9494949494947852 0.4040404040395028 0
9570 0.949494949494786 0.3939393939385186 0
9571 0.9494949494947867 0.3838383838375342 0
9572 0.9494949494947874 0.37373737373655 0
9573 0.9494949494947884 0.3636363636355658 0
9574 0.949494949494789 0.3535353535345817 0
9575 0.9494949494947897 0.3434343434335974 0
9576 0.9494949494947906 0.3333333333326132 0
9577 0.9494949494947914 0.323232323231629 0
9578 0.9494949494947922 0.3131313131306448 0
9579 0.9494949494947932 0.3030303030296604 0
9580 0.9494949494947936 0.2929292929286763 0
9581 0.9494949494947946 0.282828282827692 0
9582 0.9494949494947954 0.2727272727267077 0
9583 0.9494949494947961 0.2626262626257235 0
9584 0.9494949494947967 0.2525252525247393 0
9585 0.9494949494947976 0.2424242424237552 0
9586 0.9494949494947984 0.2323232323227709 0
9587 0.9494949494947994 0.2222222222217867 0
9588 0.9494949494947998 0.2121212121208024 0
9589 0.9494949494948008 0.2020202020198182 0
9590 0.9494949494948016 0.191919191918834 0
9591 0.9494949494948025 0.1818181818178497 0
9592 0.9494949494948032 0.1717171717168655 0
9593 0.9494949494948038 0.1616161616158813 0
9594 0.9494949494948046 0.151515151514897 0
9595 0.9494949494948054 0.1414141414139128 0
9596 0.9494949494948063 0.1313131313129281 0
9597 0.949494949494807 0.1212121212119381 0
9598 0.9494949494948078 0.1111111111109419 0
9599 0.9494949494948087 0.1010101010099443 0
9600 0.9494949494948094 0.09090909090894678 0
9601 0.9494949494948101 0.08080808080794924 0
9602 0.9494949494948109 0.0707070707069517 0
9603 0.9494949494948118 0.06060606060595639 0
9604 0.9494949494948125 0.05050505050496452 0
9605 0.9494949494948132 0.04040404040397366 0
9606 0.9494949494948141 0.0303030303029819 0
9607 0.9494949494948149 0.02020202020198826 0
9608 0.9494949494948156 0.01010101010099406 0
9609 0.959595959595792 0.9898989898989627 0
9610 0.9595959595957927 0.9797979797979253 0
9611 0.9595959595957934 0.9696969696968879 0
9612 0.9595959595957938 0.9595959595958506 0
9613 0.9595959595957945 0.9494949494948133 0
9614 0.959595959595795 0.939393939393776 0
9615 0.9595959595957956 0.9292929292927384 0
9616 0.9595959595957962 0.919191919191701 0
9617 0.9595959595957969 0.9090909090906639 0
9618 0.9595959595957976 0.8989898989896264 0
9619 0.9595959595957982 0.8888888888885891 0
9620 0.9595959595957987 0.878787878787552 0
9621 0.9595959595957996 0.8686868686865173 0
9622 0.9595959595958 0.8585858585854843 0
9623 0.9595959595958007 0.8484848484844516 0
9624 0.9595959595958015 0.8383838383834186 0
9625 0.9595959595958019 0.8282828282823859 0
9626 0.9595959595958026 0.818181818181353 0
9627 0.9595959595958032 0.8080808080803201 0
9628 0.9595959595958039 0.7979797979792872 0
9629 0.9595959595958045 0.7878787878782545 0
9630 0.9595959595958051 0.7777777777772215 0
9631 0.9595959595958056 0.7676767676761888 0
9632 0.9595959595958065 0.7575757575751559 0
9633 0.9595959595958069 0.7474747474741232 0
9634 0.9595959595958075 0.7373737373730902 0
9635 0.9595959595958081 0.7272727272720574 0
9636 0.9595959595958088 0.7171717171710246 0
9637 0.9595959595958095 0.7070707070699918 0
9638 0.9595959595958101 0.6969696969689589 0
9639 0.9595959595958106 0.6868686868679261 0
9640 0.9595959595958112 0.6767676767668933 0
9641 0.959595959595812 0.6666666666658605 0
9642 0.9595959595958126 0.6565656565648277 0
9643 0.9595959595958133 0.6464646464637946 0
9644 0.9595959595958137 0.6363636363627621 0
9645 0.9595959595958146 0.626262626261729 0
9646 0.9595959595958151 0.6161616161606962 0
9647 0.9595959595958155 0.6060606060596634 0
9648 0.9595959595958166 0.5959595959586306 0
9649 0.959595959595817 0.5858585858575978 0
9650 0.9595959595958174 0.5757575757565649 0
9651 0.9595959595958183 0.5656565656555321 0
9652 0.959595959595819 0.5555555555544993 0
9653 0.9595959595958192 0.5454545454534665 0
9654 0.95959595959582 0.5353535353524337 0
9655 0.9595959595958204 0.5252525252514009 0
9656 0.9595959595958212 0.5151515151503678 0
9657 0.9595959595958221 0.5050505050493383 0
9658 0.9595959595958227 0.4949494949483303 0
9659 0.9595959595958231 0.4848484848473433 0
9660 0.9595959595958238 0.4747474747463598 0
9661 0.9595959595958246 0.4646464646453763 0
9662 0.9595959595958249 0.4545454545443929 0
9663 0.9595959595958256 0.4444444444434094 0
9664 0.9595959595958261 0.4343434343424258 0
9665 0.9595959595958269 0.4242424242414423 0
9666 0.9595959595958274 0.4141414141404588 0
9667 0.9595959595958284 0.4040404040394753 0
9668 0.9595959595958288 0.3939393939384918 0
9669 0.9595959595958293 0.3838383838375082 0
9670 0.9595959595958301 0.3737373737365247 0
9671 0.9595959595958307 0.3636363636355412 0
9672 0.959595959595831 0.3535353535345577 0
9673 0.9595959595958318 0.3434343434335743 0
9674 0.9595959595958323 0.3333333333325907 0
9675 0.9595959595958331 0.3232323232316072 0
9676 0.9595959595958337 0.3131313131306237 0
9677 0.9595959595958347 0.3030303030296402 0
9678 0.959595959595835 0.2929292929286568 0
9679 0.9595959595958358 0.2828282828276732 0
9680 0.9595959595958361 0.2727272727266897 0
9681 0.9595959595958369 0.2626262626257062 0
9682 0.9595959595958375 0.2525252525247227 0
9683 0.9595959595958382 0.2424242424237392 0
9684 0.9595959595958389 0.2323232323227556 0
9685 0.9595959595958395 0.2222222222217722 0
9686 0.95959595959584 0.2121212121207887 0
9687 0.9595959595958404 0.2020202020198052 0
9688 0.9595959595958413 0.1919191919188217 0
9689 0.9595959595958418 0.1818181818178382 0
9690 0.9595959595958427 0.1717171717168546 0
9691 0.9595959595958431 0.1616161616158711 0
9692 0.9595959595958435 0.1515151515148876 0
9693 0.9595959595958444 0.1414141414139041 0
9694 0.959595959595845 0.1313131313129201 0
9695 0.9595959595958455 0.1212121212119307 0
9696 0.9595959595958462 0.1111111111109351 0
9697 0.9595959595958469 0.1010101010099382 0
9698 0.9595959595958476 0.0909090909089412 0
9699 0.9595959595958482 0.08080808080794427 0
9700 0.9595959595958489 0.07070707070694732 0
9701 0.9595959595958492 0.0606060606059526 0
9702 0.9595959595958498 0.05050505050496137 0
9703 0.9595959595958506 0.04040404040397116 0
9704 0.9595959595958511 0.03030303030298005 0
9705 0.9595959595958518 0.02020202020198703 0
9706 0.9595959595958524 0.01010101010099344 0
9707 0.9696969696968439 0.989898989898963 0
9708 0.9696969696968444 0.9797979797979257 0
9709 0.9696969696968448 0.9696969696968886 0
9710 0.9696969696968453 0.9595959595958511 0
9711 0.9696969696968459 0.9494949494948142 0
9712 0.9696969696968464 0.9393939393937769 0
9713 0.9696969696968467 0.9292929292927395 0
9714 0.9696969696968474 0.9191919191917023 0
9715 0.9696969696968477 0.9090909090906654 0
9716 0.9696969696968482 0.898989898989628 0
9717 0.9696969696968486 0.8888888888885906 0
9718 0.969696969696849 0.8787878787875538 0
9719 0.9696969696968495 0.8686868686865187 0
9720 0.9696969696968499 0.8585858585854845 0
9721 0.9696969696968506 0.8484848484844507 0
9722 0.969696969696851 0.838383838383417 0
9723 0.9696969696968515 0.8282828282823832 0
9724 0.9696969696968519 0.8181818181813493 0
9725 0.9696969696968524 0.8080808080803157 0
9726 0.9696969696968528 0.7979797979792819 0
9727 0.9696969696968535 0.7878787878782481 0
9728 0.9696969696968538 0.7777777777772141 0
9729 0.9696969696968543 0.7676767676761805 0
9730 0.9696969696968547 0.7575757575751464 0
9731 0.9696969696968551 0.7474747474741128 0
9732 0.9696969696968556 0.7373737373730789 0
9733 0.9696969696968561 0.7272727272720452 0
9734 0.9696969696968566 0.7171717171710112 0
9735 0.9696969696968571 0.7070707070699775 0
9736 0.9696969696968576 0.6969696969689436 0
9737 0.9696969696968579 0.6868686868679099 0
9738 0.9696969696968586 0.676767676766876 0
9739 0.9696969696968589 0.6666666666658421 0
9740 0.9696969696968594 0.6565656565648086 0
9741 0.9696969696968598 0.6464646464637744 0
9742 0.9696969696968605 0.6363636363627407 0
9743 0.9696969696968609 0.626262626261707 0
9744 0.9696969696968614 0.6161616161606731 0
9745 0.9696969696968618 0.6060606060596394 0
9746 0.9696969696968623 0.5959595959586055 0
9747 0.9696969696968627 0.5858585858575718 0
9748 0.9696969696968634 0.5757575757565381 0
9749 0.9696969696968638 0.5656565656555042 0
9750 0.969696969696864 0.5555555555544704 0
9751 0.9696969696968645 0.5454545454534365 0
9752 0.969696969696865 0.5353535353524026 0
9753 0.9696969696968655 0.5252525252513689 0
9754 0.969696969696866 0.515151515150335 0
9755 0.9696969696968665 0.5050505050493046 0
9756 0.969696969696867 0.4949494949482963 0
9757 0.9696969696968675 0.4848484848473101 0
9758 0.9696969696968679 0.4747474747463273 0
9759 0.9696969696968682 0.4646464646453444 0
9760 0.9696969696968689 0.4545454545443618 0
9761 0.9696969696968692 0.4444444444433789 0
9762 0.9696969696968698 0.4343434343423962 0
9763 0.9696969696968699 0.4242424242414135 0
9764 0.9696969696968708 0.4141414141404306 0
9765 0.9696969696968711 0.4040404040394477 0
9766 0.9696969696968715 0.3939393939384651 0
9767 0.9696969696968721 0.3838383838374823 0
9768 0.9696969696968725 0.3737373737364994 0
9769 0.969696969696873 0.3636363636355167 0
9770 0.9696969696968736 0.3535353535345339 0
9771 0.9696969696968738 0.3434343434335512 0
9772 0.9696969696968744 0.3333333333325683 0
9773 0.9696969696968749 0.3232323232315856 0
9774 0.9696969696968755 0.3131313131306027 0
9775 0.9696969696968759 0.30303030302962 0
9776 0.9696969696968762 0.2929292929286372 0
9777 0.9696969696968768 0.2828282828276544 0
9778 0.9696969696968771 0.2727272727266715 0
9779 0.9696969696968778 0.2626262626256888 0
9780 0.9696969696968784 0.252525252524706 0
9781 0.9696969696968789 0.2424242424237233 0
9782 0.9696969696968792 0.2323232323227404 0
9783 0.9696969696968797 0.2222222222217577 0
9784 0.96969696969688 0.2121212121207749 0
9785 0.9696969696968806 0.2020202020197921 0
9786 0.969696969696881 0.1919191919188094 0
9787 0.9696969696968815 0.1818181818178266 0
9788 0.9696969696968819 0.1717171717168438 0
9789 0.9696969696968825 0.161616161615861 0
9790 0.9696969696968828 0.1515151515148782 0
9791 0.9696969696968832 0.1414141414138954 0
9792 0.969696969696884 0.1313131313129121 0
9793 0.9696969696968841 0.1212121212119234 0
9794 0.9696969696968848 0.1111111111109284 0
9795 0.969696969696885 0.101010101009932 0
9796 0.9696969696968855 0.09090909090893565 0
9797 0.9696969696968863 0.08080808080793928 0
9798 0.9696969696968868 0.07070707070694293 0
9799 0.969696969696887 0.06060606060594881 0
9800 0.9696969696968877 0.05050505050495822 0
9801 0.9696969696968879 0.04040404040396867 0
9802 0.9696969696968886 0.03030303030297819 0
9803 0.969696969696889 0.0202020202019858 0
9804 0.9696969696968895 0.01010101010099282 0
9805 0.979797979797896 0.989898989898963 0
9806 0.9797979797978964 0.9797979797979259 0
9807 0.9797979797978966 0.969696969696889 0
9808 0.9797979797978971 0.959595959595852 0
9809 0.9797979797978973 0.9494949494948148 0
9810 0.9797979797978977 0.9393939393937778 0
9811 0.9797979797978982 0.9292929292927409 0
9812 0.9797979797978982 0.9191919191917036 0
9813 0.9797979797978984 0.9090909090906666 0
9814 0.9797979797978991 0.8989898989896296 0
9815 0.9797979797978992 0.8888888888885926 0
9816 0.9797979797978995 0.8787878787875556 0
9817 0.9797979797978997 0.86868686868652 0
9818 0.9797979797979002 0.858585858585485 0
9819 0.9797979797979006 0.8484848484844503 0
9820 0.9797979797979006 0.8383838383834152 0
9821 0.9797979797979011 0.8282828282823805 0
9822 0.9797979797979013 0.8181818181813457 0
9823 0.9797979797979015 0.808080808080311 0
9824 0.979797979797902 0.7979797979792761 0
9825 0.9797979797979024 0.7878787878782414 0
9826 0.9797979797979024 0.7777777777772068 0
9827 0.9797979797979028 0.7676767676761719 0
9828 0.9797979797979033 0.7575757575751371 0
9829 0.9797979797979035 0.7474747474741024 0
9830 0.979797979797904 0.7373737373730673 0
9831 0.979797979797904 0.7272727272720327 0
9832 0.9797979797979046 0.7171717171709977 0
9833 0.9797979797979051 0.7070707070699631 0
9834 0.9797979797979051 0.6969696969689283 0
9835 0.9797979797979054 0.6868686868678935 0
9836 0.9797979797979058 0.6767676767668589 0
9837 0.9797979797979059 0.6666666666658241 0
9838 0.9797979797979063 0.6565656565647893 0
9839 0.9797979797979067 0.6464646464637545 0
9840 0.9797979797979068 0.6363636363627199 0
9841 0.9797979797979074 0.6262626262616848 0
9842 0.9797979797979077 0.61616161616065 0
9843 0.9797979797979079 0.6060606060596152 0
9844 0.9797979797979083 0.5959595959585804 0
9845 0.9797979797979086 0.5858585858575456 0
9846 0.9797979797979087 0.575757575756511 0
9847 0.9797979797979091 0.565656565655476 0
9848 0.9797979797979095 0.5555555555544414 0
9849 0.9797979797979097 0.5454545454534065 0
9850 0.9797979797979099 0.5353535353523717 0
9851 0.9797979797979104 0.5252525252513369 0
9852 0.9797979797979108 0.5151515151503021 0
9853 0.9797979797979111 0.5050505050492708 0
9854 0.9797979797979113 0.4949494949482626 0
9855 0.9797979797979117 0.4848484848472768 0
9856 0.9797979797979122 0.4747474747462949 0
9857 0.9797979797979122 0.4646464646453127 0
9858 0.9797979797979126 0.4545454545443307 0
9859 0.9797979797979128 0.4444444444433486 0
9860 0.9797979797979131 0.4343434343423666 0
9861 0.9797979797979135 0.4242424242413845 0
9862 0.9797979797979139 0.4141414141404024 0
9863 0.9797979797979142 0.4040404040394203 0
9864 0.9797979797979144 0.3939393939384382 0
9865 0.9797979797979148 0.3838383838374563 0
9866 0.9797979797979148 0.3737373737364741 0
9867 0.9797979797979153 0.3636363636354921 0
9868 0.9797979797979157 0.3535353535345099 0
9869 0.9797979797979162 0.3434343434335281 0
9870 0.9797979797979162 0.3333333333325459 0
9871 0.9797979797979166 0.3232323232315639 0
9872 0.9797979797979171 0.3131313131305817 0
9873 0.9797979797979173 0.3030303030295998 0
9874 0.9797979797979175 0.2929292929286177 0
9875 0.9797979797979179 0.2828282828276356 0
9876 0.9797979797979182 0.2727272727266535 0
9877 0.9797979797979184 0.2626262626256715 0
9878 0.9797979797979188 0.2525252525246894 0
9879 0.979797979797919 0.2424242424237074 0
9880 0.9797979797979193 0.2323232323227253 0
9881 0.9797979797979197 0.2222222222217433 0
9882 0.9797979797979199 0.2121212121207612 0
9883 0.9797979797979202 0.2020202020197791 0
9884 0.9797979797979206 0.191919191918797 0
9885 0.979797979797921 0.181818181817815 0
9886 0.9797979797979215 0.171717171716833 0
9887 0.9797979797979217 0.1616161616158509 0
9888 0.9797979797979219 0.1515151515148688 0
9889 0.9797979797979222 0.1414141414138868 0
9890 0.9797979797979224 0.1313131313129042 0
9891 0.9797979797979228 0.1212121212119161 0
9892 0.9797979797979233 0.1111111111109217 0
9893 0.9797979797979235 0.1010101010099259 0
9894 0.9797979797979237 0.09090909090893007 0
9895 0.9797979797979242 0.08080808080793431 0
9896 0.9797979797979242 0.07070707070693852 0
9897 0.9797979797979246 0.06060606060594501 0
9898 0.979797979797925 0.05050505050495507 0
9899 0.9797979797979253 0.04040404040396617 0
9900 0.9797979797979257 0.03030303030297633 0
9901 0.9797979797979259 0.02020202020198456 0
9902 0.9797979797979264 0.0101010101009922 0
9903 0.9898989898989481 0.9898989898989634 0
9904 0.9898989898989481 0.9797979797979262 0
9905 0.9898989898989485 0.9696969696968895 0
9906 0.9898989898989485 0.9595959595958524 0
9907 0.9898989898989488 0.9494949494948155 0
9908 0.9898989898989488 0.9393939393937787 0
9909 0.989898989898949 0.9292929292927418 0
9910 0.989898989898949 0.919191919191705 0
9911 0.9898989898989494 0.9090909090906681 0
9912 0.9898989898989496 0.8989898989896311 0
9913 0.9898989898989496 0.8888888888885942 0
9914 0.9898989898989499 0.8787878787875574 0
9915 0.9898989898989499 0.8686868686865213 0
9916 0.9898989898989501 0.8585858585854854 0
9917 0.9898989898989503 0.8484848484844496 0
9918 0.9898989898989505 0.8383838383834139 0
9919 0.9898989898989508 0.8282828282823781 0
9920 0.989898989898951 0.8181818181813424 0
9921 0.9898989898989509 0.8080808080803064 0
9922 0.9898989898989509 0.7979797979792708 0
9923 0.9898989898989511 0.7878787878782352 0
9924 0.9898989898989513 0.7777777777771993 0
9925 0.9898989898989515 0.7676767676761637 0
9926 0.9898989898989518 0.7575757575751277 0
9927 0.9898989898989519 0.7474747474740917 0
9928 0.9898989898989521 0.737373737373056 0
9929 0.9898989898989522 0.7272727272720203 0
9930 0.9898989898989524 0.7171717171709844 0
9931 0.9898989898989523 0.7070707070699487 0
9932 0.9898989898989524 0.696969696968913 0
9933 0.9898989898989528 0.6868686868678773 0
9934 0.989898989898953 0.6767676767668416 0
9935 0.9898989898989533 0.6666666666658057 0
9936 0.9898989898989532 0.65656565656477 0
9937 0.9898989898989532 0.646464646463734 0
9938 0.9898989898989533 0.6363636363626985 0
9939 0.9898989898989534 0.6262626262616626 0
9940 0.9898989898989541 0.6161616161606269 0
9941 0.9898989898989541 0.606060606059591 0
9942 0.9898989898989541 0.5959595959585555 0
9943 0.9898989898989543 0.5858585858575196 0
9944 0.9898989898989543 0.5757575757564839 0
9945 0.9898989898989545 0.565656565655448 0
9946 0.989898989898955 0.5555555555544123 0
9947 0.989898989898955 0.5454545454533766 0
9948 0.9898989898989552 0.5353535353523409 0
9949 0.9898989898989554 0.5252525252513049 0
9950 0.9898989898989554 0.5151515151502692 0
9951 0.9898989898989554 0.5050505050492371 0
9952 0.9898989898989556 0.4949494949482286 0
9953 0.9898989898989559 0.4848484848472436 0
9954 0.9898989898989559 0.4747474747462622 0
9955 0.9898989898989563 0.4646464646452809 0
9956 0.9898989898989563 0.4545454545442996 0
9957 0.9898989898989565 0.4444444444433183 0
9958 0.9898989898989567 0.4343434343423369 0
9959 0.9898989898989567 0.4242424242413555 0
9960 0.989898989898957 0.4141414141403742 0
9961 0.9898989898989572 0.4040404040393929 0
9962 0.9898989898989572 0.3939393939384116 0
9963 0.9898989898989572 0.3838383838374302 0
9964 0.9898989898989576 0.3737373737364488 0
9965 0.9898989898989579 0.3636363636354675 0
9966 0.9898989898989581 0.3535353535344862 0
9967 0.9898989898989581 0.3434343434335049 0
9968 0.9898989898989581 0.3333333333325235 0
9969 0.9898989898989585 0.3232323232315422 0
9970 0.9898989898989585 0.3131313131305609 0
9971 0.9898989898989585 0.3030303030295795 0
9972 0.989898989898959 0.2929292929285982 0
9973 0.989898989898959 0.2828282828276169 0
9974 0.989898989898959 0.2727272727266354 0
9975 0.9898989898989594 0.262626262625654 0
9976 0.9898989898989594 0.2525252525246727 0
9977 0.9898989898989596 0.2424242424236914 0
9978 0.9898989898989599 0.2323232323227101 0
9979 0.9898989898989601 0.2222222222217288 0
9980 0.9898989898989601 0.2121212121207474 0
9981 0.9898989898989603 0.2020202020197661 0
9982 0.9898989898989605 0.1919191919187847 0
9983 0.9898989898989605 0.1818181818178034 0
9984 0.9898989898989607 0.1717171717168221 0
9985 0.9898989898989607 0.1616161616158407 0
9986 0.989898989898961 0.1515151515148594 0
9987 0.9898989898989612 0.141414141413878 0
9988 0.9898989898989616 0.1313131313128962 0
9989 0.9898989898989616 0.1212121212119088 0
9990 0.9898989898989616 0.111111111110915 0
9991 0.9898989898989616 0.1010101010099198 0
9992 0.9898989898989621 0.09090909090892452 0
9993 0.9898989898989621 0.08080808080792931 0
9994 0.9898989898989625 0.07070707070693411 0
9995 0.9898989898989625 0.06060606060594123 0
9996 0.9898989898989625 0.05050505050495194 0
9997 0.9898989898989627 0.04040404040396367 0
9998 0.989898989898963 0.03030303030297447 0
9999 0.9898989898989632 0.02020202020198332 0
10000 0.9898989898989632 0.01010101010099158 0
$EndNodes
$Elements
10197
1 1 2 1 1 1 5
2 1 2 1 1 5 6
3 1 2 1 1 6 7
4 1 2 1 1 7 8
5 1 2 1 1 8 9
6 1 2 1 1 9 10
7 1 2 1 1 10 11
8 1 2 1 1 11 12
9 1 2 1 1 12 13
10 1 2 1 1 13 14
11 1 2 1 1 14 15
12 1 2 1 1 15 16
13 1 2 1 1 16 17
14 1 2 1 1 17 18
15 1 2 1 1 18 19
16 1 2 1 1 19 20
17 1 2 1 1 20 21
18 1 2 1 1 21 22
19 1 2 1 1 22 23
20 1 2 1 1 23 24
21 1 2 1 1 24 25
22 1 2 1 1 25 26
23 1 2 1 1 26 27
24 1 2 1 1 27 28
25 1 2 1 1 28 29
26 1 2 1 1 29 30
27 1 2 1 1 30 31
28 1 2 1 1 31 32
29 1 2 1 1 32 33
30 1 2 1 1 33 34
31 1 2 1 1 34 35
32 1 2 1 1 35 36
33 1 2 1 1 36 37
34 1 2 1 1 37 38
35 1 2 1 1 38 39
36 1 2 1 1 39 40
37 1 2 1 1 40 41
38 1 2 1 1 41 42
39 1 2 1 1 42 43
40 1 2 1 1 43 44
41 1 2 1 1 44 45
42 1 2 1 1 45 46
43 1 2 1 1 46 47
44 1 2 1 1 47 48
45 1 2 1 1 48 49
46 1 2 1 1 49 50
47 1 2 1 1 50 51
48 1 2 1 1 51 52
49 1 2 1 1 52 53
50 1 2 1 1 53 54
51 1 2 1 1 54 55
52 1 2 1 1 55 56
53 1 2 1 1 56 57
54 1 2 1 1 57 58
55 1 2 1 1 58 59
56 1 2 1 1 59 60
57 1 2 1 1 60 61
58 1 2 1 1 61 62
59 1 2 1 1 62 63
60 1 2 1 1 63 64
61 1 2 1 1 64 65
62 1 2 1 1 65 66
63 1 2 1 1 66 67
64 1 2 1 1 67 68
65 1 2 1 1 68 69
66 1 2 1 1 69 70
67 1 2 1 1 70 71
68 1 2 1 1 71 72
69 1 2 1 1 72 73
70 1 2 1 1 73 74
71 1 2 1 1 74 75
72 1 2 1 1 75 76
73 1 2 1 1 76 77
74 1 2 1 1 77 78
75 1 2 1 1 78 79
76 1 2 1 1 79 80
77 1 2 1 1 80 81
78 1 2 1 1 81 82
79 1 2 1 1 82 83
80 1 2 1 1 83 84
81 1 2 1 1 84 85
82 1 2 1 1 85 86
83 1 2 1 1 86 87
84 1 2 1 1 87 88
85 1 2 1 1 88 89
86 1 2 1 1 89 90
87 1 2 1 1 90 91
88 1 2 1 1 91 92
89 1 2 1 1 92 93
90 1 2 1 1 93 94
91 1 2 1 1 94 95
92 1 2 1 1 95 96
93 1 2 1 1 96 97
94 1 2 1 1 97 98
95 1 2 1 1 98 99
96 1 2 1 1 99 100
97 1 2 1 1 100 101
98 1 2 1 1 101 102
99 1 2 1 1 102 2
100 1 2 1 2 2 103
101 1 2 1 2 103 104
102 1 2 1 2 104 105
103 1 2 1 2 105 106
104 1 2 1 2 106 107
105 1 2 1 2 107 108
106 1 2 1 2 108 109
107 1 2 1 2 109 110
108 1 2 1 2 110 111
109 1 2 1 2 111 112
110 1 2 1 2 112 113
111 1 2 1 2 113 114
112 1 2 1 2 114 115
113 1 2 1 2 115 116
114 1 2 1 2 116 117
115 1 2 1 2 117 118
116 1 2 1 2 118 119
117 1 2 1 2 119 120
118 1 2 1 2 120 121
119 1 2 1 2 121 122
120 1 2 1 2 122 123
121 1 2 1 2 123 124
122 1 2 1 2 124 125
123 1 2 1 2 125 126
124 1 2 1 2 126 127
125 1 2 1 2 127 128
126 1 2 1 2 128 129
127 1 2 1 2 129 130
128 1 2 1 2 130 131
129 1 2 1 2 131 132
130 1 2 1 2 132 133
131 1 2 1 2 133 134
132 1 2 1 2 134 135
133 1 2 1 2 135 136
134 1 2 1 2 136 137
135 1 2 1 2 137 138
136 1 2 1 2 138 139
137 1 2 1 2 139 140
138 1 2 1 2 140 141
139 1 2 1 2 141 142
140 1 2 1 2 142 143
141 1 2 1 2 143 144
142 1 2 1 2 144 145
143 1 2 1 2 145 146
144 1 2 1 2 146 147
145 1 2 1 2 147 148
146 1 2 1 2 148 149
147 1 2 1 2 149 150
148 1 2 1 2 150 151
149 1 2 1 2 151 152
150 1 2 1 2 152 153
151 1 2 1 2 153 154
152 1 2 1 2 154 155
153 1 2 1 2 155 156
154 1 2 1 2 156 157
155 1 2 1 2 157 158
156 1 2 1 2 158 159
157 1 2 1 2 159 160
158 1 2 1 2 160 161
159 1 2 1 2 161 162
160 1 2 1 2 162 163
161 1 2 1 2 163 164
162 1 2 1 2 164 165
163 1 2 1 2 165 166
164 1 2 1 2 166 167
165 1 2 1 2 167 168
166 1 2 1 2 168 169
167 1 2 1 2 169 170
168 1 2 1 2 170 171
169 1 2 1 2 171 172
170 1 2 1 2 172 173
171 1 2 1 2 173 174
172 1 2 1 2 174 175
173 1 2 1 2 175 176
174 1 2 1 2 176 177
175 1 2 1 2 177 178
176 1 2 1 2 178 179
177 1 2 1 2 179 180
178 1 2 1 2 180 181
179 1 2 1 2 181 182
180 1 2 1 2 182 183
181 1 2 1 2 183 184
182 1 2 1 2 184 185
183 1 2 1 2 185 186
184 1 2 1 2 186 187
185 1 2 1 2 187 188
186 1 2 1 2 188 189
187 1 2 1 2 189 190
188 1 2 1 2 190 191
189 1 2 1 2 191 192
190 1 2 1 2 192 193
191 1 2 1 2 193 194
192 1 2 1 2 194 195
193 1 2 1 2 195 196
194 1 2 1 2 196 197
195 1 2 1 2 197 198
196 1 2 1 2 198 199
197 1 2 1 2 199 200
198 1 2 1 2 200 3
199 1 2 1 3 3 201
200 1 2 1 3 201 202
201 1 2 1 3 202 203
202 1 2 1 3 203 204
203 1 2 1 3 204 205
204 1 2 1 3 205 206
205 1 2 1 3 206 207
206 1 2 1 3 207 208
207 1 2 1 3 208 209
208 1 2 1 3 209 210
209 1 2 1 3 210 211
210 1 2 1 3 211 212
211 1 2 1 3 212 213
212 1 2 1 3 213 214
213 1 2 1 3 214 215
214 1 2 1 3 215 216
215 1 2 1 3 216 217
216 1 2 1 3 217 218
217 1 2 1 3 218 219
218 1 2 1 3 219 220
219 1 2 1 3 220 221
220 1 2 1 3 221 222
221 1 2 1 3 222 223
222 1 2 1 3 223 224
223 1 2 1 3 224 225
224 1 2 1 3 225 226
225 1 2 1 3 226 227
226 1 2 1 3 227 228
227 1 2 1 3 228 229
228 1 2 1 3 229 230
229 1 2 1 3 230 231
230 1 2 1 3 231 232
231 1 2 1 3 232 233
232 1 2 1 3 233 234
233 1 2 1 3 234 235
234 1 2 1 3 235 236
235 1 2 1 3 236 237
236 1 2 1 3 237 238
237 1 2 1 3 238 239
238 1 2 1 3 239 240
239 1 2 1 3 240 241
240 1 2 1 3 241 242
241 1 2 1 3 242 243
242 1 2 1 3 243 244
243 1 2 1 3 244 245
244 1 2 1 3 245 246
245 1 2 1 3 246 247
246 1 2 1 3 247 248
247 1 2 1 3 248 249
248 1 2 1 3 249 250
249 1 2 1 3 250 251
250 1 2 1 3 251 252
251 1 2 1 3 252 253
252 1 2 1 3 253 254
253 1 2 1 3 254 255
254 1 2 1 3 255 256
255 1 2 1 3 256 257
256 1 2 1 3 257 258
257 1 2 1 3 258 259
258 1 2 1 3 259 260
259 1 2 1 3 260 261
260 1 2 1 3 261 262
261 1 2 1 3 262 263
262 1 2 1 3 263 264
263 1 2 1 3 264 265
264 1 2 1 3 265 266
265 1 2 1 3 266 267
266 1 2 1 3 267 268
267 1 2 1 3 268 269
268 1 2 1 3 269 270
269 1 2 1 3 270 271
270 1 2 1 3 271 272
271 1 2 1 3 272 273
272 1 2 1 3 273 274
273 1 2 1 3 274 275
274 1 2 1 3 275 276
275 1 2 1 3 276 277
276 1 2 1 3 277 278
277 1 2 1 3 278 279
278 1 2 1 3 279 280
279 1 2 1 3 280 281
280 1 2 1 3 281 282
281 1 2 1 3 282 283
282 1 2 1 3 283 284
283 1 2 1 3 284 285
284 1 2 1 3 285 286
285 1 2 1 3 286 287
286 1 2 1 3 287 288
287 1 2 1 3 288 289
288 1 2 1 3 289 290
289 1 2 1 3 290 291
290 1 2 1 3 291 292
291 1 2 1 3 292 293
292 1 2 1 3 293 294
293 1 2 1 3 294 295
294 1 2 1 3 295 296
295 1 2 1 3 296 297
296 1 2 1 3 297 298
297 1 2 1 3 298 4
298 1 2 1 4 4 299
299 1 2 1 4 299 300
300 1 2 1 4 300 301
301 1 2 1 4 301 302
302 1 2 1 4 302 303
303 1 2 1 4 303 304
304 1 2 1 4 304 305
305 1 2 1 4 305 306
306 1 2 1 4 306 307
307 1 2 1 4 307 308
308 1 2 1 4 308 309
309 1 2 1 4 309 310
310 1 2 1 4 310 311
311 1 2 1 4 311 312
312 1 2 1 4 312 313
313 1 2 1 4 313 314
314 1 2 1 4 314 315
315 1 2 1 4 315 316
316 1 2 1 4 316 317
317 1 2 1 4 317 318
318 1 2 1 4 318 319
319 1 2 1 4 319 320
320 1 2 1 4 320 321
321 1 2 1 4 321 322
322 1 2 1 4 322 323
323 1 2 1 4 323 324
324 1 2 1 4 324 325
325 1 2 1 4 325 326
326 1 2 1 4 326 327
327 1 2 1 4 327 328
328 1 2 1 4 328 329
329 1 2 1 4 329 330
330 1 2 1 4 330 331
331 1 2 1 4 331 332
332 1 2 1 4 332 333
333 1 2 1 4 333 334
334 1 2 1 4 334 335
335 1 2 1 4 335 336
336 1 2 1 4 336 337
337 1 2 1 4 337 338
338 1 2 1 4 338 339
339 1 2 1 4 339 340
340 1 2 1 4 340 341
341 1 2 1 4 341 342
342 1 2 1 4 342 343
343 1 2 1 4 343 344
344 1 2 1 4 344 345
345 1 2 1 4 345 346
346 1 2 1 4 346 347
347 1 2 1 4 347 348
348 1 2 1 4 348 349
349 1 2 1 4 349 350
350 1 2 1 4 350 351
351 1 2 1 4 351 352
352 1 2 1 4 352 353
353 1 2 1 4 353 354
354 1 2 1 4 354 355
355 1 2 1 4 355 356
356 1 2 1 4 356 357
357 1 2 1 4 357 358
358 1 2 1 4 358 359
359 1 2 1 4 359 360
360 1 2 1 4 360 361
361 1 2 1 4 361 362
362 1 2 1 4 362 363
363 1 2 1 4 363 364
364 1 2 1 4 364 365
365 1 2 1 4 365 366
366 1 2 1 4 366 367
367 1 2 1 4 367 368
368 1 2 1 4 368 369
369 1 2 1 4 369 370
370 1 2 1 4 370 371
371 1 2 1 4 371 372
372 1 2 1 4 372 373
373 1 2 1 4 373 374
374 1 2 1 4 374 375
375 1 2 1 4 375 376
376 1 2 1 4 376 377
377 1 2 1 4 377 378
378 1 2 1 4 378 379
379 1 2 1 4 379 380
380 1 2 1 4 380 381
381 1 2 1 4 381 382
382 1 2 1 4 382 383
383 1 2 1 4 383 384
384 1 2 1 4 384 385
385 1 2 1 4 385 386
386 1 2 1 4 386 387
387 1 2 1 4 387 388
388 1 2 1 4 388 389
389 1 2 1 4 389 390
390 1 2 1 4 390 391
391 1 2 1 4 391 392
392 1 2 1 4 392 393
393 1 2 1 4 393 394
394 1 2 1 4 394 395
395 1 2 1 4 395 396
396 1 2 1 4 396 1
397 3 2 2 1 4 299 397 298
398 3 2 2 1 299 300 398 397
399 3 2 2 1 300 301 399 398
400 3 2 2 1 301 302 400 399
401 3 2 2 1 302 303 401 400
402 3 2 2 1 303 304 402 401
403 3 2 2 1 304 305 403 402
404 3 2 2 1 305 306 404 403
405 3 2 2 1 306 307 405 404
406 3 2 2 1 307 308 406 405
407 3 2 2 1 308 309 407 406
408 3 2 2 1 309 310 408 407
409 3 2 2 1 310 311 409 408
410 3 2 2 1 311 312 410 409
411 3 2 2 1 312 313 411 410
412 3 2 2 1 313 314 412 411
413 3 2 2 1 314 315 413 412
414 3 2 2 1 315 316 414 413
415 3 2 2 1 316 317 415 414
416 3 2 2 1 317 318 416 415
417 3 2 2 1 318 319 417 416
418 3 2 2 1 319 320 418 417
419 3 2 2 1 320 321 419 418
420 3 2 2 1 321 322 420 419
421 3 2 2 1 322 323 421 420
422 3 2 2 1 323 324 422 421
423 3 2 2 1 324 325 423 422
424 3 2 2 1 325 326 424 423
425 3 2 2 1 326 327 425 424
426 3 2 2 1 327 328 426 425
427 3 2 2 1 328 329 427 426
428 3 2 2 1 329 330 428 427
429 3 2 2 1 330 331 429 428
430 3 2 2 1 331 332 430 429
431 3 2 2 1 332 333 431 430
432 3 2 2 1 333 334 432 431
433 3 2 2 1 334 335 433 432
434 3 2 2 1 335 336 434 433
435 3 2 2 1 336 337 435 434
436 3 2 2 1 337 338 436 435
437 3 2 2 1 338 339 437 436
438 3 2 2 1 339 340 438 437
439 3 2 2 1 340 341 439 438
440 3 2 2 1 341 342 440 439
441 3 2 2 1 342 343 441 440
442 3 2 2 1 343 344 442 441
443 3 2 2 1 344 345 443 442
444 3 2 2 1 345 346 444 443
445 3 2 2 1 346 347 445 444
446 3 2 2 1 347 348 446 445
447 3 2 2 1 348 349 447 446
448 3 2 2 1 349 350 448 447
449 3 2 2 1 350 351 449 448
450 3 2 2 1 351 352 450 449
451 3 2 2 1 352 353 451 450
452 3 2 2 1 353 354 452 451
453 3 2 2 1 354 355 453 452
454 3 2 2 1 355 356 454 453
455 3 2 2 1 356 357 455 454
456 3 2 2 1 357 358 456 455
457 3 2 2 1 358 359 457 456
458 3 2 2 1 359 360 458 457
459 3 2 2 1 360 361 459 458
460 3 2 2 1 361 362 460 459
461 3 2 2 1 362 363 461 460
462 3 2 2 1 363 364 462 461
463 3 2 2 1 364 365 463 462
464 3 2 2 1 365 366 464 463
465 3 2 2 1 366 367 465 464
466 3 2 2 1 367 368 466 465
467 3 2 2 1 368 369 467 466
468 3 2 2 1 369 370 468 467
469 3 2 2 1 370 371 469 468
470 3 2 2 1 371 372 470 469
471 3 2 2 1 372 373 471 470
472 3 2 2 1 373 374 472 471
473 3 2 2 1 374 375 473 472
474 3 2 2 1 375 376 474 473
475 3 2 2 1 376 377 475 474
476 3 2 2 1 377 378 476 475
477 3 2 2 1 378 379 477 476
478 3 2 2 1 379 380 478 477
479 3 2 2 1 380 381 479 478
480 3 2 2 1 381 382 480 479
481 3 2 2 1 382 383 481 480
482 3 2 2 1 383 384 482 481
483 3 2 2 1 384 385 483 482
484 3 2 2 1 385 386 484 483
485 3 2 2 1 386 387 485 484
486 3 2 2 1 387 388 486 485
487 3 2 2 1 388 389 487 486
488 3 2 2 1 389 390 488 487
489 3 2 2 1 390 391 489 488
490 3 2 2 1 391 392 490 489
491 3 2 2 1 392 393 491 490
492 3 2 2 1 393 394 492 491
493 3 2 2 1 394 395 493 492
494 3 2 2 1 395 396 494 493
495 3 2 2 1 396 1 5 494
496 3 2 2 1 298 397 495 297
497 3 2 2 1 397 398 496 495
498 3 2 2 1 398 399 497 496
499 3 2 2 1 399 400 498 497
500 3 2 2 1 400 401 499 498
501 3 2 2 1 401 402 500 499
502 3 2 2 1 402 403 501 500
503 3 2 2 1 403 404 502 501
504 3 2 2 1 404 405 503 502
505 3 2 2 1 405 406 504 503
506 3 2 2 1 406 407 505 504
507 3 2 2 1 407 408 506 505
508 3 2 2 1 408 409 507 506
509 3 2 2 1 409 410 508 507
510 3 2 2 1 410 411 509 508
511 3 2 2 1 411 412 510 509
512 3 2 2 1 412 413 511 510
513 3 2 2 1 413 414 512 511
514 3 2 2 1 414 415 513 512
515 3 2 2 1 415 416 514 513
516 3 2 2 1 416 417 515 514
517 3 2 2 1 417 418 516 515
518 3 2 2 1 418 419 517 516
519 3 2 2 1 419 420 518 517
520 3 2 2 1 420 421 519 518
521 3 2 2 1 421 422 520 519
522 3 2 2 1 422 423 521 520
523 3 2 2 1 423 424 522 521
524 3 2 2 1 424 425 523 522
525 3 2 2 1 425 426 524 523
526 3 2 2 1 426 427 525 524
527 3 2 2 1 427 428 526 525
528 3 2 2 1 428 429 527 526
529 3 2 2 1 429 430 528 527
530 3 2 2 1 430 431 529 528
531 3 2 2 1 431 432 530 529
532 3 2 2 1 432 433 531 530
533 3 2 2 1 433 434 532 531
534 3 2 2 1 434 435 533 532
535 3 2 2 1 435 436 534 533
536 3 2 2 1 436 437 535 534
537 3 2 2 1 437 438 536 535
538 3 2 2 1 438 439 537 536
539 3 2 2 1 439 440 538 537
540 3 2 2 1 440 441 539 538
541 3 2 2 1 441 442 540 539
542 3 2 2 1 442 443 541 540
543 3 2 2 1 443 444 542 541
544 3 2 2 1 444 445 543 542
545 3 2 2 1 445 446 544 543
546 3 2 2 1 446 447 545 544
547 3 2 2 1 447 448 546 545
548 3 2 2 1 448 449 547 546
549 3 2 2 1 449 450 548 547
550 3 2 2 1 450 451 549 548
551 3 2 2 1 451 452 550 549
552 3 2 2 1 452 453 551 550
553 3 2 2 1 453 454 552 551
554 3 2 2 1 454 455 553 552
555 3 2 2 1 455 456 554 553
556 3 2 2 1 456 457 555 554
557 3 2 2 1 457 458 556 555
558 3 2 2 1 458 459 557 556
559 3 2 2 1 459 460 558 557
560 3 2 2 1 460 461 559 558
561 3 2 2 1 461 462 560 559
562 3 2 2 1 462 463 561 560
563 3 2 2 1 463 464 562 561
564 3 2 2 1 464 465 563 562
565 3 2 2 1 465 466 564 563
566 3 2 2 1 466 467 565 564
567 3 2 2 1 467 468 566 565
568 3 2 2 1 468 469 567 566
569 3 2 2 1 469 470 568 567
570 3 2 2 1 470 471 569 568
571 3 2 2 1 471 472 570 569
572 3 2 2 1 472 473 571 570
573 3 2 2 1 473 474 572 571
574 3 2 2 1 474 475 573 572
575 3 2 2 1 475 476 574 573
576 3 2 2 1 476 477 575 574
577 3 2 2 1 477 478 576 575
578 3 2 2 1 478 479 577 576
579 3 2 2 1 479 480 578 577
580 3 2 2 1 480 481 579 578
581 3 2 2 1 481 482 580 579
582 3 2 2 1 482 483 581 580
583 3 2 2 1 483 484 582 581
584 3 2 2 1 484 485 583 582
585 3 2 2 1 485 486 584 583
586 3 2 2 1 486 487 585 584
587 3 2 2 1 487 488 586 585
588 3 2 2 1 488 489 587 586
589 3 2 2 1 489 490 588 587
590 3 2 2 1 490 491 589 588
591 3 2 2 1 491 492 590 589
592 3 2 2 1 492 493 591 590
593 3 2 2 1 493 494 592 591
594 3 2 2 1 494 5 6 592
595 3 2 2 1 297 495 593 296
596 3 2 2 1 495 496 594 593
597 3 2 2 1 496 497 595 594
598 3 2 2 1 497 498 596 595
599 3 2 2 1 498 499 597 596
600 3 2 2 1 499 500 598 597
601 3 2 2 1 500 501 599 598
602 3 2 2 1 501 502 600 599
603 3 2 2 1 502 503 601 600
604 3 2 2 1 503 504 602 601
605 3 2 2 1 504 505 603 602
606 3 2 2 1 505 506 604 603
607 3 2 2 1 506 507 605 604
608 3 2 2 1 507 508 606 605
609 3 2 2 1 508 509 607 606
610 3 2 2 1 509 510 608 607
611 3 2 2 1 510 511 609 608
612 3 2 2 1 511 512 610 609
613 3 2 2 1 512 513 611 610
614 3 2 2 1 513 514 612 611
615 3 2 2 1 514 515 613 612
616 3 2 2 1 515 516 614 613
617 3 2 2 1 516 517 615 614
618 3 2 2 1 517 518 616 615
619 3 2 2 1 518 519 617 616
620 3 2 2 1 519 520 618 617
621 3 2 2 1 520 521 619 618
622 3 2 2 1 521 522 620 619
623 3 2 2 1 522 523 621 620
624 3 2 2 1 523 524 622 621
625 3 2 2 1 524 525 623 622
626 3 2 2 1 525 526 624 623
627 3 2 2 1 526 527 625 624
628 3 2 2 1 527 528 626 625
629 3 2 2 1 528 529 627 626
630 3 2 2 1 529 530 628 627
631 3 2 2 1 530 531 629 628
632 3 2 2 1 531 532 630 629
633 3 2 2 1 532 533 631 630
634 3 2 2 1 533 534 632 631
635 3 2 2 1 534 535 633 632
636 3 2 2 1 535 536 634 633
637 3 2 2 1 536 537 635 634
638 3 2 2 1 537 538 636 635
639 3 2 2 1 538 539 637 636
640 3 2 2 1 539 540 638 637
641 3 2 2 1 540 541 639 638
642 3 2 2 1 541 542 640 639
643 3 2 2 1 542 543 641 640
644 3 2 2 1 543 544 642 641
645 3 2 2 1 544 545 643 642
646 3 2 2 1 545 546 644 643
647 3 2 2 1 546 547 645 644
648 3 2 2 1 547 548 646 645
649 3 2 2 1 548 549 647 646
650 3 2 2 1 549 550 648 647
651 3 2 2 1 550 551 649 648
652 3 2 2 1 551 552 650 649
653 3 2 2 1 552 553 651 650
654 3 2 2 1 553 554 652 651
655 3 2 2 1 554 555 653 652
656 3 2 2 1 555 556 654 653
657 3 2 2 1 556 557 655 654
658 3 2 2 1 557 558 656 655
659 3 2 2 1 558 559 657 656
660 3 2 2 1 559 560 658 657
661 3 2 2 1 560 561 659 658
662 3 2 2 1 561 562 660 659
663 3 2 2 1 562 563 661 660
664 3 2 2 1 563 564 662 661
665 3 2 2 1 564 565 663 662
666 3 2 2 1 565 566 664 663
667 3 2 2 1 566 567 665 664
668 3 2 2 1 567 568 666 665
669 3 2 2 1 568 569 667 666
670 3 2 2 1 569 570 668 667
671 3 2 2 1 570 571 669 668
672 3 2 2 1 571 572 670 669
673 3 2 2 1 572 573 671 670
674 3 2 2 1 573 574 672 671
675 3 2 2 1 574 575 673 672
676 3 2 2 1 575 576 674 673
677 3 2 2 1 576 577 675 674
678 3 2 2 1 577 578 676 675
679 3 2 2 1 578 579 677 676
680 3 2 2 1 579 580 678 677
681 3 2 2 1 580 581 679 678
682 3 2 2 1 581 582 680 679
683 3 2 2 1 582 583 681 680
684 3 2 2 1 583 584 682 681
685 3 2 2 1 584 585 683 682
686 3 2 2 1 585 586 684 683
687 3 2 2 1 586 587 685 684
688 3 2 2 1 587 588 686 685
689 3 2 2 1 588 589 687 686
690 3 2 2 1 589 590 688 687
691 3 2 2 1 590 591 689 688
692 3 2 2 1 591 592 690 689
693 3 2 2 1 592 6 7 690
694 3 2 2 1 296 593 691 295
695 3 2 2 1 593 594 692 691
696 3 2 2 1 594 595 693 692
697 3 2 2 1 595 596 694 693
698 3 2 2 1 596 597 695 694
699 3 2 2 1 597 598 696 695
700 3 2 2 1 598 599 697 696
701 3 2 2 1 599 600 698 697
702 3 2 2 1 600 601 699 698
703 3 2 2 1 601 602 700 699
704 3 2 2 1 602 603 701 700
705 3 2 2 1 603 604 702 701
706 3 2 2 1 604 605 703 702
707 3 2 2 1 605 606 704 703
708 3 2 2 1 606 607 705 704
709 3 2 2 1 607 608 706 705
710 3 2 2 1 608 609 707 706
711 3 2 2 1 609 610 708 707
712 3 2 2 1 610 611 709 708
713 3 2 2 1 611 612 710 709
714 3 2 2 1 612 613 711 710
715 3 2 2 1 613 614 712 711
716 3 2 2 1 614 615 713 712
717 3 2 2 1 615 616 714 713
718 3 2 2 1 616 617 715 714
719 3 2 2 1 617 618 716 715
720 3 2 2 1 618 619 717 716
721 3 2 2 1 619 620 718 717
722 3 2 2 1 620 621 719 718
723 3 2 2 1 621 622 720 719
724 3 2 2 1 622 623 721 720
725 3 2 2 1 623 624 722 721
726 3 2 2 1 624 625 723 722
727 3 2 2 1 625 626 724 723
728 3 2 2 1 626 627 725 724
729 3 2 2 1 627 628 726 725
730 3 2 2 1 628 629 727 726
731 3 2 2 1 629 630 728 727
732 3 2 2 1 630 631 729 728
733 3 2 2 1 631 632 730 729
734 3 2 2 1 632 633 731 730
735 3 2 2 1 633 634 732 731
736 3 2 2 1 634 635 733 732
737 3 2 2 1 635 636 734 733
738 3 2 2 1 636 637 735 734
739 3 2 2 1 637 638 736 735
740 3 2 2 1 638 639 737 736
741 3 2 2 1 639 640 738 737
742 3 2 2 1 640 641 739 738
743 3 2 2 1 641 642 740 739
744 3 2 2 1 642 643 741 740
745 3 2 2 1 643 644 742 741
746 3 2 2 1 644 645 743 742
747 3 2 2 1 645 646 744 743
748 3 2 2 1 646 647 745 744
749 3 2 2 1 647 648 746 745
750 3 2 2 1 648 649 747 746
751 3 2 2 1 649 650 748 747
752 3 2 2 1 650 651 749 748
753 3 2 2 1 651 652 750 749
754 3 2 2 1 652 653 751 750
755 3 2 2 1 653 654 752 751
756 3 2 2 1 654 655 753 752
757 3 2 2 1 655 656 754 753
758 3 2 2 1 656 657 755 754
759 3 2 2 1 657 658 756 755
760 3 2 2 1 658 659 757 756
761 3 2 2 1 659 660 758 757
762 3 2 2 1 660 661 759 758
763 3 2 2 1 661 662 760 759
764 3 2 2 1 662 663 761 760
765 3 2 2 1 663 664 762 761
766 3 2 2 1 664 665 763 762
767 3 2 2 1 665 666 764 763
768 3 2 2 1 666 667 765 764
769 3 2 2 1 667 668 766 765
770 3 2 2 1 668 669 767 766
771 3 2 2 1 669 670 768 767
772 3 2 2 1 670 671 769 768
773 3 2 2 1 671 672 770 769
774 3 2 2 1 672 673 771 770
775 3 2 2 1 673 674 772 771
776 3 2 2 1 674 675 773 772
777 3 2 2 1 675 676 774 773
778 3 2 2 1 676 677 775 774
779 3 2 2 1 677 678 776 775
780 3 2 2 1 678 679 777 776
781 3 2 2 1 679 680 778 777
782 3 2 2 1 680 681 779 778
783 3 2 2 1 681 682 780 779
784 3 2 2 1 682 683 781 780
785 3 2 2 1 683 684 782 781
786 3 2 2 1 684 685 783 782
787 3 2 2 1 685 686 784 783
788 3 2 2 1 686 687 785 784
789 3 2 2 1 687 688 786 785
790 3 2 2 1 688 689 787 786
791 3 2 2 1 689 690 788 787
792 3 2 2 1 690 7 8 788
793 3 2 2 1 295 691 789 294
794 3 2 2 1 691 692 790 789
795 3 2 2 1 692 693 791 790
796 3 2 2 1 693 694 792 791
797 3 2 2 1 694 695 793 792
798 3 2 2 1 695 696 794 793
799 3 2 2 1 696 697 795 794
800 3 2 2 1 697 698 796 795
801 3 2 2 1 698 699 797 796
802 3 2 2 1 699 700 798 797
803 3 2 2 1 700 701 799 798
804 3 2 2 1 701 702 800 799
805 3 2 2 1 702 703 801 800
806 3 2 2 1 703 704 802 801
807 3 2 2 1 704 705 803 802
808 3 2 2 1 705 706 804 803
809 3 2 2 1 706 707 805 804
810 3 2 2 1 707 708 806 805
811 3 2 2 1 708 709 807 806
812 3 2 2 1 709 710 808 807
813 3 2 2 1 710 711 809 808
814 3 2 2 1 711 712 810 809
815 3 2 2 1 712 713 811 810
816 3 2 2 1 713 714 812 811
817 3 2 2 1 714 715 813 812
818 3 2 2 1 715 716 814 813
819 3 2 2 1 716 717 815 814
820 3 2 2 1 717 718 816 815
821 3 2 2 1 718 719 817 816
822 3 2 2 1 719 720 818 817
823 3 2 2 1 720 721 819 818
824 3 2 2 1 721 722 820 819
825 3 2 2 1 722 723 821 820
826 3 2 2 1 723 724 822 821
827 3 2 2 1 724 725 823 822
828 3 2 2 1 725 726 824 823
829 3 2 2 1 726 727 825 824
830 3 2 2 1 727 728 826 825
831 3 2 2 1 728 729 827 826
832 3 2 2 1 729 730 828 827
833 3 2 2 1 730 731 829 828
834 3 2 2 1 731 732 830 829
835 3 2 2 1 732 733 831 830
836 3 2 2 1 733 734 832 831
837 3 2 2 1 734 735 833 832
838 3 2 2 1 735 736 834 833
839 3 2 2 1 736 737 835 834
840 3 2 2 1 737 738 836 835
841 3 2 2 1 738 739 837 836
842 3 2 2 1 739 740 838 837
843 3 2 2 1 740 741 839 838
844 3 2 2 1 741 742 840 839
845 3 2 2 1 742 743 841 840
846 3 2 2 1 743 744 842 841
847 3 2 2 1 744 745 843 842
848 3 2 2 1 745 746 844 843
849 3 2 2 1 746 747 845 844
850 3 2 2 1 747 748 846 845
851 3 2 2 1 748 749 847 846
852 3 2 2 1 749 750 848 847
853 3 2 2 1 750 751 849 848
854 3 2 2 1 751 752 850 849
855 3 2 2 1 752 753 851 850
856 3 2 2 1 753 754 852 851
857 3 2 2 1 754 755 853 852
858 3 2 2 1 755 756 854 853
859 3 2 2 1 756 757 855 854
860 3 2 2 1 757 758 856 855
861 3 2 2 1 758 759 857 856
862 3 2 2 1 759 760 858 857
863 3 2 2 1 760 761 859 858
864 3 2 2 1 761 762 860 859
865 3 2 2 1 762 763 861 860
866 3 2 2 1 763 764 862 861
867 3 2 2 1 764 765 863 862
868 3 2 2 1 765 766 864 863
869 3 2 2 1 766 767 865 864
870 3 2 2 1 767 768 866 865
871 3 2 2 1 768 769 867 866
872 3 2 2 1 769 770 868 867
873 3 2 2 1 770 771 869 868
874 3 2 2 1 771 772 870 869
875 3 2 2 1 772 773 871 870
876 3 2 2 1 773 774 872 871
877 3 2 2 1 774 775 873 872
878 3 2 2 1 775 776 874 873
879 3 2 2 1 776 777 875 874
880 3 2 2 1 777 778 876 875
881 3 2 2 1 778 779 877 876
882 3 2 2 1 779 780 878 877
883 3 2 2 1 780 781 879 878
884 3 2 2 1 781 782 880 879
885 3 2 2 1 782 783 881 880
886 3 2 2 1 783 784 882 881
887 3 2 2 1 784 785 883 882
888 3 2 2 1 785 786 884 883
889 3 2 2 1 786 787 885 884
890 3 2 2 1 787 788 886 885
891 3 2 2 1 788 8 9 886
892 3 2 2 1 294 789 887 293
893 3 2 2 1 789 790 888 887
894 3 2 2 1 790 791 889 888
895 3 2 2 1 791 792 890 889
896 3 2 2 1 792 793 891 890
897 3 2 2 1 793 794 892 891
898 3 2 2 1 794 795 893 892
899 3 2 2 1 795 796 894 893
900 3 2 2 1 796 797 895 894
901 3 2 2 1 797 798 896 895
902 3 2 2 1 798 799 897 896
903 3 2 2 1 799 800 898 897
904 3 2 2 1 800 801 899 898
905 3 2 2 1 801 802 900 899
906 3 2 2 1 802 803 901 900
907 3 2 2 1 803 804 902 901
908 3 2 2 1 804 805 903 902
909 3 2 2 1 805 806 904 903
910 3 2 2 1 806 807 905 904
911 3 2 2 1 807 808 906 905
912 3 2 2 1 808 809 907 906
913 3 2 2 1 809 810 908 907
914 3 2 2 1 810 811 909 908
915 3 2 2 1 811 812 910 909
916 3 2 2 1 812 813 911 910
917 3 2 2 1 813 814 912 911
918 3 2 2 1 814 815 913 912
919 3 2 2 1 815 816 914 913
920 3 2 2 1 816 817 915 914
921 3 2 2 1 817 818 916 915
922 3 2 2 1 818 819 917 916
923 3 2 2 1 819 820 918 917
924 3 2 2 1 820 821 919 918
925 3 2 2 1 821 822 920 919
926 3 2 2 1 822 823 921 920
927 3 2 2 1 823 824 922 921
928 3 2 2 1 824 825 923 922
929 3 2 2 1 825 826 924 923
930 3 2 2 1 826 827 925 924
931 3 2 2 1 827 828 926 925
932 3 2 2 1 828 829 927 926
933 3 2 2 1 829 830 928 927
934 3 2 2 1 830 831 929 928
935 3 2 2 1 831 832 930 929
936 3 2 2 1 832 833 931 930
937 3 2 2 1 833 834 932 931
938 3 2 2 1 834 835 933 932
939 3 2 2 1 835 836 934 933
940 3 2 2 1 836 837 935 934
941 3 2 2 1 837 838 936 935
942 3 2 2 1 838 839 937 936
943 3 2 2 1 839 840 938 937
944 3 2 2 1 840 841 939 938
945 3 2 2 1 841 842 940 939
946 3 2 2 1 842 843 941 940
947 3 2 2 1 843 844 942 941
948 3 2 2 1 844 845 943 942
949 3 2 2 1 845 846 944 943
950 3 2 2 1 846 847 945 944
951 3 2 2 1 847 848 946 945
952 3 2 2 1 848 849 947 946
953 3 2 2 1 849 850 948 947
954 3 2 2 1 850 851 949 948
955 3 2 2 1 851 852 950 949
956 3 2 2 1 852 853 951 950
957 3 2 2 1 853 854 952 951
958 3 2 2 1 854 855 953 952
959 3 2 2 1 855 856 954 953
960 3 2 2 1 856 857 955 954
961 3 2 2 1 857 858 956 955
962 3 2 2 1 858 859 957 956
963 3 2 2 1 859 860 958 957
964 3 2 2 1 860 861 959 958
965 3 2 2 1 861 862 960 959
966 3 2 2 1 862 863 961 960
967 3 2 2 1 863 864 962 961
968 3 2 2 1 864 865 963 962
969 3 2 2 1 865 866 964 963
970 3 2 2 1 866 867 965 964
971 3 2 2 1 867 868 966 965
972 3 2 2 1 868 869 967 966
973 3 2 2 1 869 870 968 967
974 3 2 2 1 870 871 969 968
975 3 2 2 1 871 872 970 969
976 3 2 2 1 872 873 971 970
977 3 2 2 1 873 874 972 971
978 3 2 2 1 874 875 973 972
979 3 2 2 1 875 876 974 973
980 3 2 2 1 876 877 975 974
981 3 2 2 1 877 878 976 975
982 3 2 2 1 878 879 977 976
983 3 2 2 1 879 880 978 977
984 3 2 2 1 880 881 979 978
985 3 2 2 1 881 882 980 979
986 3 2 2 1 882 883 981 980
987 3 2 2 1 883 884 982 981
988 3 2 2 1 884 885 983 982
989 3 2 2 1 885 886 984 983
990 3 2 2 1 886 9 10 984
991 3 2 2 1 293 887 985 292
992 3 2 2 1 887 888 986 985
993 3 2 2 1 888 889 987 986
994 3 2 2 1 889 890 988 987
995 3 2 2 1 890 891 989 988
996 3 2 2 1 891 892 990 989
997 3 2 2 1 892 893 991 990
998 3 2 2 1 893 894 992 991
999 3 2 2 1 894 895 993 992
1000 3 2 2 1 895 896 994 993
1001 3 2 2 1 896 897 995 994
1002 3 2 2 1 897 898 996 995
1003 3 2 2 1 898 899 997 996
1004 3 2 2 1 899 900 998 997
1005 3 2 2 1 900 901 999 998
1006 3 2 2 1 901 902 1000 999
1007 3 2 2 1 902 903 1001 1000
1008 3 2 2 1 903 904 1002 1001
1009 3 2 2 1 904 905 1003 1002
1010 3 2 2 1 905 906 1004 1003
1011 3 2 2 1 906 907 1005 1004
1012 3 2 2 1 907 908 1006 1005
1013 3 2 2 1 908 909 1007 1006
1014 3 2 2 1 909 910 1008 1007
1015 3 2 2 1 910 911 1009 1008
1016 3 2 2 1 911 912 1010 1009
1017 3 2 2 1 912 913 1011 1010
1018 3 2 2 1 913 914 1012 1011
1019 3 2 2 1 914 915 1013 1012
1020 3 2 2 1 915 916 1014 1013
1021 3 2 2 1 916 917 1015 1014
1022 3 2 2 1 917 918 1016 1015
1023 3 2 2 1 918 919 1017 1016
1024 3 2 2 1 919 920 1018 1017
1025 3 2 2 1 920 921 1019 1018
1026 3 2 2 1 921 922 1020 1019
1027 3 2 2 1 922 923 1021 1020
1028 3 2 2 1 923 924 1022 1021
1029 3 2 2 1 924 925 1023 1022
1030 3 2 2 1 925 926 1024 1023
1031 3 2 2 1 926 927 1025 1024
1032 3 2 2 1 927 928 1026 1025
1033 3 2 2 1 928 929 1027 1026
1034 3 2 2 1 929 930 1028 1027
1035 3 2 2 1 930 931 1029 1028
1036 3 2 2 1 931 932 1030 1029
1037 3 2 2 1 932 933 1031 1030
1038 3 2 2 1 933 934 1032 1031
1039 3 2 2 1 934 935 1033 1032
1040 3 2 2 1 935 936 1034 1033
1041 3 2 2 1 936 937 1035 1034
1042 3 2 2 1 937 938 1036 1035
1043 3 2 2 1 938 939 1037 1036
1044 3 2 2 1 939 940 1038 1037
1045 3 2 2 1 940 941 1039 1038
1046 3 2 2 1 941 942 1040 1039
1047 3 2 2 1 942 943 1041 1040
1048 3 2 2 1 943 944 1042 1041
1049 3 2 2 1 944 945 1043 1042
1050 3 2 2 1 945 946 1044 1043
1051 3 2 2 1 946 947 1045 1044
1052 3 2 2 1 947 948 1046 1045
1053 3 2 2 1 948 949 1047 1046
1054 3 2 2 1 949 950 1048 1047
1055 3 2 2 1 950 951 1049 1048
1056 3 2 2 1 951 952 1050 1049
1057 3 2 2 1 952 953 1051 1050
1058 3 2 2 1 953 954 1052 1051
1059 3 2 2 1 954 955 1053 1052
1060 3 2 2 1 955 956 1054 1053
1061 3 2 2 1 956 957 1055 1054
1062 3 2 2 1 957 958 1056 1055
1063 3 2 2 1 958 959 1057 1056
1064 3 2 2 1 959 960 1058 1057
1065 3 2 2 1 960 961 1059 1058
1066 3 2 2 1 961 962 1060 1059
1067 3 2 2 1 962 963 1061 1060
1068 3 2 2 1 963 964 1062 1061
1069 3 2 2 1 964 965 1063 1062
1070 3 2 2 1 965 966 1064 1063
1071 3 2 2 1 966 967 1065 1064
1072 3 2 2 1 967 968 1066 1065
1073 3 2 2 1 968 969 1067 1066
1074 3 2 2 1 969 970 1068 1067
1075 3 2 2 1 970 971 1069 1068
1076 3 2 2 1 971 972 1070 1069
1077 3 2 2 1 972 973 1071 1070
1078 3 2 2 1 973 974 1072 1071
1079 3 2 2 1 974 975 1073 1072
1080 3 2 2 1 975 976 1074 1073
1081 3 2 2 1 976 977 1075 1074
1082 3 2 2 1 977 978 1076 1075
1083 3 2 2 1 978 979 1077 1076
1084 3 2 2 1 979 980 1078 1077
1085 3 2 2 1 980 981 1079 1078
1086 3 2 2 1 981 982 1080 1079
1087 3 2 2 1 982 983 1081 1080
1088 3 2 2 1 983 984 1082 1081
1089 3 2 2 1 984 10 11 1082
1090 3 2 2 1 292 985 1083 291
1091 3 2 2 1 985 986 1084 1083
1092 3 2 2 1 986 987 1085 1084
1093 3 2 2 1 987 988 1086 1085
1094 3 2 2 1 988 989 1087 1086
1095 3 2 2 1 989 990 1088 1087
1096 3 2 2 1 990 991 1089 1088
1097 3 2 2 1 991 992 1090 1089
1098 3 2 2 1 992 993 1091 1090
1099 3 2 2 1 993 994 1092 1091
1100 3 2 2 1 994 995 1093 1092
1101 3 2 2 1 995 996 1094 1093
1102 3 2 2 1 996 997 1095 1094
1103 3 2 2 1 997 998 1096 1095
1104 3 2 2 1 998 999 1097 1096
1105 3 2 2 1 999 1000 1098 1097
1106 3 2 2 1 1000 1001 1099 1098
1107 3 2 2 1 1001 1002 1100 1099
1108 3 2 2 1 1002 1003 1101 1100
1109 3 2 2 1 1003 1004 1102 1101
1110 3 2 2 1 1004 1005 1103 1102
1111 3 2 2 1 1005 1006 1104 1103
1112 3 2 2 1 1006 1007 1105 1104
1113 3 2 2 1 1007 1008 1106 1105
1114 3 2 2 1 1008 1009 1107 1106
1115 3 2 2 1 1009 1010 1108 1107
1116 3 2 2 1 1010 1011 1109 1108
1117 3 2 2 1 1011 1012 1110 1109
1118 3 2 2 1 1012 1013 1111 1110
1119 3 2 2 1 1013 1014 1112 1111
1120 3 2 2 1 1014 1015 1113 1112
1121 3 2 2 1 1015 1016 1114 1113
1122 3 2 2 1 1016 1017 1115 1114
1123 3 2 2 1 1017 1018 1116 1115
1124 3 2 2 1 1018 1019 1117 1116
1125 3 2 2 1 1019 1020 1118 1117
1126 3 2 2 1 1020 1021 1119 1118
1127 3 2 2 1 1021 1022 1120 1119
1128 3 2 2 1 1022 1023 1121 1120
1129 3 2 2 1 1023 1024 1122 1121
1130 3 2 2 1 1024 1025 1123 1122
1131 3 2 2 1 1025 1026 1124 1123
1132 3 2 2 1 1026 1027 1125 1124
1133 3 2 2 1 1027 1028 1126 1125
1134 3 2 2 1 1028 1029 1127 1126
1135 3 2 2 1 1029 1030 1128 1127
1136 3 2 2 1 1030 1031 1129 1128
1137 3 2 2 1 1031 1032 1130 1129
1138 3 2 2 1 1032 1033 1131 1130
1139 3 2 2 1 1033 1034 1132 1131
1140 3 2 2 1 1034 1035 1133 1132
1141 3 2 2 1 1035 1036 1134 1133
1142 3 2 2 1 1036 1037 1135 1134
1143 3 2 2 1 1037 1038 1136 1135
1144 3 2 2 1 1038 1039 1137 1136
1145 3 2 2 1 1039 1040 1138 1137
1146 3 2 2 1 1040 1041 1139 1138
1147 3 2 2 1 1041 1042 1140 1139
1148 3 2 2 1 1042 1043 1141 1140
1149 3 2 2 1 1043 1044 1142 1141
1150 3 2 2 1 1044 1045 1143 1142
1151 3 2 2 1 1045 1046 1144 1143
1152 3 2 2 1 1046 1047 1145 1144
1153 3 2 2 1 1047 1048 1146 1145
1154 3 2 2 1 1048 1049 1147 1146
1155 3 2 2 1 1049 1050 1148 1147
1156 3 2 2 1 1050 1051 1149 1148
1157 3 2 2 1 1051 1052 1150 1149
1158 3 2 2 1 1052 1053 1151 1150
1159 3 2 2 1 1053 1054 1152 1151
1160 3 2 2 1 1054 1055 1153 1152
1161 3 2 2 1 1055 1056 1154 1153
1162 3 2 2 1 1056 1057 1155 1154
1163 3 2 2 1 1057 1058 1156 1155
1164 3 2 2 1 1058 1059 1157 1156
1165 3 2 2 1 1059 1060 1158 1157
1166 3 2 2 1 1060 1061 1159 1158
1167 3 2 2 1 1061 1062 1160 1159
1168 3 2 2 1 1062 1063 1161 1160
1169 3 2 2 1 1063 1064 1162 1161
1170 3 2 2 1 1064 1065 1163 1162
1171 3 2 2 1 1065 1066 1164 1163
1172 3 2 2 1 1066 1067 1165 1164
1173 3 2 2 1 1067 1068 1166 1165
1174 3 2 2 1 1068 1069 1167 1166
1175 3 2 2 1 1069 1070 1168 1167
1176 3 2 2 1 1070 1071 1169 1168
1177 3 2 2 1 1071 1072 1170 1169
1178 3 2 2 1 1072 1073 1171 1170
1179 3 2 2 1 1073 1074 1172 1171
1180 3 2 2 1 1074 1075 1173 1172
1181 3 2 2 1 1075 1076 1174 1173
1182 3 2 2 1 1076 1077 1175 1174
1183 3 2 2 1 1077 1078 1176 1175
1184 3 2 2 1 1078 1079 1177 1176
1185 3 2 2 1 1079 1080 1178 1177
1186 3 2 2 1 1080 1081 1179 1178
1187 3 2 2 1 1081 1082 1180 1179
1188 3 2 2 1 1082 11 12 1180
1189 3 2 2 1 291 1083 1181 290
1190 3 2 2 1 1083 1084 1182 1181
1191 3 2 2 1 1084 1085 1183 1182
1192 3 2 2 1 1085 1086 1184 1183
1193 3 2 2 1 1086 1087 1185 1184
1194 3 2 2 1 1087 1088 1186 1185
1195 3 2 2 1 1088 1089 1187 1186
1196 3 2 2 1 1089 1090 1188 1187
1197 3 2 2 1 1090 1091 1189 1188
1198 3 2 2 1 1091 1092 1190 1189
1199 3 2 2 1 1092 1093 1191 1190
1200 3 2 2 1 1093 1094 1192 1191
1201 3 2 2 1 1094 1095 1193 1192
1202 3 2 2 1 1095 1096 1194 1193
1203 3 2 2 1 1096 1097 1195 1194
1204 3 2 2 1 1097 1098 1196 1195
1205 3 2 2 1 1098 1099 1197 1196
1206 3 2 2 1 1099 1100 1198 1197
1207 3 2 2 1 1100 1101 1199 1198
1208 3 2 2 1 1101 1102 1200 1199
1209 3 2 2 1 1102 1103 1201 1200
1210 3 2 2 1 1103 1104 1202 1201
1211 3 2 2 1 1104 1105 1203 1202
1212 3 2 2 1 1105 1106 1204 1203
1213 3 2 2 1 1106 1107 1205 1204
1214 3 2 2 1 1107 1108 1206 1205
1215 3 2 2 1 1108 1109 1207 1206
1216 3 2 2 1 1109 1110 1208 1207
1217 3 2 2 1 1110 1111 1209 1208
1218 3 2 2 1 1111 1112 1210 1209
1219 3 2 2 1 1112 1113 1211 1210
1220 3 2 2 1 1113 1114 1212 1211
1221 3 2 2 1 1114 1115 1213 1212
1222 3 2 2 1 1115 1116 1214 1213
1223 3 2 2 1 1116 1117 1215 1214
1224 3 2 2 1 1117 1118 1216 1215
1225 3 2 2 1 1118 1119 1217 1216
1226 3 2 2 1 1119 1120 1218 1217
1227 3 2 2 1 1120 1121 1219 1218
1228 3 2 2 1 1121 1122 1220 1219
1229 3 2 2 1 1122 1123 1221 1220
1230 3 2 2 1 1123 1124 1222 1221
1231 3 2 2 1 1124 1125 1223 1222
1232 3 2 2 1 1125 1126 1224 1223
1233 3 2 2 1 1126 1127 1225 1224
1234 3 2 2 1 1127 1128 1226 1225
1235 3 2 2 1 1128 1129 1227 1226
1236 3 2 2 1 1129 1130 1228 1227
1237 3 2 2 1 1130 1131 1229 1228
1238 3 2 2 1 1131 1132 1230 1229
1239 3 2 2 1 1132 1133 1231 1230
1240 3 2 2 1 1133 1134 1232 1231
1241 3 2 2 1 1134 1135 1233 1232
1242 3 2 2 1 1135 1136 1234 1233
1243 3 2 2 1 1136 1137 1235 1234
1244 3 2 2 1 1137 1138 1236 1235
1245 3 2 2 1 1138 1139 1237 1236
1246 3 2 2 1 1139 1140 1238 1237
1247 3 2 2 1 1140 1141 1239 1238
1248 3 2 2 1 1141 1142 1240 1239
1249 3 2 2 1 1142 1143 1241 1240
1250 3 2 2 1 1143 1144 1242 1241
1251 3 2 2 1 1144 1145 1243 1242
1252 3 2 2 1 1145 1146 1244 1243
1253 3 2 2 1 1146 1147 1245 1244
1254 3 2 2 1 1147 1148 1246 1245
1255 3 2 2 1 1148 1149 1247 1246
1256 3 2 2 1 1149 1150 1248 1247
1257 3 2 2 1 1150 1151 1249 1248
1258 3 2 2 1 1151 1152 1250 1249
1259 3 2 2 1 1152 1153 1251 1250
1260 3 2 2 1 1153 1154 1252 1251
1261 3 2 2 1 1154 1155 1253 1252
1262 3 2 2 1 1155 1156 1254 1253
1263 3 2 2 1 1156 1157 1255 1254
1264 3 2 2 1 1157 1158 1256 1255
1265 3 2 2 1 1158 1159 1257 1256
1266 3 2 2 1 1159 1160 1258 1257
1267 3 2 2 1 1160 1161 1259 1258
1268 3 2 2 1 1161 1162 1260 1259
1269 3 2 2 1 1162 1163 1261 1260
1270 3 2 2 1 1163 1164 1262 1261
1271 3 2 2 1 1164 1165 1263 1262
1272 3 2 2 1 1165 1166 1264 1263
1273 3 2 2 1 1166 1167 1265 1264
1274 3 2 2 1 1167 1168 1266 1265
1275 3 2 2 1 1168 1169 1267 1266
1276 3 2 2 1 1169 1170 1268 1267
1277 3 2 2 1 1170 1171 1269 1268
1278 3 2 2 1 1171 1172 1270 1269
1279 3 2 2 1 1172 1173 1271 1270
1280 3 2 2 1 1173 1174 1272 1271
1281 3 2 2 1 1174 1175 1273 1272
1282 3 2 2 1 1175 1176 1274 1273
1283 3 2 2 1 1176 1177 1275 1274
1284 3 2 2 1 1177 1178 1276 1275
1285 3 2 2 1 1178 1179 1277 1276
1286 3 2 2 1 1179 1180 1278 1277
1287 3 2 2 1 1180 12 13 1278
1288 3 2 2 1 290 1181 1279 289
1289 3 2 2 1 1181 1182 1280 1279
1290 3 2 2 1 1182 1183 1281 1280
1291 3 2 2 1 1183 1184 1282 1281
1292 3 2 2 1 1184 1185 1283 1282
1293 3 2 2 1 1185 1186 1284 1283
1294 3 2 2 1 1186 1187 1285 1284
1295 3 2 2 1 1187 1188 1286 1285
1296 3 2 2 1 1188 1189 1287 1286
1297 3 2 2 1 1189 1190 1288 1287
1298 3 2 2 1 1190 1191 1289 1288
1299 3 2 2 1 1191 1192 1290 1289
1300 3 2 2 1 1192 1193 1291 1290
1301 3 2 2 1 1193 1194 1292 1291
1302 3 2 2 1 1194 1195 1293 1292
1303 3 2 2 1 1195 1196 1294 1293
1304 3 2 2 1 1196 1197 1295 1294
1305 3 2 2 1 1197 1198 1296 1295
1306 3 2 2 1 1198 1199 1297 1296
1307 3 2 2 1 1199 1200 1298 1297
1308 3 2 2 1 1200 1201 1299 1298
1309 3 2 2 1 1201 1202 1300 1299
1310 3 2 2 1 1202 1203 1301 1300
1311 3 2 2 1 1203 1204 1302 1301
1312 3 2 2 1 1204 1205 1303 1302
1313 3 2 2 1 1205 1206 1304 1303
1314 3 2 2 1 1206 1207 1305 1304
1315 3 2 2 1 1207 1208 1306 1305
1316 3 2 2 1 1208 1209 1307 1306
1317 3 2 2 1 1209 1210 1308 1307
1318 3 2 2 1 1210 1211 1309 1308
1319 3 2 2 1 1211 1212 1310 1309
1320 3 2 2 1 1212 1213 1311 1310
1321 3 2 2 1 1213 1214 1312 1311
1322 3 2 2 1 1214 1215 1313 1312
1323 3 2 2 1 1215 1216 1314 1313
1324 3 2 2 1 1216 1217 1315 1314
1325 3 2 2 1 1217 1218 1316 1315
1326 3 2 2 1 1218 1219 1317 1316
1327 3 2 2 1 1219 1220 1318 1317
1328 3 2 2 1 1220 1221 1319 1318
1329 3 2 2 1 1221 1222 1320 1319
1330 3 2 2 1 1222 1223 1321 1320
1331 3 2 2 1 1223 1224 1322 1321
1332 3 2 2 1 1224 1225 1323 1322
1333 3 2 2 1 1225 1226 1324 1323
1334 3 2 2 1 1226 1227 1325 1324
1335 3 2 2 1 1227 1228 1326 1325
1336 3 2 2 1 1228 1229 1327 1326
1337 3 2 2 1 1229 1230 1328 1327
1338 3 2 2 1 1230 1231 1329 1328
1339 3 2 2 1 1231 1232 1330 1329
1340 3 2 2 1 1232 1233 1331 1330
1341 3 2 2 1 1233 1234 1332 1331
1342 3 2 2 1 1234 1235 1333 1332
1343 3 2 2 1 1235 1236 1334 1333
1344 3 2 2 1 1236 1237 1335 1334
1345 3 2 2 1 1237 1238 1336 1335
1346 3 2 2 1 1238 1239 1337 1336
1347 3 2 2 1 1239 1240 1338 1337
1348 3 2 2 1 1240 1241 1339 1338
1349 3 2 2 1 1241 1242 1340 1339
1350 3 2 2 1 1242 1243 1341 1340
1351 3 2 2 1 1243 1244 1342 1341
1352 3 2 2 1 1244 1245 1343 1342
1353 3 2 2 1 1245 1246 1344 1343
1354 3 2 2 1 1246 1247 1345 1344
1355 3 2 2 1 1247 1248 1346 1345
1356 3 2 2 1 1248 1249 1347 1346
1357 3 2 2 1 1249 1250 1348 1347
1358 3 2 2 1 1250 1251 1349 1348
1359 3 2 2 1 1251 1252 1350 1349
1360 3 2 2 1 1252 1253 1351 1350
1361 3 2 2 1 1253 1254 1352 1351
1362 3 2 2 1 1254 1255 1353 1352
1363 3 2 2 1 1255 1256 1354 1353
1364 3 2 2 1 1256 1257 1355 1354
1365 3 2 2 1 1257 1258 1356 1355
1366 3 2 2 1 1258 1259 1357 1356
1367 3 2 2 1 1259 1260 1358 1357
1368 3 2 2 1 1260 1261 1359 1358
1369 3 2 2 1 1261 1262 1360 1359
1370 3 2 2 1 1262 1263 1361 1360
1371 3 2 2 1 1263 1264 1362 1361
1372 3 2 2 1 1264 1265 1363 1362
1373 3 2 2 1 1265 1266 1364 1363
1374 3 2 2 1 1266 1267 1365 1364
1375 3 2 2 1 1267 1268 1366 1365
1376 3 2 2 1 1268 1269 1367 1366
1377 3 2 2 1 1269 1270 1368 1367
1378 3 2 2 1 1270 1271 1369 1368
1379 3 2 2 1 1271 1272 1370 1369
1380 3 2 2 1 1272 1273 1371 1370
1381 3 2 2 1 1273 1274 1372 1371
1382 3 2 2 1 1274 1275 1373 1372
1383 3 2 2 1 1275 1276 1374 1373
1384 3 2 2 1 1276 1277 1375 1374
1385 3 2 2 1 1277 1278 1376 1375
1386 3 2 2 1 1278 13 14 1376
1387 3 2 2 1 289 1279 1377 288
1388 3 2 2 1 1279 1280 1378 1377
1389 3 2 2 1 1280 1281 1379 1378
1390 3 2 2 1 1281 1282 1380 1379
1391 3 2 2 1 1282 1283 1381 1380
1392 3 2 2 1 1283 1284 1382 1381
1393 3 2 2 1 1284 1285 1383 1382
1394 3 2 2 1 1285 1286 1384 1383
1395 3 2 2 1 1286 1287 1385 1384
1396 3 2 2 1 1287 1288 1386 1385
1397 3 2 2 1 1288 1289 1387 1386
1398 3 2 2 1 1289 1290 1388 1387
1399 3 2 2 1 1290 1291 1389 1388
1400 3 2 2 1 1291 1292 1390 1389
1401 3 2 2 1 1292 1293 1391 1390
1402 3 2 2 1 1293 1294 1392 1391
1403 3 2 2 1 1294 1295 1393 1392
1404 3 2 2 1 1295 1296 1394 1393
1405 3 2 2 1 1296 1297 1395 1394
1406 3 2 2 1 1297 1298 1396 1395
1407 3 2 2 1 1298 1299 1397 1396
1408 3 2 2 1 1299 1300 1398 1397
1409 3 2 2 1 1300 1301 1399 1398
1410 3 2 2 1 1301 1302 1400 1399
1411 3 2 2 1 1302 1303 1401 1400
1412 3 2 2 1 1303 1304 1402 1401
1413 3 2 2 1 1304 1305 1403 1402
1414 3 2 2 1 1305 1306 1404 1403
1415 3 2 2 1 1306 1307 1405 1404
1416 3 2 2 1 1307 1308 1406 1405
1417 3 2 2 1 1308 1309 1407 1406
1418 3 2 2 1 1309 1310 1408 1407
1419 3 2 2 1 1310 1311 1409 1408
1420 3 2 2 1 1311 1312 1410 1409
1421 3 2 2 1 1312 1313 1411 1410
1422 3 2 2 1 1313 1314 1412 1411
1423 3 2 2 1 1314 1315 1413 1412
1424 3 2 2 1 1315 1316 1414 1413
1425 3 2 2 1 1316 1317 1415 1414
1426 3 2 2 1 1317 1318 1416 1415
1427 3 2 2 1 1318 1319 1417 1416
1428 3 2 2 1 1319 1320 1418 1417
1429 3 2 2 1 1320 1321 1419 1418
1430 3 2 2 1 1321 1322 1420 1419
1431 3 2 2 1 1322 1323 1421 1420
1432 3 2 2 1 1323 1324 1422 1421
1433 3 2 2 1 1324 1325 1423 1422
1434 3 2 2 1 1325 1326 1424 1423
1435 3 2 2 1 1326 1327 1425 1424
1436 3 2 2 1 1327 1328 1426 1425
1437 3 2 2 1 1328 1329 1427 1426
1438 3 2 2 1 1329 1330 1428 1427
1439 3 2 2 1 1330 1331 1429 1428
1440 3 2 2 1 1331 1332 1430 1429
1441 3 2 2 1 1332 1333 1431 1430
1442 3 2 2 1 1333 1334 1432 1431
1443 3 2 2 1 1334 1335 1433 1432
1444 3 2 2 1 1335 1336 1434 1433
1445 3 2 2 1 1336 1337 1435 1434
1446 3 2 2 1 1337 1338 1436 1435
1447 3 2 2 1 1338 1339 1437 1436
1448 3 2 2 1 1339 1340 1438 1437
1449 3 2 2 1 1340 1341 1439 1438
1450 3 2 2 1 1341 1342 1440 1439
1451 3 2 2 1 1342 1343 1441 1440
1452 3 2 2 1 1343 1344 1442 1441
1453 3 2 2 1 1344 1345 1443 1442
1454 3 2 2 1 1345 1346 1444 1443
1455 3 2 2 1 1346 1347 1445 1444
1456 3 2 2 1 1347 1348 1446 1445
1457 3 2 2 1 1348 1349 1447 1446
1458 3 2 2 1 1349 1350 1448 1447
1459 3 2 2 1 1350 1351 1449 1448
1460 3 2 2 1 1351 1352 1450 1449
1461 3 2 2 1 1352 1353 1451 1450
1462 3 2 2 1 1353 1354 1452 1451
1463 3 2 2 1 1354 1355 1453 1452
1464 3 2 2 1 1355 1356 1454 1453
1465 3 2 2 1 1356 1357 1455 1454
1466 3 2 2 1 1357 1358 1456 1455
1467 3 2 2 1 1358 1359 1457 1456
1468 3 2 2 1 1359 1360 1458 1457
1469 3 2 2 1 1360 1361 1459 1458
1470 3 2 2 1 1361 1362 1460 1459
1471 3 2 2 1 1362 1363 1461 1460
1472 3 2 2 1 1363 1364 1462 1461
1473 3 2 2 1 1364 1365 1463 1462
1474 3 2 2 1 1365 1366 1464 1463
1475 3 2 2 1 1366 1367 1465 1464
1476 3 2 2 1 1367 1368 1466 1465
1477 3 2 2 1 1368 1369 1467 1466
1478 3 2 2 1 1369 1370 1468 1467
1479 3 2 2 1 1370 1371 1469 1468
1480 3 2 2 1 1371 1372 1470 1469
1481 3 2 2 1 1372 1373 1471 1470
1482 3 2 2 1 1373 1374 1472 1471
1483 3 2 2 1 1374 1375 1473 1472
1484 3 2 2 1 1375 1376 1474 1473
1485 3 2 2 1 1376 14 15 1474
1486 3 2 2 1 288 1377 1475 287
1487 3 2 2 1 1377 1378 1476 1475
1488 3 2 2 1 1378 1379 1477 1476
1489 3 2 2 1 1379 1380 1478 1477
1490 3 2 2 1 1380 1381 1479 1478
1491 3 2 2 1 1381 1382 1480 1479
1492 3 2 2 1 1382 1383 1481 1480
1493 3 2 2 1 1383 1384 1482 1481
1494 3 2 2 1 1384 1385 1483 1482
1495 3 2 2 1 1385 1386 1484 1483
1496 3 2 2 1 1386 1387 1485 1484
1497 3 2 2 1 1387 1388 1486 1485
1498 3 2 2 1 1388 1389 1487 1486
1499 3 2 2 1 1389 1390 1488 1487
1500 3 2 2 1 1390 1391 1489 1488
1501 3 2 2 1 1391 1392 1490 1489
1502 3 2 2 1 1392 1393 1491 1490
1503 3 2 2 1 1393 1394 1492 1491
1504 3 2 2 1 1394 1395 1493 1492
1505 3 2 2 1 1395 1396 1494 1493
1506 3 2 2 1 1396 1397 1495 1494
1507 3 2 2 1 1397 1398 1496 1495
1508 3 2 2 1 1398 1399 1497 1496
1509 3 2 2 1 1399 1400 1498 1497
1510 3 2 2 1 1400 1401 1499 1498
1511 3 2 2 1 1401 1402 1500 1499
1512 3 2 2 1 1402 1403 1501 1500
1513 3 2 2 1 1403 1404 1502 1501
1514 3 2 2 1 1404 1405 1503 1502
1515 3 2 2 1 1405 1406 1504 1503
1516 3 2 2 1 1406 1407 1505 1504
1517 3 2 2 1 1407 1408 1506 1505
1518 3 2 2 1 1408 1409 1507 1506
1519 3 2 2 1 1409 1410 1508 1507
1520 3 2 2 1 1410 1411 1509 1508
1521 3 2 2 1 1411 1412 1510 1509
1522 3 2 2 1 1412 1413 1511 1510
1523 3 2 2 1 1413 1414 1512 1511
1524 3 2 2 1 1414 1415 1513 1512
1525 3 2 2 1 1415 1416 1514 1513
1526 3 2 2 1 1416 1417 1515 1514
1527 3 2 2 1 1417 1418 1516 1515
1528 3 2 2 1 1418 1419 1517 1516
1529 3 2 2 1 1419 1420 1518 1517
1530 3 2 2 1 1420 1421 1519 1518
1531 3 2 2 1 1421 1422 1520 1519
1532 3 2 2 1 1422 1423 1521 1520
1533 3 2 2 1 1423 1424 1522 1521
1534 3 2 2 1 1424 1425 1523 1522
1535 3 2 2 1 1425 1426 1524 1523
1536 3 2 2 1 1426 1427 1525 1524
1537 3 2 2 1 1427 1428 1526 1525
1538 3 2 2 1 1428 1429 1527 1526
1539 3 2 2 1 1429 1430 1528 1527
1540 3 2 2 1 1430 1431 1529 1528
1541 3 2 2 1 1431 1432 1530 1529
1542 3 2 2 1 1432 1433 1531 1530
1543 3 2 2 1 1433 1434 1532 1531
1544 3 2 2 1 1434 1435 1533 1532
1545 3 2 2 1 1435 1436 1534 1533
1546 3 2 2 1 1436 1437 1535 1534
1547 3 2 2 1 1437 1438 1536 1535
1548 3 2 2 1 1438 1439 1537 1536
1549 3 2 2 1 1439 1440 1538 1537
1550 3 2 2 1 1440 1441 1539 1538
1551 3 2 2 1 1441 1442 1540 1539
1552 3 2 2 1 1442 1443 1541 1540
1553 3 2 2 1 1443 1444 1542 1541
1554 3 2 2 1 1444 1445 1543 1542
1555 3 2 2 1 1445 1446 1544 1543
1556 3 2 2 1 1446 1447 1545 1544
1557 3 2 2 1 1447 1448 1546 1545
1558 3 2 2 1 1448 1449 1547 1546
1559 3 2 2 1 1449 1450 1548 1547
1560 3 2 2 1 1450 1451 1549 1548
1561 3 2 2 1 1451 1452 1550 1549
1562 3 2 2 1 1452 1453 1551 1550
1563 3 2 2 1 1453 1454 1552 1551
1564 3 2 2 1 1454 1455 1553 1552
1565 3 2 2 1 1455 1456 1554 1553
1566 3 2 2 1 1456 1457 1555 1554
1567 3 2 2 1 1457 1458 1556 1555
1568 3 2 2 1 1458 1459 1557 1556
1569 3 2 2 1 1459 1460 1558 1557
1570 3 2 2 1 1460 1461 1559 1558
1571 3 2 2 1 1461 1462 1560 1559
1572 3 2 2 1 1462 1463 1561 1560
1573 3 2 2 1 1463 1464 1562 1561
1574 3 2 2 1 1464 1465 1563 1562
1575 3 2 2 1 1465 1466 1564 1563
1576 3 2 2 1 1466 1467 1565 1564
1577 3 2 2 1 1467 1468 1566 1565
1578 3 2 2 1 1468 1469 1567 1566
1579 3 2 2 1 1469 1470 1568 1567
1580 3 2 2 1 1470 1471 1569 1568
1581 3 2 2 1 1471 1472 1570 1569
1582 3 2 2 1 1472 1473 1571 1570
1583 3 2 2 1 1473 1474 1572 1571
1584 3 2 2 1 1474 15 16 1572
1585 3 2 2 1 287 1475 1573 286
1586 3 2 2 1 1475 1476 1574 1573
1587 3 2 2 1 1476 1477 1575 1574
1588 3 2 2 1 1477 1478 1576 1575
1589 3 2 2 1 1478 1479 1577 1576
1590 3 2 2 1 1479 1480 1578 1577
1591 3 2 2 1 1480 1481 1579 1578
1592 3 2 2 1 1481 1482 1580 1579
1593 3 2 2 1 1482 1483 1581 1580
1594 3 2 2 1 1483 1484 1582 1581
1595 3 2 2 1 1484 1485 1583 1582
1596 3 2 2 1 1485 1486 1584 1583
1597 3 2 2 1 1486 1487 1585 1584
1598 3 2 2 1 1487 1488 1586 1585
1599 3 2 2 1 1488 1489 1587 1586
1600 3 2 2 1 1489 1490 1588 1587
1601 3 2 2 1 1490 1491 1589 1588
1602 3 2 2 1 1491 1492 1590 1589
1603 3 2 2 1 1492 1493 1591 1590
1604 3 2 2 1 1493 1494 1592 1591
1605 3 2 2 1 1494 1495 1593 1592
1606 3 2 2 1 1495 1496 1594 1593
1607 3 2 2 1 1496 1497 1595 1594
1608 3 2 2 1 1497 1498 1596 1595
1609 3 2 2 1 1498 1499 1597 1596
1610 3 2 2 1 1499 1500 1598 1597
1611 3 2 2 1 1500 1501 1599 1598
1612 3 2 2 1 1501 1502 1600 1599
1613 3 2 2 1 1502 1503 1601 1600
1614 3 2 2 1 1503 1504 1602 1601
1615 3 2 2 1 1504 1505 1603 1602
1616 3 2 2 1 1505 1506 1604 1603
1617 3 2 2 1 1506 1507 1605 1604
1618 3 2 2 1 1507 1508 1606 1605
1619 3 2 2 1 1508 1509 1607 1606
1620 3 2 2 1 1509 1510 1608 1607
1621 3 2 2 1 1510 1511 1609 1608
1622 3 2 2 1 1511 1512 1610 1609
1623 3 2 2 1 1512 1513 1611 1610
1624 3 2 2 1 1513 1514 1612 1611
1625 3 2 2 1 1514 1515 1613 1612
1626 3 2 2 1 1515 1516 1614 1613
1627 3 2 2 1 1516 1517 1615 1614
1628 3 2 2 1 1517 1518 1616 1615
1629 3 2 2 1 1518 1519 1617 1616
1630 3 2 2 1 1519 1520 1618 1617
1631 3 2 2 1 1520 1521 1619 1618
1632 3 2 2 1 1521 1522 1620 1619
1633 3 2 2 1 1522 1523 1621 1620
1634 3 2 2 1 1523 1524 1622 1621
1635 3 2 2 1 1524 1525 1623 1622
1636 3 2 2 1 1525 1526 1624 1623
1637 3 2 2 1 1526 1527 1625 1624
1638 3 2 2 1 1527 1528 1626 1625
1639 3 2 2 1 1528 1529 1627 1626
1640 3 2 2 1 1529 1530 1628 1627
1641 3 2 2 1 1530 1531 1629 1628
1642 3 2 2 1 1531 1532 1630 1629
1643 3 2 2 1 1532 1533 1631 1630
1644 3 2 2 1 1533 1534 1632 1631
1645 3 2 2 1 1534 1535 1633 1632
1646 3 2 2 1 1535 1536 1634 1633
1647 3 2 2 1 1536 1537 1635 1634
1648 3 2 2 1 1537 1538 1636 1635
1649 3 2 2 1 1538 1539 1637 1636
1650 3 2 2 1 1539 1540 1638 1637
1651 3 2 2 1 1540 1541 1639 1638
1652 3 2 2 1 1541 1542 1640 1639
1653 3 2 2 1 1542 1543 1641 1640
1654 3 2 2 1 1543 1544 1642 1641
1655 3 2 2 1 1544 1545 1643 1642
1656 3 2 2 1 1545 1546 1644 1643
1657 3 2 2 1 1546 1547 1645 1644
1658 3 2 2 1 1547 1548 1646 1645
1659 3 2 2 1 1548 1549 1647 1646
1660 3 2 2 1 1549 1550 1648 1647
1661 3 2 2 1 1550 1551 1649 1648
1662 3 2 2 1 1551 1552 1650 1649
1663 3 2 2 1 1552 1553 1651 1650
1664 3 2 2 1 1553 1554 1652 1651
1665 3 2 2 1 1554 1555 1653 1652
1666 3 2 2 1 1555 1556 1654 1653
1667 3 2 2 1 1556 1557 1655 1654
1668 3 2 2 1 1557 1558 1656 1655
1669 3 2 2 1 1558 1559 1657 1656
1670 3 2 2 1 1559 1560 1658 1657
1671 3 2 2 1 1560 1561 1659 1658
1672 3 2 2 1 1561 1562 1660 1659
1673 3 2 2 1 1562 1563 1661 1660
1674 3 2 2 1 1563 1564 1662 1661
1675 3 2 2 1 1564 1565 1663 1662
1676 3 2 2 1 1565 1566 1664 1663
1677 3 2 2 1 1566 1567 1665 1664
1678 3 2 2 1 1567 1568 1666 1665
1679 3 2 2 1 1568 1569 1667 1666
1680 3 2 2 1 1569 1570 1668 1667
1681 3 2 2 1 1570 1571 1669 1668
1682 3 2 2 1 1571 1572 1670 1669
1683 3 2 2 1 1572 16 17 1670
1684 3 2 2 1 286 1573 1671 285
1685 3 2 2 1 1573 1574 1672 1671
1686 3 2 2 1 1574 1575 1673 1672
1687 3 2 2 1 1575 1576 1674 1673
1688 3 2 2 1 1576 1577 1675 1674
1689 3 2 2 1 1577 1578 1676 1675
1690 3 2 2 1 1578 1579 1677 1676
1691 3 2 2 1 1579 1580 1678 1677
1692 3 2 2 1 1580 1581 1679 1678
1693 3 2 2 1 1581 1582 1680 1679
1694 3 2 2 1 1582 1583 1681 1680
1695 3 2 2 1 1583 1584 1682 1681
1696 3 2 2 1 1584 1585 1683 1682
1697 3 2 2 1 1585 1586 1684 1683
1698 3 2 2 1 1586 1587 1685 1684
1699 3 2 2 1 1587 1588 1686 1685
1700 3 2 2 1 1588 1589 1687 1686
1701 3 2 2 1 1589 1590 1688 1687
1702 3 2 2 1 1590 1591 1689 1688
1703 3 2 2 1 1591 1592 1690 1689
1704 3 2 2 1 1592 1593 1691 1690
1705 3 2 2 1 1593 1594 1692 1691
1706 3 2 2 1 1594 1595 1693 1692
1707 3 2 2 1 1595 1596 1694 1693
1708 3 2 2 1 1596 1597 1695 1694
1709 3 2 2 1 1597 1598 1696 1695
1710 3 2 2 1 1598 1599 1697 1696
1711 3 2 2 1 1599 1600 1698 1697
1712 3 2 2 1 1600 1601 1699 1698
1713 3 2 2 1 1601 1602 1700 1699
1714 3 2 2 1 1602 1603 1701 1700
1715 3 2 2 1 1603 1604 1702 1701
1716 3 2 2 1 1604 1605 1703 1702
1717 3 2 2 1 1605 1606 1704 1703
1718 3 2 2 1 1606 1607 1705 1704
1719 3 2 2 1 1607 1608 1706 1705
1720 3 2 2 1 1608 1609 1707 1706
1721 3 2 2 1 1609 1610 1708 1707
1722 3 2 2 1 1610 1611 1709 1708
1723 3 2 2 1 1611 1612 1710 1709
1724 3 2 2 1 1612 1613 1711 1710
1725 3 2 2 1 1613 1614 1712 1711
1726 3 2 2 1 1614 1615 1713 1712
1727 3 2 2 1 1615 1616 1714 1713
1728 3 2 2 1 1616 1617 1715 1714
1729 3 2 2 1 1617 1618 1716 1715
1730 3 2 2 1 1618 1619 1717 1716
1731 3 2 2 1 1619 1620 1718 1717
1732 3 2 2 1 1620 1621 1719 1718
1733 3 2 2 1 1621 1622 1720 1719
1734 3 2 2 1 1622 1623 1721 1720
1735 3 2 2 1 1623 1624 1722 1721
1736 3 2 2 1 1624 1625 1723 1722
1737 3 2 2 1 1625 1626 1724 1723
1738 3 2 2 1 1626 1627 1725 1724
1739 3 2 2 1 1627 1628 1726 1725
1740 3 2 2 1 1628 1629 1727 1726
1741 3 2 2 1 1629 1630 1728 1727
1742 3 2 2 1 1630 1631 1729 1728
1743 3 2 2 1 1631 1632 1730 1729
1744 3 2 2 1 1632 1633 1731 1730
1745 3 2 2 1 1633 1634 1732 1731
1746 3 2 2 1 1634 1635 1733 1732
1747 3 2 2 1 1635 1636 1734 1733
1748 3 2 2 1 1636 1637 1735 1734
1749 3 2 2 1 1637 1638 1736 1735
1750 3 2 2 1 1638 1639 1737 1736
1751 3 2 2 1 1639 1640 1738 1737
1752 3 2 2 1 1640 1641 1739 1738
1753 3 2 2 1 1641 1642 1740 1739
1754 3 2 2 1 1642 1643 1741 1740
1755 3 2 2 1 1643 1644 1742 1741
1756 3 2 2 1 1644 1645 1743 1742
1757 3 2 2 1 1645 1646 1744 1743
1758 3 2 2 1 1646 1647 1745 1744
1759 3 2 2 1 1647 1648 1746 1745
1760 3 2 2 1 1648 1649 1747 1746
1761 3 2 2 1 1649 1650 1748 1747
1762 3 2 2 1 1650 1651 1749 1748
1763 3 2 2 1 1651 1652 1750 1749
1764 3 2 2 1 1652 1653 1751 1750
1765 3 2 2 1 1653 1654 1752 1751
1766 3 2 2 1 1654 1655 1753 1752
1767 3 2 2 1 1655 1656 1754 1753
1768 3 2 2 1 1656 1657 1755 1754
1769 3 2 2 1 1657 1658 1756 1755
1770 3 2 2 1 1658 1659 1757 1756
1771 3 2 2 1 1659 1660 1758 1757
1772 3 2 2 1 1660 1661 1759 1758
1773 3 2 2 1 1661 1662 1760 1759
1774 3 2 2 1 1662 1663 1761 1760
1775 3 2 2 1 1663 1664 1762 1761
1776 3 2 2 1 1664 1665 1763 1762
1777 3 2 2 1 1665 1666 1764 1763
1778 3 2 2 1 1666 1667 1765 1764
1779 3 2 2 1 1667 1668 1766 1765
1780 3 2 2 1 1668 1669 1767 1766
1781 3 2 2 1 1669 1670 1768 1767
1782 3 2 2 1 1670 17 18 1768
1783 3 2 2 1 285 1671 1769 284
1784 3 2 2 1 1671 1672 1770 1769
1785 3 2 2 1 1672 1673 1771 1770
1786 3 2 2 1 1673 1674 1772 1771
1787 3 2 2 1 1674 1675 1773 1772
1788 3 2 2 1 1675 1676 1774 1773
1789 3 2 2 1 1676 1677 1775 1774
1790 3 2 2 1 1677 1678 1776 1775
1791 3 2 2 1 1678 1679 1777 1776
1792 3 2 2 1 1679 1680 1778 1777
1793 3 2 2 1 1680 1681 1779 1778
1794 3 2 2 1 1681 1682 1780 1779
1795 3 2 2 1 1682 1683 1781 1780
1796 3 2 2 1 1683 1684 1782 1781
1797 3 2 2 1 1684 1685 1783 1782
1798 3 2 2 1 1685 1686 1784 1783
1799 3 2 2 1 1686 1687 1785 1784
1800 3 2 2 1 1687 1688 1786 1785
1801 3 2 2 1 1688 1689 1787 1786
1802 3 2 2 1 1689 1690 1788 1787
1803 3 2 2 1 1690 1691 1789 1788
1804 3 2 2 1 1691 1692 1790 1789
1805 3 2 2 1 1692 1693 1791 1790
1806 3 2 2 1 1693 1694 1792 1791
1807 3 2 2 1 1694 1695 1793 1792
1808 3 2 2 1 1695 1696 1794 1793
1809 3 2 2 1 1696 1697 1795 1794
1810 3 2 2 1 1697 1698 1796 1795
1811 3 2 2 1 1698 1699 1797 1796
1812 3 2 2 1 1699 1700 1798 1797
1813 3 2 2 1 1700 1701 1799 1798
1814 3 2 2 1 1701 1702 1800 1799
1815 3 2 2 1 1702 1703 1801 1800
1816 3 2 2 1 1703 1704 1802 1801
1817 3 2 2 1 1704 1705 1803 1802
1818 3 2 2 1 1705 1706 1804 1803
1819 3 2 2 1 1706 1707 1805 1804
1820 3 2 2 1 1707 1708 1806 1805
1821 3 2 2 1 1708 1709 1807 1806
1822 3 2 2 1 1709 1710 1808 1807
1823 3 2 2 1 1710 1711 1809 1808
1824 3 2 2 1 1711 1712 1810 1809
1825 3 2 2 1 1712 1713 1811 1810
1826 3 2 2 1 1713 1714 1812 1811
1827 3 2 2 1 1714 1715 1813 1812
1828 3 2 2 1 1715 1716 1814 1813
1829 3 2 2 1 1716 1717 1815 1814
1830 3 2 2 1 1717 1718 1816 1815
1831 3 2 2 1 1718 1719 1817 1816
1832 3 2 2 1 1719 1720 1818 1817
1833 3 2 2 1 1720 1721 1819 1818
1834 3 2 2 1 1721 1722 1820 1819
1835 3 2 2 1 1722 1723 1821 1820
1836 3 2 2 1 1723 1724 1822 1821
1837 3 2 2 1 1724 1725 1823 1822
1838 3 2 2 1 1725 1726 1824 1823
1839 3 2 2 1 1726 1727 1825 1824
1840 3 2 2 1 1727 1728 1826 1825
1841 3 2 2 1 1728 1729 1827 1826
1842 3 2 2 1 1729 1730 1828 1827
1843 3 2 2 1 1730 1731 1829 1828
1844 3 2 2 1 1731 1732 1830 1829
1845 3 2 2 1 1732 1733 1831 1830
1846 3 2 2 1 1733 1734 1832 1831
1847 3 2 2 1 1734 1735 1833 1832
1848 3 2 2 1 1735 1736 1834 1833
1849 3 2 2 1 1736 1737 1835 1834
1850 3 2 2 1 1737 1738 1836 1835
1851 3 2 2 1 1738 1739 1837 1836
1852 3 2 2 1 1739 1740 1838 1837
1853 3 2 2 1 1740 1741 1839 1838
1854 3 2 2 1 1741 1742 1840 1839
1855 3 2 2 1 1742 1743 1841 1840
1856 3 2 2 1 1743 1744 1842 1841
1857 3 2 2 1 1744 1745 1843 1842
1858 3 2 2 1 1745 1746 1844 1843
1859 3 2 2 1 1746 1747 1845 1844
1860 3 2 2 1 1747 1748 1846 1845
1861 3 2 2 1 1748 1749 1847 1846
1862 3 2 2 1 1749 1750 1848 1847
1863 3 2 2 1 1750 1751 1849 1848
1864 3 2 2 1 1751 1752 1850 1849
1865 3 2 2 1 1752 1753 1851 1850
1866 3 2 2 1 1753 1754 1852 1851
1867 3 2 2 1 1754 1755 1853 1852
1868 3 2 2 1 1755 1756 1854 1853
1869 3 2 2 1 1756 1757 1855 1854
1870 3 2 2 1 1757 1758 1856 1855
1871 3 2 2 1 1758 1759 1857 1856
1872 3 2 2 1 1759 1760 1858 1857
1873 3 2 2 1 1760 1761 1859 1858
1874 3 2 2 1 1761 1762 1860 1859
1875 3 2 2 1 1762 1763 1861 1860
1876 3 2 2 1 1763 1764 1862 1861
1877 3 2 2 1 1764 1765 1863 1862
1878 3 2 2 1 1765 1766 1864 1863
1879 3 2 2 1 1766 1767 1865 1864
1880 3 2 2 1 1767 1768 1866 1865
1881 3 2 2 1 1768 18 19 1866
1882 3 2 2 1 284 1769 1867 283
1883 3 2 2 1 1769 1770 1868 1867
1884 3 2 2 1 1770 1771 1869 1868
1885 3 2 2 1 1771 1772 1870 1869
1886 3 2 2 1 1772 1773 1871 1870
1887 3 2 2 1 1773 1774 1872 1871
1888 3 2 2 1 1774 1775 1873 1872
1889 3 2 2 1 1775 1776 1874 1873
1890 3 2 2 1 1776 1777 1875 1874
1891 3 2 2 1 1777 1778 1876 1875
1892 3 2 2 1 1778 1779 1877 1876
1893 3 2 2 1 1779 1780 1878 1877
1894 3 2 2 1 1780 1781 1879 1878
1895 3 2 2 1 1781 1782 1880 1879
1896 3 2 2 1 1782 1783 1881 1880
1897 3 2 2 1 1783 1784 1882 1881
1898 3 2 2 1 1784 1785 1883 1882
1899 3 2 2 1 1785 1786 1884 1883
1900 3 2 2 1 1786 1787 1885 1884
1901 3 2 2 1 1787 1788 1886 1885
1902 3 2 2 1 1788 1789 1887 1886
1903 3 2 2 1 1789 1790 1888 1887
1904 3 2 2 1 1790 1791 1889 1888
1905 3 2 2 1 1791 1792 1890 1889
1906 3 2 2 1 1792 1793 1891 1890
1907 3 2 2 1 1793 1794 1892 1891
1908 3 2 2 1 1794 1795 1893 1892
1909 3 2 2 1 1795 1796 1894 1893
1910 3 2 2 1 1796 1797 1895 1894
1911 3 2 2 1 1797 1798 1896 1895
1912 3 2 2 1 1798 1799 1897 1896
1913 3 2 2 1 1799 1800 1898 1897
1914 3 2 2 1 1800 1801 1899 1898
1915 3 2 2 1 1801 1802 1900 1899
1916 3 2 2 1 1802 1803 1901 1900
1917 3 2 2 1 1803 1804 1902 1901
1918 3 2 2 1 1804 1805 1903 1902
1919 3 2 2 1 1805 1806 1904 1903
1920 3 2 2 1 1806 1807 1905 1904
1921 3 2 2 1 1807 1808 1906 1905
1922 3 2 2 1 1808 1809 1907 1906
1923 3 2 2 1 1809 1810 1908 1907
1924 3 2 2 1 1810 1811 1909 1908
1925 3 2 2 1 1811 1812 1910 1909
1926 3 2 2 1 1812 1813 1911 1910
1927 3 2 2 1 1813 1814 1912 1911
1928 3 2 2 1 1814 1815 1913 1912
1929 3 2 2 1 1815 1816 1914 1913
1930 3 2 2 1 1816 1817 1915 1914
1931 3 2 2 1 1817 1818 1916 1915
1932 3 2 2 1 1818 1819 1917 1916
1933 3 2 2 1 1819 1820 1918 1917
1934 3 2 2 1 1820 1821 1919 1918
1935 3 2 2 1 1821 1822 1920 1919
1936 3 2 2 1 1822 1823 1921 1920
1937 3 2 2 1 1823 1824 1922 1921
1938 3 2 2 1 1824 1825 1923 1922
1939 3 2 2 1 1825 1826 1924 1923
1940 3 2 2 1 1826 1827 1925 1924
1941 3 2 2 1 1827 1828 1926 1925
1942 3 2 2 1 1828 1829 1927 1926
1943 3 2 2 1 1829 1830 1928 1927
1944 3 2 2 1 1830 1831 1929 1928
1945 3 2 2 1 1831 1832 1930 1929
1946 3 2 2 1 1832 1833 1931 1930
1947 3 2 2 1 1833 1834 1932 1931
1948 3 2 2 1 1834 1835 1933 1932
1949 3 2 2 1 1835 1836 1934 1933
1950 3 2 2 1 1836 1837 1935 1934
1951 3 2 2 1 1837 1838 1936 1935
1952 3 2 2 1 1838 1839 1937 1936
1953 3 2 2 1 1839 1840 1938 1937
1954 3 2 2 1 1840 1841 1939 1938
1955 3 2 2 1 1841 1842 1940 1939
1956 3 2 2 1 1842 1843 1941 1940
1957 3 2 2 1 1843 1844 1942 1941
1958 3 2 2 1 1844 1845 1943 1942
1959 3 2 2 1 1845 1846 1944 1943
1960 3 2 2 1 1846 1847 1945 1944
1961 3 2 2 1 1847 1848 1946 1945
1962 3 2 2 1 1848 1849 1947 1946
1963 3 2 2 1 1849 1850 1948 1947
1964 3 2 2 1 1850 1851 1949 1948
1965 3 2 2 1 1851 1852 1950 1949
1966 3 2 2 1 1852 1853 1951 1950
1967 3 2 2 1 1853 1854 1952 1951
1968 3 2 2 1 1854 1855 1953 1952
1969 3 2 2 1 1855 1856 1954 1953
1970 3 2 2 1 1856 1857 1955 1954
1971 3 2 2 1 1857 1858 1956 1955
1972 3 2 2 1 1858 1859 1957 1956
1973 3 2 2 1 1859 1860 1958 1957
1974 3 2 2 1 1860 1861 1959 1958
1975 3 2 2 1 1861 1862 1960 1959
1976 3 2 2 1 1862 1863 1961 1960
1977 3 2 2 1 1863 1864 1962 1961
1978 3 2 2 1 1864 1865 1963 1962
1979 3 2 2 1 1865 1866 1964 1963
1980 3 2 2 1 1866 19 20 1964
1981 3 2 2 1 283 1867 1965 282
1982 3 2 2 1 1867 1868 1966 1965
1983 3 2 2 1 1868 1869 1967 1966
1984 3 2 2 1 1869 1870 1968 1967
1985 3 2 2 1 1870 1871 1969 1968
1986 3 2 2 1 1871 1872 1970 1969
1987 3 2 2 1 1872 1873 1971 1970
1988 3 2 2 1 1873 1874 1972 1971
1989 3 2 2 1 1874 1875 1973 1972
1990 3 2 2 1 1875 1876 1974 1973
1991 3 2 2 1 1876 1877 1975 1974
1992 3 2 2 1 1877 1878 1976 1975
1993 3 2 2 1 1878 1879 1977 1976
1994 3 2 2 1 1879 1880 1978 1977
1995 3 2 2 1 1880 1881 1979 1978
1996 3 2 2 1 1881 1882 1980 1979
1997 3 2 2 1 1882 1883 1981 1980
1998 3 2 2 1 1883 1884 1982 1981
1999 3 2 2 1 1884 1885 1983 1982
2000 3 2 2 1 1885 1886 1984 1983
2001 3 2 2 1 1886 1887 1985 1984
2002 3 2 2 1 1887 1888 1986 1985
2003 3 2 2 1 1888 1889 1987 1986
2004 3 2 2 1 1889 1890 1988 1987
2005 3 2 2 1 1890 1891 1989 1988
2006 3 2 2 1 1891 1892 1990 1989
2007 3 2 2 1 1892 1893 1991 1990
2008 3 2 2 1 1893 1894 1992 1991
2009 3 2 2 1 1894 1895 1993 1992
2010 3 2 2 1 1895 1896 1994 1993
2011 3 2 2 1 1896 1897 1995 1994
2012 3 2 2 1 1897 1898 1996 1995
2013 3 2 2 1 1898 1899 1997 1996
2014 3 2 2 1 1899 1900 1998 1997
2015 3 2 2 1 1900 1901 1999 1998
2016 3 2 2 1 1901 1902 2000 1999
2017 3 2 2 1 1902 1903 2001 2000
2018 3 2 2 1 1903 1904 2002 2001
2019 3 2 2 1 1904 1905 2003 2002
2020 3 2 2 1 1905 1906 2004 2003
2021 3 2 2 1 1906 1907 2005 2004
2022 3 2 2 1 1907 1908 2006 2005
2023 3 2 2 1 1908 1909 2007 2006
2024 3 2 2 1 1909 1910 2008 2007
2025 3 2 2 1 1910 1911 2009 2008
2026 3 2 2 1 1911 1912 2010 2009
2027 3 2 2 1 1912 1913 2011 2010
2028 3 2 2 1 1913 1914 2012 2011
2029 3 2 2 1 1914 1915 2013 2012
2030 3 2 2 1 1915 1916 2014 2013
2031 3 2 2 1 1916 1917 2015 2014
2032 3 2 2 1 1917 1918 2016 2015
2033 3 2 2 1 1918 1919 2017 2016
2034 3 2 2 1 1919 1920 2018 2017
2035 3 2 2 1 1920 1921 2019 2018
2036 3 2 2 1 1921 1922 2020 2019
2037 3 2 2 1 1922 1923 2021 2020
2038 3 2 2 1 1923 1924 2022 2021
2039 3 2 2 1 1924 1925 2023 2022
2040 3 2 2 1 1925 1926 2024 2023
2041 3 2 2 1 1926 1927 2025 2024
2042 3 2 2 1 1927 1928 2026 2025
2043 3 2 2 1 1928 1929 2027 2026
2044 3 2 2 1 1929 1930 2028 2027
2045 3 2 2 1 1930 1931 2029 2028
2046 3 2 2 1 1931 1932 2030 2029
2047 3 2 2 1 1932 1933 2031 2030
2048 3 2 2 1 1933 1934 2032 2031
2049 3 2 2 1 1934 1935 2033 2032
2050 3 2 2 1 1935 1936 2034 2033
2051 3 2 2 1 1936 1937 2035 2034
2052 3 2 2 1 1937 1938 2036 2035
2053 3 2 2 1 1938 1939 2037 2036
2054 3 2 2 1 1939 1940 2038 2037
2055 3 2 2 1 1940 1941 2039 2038
2056 3 2 2 1 1941 1942 2040 2039
2057 3 2 2 1 1942 1943 2041 2040
2058 3 2 2 1 1943 1944 2042 2041
2059 3 2 2 1 1944 1945 2043 2042
2060 3 2 2 1 1945 1946 2044 2043
2061 3 2 2 1 1946 1947 2045 2044
2062 3 2 2 1 1947 1948 2046 2045
2063 3 2 2 1 1948 1949 2047 2046
2064 3 2 2 1 1949 1950 2048 2047
2065 3 2 2 1 1950 1951 2049 2048
2066 3 2 2 1 1951 1952 2050 2049
2067 3 2 2 1 1952 1953 2051 2050
2068 3 2 2 1 1953 1954 2052 2051
2069 3 2 2 1 1954 1955 2053 2052
2070 3 2 2 1 1955 1956 2054 2053
2071 3 2 2 1 1956 1957 2055 2054
2072 3 2 2 1 1957 1958 2056 2055
2073 3 2 2 1 1958 1959 2057 2056
2074 3 2 2 1 1959 1960 2058 2057
2075 3 2 2 1 1960 1961 2059 2058
2076 3 2 2 1 1961 1962 2060 2059
2077 3 2 2 1 1962 1963 2061 2060
2078 3 2 2 1 1963 1964 2062 2061
2079 3 2 2 1 1964 20 21 2062
2080 3 2 2 1 282 1965 2063 281
2081 3 2 2 1 1965 1966 2064 2063
2082 3 2 2 1 1966 1967 2065 2064
2083 3 2 2 1 1967 1968 2066 2065
2084 3 2 2 1 1968 1969 2067 2066
2085 3 2 2 1 1969 1970 2068 2067
2086 3 2 2 1 1970 1971 2069 2068
2087 3 2 2 1 1971 1972 2070 2069
2088 3 2 2 1 1972 1973 2071 2070
2089 3 2 2 1 1973 1974 2072 2071
2090 3 2 2 1 1974 1975 2073 2072
2091 3 2 2 1 1975 1976 2074 2073
2092 3 2 2 1 1976 1977 2075 2074
2093 3 2 2 1 1977 1978 2076 2075
2094 3 2 2 1 1978 1979 2077 2076
2095 3 2 2 1 1979 1980 2078 2077
2096 3 2 2 1 1980 1981 2079 2078
2097 3 2 2 1 1981 1982 2080 2079
2098 3 2 2 1 1982 1983 2081 2080
2099 3 2 2 1 1983 1984 2082 2081
2100 3 2 2 1 1984 1985 2083 2082
2101 3 2 2 1 1985 1986 2084 2083
2102 3 2 2 1 1986 1987 2085 2084
2103 3 2 2 1 1987 1988 2086 2085
2104 3 2 2 1 1988 1989 2087 2086
2105 3 2 2 1 1989 1990 2088 2087
2106 3 2 2 1 1990 1991 2089 2088
2107 3 2 2 1 1991 1992 2090 2089
2108 3 2 2 1 1992 1993 2091 2090
2109 3 2 2 1 1993 1994 2092 2091
2110 3 2 2 1 1994 1995 2093 2092
2111 3 2 2 1 1995 1996 2094 2093
2112 3 2 2 1 1996 1997 2095 2094
2113 3 2 2 1 1997 1998 2096 2095
2114 3 2 2 1 1998 1999 2097 2096
2115 3 2 2 1 1999 2000 2098 2097
2116 3 2 2 1 2000 2001 2099 2098
2117 3 2 2 1 2001 2002 2100 2099
2118 3 2 2 1 2002 2003 2101 2100
2119 3 2 2 1 2003 2004 2102 2101
2120 3 2 2 1 2004 2005 2103 2102
2121 3 2 2 1 2005 2006 2104 2103
2122 3 2 2 1 2006 2007 2105 2104
2123 3 2 2 1 2007 2008 2106 2105
2124 3 2 2 1 2008 2009 2107 2106
2125 3 2 2 1 2009 2010 2108 2107
2126 3 2 2 1 2010 2011 2109 2108
2127 3 2 2 1 2011 2012 2110 2109
2128 3 2 2 1 2012 2013 2111 2110
2129 3 2 2 1 2013 2014 2112 2111
2130 3 2 2 1 2014 2015 2113 2112
2131 3 2 2 1 2015 2016 2114 2113
2132 3 2 2 1 2016 2017 2115 2114
2133 3 2 2 1 2017 2018 2116 2115
2134 3 2 2 1 2018 2019 2117 2116
2135 3 2 2 1 2019 2020 2118 2117
2136 3 2 2 1 2020 2021 2119 2118
2137 3 2 2 1 2021 2022 2120 2119
2138 3 2 2 1 2022 2023 2121 2120
2139 3 2 2 1 2023 2024 2122 2121
2140 3 2 2 1 2024 2025 2123 2122
2141 3 2 2 1 2025 2026 2124 2123
2142 3 2 2 1 2026 2027 2125 2124
2143 3 2 2 1 2027 2028 2126 2125
2144 3 2 2 1 2028 2029 2127 2126
2145 3 2 2 1 2029 2030 2128 2127
2146 3 2 2 1 2030 2031 2129 2128
2147 3 2 2 1 2031 2032 2130 2129
2148 3 2 2 1 2032 2033 2131 2130
2149 3 2 2 1 2033 2034 2132 2131
2150 3 2 2 1 2034 2035 2133 2132
2151 3 2 2 1 2035 2036 2134 2133
2152 3 2 2 1 2036 2037 2135 2134
2153 3 2 2 1 2037 2038 2136 2135
2154 3 2 2 1 2038 2039 2137 2136
2155 3 2 2 1 2039 2040 2138 2137
2156 3 2 2 1 2040 2041 2139 2138
2157 3 2 2 1 2041 2042 2140 2139
2158 3 2 2 1 2042 2043 2141 2140
2159 3 2 2 1 2043 2044 2142 2141
2160 3 2 2 1 2044 2045 2143 2142
2161 3 2 2 1 2045 2046 2144 2143
2162 3 2 2 1 2046 2047 2145 2144
2163 3 2 2 1 2047 2048 2146 2145
2164 3 2 2 1 2048 2049 2147 2146
2165 3 2 2 1 2049 2050 2148 2147
2166 3 2 2 1 2050 2051 2149 2148
2167 3 2 2 1 2051 2052 2150 2149
2168 3 2 2 1 2052 2053 2151 2150
2169 3 2 2 1 2053 2054 2152 2151
2170 3 2 2 1 2054 2055 2153 2152
2171 3 2 2 1 2055 2056 2154 2153
2172 3 2 2 1 2056 2057 2155 2154
2173 3 2 2 1 2057 2058 2156 2155
2174 3 2 2 1 2058 2059 2157 2156
2175 3 2 2 1 2059 2060 2158 2157
2176 3 2 2 1 2060 2061 2159 2158
2177 3 2 2 1 2061 2062 2160 2159
2178 3 2 2 1 2062 21 22 2160
2179 3 2 2 1 281 2063 2161 280
2180 3 2 2 1 2063 2064 2162 2161
2181 3 2 2 1 2064 2065 2163 2162
2182 3 2 2 1 2065 2066 2164 2163
2183 3 2 2 1 2066 2067 2165 2164
2184 3 2 2 1 2067 2068 2166 2165
2185 3 2 2 1 2068 2069 2167 2166
2186 3 2 2 1 2069 2070 2168 2167
2187 3 2 2 1 2070 2071 2169 2168
2188 3 2 2 1 2071 2072 2170 2169
2189 3 2 2 1 2072 2073 2171 2170
2190 3 2 2 1 2073 2074 2172 2171
2191 3 2 2 1 2074 2075 2173 2172
2192 3 2 2 1 2075 2076 2174 2173
2193 3 2 2 1 2076 2077 2175 2174
2194 3 2 2 1 2077 2078 2176 2175
2195 3 2 2 1 2078 2079 2177 2176
2196 3 2 2 1 2079 2080 2178 2177
2197 3 2 2 1 2080 2081 2179 2178
2198 3 2 2 1 2081 2082 2180 2179
2199 3 2 2 1 2082 2083 2181 2180
2200 3 2 2 1 2083 2084 2182 2181
2201 3 2 2 1 2084 2085 2183 2182
2202 3 2 2 1 2085 2086 2184 2183
2203 3 2 2 1 2086 2087 2185 2184
2204 3 2 2 1 2087 2088 2186 2185
2205 3 2 2 1 2088 2089 2187 2186
2206 3 2 2 1 2089 2090 2188 2187
2207 3 2 2 1 2090 2091 2189 2188
2208 3 2 2 1 2091 2092 2190 2189
2209 3 2 2 1 2092 2093 2191 2190
2210 3 2 2 1 2093 2094 2192 2191
2211 3 2 2 1 2094 2095 2193 2192
2212 3 2 2 1 2095 2096 2194 2193
2213 3 2 2 1 2096 2097 2195 2194
2214 3 2 2 1 2097 2098 2196 2195
2215 3 2 2 1 2098 2099 2197 2196
2216 3 2 2 1 2099 2100 2198 2197
2217 3 2 2 1 2100 2101 2199 2198
2218 3 2 2 1 2101 2102 2200 2199
2219 3 2 2 1 2102 2103 2201 2200
2220 3 2 2 1 2103 2104 2202 2201
2221 3 2 2 1 2104 2105 2203 2202
2222 3 2 2 1 2105 2106 2204 2203
2223 3 2 2 1 2106 2107 2205 2204
2224 3 2 2 1 2107 2108 2206 2205
2225 3 2 2 1 2108 2109 2207 2206
2226 3 2 2 1 2109 2110 2208 2207
2227 3 2 2 1 2110 2111 2209 2208
2228 3 2 2 1 2111 2112 2210 2209
2229 3 2 2 1 2112 2113 2211 2210
2230 3 2 2 1 2113 2114 2212 2211
2231 3 2 2 1 2114 2115 2213 2212
2232 3 2 2 1 2115 2116 2214 2213
2233 3 2 2 1 2116 2117 2215 2214
2234 3 2 2 1 2117 2118 2216 2215
2235 3 2 2 1 2118 2119 2217 2216
2236 3 2 2 1 2119 2120 2218 2217
2237 3 2 2 1 2120 2121 2219 2218
2238 3 2 2 1 2121 2122 2220 2219
2239 3 2 2 1 2122 2123 2221 2220
2240 3 2 2 1 2123 2124 2222 2221
2241 3 2 2 1 2124 2125 2223 2222
2242 3 2 2 1 2125 2126 2224 2223
2243 3 2 2 1 2126 2127 2225 2224
2244 3 2 2 1 2127 2128 2226 2225
2245 3 2 2 1 2128 2129 2227 2226
2246 3 2 2 1 2129 2130 2228 2227
2247 3 2 2 1 2130 2131 2229 2228
2248 3 2 2 1 2131 2132 2230 2229
2249 3 2 2 1 2132 2133 2231 2230
2250 3 2 2 1 2133 2134 2232 2231
2251 3 2 2 1 2134 2135 2233 2232
2252 3 2 2 1 2135 2136 2234 2233
2253 3 2 2 1 2136 2137 2235 2234
2254 3 2 2 1 2137 2138 2236 2235
2255 3 2 2 1 2138 2139 2237 2236
2256 3 2 2 1 2139 2140 2238 2237
2257 3 2 2 1 2140 2141 2239 2238
2258 3 2 2 1 2141 2142 2240 2239
2259 3 2 2 1 2142 2143 2241 2240
2260 3 2 2 1 2143 2144 2242 2241
2261 3 2 2 1 2144 2145 2243 2242
2262 3 2 2 1 2145 2146 2244 2243
2263 3 2 2 1 2146 2147 2245 2244
2264 3 2 2 1 2147 2148 2246 2245
2265 3 2 2 1 2148 2149 2247 2246
2266 3 2 2 1 2149 2150 2248 2247
2267 3 2 2 1 2150 2151 2249 2248
2268 3 2 2 1 2151 2152 2250 2249
2269 3 2 2 1 2152 2153 2251 2250
2270 3 2 2 1 2153 2154 2252 2251
2271 3 2 2 1 2154 2155 2253 2252
2272 3 2 2 1 2155 2156 2254 2253
2273 3 2 2 1 2156 2157 2255 2254
2274 3 2 2 1 2157 2158 2256 2255
2275 3 2 2 1 2158 2159 2257 2256
2276 3 2 2 1 2159 2160 2258 2257
2277 3 2 2 1 2160 22 23 2258
2278 3 2 2 1 280 2161 2259 279
2279 3 2 2 1 2161 2162 2260 2259
2280 3 2 2 1 2162 2163 2261 2260
2281 3 2 2 1 2163 2164 2262 2261
2282 3 2 2 1 2164 2165 2263 2262
2283 3 2 2 1 2165 2166 2264 2263
2284 3 2 2 1 2166 2167 2265 2264
2285 3 2 2 1 2167 2168 2266 2265
2286 3 2 2 1 2168 2169 2267 2266
2287 3 2 2 1 2169 2170 2268 2267
2288 3 2 2 1 2170 2171 2269 2268
2289 3 2 2 1 2171 2172 2270 2269
2290 3 2 2 1 2172 2173 2271 2270
2291 3 2 2 1 2173 2174 2272 2271
2292 3 2 2 1 2174 2175 2273 2272
2293 3 2 2 1 2175 2176 2274 2273
2294 3 2 2 1 2176 2177 2275 2274
2295 3 2 2 1 2177 2178 2276 2275
2296 3 2 2 1 2178 2179 2277 2276
2297 3 2 2 1 2179 2180 2278 2277
2298 3 2 2 1 2180 2181 2279 2278
2299 3 2 2 1 2181 2182 2280 2279
2300 3 2 2 1 2182 2183 2281 2280
2301 3 2 2 1 2183 2184 2282 2281
2302 3 2 2 1 2184 2185 2283 2282
2303 3 2 2 1 2185 2186 2284 2283
2304 3 2 2 1 2186 2187 2285 2284
2305 3 2 2 1 2187 2188 2286 2285
2306 3 2 2 1 2188 2189 2287 2286
2307 3 2 2 1 2189 2190 2288 2287
2308 3 2 2 1 2190 2191 2289 2288
2309 3 2 2 1 2191 2192 2290 2289
2310 3 2 2 1 2192 2193 2291 2290
2311 3 2 2 1 2193 2194 2292 2291
2312 3 2 2 1 2194 2195 2293 2292
2313 3 2 2 1 2195 2196 2294 2293
2314 3 2 2 1 2196 2197 2295 2294
2315 3 2 2 1 2197 2198 2296 2295
2316 3 2 2 1 2198 2199 2297 2296
2317 3 2 2 1 2199 2200 2298 2297
2318 3 2 2 1 2200 2201 2299 2298
2319 3 2 2 1 2201 2202 2300 2299
2320 3 2 2 1 2202 2203 2301 2300
2321 3 2 2 1 2203 2204 2302 2301
2322 3 2 2 1 2204 2205 2303 2302
2323 3 2 2 1 2205 2206 2304 2303
2324 3 2 2 1 2206 2207 2305 2304
2325 3 2 2 1 2207 2208 2306 2305
2326 3 2 2 1 2208 2209 2307 2306
2327 3 2 2 1 2209 2210 2308 2307
2328 3 2 2 1 2210 2211 2309 2308
2329 3 2 2 1 2211 2212 2310 2309
2330 3 2 2 1 2212 2213 2311 2310
2331 3 2 2 1 2213 2214 2312 2311
2332 3 2 2 1 2214 2215 2313 2312
2333 3 2 2 1 2215 2216 2314 2313
2334 3 2 2 1 2216 2217 2315 2314
2335 3 2 2 1 2217 2218 2316 2315
2336 3 2 2 1 2218 2219 2317 2316
2337 3 2 2 1 2219 2220 2318 2317
2338 3 2 2 1 2220 2221 2319 2318
2339 3 2 2 1 2221 2222 2320 2319
2340 3 2 2 1 2222 2223 2321 2320
2341 3 2 2 1 2223 2224 2322 2321
2342 3 2 2 1 2224 2225 2323 2322
2343 3 2 2 1 2225 2226 2324 2323
2344 3 2 2 1 2226 2227 2325 2324
2345 3 2 2 1 2227 2228 2326 2325
2346 3 2 2 1 2228 2229 2327 2326
2347 3 2 2 1 2229 2230 2328 2327
2348 3 2 2 1 2230 2231 2329 2328
2349 3 2 2 1 2231 2232 2330 2329
2350 3 2 2 1 2232 2233 2331 2330
2351 3 2 2 1 2233 2234 2332 2331
2352 3 2 2 1 2234 2235 2333 2332
2353 3 2 2 1 2235 2236 2334 2333
2354 3 2 2 1 2236 2237 2335 2334
2355 3 2 2 1 2237 2238 2336 2335
2356 3 2 2 1 2238 2239 2337 2336
2357 3 2 2 1 2239 2240 2338 2337
2358 3 2 2 1 2240 2241 2339 2338
2359 3 2 2 1 2241 2242 2340 2339
2360 3 2 2 1 2242 2243 2341 2340
2361 3 2 2 1 2243 2244 2342 2341
2362 3 2 2 1 2244 2245 2343 2342
2363 3 2 2 1 2245 2246 2344 2343
2364 3 2 2 1 2246 2247 2345 2344
2365 3 2 2 1 2247 2248 2346 2345
2366 3 2 2 1 2248 2249 2347 2346
2367 3 2 2 1 2249 2250 2348 2347
2368 3 2 2 1 2250 2251 2349 2348
2369 3 2 2 1 2251 2252 2350 2349
2370 3 2 2 1 2252 2253 2351 2350
2371 3 2 2 1 2253 2254 2352 2351
2372 3 2 2 1 2254 2255 2353 2352
2373 3 2 2 1 2255 2256 2354 2353
2374 3 2 2 1 2256 2257 2355 2354
2375 3 2 2 1 2257 2258 2356 2355
2376 3 2 2 1 2258 23 24 2356
2377 3 2 2 1 279 2259 2357 278
2378 3 2 2 1 2259 2260 2358 2357
2379 3 2 2 1 2260 2261 2359 2358
2380 3 2 2 1 2261 2262 2360 2359
2381 3 2 2 1 2262 2263 2361 2360
2382 3 2 2 1 2263 2264 2362 2361
2383 3 2 2 1 2264 2265 2363 2362
2384 3 2 2 1 2265 2266 2364 2363
2385 3 2 2 1 2266 2267 2365 2364
2386 3 2 2 1 2267 2268 2366 2365
2387 3 2 2 1 2268 2269 2367 2366
2388 3 2 2 1 2269 2270 2368 2367
2389 3 2 2 1 2270 2271 2369 2368
2390 3 2 2 1 2271 2272 2370 2369
2391 3 2 2 1 2272 2273 2371 2370
2392 3 2 2 1 2273 2274 2372 2371
2393 3 2 2 1 2274 2275 2373 2372
2394 3 2 2 1 2275 2276 2374 2373
2395 3 2 2 1 2276 2277 2375 2374
2396 3 2 2 1 2277 2278 2376 2375
2397 3 2 2 1 2278 2279 2377 2376
2398 3 2 2 1 2279 2280 2378 2377
2399 3 2 2 1 2280 2281 2379 2378
2400 3 2 2 1 2281 2282 2380 2379
2401 3 2 2 1 2282 2283 2381 2380
2402 3 2 2 1 2283 2284 2382 2381
2403 3 2 2 1 2284 2285 2383 2382
2404 3 2 2 1 2285 2286 2384 2383
2405 3 2 2 1 2286 2287 2385 2384
2406 3 2 2 1 2287 2288 2386 2385
2407 3 2 2 1 2288 2289 2387 2386
2408 3 2 2 1 2289 2290 2388 2387
2409 3 2 2 1 2290 2291 2389 2388
2410 3 2 2 1 2291 2292 2390 2389
2411 3 2 2 1 2292 2293 2391 2390
2412 3 2 2 1 2293 2294 2392 2391
2413 3 2 2 1 2294 2295 2393 2392
2414 3 2 2 1 2295 2296 2394 2393
2415 3 2 2 1 2296 2297 2395 2394
2416 3 2 2 1 2297 2298 2396 2395
2417 3 2 2 1 2298 2299 2397 2396
2418 3 2 2 1 2299 2300 2398 2397
2419 3 2 2 1 2300 2301 2399 2398
2420 3 2 2 1 2301 2302 2400 2399
2421 3 2 2 1 2302 2303 2401 2400
2422 3 2 2 1 2303 2304 2402 2401
2423 3 2 2 1 2304 2305 2403 2402
2424 3 2 2 1 2305 2306 2404 2403
2425 3 2 2 1 2306 2307 2405 2404
2426 3 2 2 1 2307 2308 2406 2405
2427 3 2 2 1 2308 2309 2407 2406
2428 3 2 2 1 2309 2310 2408 2407
2429 3 2 2 1 2310 2311 2409 2408
2430 3 2 2 1 2311 2312 2410 2409
2431 3 2 2 1 2312 2313 2411 2410
2432 3 2 2 1 2313 2314 2412 2411
2433 3 2 2 1 2314 2315 2413 2412
2434 3 2 2 1 2315 2316 2414 2413
2435 3 2 2 1 2316 2317 2415 2414
2436 3 2 2 1 2317 2318 2416 2415
2437 3 2 2 1 2318 2319 2417 2416
2438 3 2 2 1 2319 2320 2418 2417
2439 3 2 2 1 2320 2321 2419 2418
2440 3 2 2 1 2321 2322 2420 2419
2441 3 2 2 1 2322 2323 2421 2420
2442 3 2 2 1 2323 2324 2422 2421
2443 3 2 2 1 2324 2325 2423 2422
2444 3 2 2 1 2325 2326 2424 2423
2445 3 2 2 1 2326 2327 2425 2424
2446 3 2 2 1 2327 2328 2426 2425
2447 3 2 2 1 2328 2329 2427 2426
2448 3 2 2 1 2329 2330 2428 2427
2449 3 2 2 1 2330 2331 2429 2428
2450 3 2 2 1 2331 2332 2430 2429
2451 3 2 2 1 2332 2333 2431 2430
2452 3 2 2 1 2333 2334 2432 2431
2453 3 2 2 1 2334 2335 2433 2432
2454 3 2 2 1 2335 2336 2434 2433
2455 3 2 2 1 2336 2337 2435 2434
2456 3 2 2 1 2337 2338 2436 2435
2457 3 2 2 1 2338 2339 2437 2436
2458 3 2 2 1 2339 2340 2438 2437
2459 3 2 2 1 2340 2341 2439 2438
2460 3 2 2 1 2341 2342 2440 2439
2461 3 2 2 1 2342 2343 2441 2440
2462 3 2 2 1 2343 2344 2442 2441
2463 3 2 2 1 2344 2345 2443 2442
2464 3 2 2 1 2345 2346 2444 2443
2465 3 2 2 1 2346 2347 2445 2444
2466 3 2 2 1 2347 2348 2446 2445
2467 3 2 2 1 2348 2349 2447 2446
2468 3 2 2 1 2349 2350 2448 2447
2469 3 2 2 1 2350 2351 2449 2448
2470 3 2 2 1 2351 2352 2450 2449
2471 3 2 2 1 2352 2353 2451 2450
2472 3 2 2 1 2353 2354 2452 2451
2473 3 2 2 1 2354 2355 2453 2452
2474 3 2 2 1 2355 2356 2454 2453
2475 3 2 2 1 2356 24 25 2454
2476 3 2 2 1 278 2357 2455 277
2477 3 2 2 1 2357 2358 2456 2455
2478 3 2 2 1 2358 2359 2457 2456
2479 3 2 2 1 2359 2360 2458 2457
2480 3 2 2 1 2360 2361 2459 2458
2481 3 2 2 1 2361 2362 2460 2459
2482 3 2 2 1 2362 2363 2461 2460
2483 3 2 2 1 2363 2364 2462 2461
2484 3 2 2 1 2364 2365 2463 2462
2485 3 2 2 1 2365 2366 2464 2463
2486 3 2 2 1 2366 2367 2465 2464
2487 3 2 2 1 2367 2368 2466 2465
2488 3 2 2 1 2368 2369 2467 2466
2489 3 2 2 1 2369 2370 2468 2467
2490 3 2 2 1 2370 2371 2469 2468
2491 3 2 2 1 2371 2372 2470 2469
2492 3 2 2 1 2372 2373 2471 2470
2493 3 2 2 1 2373 2374 2472 2471
2494 3 2 2 1 2374 2375 2473 2472
2495 3 2 2 1 2375 2376 2474 2473
2496 3 2 2 1 2376 2377 2475 2474
2497 3 2 2 1 2377 2378 2476 2475
2498 3 2 2 1 2378 2379 2477 2476
2499 3 2 2 1 2379 2380 2478 2477
2500 3 2 2 1 2380 2381 2479 2478
2501 3 2 2 1 2381 2382 2480 2479
2502 3 2 2 1 2382 2383 2481 2480
2503 3 2 2 1 2383 2384 2482 2481
2504 3 2 2 1 2384 2385 2483 2482
2505 3 2 2 1 2385 2386 2484 2483
2506 3 2 2 1 2386 2387 2485 2484
2507 3 2 2 1 2387 2388 2486 2485
2508 3 2 2 1 2388 2389 2487 2486
2509 3 2 2 1 2389 2390 2488 2487
2510 3 2 2 1 2390 2391 2489 2488
2511 3 2 2 1 2391 2392 2490 2489
2512 3 2 2 1 2392 2393 2491 2490
2513 3 2 2 1 2393 2394 2492 2491
2514 3 2 2 1 2394 2395 2493 2492
2515 3 2 2 1 2395 2396 2494 2493
2516 3 2 2 1 2396 2397 2495 2494
2517 3 2 2 1 2397 2398 2496 2495
2518 3 2 2 1 2398 2399 2497 2496
2519 3 2 2 1 2399 2400 2498 2497
2520 3 2 2 1 2400 2401 2499 2498
2521 3 2 2 1 2401 2402 2500 2499
2522 3 2 2 1 2402 2403 2501 2500
2523 3 2 2 1 2403 2404 2502 2501
2524 3 2 2 1 2404 2405 2503 2502
2525 3 2 2 1 2405 2406 2504 2503
2526 3 2 2 1 2406 2407 2505 2504
2527 3 2 2 1 2407 2408 2506 2505
2528 3 2 2 1 2408 2409 2507 2506
2529 3 2 2 1 2409 2410 2508 2507
2530 3 2 2 1 2410 2411 2509 2508
2531 3 2 2 1 2411 2412 2510 2509
2532 3 2 2 1 2412 2413 2511 2510
2533 3 2 2 1 2413 2414 2512 2511
2534 3 2 2 1 2414 2415 2513 2512
2535 3 2 2 1 2415 2416 2514 2513
2536 3 2 2 1 2416 2417 2515 2514
2537 3 2 2 1 2417 2418 2516 2515
2538 3 2 2 1 2418 2419 2517 2516
2539 3 2 2 1 2419 2420 2518 2517
2540 3 2 2 1 2420 2421 2519 2518
2541 3 2 2 1 2421 2422 2520 2519
2542 3 2 2 1 2422 2423 2521 2520
2543 3 2 2 1 2423 2424 2522 2521
2544 3 2 2 1 2424 2425 2523 2522
2545 3 2 2 1 2425 2426 2524 2523
2546 3 2 2 1 2426 2427 2525 2524
2547 3 2 2 1 2427 2428 2526 2525
2548 3 2 2 1 2428 2429 2527 2526
2549 3 2 2 1 2429 2430 2528 2527
2550 3 2 2 1 2430 2431 2529 2528
2551 3 2 2 1 2431 2432 2530 2529
2552 3 2 2 1 2432 2433 2531 2530
2553 3 2 2 1 2433 2434 2532 2531
2554 3 2 2 1 2434 2435 2533 2532
2555 3 2 2 1 2435 2436 2534 2533
2556 3 2 2 1 2436 2437 2535 2534
2557 3 2 2 1 2437 2438 2536 2535
2558 3 2 2 1 2438 2439 2537 2536
2559 3 2 2 1 2439 2440 2538 2537
2560 3 2 2 1 2440 2441 2539 2538
2561 3 2 2 1 2441 2442 2540 2539
2562 3 2 2 1 2442 2443 2541 2540
2563 3 2 2 1 2443 2444 2542 2541
2564 3 2 2 1 2444 2445 2543 2542
2565 3 2 2 1 2445 2446 2544 2543
2566 3 2 2 1 2446 2447 2545 2544
2567 3 2 2 1 2447 2448 2546 2545
2568 3 2 2 1 2448 2449 2547 2546
2569 3 2 2 1 2449 2450 2548 2547
2570 3 2 2 1 2450 2451 2549 2548
2571 3 2 2 1 2451 2452 2550 2549
2572 3 2 2 1 2452 2453 2551 2550
2573 3 2 2 1 2453 2454 2552 2551
2574 3 2 2 1 2454 25 26 2552
2575 3 2 2 1 277 2455 2553 276
2576 3 2 2 1 2455 2456 2554 2553
2577 3 2 2 1 2456 2457 2555 2554
2578 3 2 2 1 2457 2458 2556 2555
2579 3 2 2 1 2458 2459 2557 2556
2580 3 2 2 1 2459 2460 2558 2557
2581 3 2 2 1 2460 2461 2559 2558
2582 3 2 2 1 2461 2462 2560 2559
2583 3 2 2 1 2462 2463 2561 2560
2584 3 2 2 1 2463 2464 2562 2561
2585 3 2 2 1 2464 2465 2563 2562
2586 3 2 2 1 2465 2466 2564 2563
2587 3 2 2 1 2466 2467 2565 2564
2588 3 2 2 1 2467 2468 2566 2565
2589 3 2 2 1 2468 2469 2567 2566
2590 3 2 2 1 2469 2470 2568 2567
2591 3 2 2 1 2470 2471 2569 2568
2592 3 2 2 1 2471 2472 2570 2569
2593 3 2 2 1 2472 2473 2571 2570
2594 3 2 2 1 2473 2474 2572 2571
2595 3 2 2 1 2474 2475 2573 2572
2596 3 2 2 1 2475 2476 2574 2573
2597 3 2 2 1 2476 2477 2575 2574
2598 3 2 2 1 2477 2478 2576 2575
2599 3 2 2 1 2478 2479 2577 2576
2600 3 2 2 1 2479 2480 2578 2577
2601 3 2 2 1 2480 2481 2579 2578
2602 3 2 2 1 2481 2482 2580 2579
2603 3 2 2 1 2482 2483 2581 2580
2604 3 2 2 1 2483 2484 2582 2581
2605 3 2 2 1 2484 2485 2583 2582
2606 3 2 2 1 2485 2486 2584 2583
2607 3 2 2 1 2486 2487 2585 2584
2608 3 2 2 1 2487 2488 2586 2585
2609 3 2 2 1 2488 2489 2587 2586
2610 3 2 2 1 2489 2490 2588 2587
2611 3 2 2 1 2490 2491 2589 2588
2612 3 2 2 1 2491 2492 2590 2589
2613 3 2 2 1 2492 2493 2591 2590
2614 3 2 2 1 2493 2494 2592 2591
2615 3 2 2 1 2494 2495 2593 2592
2616 3 2 2 1 2495 2496 2594 2593
2617 3 2 2 1 2496 2497 2595 2594
2618 3 2 2 1 2497 2498 2596 2595
2619 3 2 2 1 2498 2499 2597 2596
2620 3 2 2 1 2499 2500 2598 2597
2621 3 2 2 1 2500 2501 2599 2598
2622 3 2 2 1 2501 2502 2600 2599
2623 3 2 2 1 2502 2503 2601 2600
2624 3 2 2 1 2503 2504 2602 2601
2625 3 2 2 1 2504 2505 2603 2602
2626 3 2 2 1 2505 2506 2604 2603
2627 3 2 2 1 2506 2507 2605 2604
2628 3 2 2 1 2507 2508 2606 2605
2629 3 2 2 1 2508 2509 2607 2606
2630 3 2 2 1 2509 2510 2608 2607
2631 3 2 2 1 2510 2511 2609 2608
2632 3 2 2 1 2511 2512 2610 2609
2633 3 2 2 1 2512 2513 2611 2610
2634 3 2 2 1 2513 2514 2612 2611
2635 3 2 2 1 2514 2515 2613 2612
2636 3 2 2 1 2515 2516 2614 2613
2637 3 2 2 1 2516 2517 2615 2614
2638 3 2 2 1 2517 2518 2616 2615
2639 3 2 2 1 2518 2519 2617 2616
2640 3 2 2 1 2519 2520 2618 2617
2641 3 2 2 1 2520 2521 2619 2618
2642 3 2 2 1 2521 2522 2620 2619
2643 3 2 2 1 2522 2523 2621 2620
2644 3 2 2 1 2523 2524 2622 2621
2645 3 2 2 1 2524 2525 2623 2622
2646 3 2 2 1 2525 2526 2624 2623
2647 3 2 2 1 2526 2527 2625 2624
2648 3 2 2 1 2527 2528 2626 2625
2649 3 2 2 1 2528 2529 2627 2626
2650 3 2 2 1 2529 2530 2628 2627
2651 3 2 2 1 2530 2531 2629 2628
2652 3 2 2 1 2531 2532 2630 2629
2653 3 2 2 1 2532 2533 2631 2630
2654 3 2 2 1 2533 2534 2632 2631
2655 3 2 2 1 2534 2535 2633 2632
2656 3 2 2 1 2535 2536 2634 2633
2657 3 2 2 1 2536 2537 2635 2634
2658 3 2 2 1 2537 2538 2636 2635
2659 3 2 2 1 2538 2539 2637 2636
2660 3 2 2 1 2539 2540 2638 2637
2661 3 2 2 1 2540 2541 2639 2638
2662 3 2 2 1 2541 2542 2640 2639
2663 3 2 2 1 2542 2543 2641 2640
2664 3 2 2 1 2543 2544 2642 2641
2665 3 2 2 1 2544 2545 2643 2642
2666 3 2 2 1 2545 2546 2644 2643
2667 3 2 2 1 2546 2547 2645 2644
2668 3 2 2 1 2547 2548 2646 2645
2669 3 2 2 1 2548 2549 2647 2646
2670 3 2 2 1 2549 2550 2648 2647
2671 3 2 2 1 2550 2551 2649 2648
2672 3 2 2 1 2551 2552 2650 2649
2673 3 2 2 1 2552 26 27 2650
2674 3 2 2 1 276 2553 2651 275
2675 3 2 2 1 2553 2554 2652 2651
2676 3 2 2 1 2554 2555 2653 2652
2677 3 2 2 1 2555 2556 2654 2653
2678 3 2 2 1 2556 2557 2655 2654
2679 3 2 2 1 2557 2558 2656 2655
2680 3 2 2 1 2558 2559 2657 2656
2681 3 2 2 1 2559 2560 2658 2657
2682 3 2 2 1 2560 2561 2659 2658
2683 3 2 2 1 2561 2562 2660 2659
2684 3 2 2 1 2562 2563 2661 2660
2685 3 2 2 1 2563 2564 2662 2661
2686 3 2 2 1 2564 2565 2663 2662
2687 3 2 2 1 2565 2566 2664 2663
2688 3 2 2 1 2566 2567 2665 2664
2689 3 2 2 1 2567 2568 2666 2665
2690 3 2 2 1 2568 2569 2667 2666
2691 3 2 2 1 2569 2570 2668 2667
2692 3 2 2 1 2570 2571 2669 2668
2693 3 2 2 1 2571 2572 2670 2669
2694 3 2 2 1 2572 2573 2671 2670
2695 3 2 2 1 2573 2574 2672 2671
2696 3 2 2 1 2574 2575 2673 2672
2697 3 2 2 1 2575 2576 2674 2673
2698 3 2 2 1 2576 2577 2675 2674
2699 3 2 2 1 2577 2578 2676 2675
2700 3 2 2 1 2578 2579 2677 2676
2701 3 2 2 1 2579 2580 2678 2677
2702 3 2 2 1 2580 2581 2679 2678
2703 3 2 2 1 2581 2582 2680 2679
2704 3 2 2 1 2582 2583 2681 2680
2705 3 2 2 1 2583 2584 2682 2681
2706 3 2 2 1 2584 2585 2683 2682
2707 3 2 2 1 2585 2586 2684 2683
2708 3 2 2 1 2586 2587 2685 2684
2709 3 2 2 1 2587 2588 2686 2685
2710 3 2 2 1 2588 2589 2687 2686
2711 3 2 2 1 2589 2590 2688 2687
2712 3 2 2 1 2590 2591 2689 2688
2713 3 2 2 1 2591 2592 2690 2689
2714 3 2 2 1 2592 2593 2691 2690
2715 3 2 2 1 2593 2594 2692 2691
2716 3 2 2 1 2594 2595 2693 2692
2717 3 2 2 1 2595 2596 2694 2693
2718 3 2 2 1 2596 2597 2695 2694
2719 3 2 2 1 2597 2598 2696 2695
2720 3 2 2 1 2598 2599 2697 2696
2721 3 2 2 1 2599 2600 2698 2697
2722 3 2 2 1 2600 2601 2699 2698
2723 3 2 2 1 2601 2602 2700 2699
2724 3 2 2 1 2602 2603 2701 2700
2725 3 2 2 1 2603 2604 2702 2701
2726 3 2 2 1 2604 2605 2703 2702
2727 3 2 2 1 2605 2606 2704 2703
2728 3 2 2 1 2606 2607 2705 2704
2729 3 2 2 1 2607 2608 2706 2705
2730 3 2 2 1 2608 2609 2707 2706
2731 3 2 2 1 2609 2610 2708 2707
2732 3 2 2 1 2610 2611 2709 2708
2733 3 2 2 1 2611 2612 2710 2709
2734 3 2 2 1 2612 2613 2711 2710
2735 3 2 2 1 2613 2614 2712 2711
2736 3 2 2 1 2614 2615 2713 2712
2737 3 2 2 1 2615 2616 2714 2713
2738 3 2 2 1 2616 2617 2715 2714
2739 3 2 2 1 2617 2618 2716 2715
2740 3 2 2 1 2618 2619 2717 2716
2741 3 2 2 1 2619 2620 2718 2717
2742 3 2 2 1 2620 2621 2719 2718
2743 3 2 2 1 2621 2622 2720 2719
2744 3 2 2 1 2622 2623 2721 2720
2745 3 2 2 1 2623 2624 2722 2721
2746 3 2 2 1 2624 2625 2723 2722
2747 3 2 2 1 2625 2626 2724 2723
2748 3 2 2 1 2626 2627 2725 2724
2749 3 2 2 1 2627 2628 2726 2725
2750 3 2 2 1 2628 2629 2727 2726
2751 3 2 2 1 2629 2630 2728 2727
2752 3 2 2 1 2630 2631 2729 2728
2753 3 2 2 1 2631 2632 2730 2729
2754 3 2 2 1 2632 2633 2731 2730
2755 3 2 2 1 2633 2634 2732 2731
2756 3 2 2 1 2634 2635 2733 2732
2757 3 2 2 1 2635 2636 2734 2733
2758 3 2 2 1 2636 2637 2735 2734
2759 3 2 2 1 2637 2638 2736 2735
2760 3 2 2 1 2638 2639 2737 2736
2761 3 2 2 1 2639 2640 2738 2737
2762 3 2 2 1 2640 2641 2739 2738
2763 3 2 2 1 2641 2642 2740 2739
2764 3 2 2 1 2642 2643 2741 2740
2765 3 2 2 1 2643 2644 2742 2741
2766 3 2 2 1 2644 2645 2743 2742
2767 3 2 2 1 2645 2646 2744 2743
2768 3 2 2 1 2646 2647 2745 2744
2769 3 2 2 1 2647 2648 2746 2745
2770 3 2 2 1 2648 2649 2747 2746
2771 3 2 2 1 2649 2650 2748 2747
2772 3 2 2 1 2650 27 28 2748
2773 3 2 2 1 275 2651 2749 274
2774 3 2 2 1 2651 2652 2750 2749
2775 3 2 2 1 2652 2653 2751 2750
2776 3 2 2 1 2653 2654 2752 2751
2777 3 2 2 1 2654 2655 2753 2752
2778 3 2 2 1 2655 2656 2754 2753
2779 3 2 2 1 2656 2657 2755 2754
2780 3 2 2 1 2657 2658 2756 2755
2781 3 2 2 1 2658 2659 2757 2756
2782 3 2 2 1 2659 2660 2758 2757
2783 3 2 2 1 2660 2661 2759 2758
2784 3 2 2 1 2661 2662 2760 2759
2785 3 2 2 1 2662 2663 2761 2760
2786 3 2 2 1 2663 2664 2762 2761
2787 3 2 2 1 2664 2665 2763 2762
2788 3 2 2 1 2665 2666 2764 2763
2789 3 2 2 1 2666 2667 2765 2764
2790 3 2 2 1 2667 2668 2766 2765
2791 3 2 2 1 2668 2669 2767 2766
2792 3 2 2 1 2669 2670 2768 2767
2793 3 2 2 1 2670 2671 2769 2768
2794 3 2 2 1 2671 2672 2770 2769
2795 3 2 2 1 2672 2673 2771 2770
2796 3 2 2 1 2673 2674 2772 2771
2797 3 2 2 1 2674 2675 2773 2772
2798 3 2 2 1 2675 2676 2774 2773
2799 3 2 2 1 2676 2677 2775 2774
2800 3 2 2 1 2677 2678 2776 2775
2801 3 2 2 1 2678 2679 2777 2776
2802 3 2 2 1 2679 2680 2778 2777
2803 3 2 2 1 2680 2681 2779 2778
2804 3 2 2 1 2681 2682 2780 2779
2805 3 2 2 1 2682 2683 2781 2780
2806 3 2 2 1 2683 2684 2782 2781
2807 3 2 2 1 2684 2685 2783 2782
2808 3 2 2 1 2685 2686 2784 2783
2809 3 2 2 1 2686 2687 2785 2784
2810 3 2 2 1 2687 2688 2786 2785
2811 3 2 2 1 2688 2689 2787 2786
2812 3 2 2 1 2689 2690 2788 2787
2813 3 2 2 1 2690 2691 2789 2788
2814 3 2 2 1 2691 2692 2790 2789
2815 3 2 2 1 2692 2693 2791 2790
2816 3 2 2 1 2693 2694 2792 2791
2817 3 2 2 1 2694 2695 2793 2792
2818 3 2 2 1 2695 2696 2794 2793
2819 3 2 2 1 2696 2697 2795 2794
2820 3 2 2 1 2697 2698 2796 2795
2821 3 2 2 1 2698 2699 2797 2796
2822 3 2 2 1 2699 2700 2798 2797
2823 3 2 2 1 2700 2701 2799 2798
2824 3 2 2 1 2701 2702 2800 2799
2825 3 2 2 1 2702 2703 2801 2800
2826 3 2 2 1 2703 2704 2802 2801
2827 3 2 2 1 2704 2705 2803 2802
2828 3 2 2 1 2705 2706 2804 2803
2829 3 2 2 1 2706 2707 2805 2804
2830 3 2 2 1 2707 2708 2806 2805
2831 3 2 2 1 2708 2709 2807 2806
2832 3 2 2 1 2709 2710 2808 2807
2833 3 2 2 1 2710 2711 2809 2808
2834 3 2 2 1 2711 2712 2810 2809
2835 3 2 2 1 2712 2713 2811 2810
2836 3 2 2 1 2713 2714 2812 2811
2837 3 2 2 1 2714 2715 2813 2812
2838 3 2 2 1 2715 2716 2814 2813
2839 3 2 2 1 2716 2717 2815 2814
2840 3 2 2 1 2717 2718 2816 2815
2841 3 2 2 1 2718 2719 2817 2816
2842 3 2 2 1 2719 2720 2818 2817
2843 3 2 2 1 2720 2721 2819 2818
2844 3 2 2 1 2721 2722 2820 2819
2845 3 2 2 1 2722 2723 2821 2820
2846 3 2 2 1 2723 2724 2822 2821
2847 3 2 2 1 2724 2725 2823 2822
2848 3 2 2 1 2725 2726 2824 2823
2849 3 2 2 1 2726 2727 2825 2824
2850 3 2 2 1 2727 2728 2826 2825
2851 3 2 2 1 2728 2729 2827 2826
2852 3 2 2 1 2729 2730 2828 2827
2853 3 2 2 1 2730 2731 2829 2828
2854 3 2 2 1 2731 2732 2830 2829
2855 3 2 2 1 2732 2733 2831 2830
2856 3 2 2 1 2733 2734 2832 2831
2857 3 2 2 1 2734 2735 2833 2832
2858 3 2 2 1 2735 2736 2834 2833
2859 3 2 2 1 2736 2737 2835 2834
2860 3 2 2 1 2737 2738 2836 2835
2861 3 2 2 1 2738 2739 2837 2836
2862 3 2 2 1 2739 2740 2838 2837
2863 3 2 2 1 2740 2741 2839 2838
2864 3 2 2 1 2741 2742 2840 2839
2865 3 2 2 1 2742 2743 2841 2840
2866 3 2 2 1 2743 2744 2842 2841
2867 3 2 2 1 2744 2745 2843 2842
2868 3 2 2 1 2745 2746 2844 2843
2869 3 2 2 1 2746 2747 2845 2844
2870 3 2 2 1 2747 2748 2846 2845
2871 3 2 2 1 2748 28 29 2846
2872 3 2 2 1 274 2749 2847 273
2873 3 2 2 1 2749 2750 2848 2847
2874 3 2 2 1 2750 2751 2849 2848
2875 3 2 2 1 2751 2752 2850 2849
2876 3 2 2 1 2752 2753 2851 2850
2877 3 2 2 1 2753 2754 2852 2851
2878 3 2 2 1 2754 2755 2853 2852
2879 3 2 2 1 2755 2756 2854 2853
2880 3 2 2 1 2756 2757 2855 2854
2881 3 2 2 1 2757 2758 2856 2855
2882 3 2 2 1 2758 2759 2857 2856
2883 3 2 2 1 2759 2760 2858 2857
2884 3 2 2 1 2760 2761 2859 2858
2885 3 2 2 1 2761 2762 2860 2859
2886 3 2 2 1 2762 2763 2861 2860
2887 3 2 2 1 2763 2764 2862 2861
2888 3 2 2 1 2764 2765 2863 2862
2889 3 2 2 1 2765 2766 2864 2863
2890 3 2 2 1 2766 2767 2865 2864
2891 3 2 2 1 2767 2768 2866 2865
2892 3 2 2 1 2768 2769 2867 2866
2893 3 2 2 1 2769 2770 2868 2867
2894 3 2 2 1 2770 2771 2869 2868
2895 3 2 2 1 2771 2772 2870 2869
2896 3 2 2 1 2772 2773 2871 2870
2897 3 2 2 1 2773 2774 2872 2871
2898 3 2 2 1 2774 2775 2873 2872
2899 3 2 2 1 2775 2776 2874 2873
2900 3 2 2 1 2776 2777 2875 2874
2901 3 2 2 1 2777 2778 2876 2875
2902 3 2 2 1 2778 2779 2877 2876
2903 3 2 2 1 2779 2780 2878 2877
2904 3 2 2 1 2780 2781 2879 2878
2905 3 2 2 1 2781 2782 2880 2879
2906 3 2 2 1 2782 2783 2881 2880
2907 3 2 2 1 2783 2784 2882 2881
2908 3 2 2 1 2784 2785 2883 2882
2909 3 2 2 1 2785 2786 2884 2883
2910 3 2 2 1 2786 2787 2885 2884
2911 3 2 2 1 2787 2788 2886 2885
2912 3 2 2 1 2788 2789 2887 2886
2913 3 2 2 1 2789 2790 2888 2887
2914 3 2 2 1 2790 2791 2889 2888
2915 3 2 2 1 2791 2792 2890 2889
2916 3 2 2 1 2792 2793 2891 2890
2917 3 2 2 1 2793 2794 2892 2891
2918 3 2 2 1 2794 2795 2893 2892
2919 3 2 2 1 2795 2796 2894 2893
2920 3 2 2 1 2796 2797 2895 2894
2921 3 2 2 1 2797 2798 2896 2895
2922 3 2 2 1 2798 2799 2897 2896
2923 3 2 2 1 2799 2800 2898 2897
2924 3 2 2 1 2800 2801 2899 2898
2925 3 2 2 1 2801 2802 2900 2899
2926 3 2 2 1 2802 2803 2901 2900
2927 3 2 2 1 2803 2804 2902 2901
2928 3 2 2 1 2804 2805 2903 2902
2929 3 2 2 1 2805 2806 2904 2903
2930 3 2 2 1 2806 2807 2905 2904
2931 3 2 2 1 2807 2808 2906 2905
2932 3 2 2 1 2808 2809 2907 2906
2933 3 2 2 1 2809 2810 2908 2907
2934 3 2 2 1 2810 2811 2909 2908
2935 3 2 2 1 2811 2812 2910 2909
2936 3 2 2 1 2812 2813 2911 2910
2937 3 2 2 1 2813 2814 2912 2911
2938 3 2 2 1 2814 2815 2913 2912
2939 3 2 2 1 2815 2816 2914 2913
2940 3 2 2 1 2816 2817 2915 2914
2941 3 2 2 1 2817 2818 2916 2915
2942 3 2 2 1 2818 2819 2917 2916
2943 3 2 2 1 2819 2820 2918 2917
2944 3 2 2 1 2820 2821 2919 2918
2945 3 2 2 1 2821 2822 2920 2919
2946 3 2 2 1 2822 2823 2921 2920
2947 3 2 2 1 2823 2824 2922 2921
2948 3 2 2 1 2824 2825 2923 2922
2949 3 2 2 1 2825 2826 2924 2923
2950 3 2 2 1 2826 2827 2925 2924
2951 3 2 2 1 2827 2828 2926 2925
2952 3 2 2 1 2828 2829 2927 2926
2953 3 2 2 1 2829 2830 2928 2927
2954 3 2 2 1 2830 2831 2929 2928
2955 3 2 2 1 2831 2832 2930 2929
2956 3 2 2 1 2832 2833 2931 2930
2957 3 2 2 1 2833 2834 2932 2931
2958 3 2 2 1 2834 2835 2933 2932
2959 3 2 2 1 2835 2836 2934 2933
2960 3 2 2 1 2836 2837 2935 2934
2961 3 2 2 1 2837 2838 2936 2935
2962 3 2 2 1 2838 2839 2937 2936
2963 3 2 2 1 2839 2840 2938 2937
2964 3 2 2 1 2840 2841 2939 2938
2965 3 2 2 1 2841 2842 2940 2939
2966 3 2 2 1 2842 2843 2941 2940
2967 3 2 2 1 2843 2844 2942 2941
2968 3 2 2 1 2844 2845 2943 2942
2969 3 2 2 1 2845 2846 2944 2943
2970 3 2 2 1 2846 29 30 2944
2971 3 2 2 1 273 2847 2945 272
2972 3 2 2 1 2847 2848 2946 2945
2973 3 2 2 1 2848 2849 2947 2946
2974 3 2 2 1 2849 2850 2948 2947
2975 3 2 2 1 2850 2851 2949 2948
2976 3 2 2 1 2851 2852 2950 2949
2977 3 2 2 1 2852 2853 2951 2950
2978 3 2 2 1 2853 2854 2952 2951
2979 3 2 2 1 2854 2855 2953 2952
2980 3 2 2 1 2855 2856 2954 2953
2981 3 2 2 1 2856 2857 2955 2954
2982 3 2 2 1 2857 2858 2956 2955
2983 3 2 2 1 2858 2859 2957 2956
2984 3 2 2 1 2859 2860 2958 2957
2985 3 2 2 1 2860 2861 2959 2958
2986 3 2 2 1 2861 2862 2960 2959
2987 3 2 2 1 2862 2863 2961 2960
2988 3 2 2 1 2863 2864 2962 2961
2989 3 2 2 1 2864 2865 2963 2962
2990 3 2 2 1 2865 2866 2964 2963
2991 3 2 2 1 2866 2867 2965 2964
2992 3 2 2 1 2867 2868 2966 2965
2993 3 2 2 1 2868 2869 2967 2966
2994 3 2 2 1 2869 2870 2968 2967
2995 3 2 2 1 2870 2871 2969 2968
2996 3 2 2 1 2871 2872 2970 2969
2997 3 2 2 1 2872 2873 2971 2970
2998 3 2 2 1 2873 2874 2972 2971
2999 3 2 2 1 2874 2875 2973 2972
3000 3 2 2 1 2875 2876 2974 2973
3001 3 2 2 1 2876 2877 2975 2974
3002 3 2 2 1 2877 2878 2976 2975
3003 3 2 2 1 2878 2879 2977 2976
3004 3 2 2 1 2879 2880 2978 2977
3005 3 2 2 1 2880 2881 2979 2978
3006 3 2 2 1 2881 2882 2980 2979
3007 3 2 2 1 2882 2883 2981 2980
3008 3 2 2 1 2883 2884 2982 2981
3009 3 2 2 1 2884 2885 2983 2982
3010 3 2 2 1 2885 2886 2984 2983
3011 3 2 2 1 2886 2887 2985 2984
3012 3 2 2 1 2887 2888 2986 2985
3013 3 2 2 1 2888 2889 2987 2986
3014 3 2 2 1 2889 2890 2988 2987
3015 3 2 2 1 2890 2891 2989 2988
3016 3 2 2 1 2891 2892 2990 2989
3017 3 2 2 1 2892 2893 2991 2990
3018 3 2 2 1 2893 2894 2992 2991
3019 3 2 2 1 2894 2895 2993 2992
3020 3 2 2 1 2895 2896 2994 2993
3021 3 2 2 1 2896 2897 2995 2994
3022 3 2 2 1 2897 2898 2996 2995
3023 3 2 2 1 2898 2899 2997 2996
3024 3 2 2 1 2899 2900 2998 2997
3025 3 2 2 1 2900 2901 2999 2998
3026 3 2 2 1 2901 2902 3000 2999
3027 3 2 2 1 2902 2903 3001 3000
3028 3 2 2 1 2903 2904 3002 3001
3029 3 2 2 1 2904 2905 3003 3002
3030 3 2 2 1 2905 2906 3004 3003
3031 3 2 2 1 2906 2907 3005 3004
3032 3 2 2 1 2907 2908 3006 3005
3033 3 2 2 1 2908 2909 3007 3006
3034 3 2 2 1 2909 2910 3008 3007
3035 3 2 2 1 2910 2911 3009 3008
3036 3 2 2 1 2911 2912 3010 3009
3037 3 2 2 1 2912 2913 3011 3010
3038 3 2 2 1 2913 2914 3012 3011
3039 3 2 2 1 2914 2915 3013 3012
3040 3 2 2 1 2915 2916 3014 3013
3041 3 2 2 1 2916 2917 3015 3014
3042 3 2 2 1 2917 2918 3016 3015
3043 3 2 2 1 2918 2919 3017 3016
3044 3 2 2 1 2919 2920 3018 3017
3045 3 2 2 1 2920 2921 3019 3018
3046 3 2 2 1 2921 2922 3020 3019
3047 3 2 2 1 2922 2923 3021 3020
3048 3 2 2 1 2923 2924 3022 3021
3049 3 2 2 1 2924 2925 3023 3022
3050 3 2 2 1 2925 2926 3024 3023
3051 3 2 2 1 2926 2927 3025 3024
3052 3 2 2 1 2927 2928 3026 3025
3053 3 2 2 1 2928 2929 3027 3026
3054 3 2 2 1 2929 2930 3028 3027
3055 3 2 2 1 2930 2931 3029 3028
3056 3 2 2 1 2931 2932 3030 3029
3057 3 2 2 1 2932 2933 3031 3030
3058 3 2 2 1 2933 2934 3032 3031
3059 3 2 2 1 2934 2935 3033 3032
3060 3 2 2 1 2935 2936 3034 3033
3061 3 2 2 1 2936 2937 3035 3034
3062 3 2 2 1 2937 2938 3036 3035
3063 3 2 2 1 2938 2939 3037 3036
3064 3 2 2 1 2939 2940 3038 3037
3065 3 2 2 1 2940 2941 3039 3038
3066 3 2 2 1 2941 2942 3040 3039
3067 3 2 2 1 2942 2943 3041 3040
3068 3 2 2 1 2943 2944 3042 3041
3069 3 2 2 1 2944 30 31 3042
3070 3 2 2 1 272 2945 3043 271
3071 3 2 2 1 2945 2946 3044 3043
3072 3 2 2 1 2946 2947 3045 3044
3073 3 2 2 1 2947 2948 3046 3045
3074 3 2 2 1 2948 2949 3047 3046
3075 3 2 2 1 2949 2950 3048 3047
3076 3 2 2 1 2950 2951 3049 3048
3077 3 2 2 1 2951 2952 3050 3049
3078 3 2 2 1 2952 2953 3051 3050
3079 3 2 2 1 2953 2954 3052 3051
3080 3 2 2 1 2954 2955 3053 3052
3081 3 2 2 1 2955 2956 3054 3053
3082 3 2 2 1 2956 2957 3055 3054
3083 3 2 2 1 2957 2958 3056 3055
3084 3 2 2 1 2958 2959 3057 3056
3085 3 2 2 1 2959 2960 3058 3057
3086 3 2 2 1 2960 2961 3059 3058
3087 3 2 2 1 2961 2962 3060 3059
3088 3 2 2 1 2962 2963 3061 3060
3089 3 2 2 1 2963 2964 3062 3061
3090 3 2 2 1 2964 2965 3063 3062
3091 3 2 2 1 2965 2966 3064 3063
3092 3 2 2 1 2966 2967 3065 3064
3093 3 2 2 1 2967 2968 3066 3065
3094 3 2 2 1 2968 2969 3067 3066
3095 3 2 2 1 2969 2970 3068 3067
3096 3 2 2 1 2970 2971 3069 3068
3097 3 2 2 1 2971 2972 3070 3069
3098 3 2 2 1 2972 2973 3071 3070
3099 3 2 2 1 2973 2974 3072 3071
3100 3 2 2 1 2974 2975 3073 3072
3101 3 2 2 1 2975 2976 3074 3073
3102 3 2 2 1 2976 2977 3075 3074
3103 3 2 2 1 2977 2978 3076 3075
3104 3 2 2 1 2978 2979 3077 3076
3105 3 2 2 1 2979 2980 3078 3077
3106 3 2 2 1 2980 2981 3079 3078
3107 3 2 2 1 2981 2982 3080 3079
3108 3 2 2 1 2982 2983 3081 3080
3109 3 2 2 1 2983 2984 3082 3081
3110 3 2 2 1 2984 2985 3083 3082
3111 3 2 2 1 2985 2986 3084 3083
3112 3 2 2 1 2986 2987 3085 3084
3113 3 2 2 1 2987 2988 3086 3085
3114 3 2 2 1 2988 2989 3087 3086
3115 3 2 2 1 2989 2990 3088 3087
3116 3 2 2 1 2990 2991 3089 3088
3117 3 2 2 1 2991 2992 3090 3089
3118 3 2 2 1 2992 2993 3091 3090
3119 3 2 2 1 2993 2994 3092 3091
3120 3 2 2 1 2994 2995 3093 3092
3121 3 2 2 1 2995 2996 3094 3093
3122 3 2 2 1 2996 2997 3095 3094
3123 3 2 2 1 2997 2998 3096 3095
3124 3 2 2 1 2998 2999 3097 3096
3125 3 2 2 1 2999 3000 3098 3097
3126 3 2 2 1 3000 3001 3099 3098
3127 3 2 2 1 3001 3002 3100 3099
3128 3 2 2 1 3002 3003 3101 3100
3129 3 2 2 1 3003 3004 3102 3101
3130 3 2 2 1 3004 3005 3103 3102
3131 3 2 2 1 3005 3006 3104 3103
3132 3 2 2 1 3006 3007 3105 3104
3133 3 2 2 1 3007 3008 3106 3105
3134 3 2 2 1 3008 3009 3107 3106
3135 3 2 2 1 3009 3010 3108 3107
3136 3 2 2 1 3010 3011 3109 3108
3137 3 2 2 1 3011 3012 3110 3109
3138 3 2 2 1 3012 3013 3111 3110
3139 3 2 2 1 3013 3014 3112 3111
3140 3 2 2 1 3014 3015 3113 3112
3141 3 2 2 1 3015 3016 3114 3113
3142 3 2 2 1 3016 3017 3115 3114
3143 3 2 2 1 3017 3018 3116 3115
3144 3 2 2 1 3018 3019 3117 3116
3145 3 2 2 1 3019 3020 3118 3117
3146 3 2 2 1 3020 3021 3119 3118
3147 3 2 2 1 3021 3022 3120 3119
3148 3 2 2 1 3022 3023 3121 3120
3149 3 2 2 1 3023 3024 3122 3121
3150 3 2 2 1 3024 3025 3123 3122
3151 3 2 2 1 3025 3026 3124 3123
3152 3 2 2 1 3026 3027 3125 3124
3153 3 2 2 1 3027 3028 3126 3125
3154 3 2 2 1 3028 3029 3127 3126
3155 3 2 2 1 3029 3030 3128 3127
3156 3 2 2 1 3030 3031 3129 3128
3157 3 2 2 1 3031 3032 3130 3129
3158 3 2 2 1 3032 3033 3131 3130
3159 3 2 2 1 3033 3034 3132 3131
3160 3 2 2 1 3034 3035 3133 3132
3161 3 2 2 1 3035 3036 3134 3133
3162 3 2 2 1 3036 3037 3135 3134
3163 3 2 2 1 3037 3038 3136 3135
3164 3 2 2 1 3038 3039 3137 3136
3165 3 2 2 1 3039 3040 3138 3137
3166 3 2 2 1 3040 3041 3139 3138
3167 3 2 2 1 3041 3042 3140 3139
3168 3 2 2 1 3042 31 32 3140
3169 3 2 2 1 271 3043 3141 270
3170 3 2 2 1 3043 3044 3142 3141
3171 3 2 2 1 3044 3045 3143 3142
3172 3 2 2 1 3045 3046 3144 3143
3173 3 2 2 1 3046 3047 3145 3144
3174 3 2 2 1 3047 3048 3146 3145
3175 3 2 2 1 3048 3049 3147 3146
3176 3 2 2 1 3049 3050 3148 3147
3177 3 2 2 1 3050 3051 3149 3148
3178 3 2 2 1 3051 3052 3150 3149
3179 3 2 2 1 3052 3053 3151 3150
3180 3 2 2 1 3053 3054 3152 3151
3181 3 2 2 1 3054 3055 3153 3152
3182 3 2 2 1 3055 3056 3154 3153
3183 3 2 2 1 3056 3057 3155 3154
3184 3 2 2 1 3057 3058 3156 3155
3185 3 2 2 1 3058 3059 3157 3156
3186 3 2 2 1 3059 3060 3158 3157
3187 3 2 2 1 3060 3061 3159 3158
3188 3 2 2 1 3061 3062 3160 3159
3189 3 2 2 1 3062 3063 3161 3160
3190 3 2 2 1 3063 3064 3162 3161
3191 3 2 2 1 3064 3065 3163 3162
3192 3 2 2 1 3065 3066 3164 3163
3193 3 2 2 1 3066 3067 3165 3164
3194 3 2 2 1 3067 3068 3166 3165
3195 3 2 2 1 3068 3069 3167 3166
3196 3 2 2 1 3069 3070 3168 3167
3197 3 2 2 1 3070 3071 3169 3168
3198 3 2 2 1 3071 3072 3170 3169
3199 3 2 2 1 3072 3073 3171 3170
3200 3 2 2 1 3073 3074 3172 3171
3201 3 2 2 1 3074 3075 3173 3172
3202 3 2 2 1 3075 3076 3174 3173
3203 3 2 2 1 3076 3077 3175 3174
3204 3 2 2 1 3077 3078 3176 3175
3205 3 2 2 1 3078 3079 3177 3176
3206 3 2 2 1 3079 3080 3178 3177
3207 3 2 2 1 3080 3081 3179 3178
3208 3 2 2 1 3081 3082 3180 3179
3209 3 2 2 1 3082 3083 3181 3180
3210 3 2 2 1 3083 3084 3182 3181
3211 3 2 2 1 3084 3085 3183 3182
3212 3 2 2 1 3085 3086 3184 3183
3213 3 2 2 1 3086 3087 3185 3184
3214 3 2 2 1 3087 3088 3186 3185
3215 3 2 2 1 3088 3089 3187 3186
3216 3 2 2 1 3089 3090 3188 3187
3217 3 2 2 1 3090 3091 3189 3188
3218 3 2 2 1 3091 3092 3190 3189
3219 3 2 2 1 3092 3093 3191 3190
3220 3 2 2 1 3093 3094 3192 3191
3221 3 2 2 1 3094 3095 3193 3192
3222 3 2 2 1 3095 3096 3194 3193
3223 3 2 2 1 3096 3097 3195 3194
3224 3 2 2 1 3097 3098 3196 3195
3225 3 2 2 1 3098 3099 3197 3196
3226 3 2 2 1 3099 3100 3198 3197
3227 3 2 2 1 3100 3101 3199 3198
3228 3 2 2 1 3101 3102 3200 3199
3229 3 2 2 1 3102 3103 3201 3200
3230 3 2 2 1 3103 3104 3202 3201
3231 3 2 2 1 3104 3105 3203 3202
3232 3 2 2 1 3105 3106 3204 3203
3233 3 2 2 1 3106 3107 3205 3204
3234 3 2 2 1 3107 3108 3206 3205
3235 3 2 2 1 3108 3109 3207 3206
3236 3 2 2 1 3109 3110 3208 3207
3237 3 2 2 1 3110 3111 3209 3208
3238 3 2 2 1 3111 3112 3210 3209
3239 3 2 2 1 3112 3113 3211 3210
3240 3 2 2 1 3113 3114 3212 3211
3241 3 2 2 1 3114 3115 3213 3212
3242 3 2 2 1 3115 3116 3214 3213
3243 3 2 2 1 3116 3117 3215 3214
3244 3 2 2 1 3117 3118 3216 3215
3245 3 2 2 1 3118 3119 3217 3216
3246 3 2 2 1 3119 3120 3218 3217
3247 3 2 2 1 3120 3121 3219 3218
3248 3 2 2 1 3121 3122 3220 3219
3249 3 2 2 1 3122 3123 3221 3220
3250 3 2 2 1 3123 3124 3222 3221
3251 3 2 2 1 3124 3125 3223 3222
3252 3 2 2 1 3125 3126 3224 3223
3253 3 2 2 1 3126 3127 3225 3224
3254 3 2 2 1 3127 3128 3226 3225
3255 3 2 2 1 3128 3129 3227 3226
3256 3 2 2 1 3129 3130 3228 3227
3257 3 2 2 1 3130 3131 3229 3228
3258 3 2 2 1 3131 3132 3230 3229
3259 3 2 2 1 3132 3133 3231 3230
3260 3 2 2 1 3133 3134 3232 3231
3261 3 2 2 1 3134 3135 3233 3232
3262 3 2 2 1 3135 3136 3234 3233
3263 3 2 2 1 3136 3137 3235 3234
3264 3 2 2 1 3137 3138 3236 3235
3265 3 2 2 1 3138 3139 3237 3236
3266 3 2 2 1 3139 3140 3238 3237
3267 3 2 2 1 3140 32 33 3238
3268 3 2 2 1 270 3141 3239 269
3269 3 2 2 1 3141 3142 3240 3239
3270 3 2 2 1 3142 3143 3241 3240
3271 3 2 2 1 3143 3144 3242 3241
3272 3 2 2 1 3144 3145 3243 3242
3273 3 2 2 1 3145 3146 3244 3243
3274 3 2 2 1 3146 3147 3245 3244
3275 3 2 2 1 3147 3148 3246 3245
3276 3 2 2 1 3148 3149 3247 3246
3277 3 2 2 1 3149 3150 3248 3247
3278 3 2 2 1 3150 3151 3249 3248
3279 3 2 2 1 3151 3152 3250 3249
3280 3 2 2 1 3152 3153 3251 3250
3281 3 2 2 1 3153 3154 3252 3251
3282 3 2 2 1 3154 3155 3253 3252
3283 3 2 2 1 3155 3156 3254 3253
3284 3 2 2 1 3156 3157 3255 3254
3285 3 2 2 1 3157 3158 3256 3255
3286 3 2 2 1 3158 3159 3257 3256
3287 3 2 2 1 3159 3160 3258 3257
3288 3 2 2 1 3160 3161 3259 3258
3289 3 2 2 1 3161 3162 3260 3259
3290 3 2 2 1 3162 3163 3261 3260
3291 3 2 2 1 3163 3164 3262 3261
3292 3 2 2 1 3164 3165 3263 3262
3293 3 2 2 1 3165 3166 3264 3263
3294 3 2 2 1 3166 3167 3265 3264
3295 3 2 2 1 3167 3168 3266 3265
3296 3 2 2 1 3168 3169 3267 3266
3297 3 2 2 1 3169 3170 3268 3267
3298 3 2 2 1 3170 3171 3269 3268
3299 3 2 2 1 3171 3172 3270 3269
3300 3 2 2 1 3172 3173 3271 3270
3301 3 2 2 1 3173 3174 3272 3271
3302 3 2 2 1 3174 3175 3273 3272
3303 3 2 2 1 3175 3176 3274 3273
3304 3 2 2 1 3176 3177 3275 3274
3305 3 2 2 1 3177 3178 3276 3275
3306 3 2 2 1 3178 3179 3277 3276
3307 3 2 2 1 3179 3180 3278 3277
3308 3 2 2 1 3180 3181 3279 3278
3309 3 2 2 1 3181 3182 3280 3279
3310 3 2 2 1 3182 3183 3281 3280
3311 3 2 2 1 3183 3184 3282 3281
3312 3 2 2 1 3184 3185 3283 3282
3313 3 2 2 1 3185 3186 3284 3283
3314 3 2 2 1 3186 3187 3285 3284
3315 3 2 2 1 3187 3188 3286 3285
3316 3 2 2 1 3188 3189 3287 3286
3317 3 2 2 1 3189 3190 3288 3287
3318 3 2 2 1 3190 3191 3289 3288
3319 3 2 2 1 3191 3192 3290 3289
3320 3 2 2 1 3192 3193 3291 3290
3321 3 2 2 1 3193 3194 3292 3291
3322 3 2 2 1 3194 3195 3293 3292
3323 3 2 2 1 3195 3196 3294 3293
3324 3 2 2 1 3196 3197 3295 3294
3325 3 2 2 1 3197 3198 3296 3295
3326 3 2 2 1 3198 3199 3297 3296
3327 3 2 2 1 3199 3200 3298 3297
3328 3 2 2 1 3200 3201 3299 3298
3329 3 2 2 1 3201 3202 3300 3299
3330 3 2 2 1 3202 3203 3301 3300
3331 3 2 2 1 3203 3204 3302 3301
3332 3 2 2 1 3204 3205 3303 3302
3333 3 2 2 1 3205 3206 3304 3303
3334 3 2 2 1 3206 3207 3305 3304
3335 3 2 2 1 3207 3208 3306 3305
3336 3 2 2 1 3208 3209 3307 3306
3337 3 2 2 1 3209 3210 3308 3307
3338 3 2 2 1 3210 3211 3309 3308
3339 3 2 2 1 3211 3212 3310 3309
3340 3 2 2 1 3212 3213 3311 3310
3341 3 2 2 1 3213 3214 3312 3311
3342 3 2 2 1 3214 3215 3313 3312
3343 3 2 2 1 3215 3216 3314 3313
3344 3 2 2 1 3216 3217 3315 3314
3345 3 2 2 1 3217 3218 3316 3315
3346 3 2 2 1 3218 3219 3317 3316
3347 3 2 2 1 3219 3220 3318 3317
3348 3 2 2 1 3220 3221 3319 3318
3349 3 2 2 1 3221 3222 3320 3319
3350 3 2 2 1 3222 3223 3321 3320
3351 3 2 2 1 3223 3224 3322 3321
3352 3 2 2 1 3224 3225 3323 3322
3353 3 2 2 1 3225 3226 3324 3323
3354 3 2 2 1 3226 3227 3325 3324
3355 3 2 2 1 3227 3228 3326 3325
3356 3 2 2 1 3228 3229 3327 3326
3357 3 2 2 1 3229 3230 3328 3327
3358 3 2 2 1 3230 3231 3329 3328
3359 3 2 2 1 3231 3232 3330 3329
3360 3 2 2 1 3232 3233 3331 3330
3361 3 2 2 1 3233 3234 3332 3331
3362 3 2 2 1 3234 3235 3333 3332
3363 3 2 2 1 3235 3236 3334 3333
3364 3 2 2 1 3236 3237 3335 3334
3365 3 2 2 1 3237 3238 3336 3335
3366 3 2 2 1 3238 33 34 3336
3367 3 2 2 1 269 3239 3337 268
3368 3 2 2 1 3239 3240 3338 3337
3369 3 2 2 1 3240 3241 3339 3338
3370 3 2 2 1 3241 3242 3340 3339
3371 3 2 2 1 3242 3243 3341 3340
3372 3 2 2 1 3243 3244 3342 3341
3373 3 2 2 1 3244 3245 3343 3342
3374 3 2 2 1 3245 3246 3344 3343
3375 3 2 2 1 3246 3247 3345 3344
3376 3 2 2 1 3247 3248 3346 3345
3377 3 2 2 1 3248 3249 3347 3346
3378 3 2 2 1 3249 3250 3348 3347
3379 3 2 2 1 3250 3251 3349 3348
3380 3 2 2 1 3251 3252 3350 3349
3381 3 2 2 1 3252 3253 3351 3350
3382 3 2 2 1 3253 3254 3352 3351
3383 3 2 2 1 3254 3255 3353 3352
3384 3 2 2 1 3255 3256 3354 3353
3385 3 2 2 1 3256 3257 3355 3354
3386 3 2 2 1 3257 3258 3356 3355
3387 3 2 2 1 3258 3259 3357 3356
3388 3 2 2 1 3259 3260 3358 3357
3389 3 2 2 1 3260 3261 3359 3358
3390 3 2 2 1 3261 3262 3360 3359
3391 3 2 2 1 3262 3263 3361 3360
3392 3 2 2 1 3263 3264 3362 3361
3393 3 2 2 1 3264 3265 3363 3362
3394 3 2 2 1 3265 3266 3364 3363
3395 3 2 2 1 3266 3267 3365 3364
3396 3 2 2 1 3267 3268 3366 3365
3397 3 2 2 1 3268 3269 3367 3366
3398 3 2 2 1 3269 3270 3368 3367
3399 3 2 2 1 3270 3271 3369 3368
3400 3 2 2 1 3271 3272 3370 3369
3401 3 2 2 1 3272 3273 3371 3370
3402 3 2 2 1 3273 3274 3372 3371
3403 3 2 2 1 3274 3275 3373 3372
3404 3 2 2 1 3275 3276 3374 3373
3405 3 2 2 1 3276 3277 3375 3374
3406 3 2 2 1 3277 3278 3376 3375
3407 3 2 2 1 3278 3279 3377 3376
3408 3 2 2 1 3279 3280 3378 3377
3409 3 2 2 1 3280 3281 3379 3378
3410 3 2 2 1 3281 3282 3380 3379
3411 3 2 2 1 3282 3283 3381 3380
3412 3 2 2 1 3283 3284 3382 3381
3413 3 2 2 1 3284 3285 3383 3382
3414 3 2 2 1 3285 3286 3384 3383
3415 3 2 2 1 3286 3287 3385 3384
3416 3 2 2 1 3287 3288 3386 3385
3417 3 2 2 1 3288 3289 3387 3386
3418 3 2 2 1 3289 3290 3388 3387
3419 3 2 2 1 3290 3291 3389 3388
3420 3 2 2 1 3291 3292 3390 3389
3421 3 2 2 1 3292 3293 3391 3390
3422 3 2 2 1 3293 3294 3392 3391
3423 3 2 2 1 3294 3295 3393 3392
3424 3 2 2 1 3295 3296 3394 3393
3425 3 2 2 1 3296 3297 3395 3394
3426 3 2 2 1 3297 3298 3396 3395
3427 3 2 2 1 3298 3299 3397 3396
3428 3 2 2 1 3299 3300 3398 3397
3429 3 2 2 1 3300 3301 3399 3398
3430 3 2 2 1 3301 3302 3400 3399
3431 3 2 2 1 3302 3303 3401 3400
3432 3 2 2 1 3303 3304 3402 3401
3433 3 2 2 1 3304 3305 3403 3402
3434 3 2 2 1 3305 3306 3404 3403
3435 3 2 2 1 3306 3307 3405 3404
3436 3 2 2 1 3307 3308 3406 3405
3437 3 2 2 1 3308 3309 3407 3406
3438 3 2 2 1 3309 3310 3408 3407
3439 3 2 2 1 3310 3311 3409 3408
3440 3 2 2 1 3311 3312 3410 3409
3441 3 2 2 1 3312 3313 3411 3410
3442 3 2 2 1 3313 3314 3412 3411
3443 3 2 2 1 3314 3315 3413 3412
3444 3 2 2 1 3315 3316 3414 3413
3445 3 2 2 1 3316 3317 3415 3414
3446 3 2 2 1 3317 3318 3416 3415
3447 3 2 2 1 3318 3319 3417 3416
3448 3 2 2 1 3319 3320 3418 3417
3449 3 2 2 1 3320 3321 3419 3418
3450 3 2 2 1 3321 3322 3420 3419
3451 3 2 2 1 3322 3323 3421 3420
3452 3 2 2 1 3323 3324 3422 3421
3453 3 2 2 1 3324 3325 3423 3422
3454 3 2 2 1 3325 3326 3424 3423
3455 3 2 2 1 3326 3327 3425 3424
3456 3 2 2 1 3327 3328 3426 3425
3457 3 2 2 1 3328 3329 3427 3426
3458 3 2 2 1 3329 3330 3428 3427
3459 3 2 2 1 3330 3331 3429 3428
3460 3 2 2 1 3331 3332 3430 3429
3461 3 2 2 1 3332 3333 3431 3430
3462 3 2 2 1 3333 3334 3432 3431
3463 3 2 2 1 3334 3335 3433 3432
3464 3 2 2 1 3335 3336 3434 3433
3465 3 2 2 1 3336 34 35 3434
3466 3 2 2 1 268 3337 3435 267
3467 3 2 2 1 3337 3338 3436 3435
3468 3 2 2 1 3338 3339 3437 3436
3469 3 2 2 1 3339 3340 3438 3437
3470 3 2 2 1 3340 3341 3439 3438
3471 3 2 2 1 3341 3342 3440 3439
3472 3 2 2 1 3342 3343 3441 3440
3473 3 2 2 1 3343 3344 3442 3441
3474 3 2 2 1 3344 3345 3443 3442
3475 3 2 2 1 3345 3346 3444 3443
3476 3 2 2 1 3346 3347 3445 3444
3477 3 2 2 1 3347 3348 3446 3445
3478 3 2 2 1 3348 3349 3447 3446
3479 3 2 2 1 3349 3350 3448 3447
3480 3 2 2 1 3350 3351 3449 3448
3481 3 2 2 1 3351 3352 3450 3449
3482 3 2 2 1 3352 3353 3451 3450
3483 3 2 2 1 3353 3354 3452 3451
3484 3 2 2 1 3354 3355 3453 3452
3485 3 2 2 1 3355 3356 3454 3453
3486 3 2 2 1 3356 3357 3455 3454
3487 3 2 2 1 3357 3358 3456 3455
3488 3 2 2 1 3358 3359 3457 3456
3489 3 2 2 1 3359 3360 3458 3457
3490 3 2 2 1 3360 3361 3459 3458
3491 3 2 2 1 3361 3362 3460 3459
3492 3 2 2 1 3362 3363 3461 3460
3493 3 2 2 1 3363 3364 3462 3461
3494 3 2 2 1 3364 3365 3463 3462
3495 3 2 2 1 3365 3366 3464 3463
3496 3 2 2 1 3366 3367 3465 3464
3497 3 2 2 1 3367 3368 3466 3465
3498 3 2 2 1 3368 3369 3467 3466
3499 3 2 2 1 3369 3370 3468 3467
3500 3 2 2 1 3370 3371 3469 3468
3501 3 2 2 1 3371 3372 3470 3469
3502 3 2 2 1 3372 3373 3471 3470
3503 3 2 2 1 3373 3374 3472 3471
3504 3 2 2 1 3374 3375 3473 3472
3505 3 2 2 1 3375 3376 3474 3473
3506 3 2 2 1 3376 3377 3475 3474
3507 3 2 2 1 3377 3378 3476 3475
3508 3 2 2 1 3378 3379 3477 3476
3509 3 2 2 1 3379 3380 3478 3477
3510 3 2 2 1 3380 3381 3479 3478
3511 3 2 2 1 3381 3382 3480 3479
3512 3 2 2 1 3382 3383 3481 3480
3513 3 2 2 1 3383 3384 3482 3481
3514 3 2 2 1 3384 3385 3483 3482
3515 3 2 2 1 3385 3386 3484 3483
3516 3 2 2 1 3386 3387 3485 3484
3517 3 2 2 1 3387 3388 3486 3485
3518 3 2 2 1 3388 3389 3487 3486
3519 3 2 2 1 3389 3390 3488 3487
3520 3 2 2 1 3390 3391 3489 3488
3521 3 2 2 1 3391 3392 3490 3489
3522 3 2 2 1 3392 3393 3491 3490
3523 3 2 2 1 3393 3394 3492 3491
3524 3 2 2 1 3394 3395 3493 3492
3525 3 2 2 1 3395 3396 3494 3493
3526 3 2 2 1 3396 3397 3495 3494
3527 3 2 2 1 3397 3398 3496 3495
3528 3 2 2 1 3398 3399 3497 3496
3529 3 2 2 1 3399 3400 3498 3497
3530 3 2 2 1 3400 3401 3499 3498
3531 3 2 2 1 3401 3402 3500 3499
3532 3 2 2 1 3402 3403 3501 3500
3533 3 2 2 1 3403 3404 3502 3501
3534 3 2 2 1 3404 3405 3503 3502
3535 3 2 2 1 3405 3406 3504 3503
3536 3 2 2 1 3406 3407 3505 3504
3537 3 2 2 1 3407 3408 3506 3505
3538 3 2 2 1 3408 3409 3507 3506
3539 3 2 2 1 3409 3410 3508 3507
3540 3 2 2 1 3410 3411 3509 3508
3541 3 2 2 1 3411 3412 3510 3509
3542 3 2 2 1 3412 3413 3511 3510
3543 3 2 2 1 3413 3414 3512 3511
3544 3 2 2 1 3414 3415 3513 3512
3545 3 2 2 1 3415 3416 3514 3513
3546 3 2 2 1 3416 3417 3515 3514
3547 3 2 2 1 3417 3418 3516 3515
3548 3 2 2 1 3418 3419 3517 3516
3549 3 2 2 1 3419 3420 3518 3517
3550 3 2 2 1 3420 3421 3519 3518
3551 3 2 2 1 3421 3422 3520 3519
3552 3 2 2 1 3422 3423 3521 3520
3553 3 2 2 1 3423 3424 3522 3521
3554 3 2 2 1 3424 3425 3523 3522
3555 3 2 2 1 3425 3426 3524 3523
3556 3 2 2 1 3426 3427 3525 3524
3557 3 2 2 1 3427 3428 3526 3525
3558 3 2 2 1 3428 3429 3527 3526
3559 3 2 2 1 3429 3430 3528 3527
3560 3 2 2 1 3430 3431 3529 3528
3561 3 2 2 1 3431 3432 3530 3529
3562 3 2 2 1 3432 3433 3531 3530
3563 3 2 2 1 3433 3434 3532 3531
3564 3 2 2 1 3434 35 36 3532
3565 3 2 2 1 267 3435 3533 266
3566 3 2 2 1 3435 3436 3534 3533
3567 3 2 2 1 3436 3437 3535 3534
3568 3 2 2 1 3437 3438 3536 3535
3569 3 2 2 1 3438 3439 3537 3536
3570 3 2 2 1 3439 3440 3538 3537
3571 3 2 2 1 3440 3441 3539 3538
3572 3 2 2 1 3441 3442 3540 3539
3573 3 2 2 1 3442 3443 3541 3540
3574 3 2 2 1 3443 3444 3542 3541
3575 3 2 2 1 3444 3445 3543 3542
3576 3 2 2 1 3445 3446 3544 3543
3577 3 2 2 1 3446 3447 3545 3544
3578 3 2 2 1 3447 3448 3546 3545
3579 3 2 2 1 3448 3449 3547 3546
3580 3 2 2 1 3449 3450 3548 3547
3581 3 2 2 1 3450 3451 3549 3548
3582 3 2 2 1 3451 3452 3550 3549
3583 3 2 2 1 3452 3453 3551 3550
3584 3 2 2 1 3453 3454 3552 3551
3585 3 2 2 1 3454 3455 3553 3552
3586 3 2 2 1 3455 3456 3554 3553
3587 3 2 2 1 3456 3457 3555 3554
3588 3 2 2 1 3457 3458 3556 3555
3589 3 2 2 1 3458 3459 3557 3556
3590 3 2 2 1 3459 3460 3558 3557
3591 3 2 2 1 3460 3461 3559 3558
3592 3 2 2 1 3461 3462 3560 3559
3593 3 2 2 1 3462 3463 3561 3560
3594 3 2 2 1 3463 3464 3562 3561
3595 3 2 2 1 3464 3465 3563 3562
3596 3 2 2 1 3465 3466 3564 3563
3597 3 2 2 1 3466 3467 3565 3564
3598 3 2 2 1 3467 3468 3566 3565
3599 3 2 2 1 3468 3469 3567 3566
3600 3 2 2 1 3469 3470 3568 3567
3601 3 2 2 1 3470 3471 3569 3568
3602 3 2 2 1 3471 3472 3570 3569
3603 3 2 2 1 3472 3473 3571 3570
3604 3 2 2 1 3473 3474 3572 3571
3605 3 2 2 1 3474 3475 3573 3572
3606 3 2 2 1 3475 3476 3574 3573
3607 3 2 2 1 3476 3477 3575 3574
3608 3 2 2 1 3477 3478 3576 3575
3609 3 2 2 1 3478 3479 3577 3576
3610 3 2 2 1 3479 3480 3578 3577
3611 3 2 2 1 3480 3481 3579 3578
3612 3 2 2 1 3481 3482 3580 3579
3613 3 2 2 1 3482 3483 3581 3580
3614 3 2 2 1 3483 3484 3582 3581
3615 3 2 2 1 3484 3485 3583 3582
3616 3 2 2 1 3485 3486 3584 3583
3617 3 2 2 1 3486 3487 3585 3584
3618 3 2 2 1 3487 3488 3586 3585
3619 3 2 2 1 3488 3489 3587 3586
3620 3 2 2 1 3489 3490 3588 3587
3621 3 2 2 1 3490 3491 3589 3588
3622 3 2 2 1 3491 3492 3590 3589
3623 3 2 2 1 3492 3493 3591 3590
3624 3 2 2 1 3493 3494 3592 3591
3625 3 2 2 1 3494 3495 3593 3592
3626 3 2 2 1 3495 3496 3594 3593
3627 3 2 2 1 3496 3497 3595 3594
3628 3 2 2 1 3497 3498 3596 3595
3629 3 2 2 1 3498 3499 3597 3596
3630 3 2 2 1 3499 3500 3598 3597
3631 3 2 2 1 3500 3501 3599 3598
3632 3 2 2 1 3501 3502 3600 3599
3633 3 2 2 1 3502 3503 3601 3600
3634 3 2 2 1 3503 3504 3602 3601
3635 3 2 2 1 3504 3505 3603 3602
3636 3 2 2 1 3505 3506 3604 3603
3637 3 2 2 1 3506 3507 3605 3604
3638 3 2 2 1 3507 3508 3606 3605
3639 3 2 2 1 3508 3509 3607 3606
3640 3 2 2 1 3509 3510 3608 3607
3641 3 2 2 1 3510 3511 3609 3608
3642 3 2 2 1 3511 3512 3610 3609
3643 3 2 2 1 3512 3513 3611 3610
3644 3 2 2 1 3513 3514 3612 3611
3645 3 2 2 1 3514 3515 3613 3612
3646 3 2 2 1 3515 3516 3614 3613
3647 3 2 2 1 3516 3517 3615 3614
3648 3 2 2 1 3517 3518 3616 3615
3649 3 2 2 1 3518 3519 3617 3616
3650 3 2 2 1 3519 3520 3618 3617
3651 3 2 2 1 3520 3521 3619 3618
3652 3 2 2 1 3521 3522 3620 3619
3653 3 2 2 1 3522 3523 3621 3620
3654 3 2 2 1 3523 3524 3622 3621
3655 3 2 2 1 3524 3525 3623 3622
3656 3 2 2 1 3525 3526 3624 3623
3657 3 2 2 1 3526 3527 3625 3624
3658 3 2 2 1 3527 3528 3626 3625
3659 3 2 2 1 3528 3529 3627 3626
3660 3 2 2 1 3529 3530 3628 3627
3661 3 2 2 1 3530 3531 3629 3628
3662 3 2 2 1 3531 3532 3630 3629
3663 3 2 2 1 3532 36 37 3630
3664 3 2 2 1 266 3533 3631 265
3665 3 2 2 1 3533 3534 3632 3631
3666 3 2 2 1 3534 3535 3633 3632
3667 3 2 2 1 3535 3536 3634 3633
3668 3 2 2 1 3536 3537 3635 3634
3669 3 2 2 1 3537 3538 3636 3635
3670 3 2 2 1 3538 3539 3637 3636
3671 3 2 2 1 3539 3540 3638 3637
3672 3 2 2 1 3540 3541 3639 3638
3673 3 2 2 1 3541 3542 3640 3639
3674 3 2 2 1 3542 3543 3641 3640
3675 3 2 2 1 3543 3544 3642 3641
3676 3 2 2 1 3544 3545 3643 3642
3677 3 2 2 1 3545 3546 3644 3643
3678 3 2 2 1 3546 3547 3645 3644
3679 3 2 2 1 3547 3548 3646 3645
3680 3 2 2 1 3548 3549 3647 3646
3681 3 2 2 1 3549 3550 3648 3647
3682 3 2 2 1 3550 3551 3649 3648
3683 3 2 2 1 3551 3552 3650 3649
3684 3 2 2 1 3552 3553 3651 3650
3685 3 2 2 1 3553 3554 3652 3651
3686 3 2 2 1 3554 3555 3653 3652
3687 3 2 2 1 3555 3556 3654 3653
3688 3 2 2 1 3556 3557 3655 3654
3689 3 2 2 1 3557 3558 3656 3655
3690 3 2 2 1 3558 3559 3657 3656
3691 3 2 2 1 3559 3560 3658 3657
3692 3 2 2 1 3560 3561 3659 3658
3693 3 2 2 1 3561 3562 3660 3659
3694 3 2 2 1 3562 3563 3661 3660
3695 3 2 2 1 3563 3564 3662 3661
3696 3 2 2 1 3564 3565 3663 3662
3697 3 2 2 1 3565 3566 3664 3663
3698 3 2 2 1 3566 3567 3665 3664
3699 3 2 2 1 3567 3568 3666 3665
3700 3 2 2 1 3568 3569 3667 3666
3701 3 2 2 1 3569 3570 3668 3667
3702 3 2 2 1 3570 3571 3669 3668
3703 3 2 2 1 3571 3572 3670 3669
3704 3 2 2 1 3572 3573 3671 3670
3705 3 2 2 1 3573 3574 3672 3671
3706 3 2 2 1 3574 3575 3673 3672
3707 3 2 2 1 3575 3576 3674 3673
3708 3 2 2 1 3576 3577 3675 3674
3709 3 2 2 1 3577 3578 3676 3675
3710 3 2 2 1 3578 3579 3677 3676
3711 3 2 2 1 3579 3580 3678 3677
3712 3 2 2 1 3580 3581 3679 3678
3713 3 2 2 1 3581 3582 3680 3679
3714 3 2 2 1 3582 3583 3681 3680
3715 3 2 2 1 3583 3584 3682 3681
3716 3 2 2 1 3584 3585 3683 3682
3717 3 2 2 1 3585 3586 3684 3683
3718 3 2 2 1 3586 3587 3685 3684
3719 3 2 2 1 3587 3588 3686 3685
3720 3 2 2 1 3588 3589 3687 3686
3721 3 2 2 1 3589 3590 3688 3687
3722 3 2 2 1 3590 3591 3689 3688
3723 3 2 2 1 3591 3592 3690 3689
3724 3 2 2 1 3592 3593 3691 3690
3725 3 2 2 1 3593 3594 3692 3691
3726 3 2 2 1 3594 3595 3693 3692
3727 3 2 2 1 3595 3596 3694 3693
3728 3 2 2 1 3596 3597 3695 3694
3729 3 2 2 1 3597 3598 3696 3695
3730 3 2 2 1 3598 3599 3697 3696
3731 3 2 2 1 3599 3600 3698 3697
3732 3 2 2 1 3600 3601 3699 3698
3733 3 2 2 1 3601 3602 3700 3699
3734 3 2 2 1 3602 3603 3701 3700
3735 3 2 2 1 3603 3604 3702 3701
3736 3 2 2 1 3604 3605 3703 3702
3737 3 2 2 1 3605 3606 3704 3703
3738 3 2 2 1 3606 3607 3705 3704
3739 3 2 2 1 3607 3608 3706 3705
3740 3 2 2 1 3608 3609 3707 3706
3741 3 2 2 1 3609 3610 3708 3707
3742 3 2 2 1 3610 3611 3709 3708
3743 3 2 2 1 3611 3612 3710 3709
3744 3 2 2 1 3612 3613 3711 3710
3745 3 2 2 1 3613 3614 3712 3711
3746 3 2 2 1 3614 3615 3713 3712
3747 3 2 2 1 3615 3616 3714 3713
3748 3 2 2 1 3616 3617 3715 3714
3749 3 2 2 1 3617 3618 3716 3715
3750 3 2 2 1 3618 3619 3717 3716
3751 3 2 2 1 3619 3620 3718 3717
3752 3 2 2 1 3620 3621 3719 3718
3753 3 2 2 1 3621 3622 3720 3719
3754 3 2 2 1 3622 3623 3721 3720
3755 3 2 2 1 3623 3624 3722 3721
3756 3 2 2 1 3624 3625 3723 3722
3757 3 2 2 1 3625 3626 3724 3723
3758 3 2 2 1 3626 3627 3725 3724
3759 3 2 2 1 3627 3628 3726 3725
3760 3 2 2 1 3628 3629 3727 3726
3761 3 2 2 1 3629 3630 3728 3727
3762 3 2 2 1 3630 37 38 3728
3763 3 2 2 1 265 3631 3729 264
3764 3 2 2 1 3631 3632 3730 3729
3765 3 2 2 1 3632 3633 3731 3730
3766 3 2 2 1 3633 3634 3732 3731
3767 3 2 2 1 3634 3635 3733 3732
3768 3 2 2 1 3635 3636 3734 3733
3769 3 2 2 1 3636 3637 3735 3734
3770 3 2 2 1 3637 3638 3736 3735
3771 3 2 2 1 3638 3639 3737 3736
3772 3 2 2 1 3639 3640 3738 3737
3773 3 2 2 1 3640 3641 3739 3738
3774 3 2 2 1 3641 3642 3740 3739
3775 3 2 2 1 3642 3643 3741 3740
3776 3 2 2 1 3643 3644 3742 3741
3777 3 2 2 1 3644 3645 3743 3742
3778 3 2 2 1 3645 3646 3744 3743
3779 3 2 2 1 3646 3647 3745 3744
3780 3 2 2 1 3647 3648 3746 3745
3781 3 2 2 1 3648 3649 3747 3746
3782 3 2 2 1 3649 3650 3748 3747
3783 3 2 2 1 3650 3651 3749 3748
3784 3 2 2 1 3651 3652 3750 3749
3785 3 2 2 1 3652 3653 3751 3750
3786 3 2 2 1 3653 3654 3752 3751
3787 3 2 2 1 3654 3655 3753 3752
3788 3 2 2 1 3655 3656 3754 3753
3789 3 2 2 1 3656 3657 3755 3754
3790 3 2 2 1 3657 3658 3756 3755
3791 3 2 2 1 3658 3659 3757 3756
3792 3 2 2 1 3659 3660 3758 3757
3793 3 2 2 1 3660 3661 3759 3758
3794 3 2 2 1 3661 3662 3760 3759
3795 3 2 2 1 3662 3663 3761 3760
3796 3 2 2 1 3663 3664 3762 3761
3797 3 2 2 1 3664 3665 3763 3762
3798 3 2 2 1 3665 3666 3764 3763
3799 3 2 2 1 3666 3667 3765 3764
3800 3 2 2 1 3667 3668 3766 3765
3801 3 2 2 1 3668 3669 3767 3766
3802 3 2 2 1 3669 3670 3768 3767
3803 3 2 2 1 3670 3671 3769 3768
3804 3 2 2 1 3671 3672 3770 3769
3805 3 2 2 1 3672 3673 3771 3770
3806 3 2 2 1 3673 3674 3772 3771
3807 3 2 2 1 3674 3675 3773 3772
3808 3 2 2 1 3675 3676 3774 3773
3809 3 2 2 1 3676 3677 3775 3774
3810 3 2 2 1 3677 3678 3776 3775
3811 3 2 2 1 3678 3679 3777 3776
3812 3 2 2 1 3679 3680 3778 3777
3813 3 2 2 1 3680 3681 3779 3778
3814 3 2 2 1 3681 3682 3780 3779
3815 3 2 2 1 3682 3683 3781 3780
3816 3 2 2 1 3683 3684 3782 3781
3817 3 2 2 1 3684 3685 3783 3782
3818 3 2 2 1 3685 3686 3784 3783
3819 3 2 2 1 3686 3687 3785 3784
3820 3 2 2 1 3687 3688 3786 3785
3821 3 2 2 1 3688 3689 3787 3786
3822 3 2 2 1 3689 3690 3788 3787
3823 3 2 2 1 3690 3691 3789 3788
3824 3 2 2 1 3691 3692 3790 3789
3825 3 2 2 1 3692 3693 3791 3790
3826 3 2 2 1 3693 3694 3792 3791
3827 3 2 2 1 3694 3695 3793 3792
3828 3 2 2 1 3695 3696 3794 3793
3829 3 2 2 1 3696 3697 3795 3794
3830 3 2 2 1 3697 3698 3796 3795
3831 3 2 2 1 3698 3699 3797 3796
3832 3 2 2 1 3699 3700 3798 3797
3833 3 2 2 1 3700 3701 3799 3798
3834 3 2 2 1 3701 3702 3800 3799
3835 3 2 2 1 3702 3703 3801 3800
3836 3 2 2 1 3703 3704 3802 3801
3837 3 2 2 1 3704 3705 3803 3802
3838 3 2 2 1 3705 3706 3804 3803
3839 3 2 2 1 3706 3707 3805 3804
3840 3 2 2 1 3707 3708 3806 3805
3841 3 2 2 1 3708 3709 3807 3806
3842 3 2 2 1 3709 3710 3808 3807
3843 3 2 2 1 3710 3711 3809 3808
3844 3 2 2 1 3711 3712 3810 3809
3845 3 2 2 1 3712 3713 3811 3810
3846 3 2 2 1 3713 3714 3812 3811
3847 3 2 2 1 3714 3715 3813 3812
3848 3 2 2 1 3715 3716 3814 3813
3849 3 2 2 1 3716 3717 3815 3814
3850 3 2 2 1 3717 3718 3816 3815
3851 3 2 2 1 3718 3719 3817 3816
3852 3 2 2 1 3719 3720 3818 3817
3853 3 2 2 1 3720 3721 3819 3818
3854 3 2 2 1 3721 3722 3820 3819
3855 3 2 2 1 3722 3723 3821 3820
3856 3 2 2 1 3723 3724 3822 3821
3857 3 2 2 1 3724 3725 3823 3822
3858 3 2 2 1 3725 3726 3824 3823
3859 3 2 2 1 3726 3727 3825 3824
3860 3 2 2 1 3727 3728 3826 3825
3861 3 2 2 1 3728 38 39 3826
3862 3 2 2 1 264 3729 3827 263
3863 3 2 2 1 3729 3730 3828 3827
3864 3 2 2 1 3730 3731 3829 3828
3865 3 2 2 1 3731 3732 3830 3829
3866 3 2 2 1 3732 3733 3831 3830
3867 3 2 2 1 3733 3734 3832 3831
3868 3 2 2 1 3734 3735 3833 3832
3869 3 2 2 1 3735 3736 3834 3833
3870 3 2 2 1 3736 3737 3835 3834
3871 3 2 2 1 3737 3738 3836 3835
3872 3 2 2 1 3738 3739 3837 3836
3873 3 2 2 1 3739 3740 3838 3837
3874 3 2 2 1 3740 3741 3839 3838
3875 3 2 2 1 3741 3742 3840 3839
3876 3 2 2 1 3742 3743 3841 3840
3877 3 2 2 1 3743 3744 3842 3841
3878 3 2 2 1 3744 3745 3843 3842
3879 3 2 2 1 3745 3746 3844 3843
3880 3 2 2 1 3746 3747 3845 3844
3881 3 2 2 1 3747 3748 3846 3845
3882 3 2 2 1 3748 3749 3847 3846
3883 3 2 2 1 3749 3750 3848 3847
3884 3 2 2 1 3750 3751 3849 3848
3885 3 2 2 1 3751 3752 3850 3849
3886 3 2 2 1 3752 3753 3851 3850
3887 3 2 2 1 3753 3754 3852 3851
3888 3 2 2 1 3754 3755 3853 3852
3889 3 2 2 1 3755 3756 3854 3853
3890 3 2 2 1 3756 3757 3855 3854
3891 3 2 2 1 3757 3758 3856 3855
3892 3 2 2 1 3758 3759 3857 3856
3893 3 2 2 1 3759 3760 3858 3857
3894 3 2 2 1 3760 3761 3859 3858
3895 3 2 2 1 3761 3762 3860 3859
3896 3 2 2 1 3762 3763 3861 3860
3897 3 2 2 1 3763 3764 3862 3861
3898 3 2 2 1 3764 3765 3863 3862
3899 3 2 2 1 3765 3766 3864 3863
3900 3 2 2 1 3766 3767 3865 3864
3901 3 2 2 1 3767 3768 3866 3865
3902 3 2 2 1 3768 3769 3867 3866
3903 3 2 2 1 3769 3770 3868 3867
3904 3 2 2 1 3770 3771 3869 3868
3905 3 2 2 1 3771 3772 3870 3869
3906 3 2 2 1 3772 3773 3871 3870
3907 3 2 2 1 3773 3774 3872 3871
3908 3 2 2 1 3774 3775 3873 3872
3909 3 2 2 1 3775 3776 3874 3873
3910 3 2 2 1 3776 3777 3875 3874
3911 3 2 2 1 3777 3778 3876 3875
3912 3 2 2 1 3778 3779 3877 3876
3913 3 2 2 1 3779 3780 3878 3877
3914 3 2 2 1 3780 3781 3879 3878
3915 3 2 2 1 3781 3782 3880 3879
3916 3 2 2 1 3782 3783 3881 3880
3917 3 2 2 1 3783 3784 3882 3881
3918 3 2 2 1 3784 3785 3883 3882
3919 3 2 2 1 3785 3786 3884 3883
3920 3 2 2 1 3786 3787 3885 3884
3921 3 2 2 1 3787 3788 3886 3885
3922 3 2 2 1 3788 3789 3887 3886
3923 3 2 2 1 3789 3790 3888 3887
3924 3 2 2 1 3790 3791 3889 3888
3925 3 2 2 1 3791 3792 3890 3889
3926 3 2 2 1 3792 3793 3891 3890
3927 3 2 2 1 3793 3794 3892 3891
3928 3 2 2 1 3794 3795 3893 3892
3929 3 2 2 1 3795 3796 3894 3893
3930 3 2 2 1 3796 3797 3895 3894
3931 3 2 2 1 3797 3798 3896 3895
3932 3 2 2 1 3798 3799 3897 3896
3933 3 2 2 1 3799 3800 3898 3897
3934 3 2 2 1 3800 3801 3899 3898
3935 3 2 2 1 3801 3802 3900 3899
3936 3 2 2 1 3802 3803 3901 3900
3937 3 2 2 1 3803 3804 3902 3901
3938 3 2 2 1 3804 3805 3903 3902
3939 3 2 2 1 3805 3806 3904 3903
3940 3 2 2 1 3806 3807 3905 3904
3941 3 2 2 1 3807 3808 3906 3905
3942 3 2 2 1 3808 3809 3907 3906
3943 3 2 2 1 3809 3810 3908 3907
3944 3 2 2 1 3810 3811 3909 3908
3945 3 2 2 1 3811 3812 3910 3909
3946 3 2 2 1 3812 3813 3911 3910
3947 3 2 2 1 3813 3814 3912 3911
3948 3 2 2 1 3814 3815 3913 3912
3949 3 2 2 1 3815 3816 3914 3913
3950 3 2 2 1 3816 3817 3915 3914
3951 3 2 2 1 3817 3818 3916 3915
3952 3 2 2 1 3818 3819 3917 3916
3953 3 2 2 1 3819 3820 3918 3917
3954 3 2 2 1 3820 3821 3919 3918
3955 3 2 2 1 3821 3822 3920 3919
3956 3 2 2 1 3822 3823 3921 3920
3957 3 2 2 1 3823 3824 3922 3921
3958 3 2 2 1 3824 3825 3923 3922
3959 3 2 2 1 3825 3826 3924 3923
3960 3 2 2 1 3826 39 40 3924
3961 3 2 2 1 263 3827 3925 262
3962 3 2 2 1 3827 3828 3926 3925
3963 3 2 2 1 3828 3829 3927 3926
3964 3 2 2 1 3829 3830 3928 3927
3965 3 2 2 1 3830 3831 3929 3928
3966 3 2 2 1 3831 3832 3930 3929
3967 3 2 2 1 3832 3833 3931 3930
3968 3 2 2 1 3833 3834 3932 3931
3969 3 2 2 1 3834 3835 3933 3932
3970 3 2 2 1 3835 3836 3934 3933
3971 3 2 2 1 3836 3837 3935 3934
3972 3 2 2 1 3837 3838 3936 3935
3973 3 2 2 1 3838 3839 3937 3936
3974 3 2 2 1 3839 3840 3938 3937
3975 3 2 2 1 3840 3841 3939 3938
3976 3 2 2 1 3841 3842 3940 3939
3977 3 2 2 1 3842 3843 3941 3940
3978 3 2 2 1 3843 3844 3942 3941
3979 3 2 2 1 3844 3845 3943 3942
3980 3 2 2 1 3845 3846 3944 3943
3981 3 2 2 1 3846 3847 3945 3944
3982 3 2 2 1 3847 3848 3946 3945
3983 3 2 2 1 3848 3849 3947 3946
3984 3 2 2 1 3849 3850 3948 3947
3985 3 2 2 1 3850 3851 3949 3948
3986 3 2 2 1 3851 3852 3950 3949
3987 3 2 2 1 3852 3853 3951 3950
3988 3 2 2 1 3853 3854 3952 3951
3989 3 2 2 1 3854 3855 3953 3952
3990 3 2 2 1 3855 3856 3954 3953
3991 3 2 2 1 3856 3857 3955 3954
3992 3 2 2 1 3857 3858 3956 3955
3993 3 2 2 1 3858 3859 3957 3956
3994 3 2 2 1 3859 3860 3958 3957
3995 3 2 2 1 3860 3861 3959 3958
3996 3 2 2 1 3861 3862 3960 3959
3997 3 2 2 1 3862 3863 3961 3960
3998 3 2 2 1 3863 3864 3962 3961
3999 3 2 2 1 3864 3865 3963 3962
4000 3 2 2 1 3865 3866 3964 3963
4001 3 2 2 1 3866 3867 3965 3964
4002 3 2 2 1 3867 3868 3966 3965
4003 3 2 2 1 3868 3869 3967 3966
4004 3 2 2 1 3869 3870 3968 3967
4005 3 2 2 1 3870 3871 3969 3968
4006 3 2 2 1 3871 3872 3970 3969
4007 3 2 2 1 3872 3873 3971 3970
4008 3 2 2 1 3873 3874 3972 3971
4009 3 2 2 1 3874 3875 3973 3972
4010 3 2 2 1 3875 3876 3974 3973
4011 3 2 2 1 3876 3877 3975 3974
4012 3 2 2 1 3877 3878 3976 3975
4013 3 2 2 1 3878 3879 3977 3976
4014 3 2 2 1 3879 3880 3978 3977
4015 3 2 2 1 3880 3881 3979 3978
4016 3 2 2 1 3881 3882 3980 3979
4017 3 2 2 1 3882 3883 3981 3980
4018 3 2 2 1 3883 3884 3982 3981
4019 3 2 2 1 3884 3885 3983 3982
4020 3 2 2 1 3885 3886 3984 3983
4021 3 2 2 1 3886 3887 3985 3984
4022 3 2 2 1 3887 3888 3986 3985
4023 3 2 2 1 3888 3889 3987 3986
4024 3 2 2 1 3889 3890 3988 3987
4025 3 2 2 1 3890 3891 3989 3988
4026 3 2 2 1 3891 3892 3990 3989
4027 3 2 2 1 3892 3893 3991 3990
4028 3 2 2 1 3893 3894 3992 3991
4029 3 2 2 1 3894 3895 3993 3992
4030 3 2 2 1 3895 3896 3994 3993
4031 3 2 2 1 3896 3897 3995 3994
4032 3 2 2 1 3897 3898 3996 3995
4033 3 2 2 1 3898 3899 3997 3996
4034 3 2 2 1 3899 3900 3998 3997
4035 3 2 2 1 3900 3901 3999 3998
4036 3 2 2 1 3901 3902 4000 3999
4037 3 2 2 1 3902 3903 4001 4000
4038 3 2 2 1 3903 3904 4002 4001
4039 3 2 2 1 3904 3905 4003 4002
4040 3 2 2 1 3905 3906 4004 4003
4041 3 2 2 1 3906 3907 4005 4004
4042 3 2 2 1 3907 3908 4006 4005
4043 3 2 2 1 3908 3909 4007 4006
4044 3 2 2 1 3909 3910 4008 4007
4045 3 2 2 1 3910 3911 4009 4008
4046 3 2 2 1 3911 3912 4010 4009
4047 3 2 2 1 3912 3913 4011 4010
4048 3 2 2 1 3913 3914 4012 4011
4049 3 2 2 1 3914 3915 4013 4012
4050 3 2 2 1 3915 3916 4014 4013
4051 3 2 2 1 3916 3917 4015 4014
4052 3 2 2 1 3917 3918 4016 4015
4053 3 2 2 1 3918 3919 4017 4016
4054 3 2 2 1 3919 3920 4018 4017
4055 3 2 2 1 3920 3921 4019 4018
4056 3 2 2 1 3921 3922 4020 4019
4057 3 2 2 1 3922 3923 4021 4020
4058 3 2 2 1 3923 3924 4022 4021
4059 3 2 2 1 3924 40 41 4022
4060 3 2 2 1 262 3925 4023 261
4061 3 2 2 1 3925 3926 4024 4023
4062 3 2 2 1 3926 3927 4025 4024
4063 3 2 2 1 3927 3928 4026 4025
4064 3 2 2 1 3928 3929 4027 4026
4065 3 2 2 1 3929 3930 4028 4027
4066 3 2 2 1 3930 3931 4029 4028
4067 3 2 2 1 3931 3932 4030 4029
4068 3 2 2 1 3932 3933 4031 4030
4069 3 2 2 1 3933 3934 4032 4031
4070 3 2 2 1 3934 3935 4033 4032
4071 3 2 2 1 3935 3936 4034 4033
4072 3 2 2 1 3936 3937 4035 4034
4073 3 2 2 1 3937 3938 4036 4035
4074 3 2 2 1 3938 3939 4037 4036
4075 3 2 2 1 3939 3940 4038 4037
4076 3 2 2 1 3940 3941 4039 4038
4077 3 2 2 1 3941 3942 4040 4039
4078 3 2 2 1 3942 3943 4041 4040
4079 3 2 2 1 3943 3944 4042 4041
4080 3 2 2 1 3944 3945 4043 4042
4081 3 2 2 1 3945 3946 4044 4043
4082 3 2 2 1 3946 3947 4045 4044
4083 3 2 2 1 3947 3948 4046 4045
4084 3 2 2 1 3948 3949 4047 4046
4085 3 2 2 1 3949 3950 4048 4047
4086 3 2 2 1 3950 3951 4049 4048
4087 3 2 2 1 3951 3952 4050 4049
4088 3 2 2 1 3952 3953 4051 4050
4089 3 2 2 1 3953 3954 4052 4051
4090 3 2 2 1 3954 3955 4053 4052
4091 3 2 2 1 3955 3956 4054 4053
4092 3 2 2 1 3956 3957 4055 4054
4093 3 2 2 1 3957 3958 4056 4055
4094 3 2 2 1 3958 3959 4057 4056
4095 3 2 2 1 3959 3960 4058 4057
4096 3 2 2 1 3960 3961 4059 4058
4097 3 2 2 1 3961 3962 4060 4059
4098 3 2 2 1 3962 3963 4061 4060
4099 3 2 2 1 3963 3964 4062 4061
4100 3 2 2 1 3964 3965 4063 4062
4101 3 2 2 1 3965 3966 4064 4063
4102 3 2 2 1 3966 3967 4065 4064
4103 3 2 2 1 3967 3968 4066 4065
4104 3 2 2 1 3968 3969 4067 4066
4105 3 2 2 1 3969 3970 4068 4067
4106 3 2 2 1 3970 3971 4069 4068
4107 3 2 2 1 3971 3972 4070 4069
4108 3 2 2 1 3972 3973 4071 4070
4109 3 2 2 1 3973 3974 4072 4071
4110 3 2 2 1 3974 3975 4073 4072
4111 3 2 2 1 3975 3976 4074 4073
4112 3 2 2 1 3976 3977 4075 4074
4113 3 2 2 1 3977 3978 4076 4075
4114 3 2 2 1 3978 3979 4077 4076
4115 3 2 2 1 3979 3980 4078 4077
4116 3 2 2 1 3980 3981 4079 4078
4117 3 2 2 1 3981 3982 4080 4079
4118 3 2 2 1 3982 3983 4081 4080
4119 3 2 2 1 3983 3984 4082 4081
4120 3 2 2 1 3984 3985 4083 4082
4121 3 2 2 1 3985 3986 4084 4083
4122 3 2 2 1 3986 3987 4085 4084
4123 3 2 2 1 3987 3988 4086 4085
4124 3 2 2 1 3988 3989 4087 4086
4125 3 2 2 1 3989 3990 4088 4087
4126 3 2 2 1 3990 3991 4089 4088
4127 3 2 2 1 3991 3992 4090 4089
4128 3 2 2 1 3992 3993 4091 4090
4129 3 2 2 1 3993 3994 4092 4091
4130 3 2 2 1 3994 3995 4093 4092
4131 3 2 2 1 3995 3996 4094 4093
4132 3 2 2 1 3996 3997 4095 4094
4133 3 2 2 1 3997 3998 4096 4095
4134 3 2 2 1 3998 3999 4097 4096
4135 3 2 2 1 3999 4000 4098 4097
4136 3 2 2 1 4000 4001 4099 4098
4137 3 2 2 1 4001 4002 4100 4099
4138 3 2 2 1 4002 4003 4101 4100
4139 3 2 2 1 4003 4004 4102 4101
4140 3 2 2 1 4004 4005 4103 4102
4141 3 2 2 1 4005 4006 4104 4103
4142 3 2 2 1 4006 4007 4105 4104
4143 3 2 2 1 4007 4008 4106 4105
4144 3 2 2 1 4008 4009 4107 4106
4145 3 2 2 1 4009 4010 4108 4107
4146 3 2 2 1 4010 4011 4109 4108
4147 3 2 2 1 4011 4012 4110 4109
4148 3 2 2 1 4012 4013 4111 4110
4149 3 2 2 1 4013 4014 4112 4111
4150 3 2 2 1 4014 4015 4113 4112
4151 3 2 2 1 4015 4016 4114 4113
4152 3 2 2 1 4016 4017 4115 4114
4153 3 2 2 1 4017 4018 4116 4115
4154 3 2 2 1 4018 4019 4117 4116
4155 3 2 2 1 4019 4020 4118 4117
4156 3 2 2 1 4020 4021 4119 4118
4157 3 2 2 1 4021 4022 4120 4119
4158 3 2 2 1 4022 41 42 4120
4159 3 2 2 1 261 4023 4121 260
4160 3 2 2 1 4023 4024 4122 4121
4161 3 2 2 1 4024 4025 4123 4122
4162 3 2 2 1 4025 4026 4124 4123
4163 3 2 2 1 4026 4027 4125 4124
4164 3 2 2 1 4027 4028 4126 4125
4165 3 2 2 1 4028 4029 4127 4126
4166 3 2 2 1 4029 4030 4128 4127
4167 3 2 2 1 4030 4031 4129 4128
4168 3 2 2 1 4031 4032 4130 4129
4169 3 2 2 1 4032 4033 4131 4130
4170 3 2 2 1 4033 4034 4132 4131
4171 3 2 2 1 4034 4035 4133 4132
4172 3 2 2 1 4035 4036 4134 4133
4173 3 2 2 1 4036 4037 4135 4134
4174 3 2 2 1 4037 4038 4136 4135
4175 3 2 2 1 4038 4039 4137 4136
4176 3 2 2 1 4039 4040 4138 4137
4177 3 2 2 1 4040 4041 4139 4138
4178 3 2 2 1 4041 4042 4140 4139
4179 3 2 2 1 4042 4043 4141 4140
4180 3 2 2 1 4043 4044 4142 4141
4181 3 2 2 1 4044 4045 4143 4142
4182 3 2 2 1 4045 4046 4144 4143
4183 3 2 2 1 4046 4047 4145 4144
4184 3 2 2 1 4047 4048 4146 4145
4185 3 2 2 1 4048 4049 4147 4146
4186 3 2 2 1 4049 4050 4148 4147
4187 3 2 2 1 4050 4051 4149 4148
4188 3 2 2 1 4051 4052 4150 4149
4189 3 2 2 1 4052 4053 4151 4150
4190 3 2 2 1 4053 4054 4152 4151
4191 3 2 2 1 4054 4055 4153 4152
4192 3 2 2 1 4055 4056 4154 4153
4193 3 2 2 1 4056 4057 4155 4154
4194 3 2 2 1 4057 4058 4156 4155
4195 3 2 2 1 4058 4059 4157 4156
4196 3 2 2 1 4059 4060 4158 4157
4197 3 2 2 1 4060 4061 4159 4158
4198 3 2 2 1 4061 4062 4160 4159
4199 3 2 2 1 4062 4063 4161 4160
4200 3 2 2 1 4063 4064 4162 4161
4201 3 2 2 1 4064 4065 4163 4162
4202 3 2 2 1 4065 4066 4164 4163
4203 3 2 2 1 4066 4067 4165 4164
4204 3 2 2 1 4067 4068 4166 4165
4205 3 2 2 1 4068 4069 4167 4166
4206 3 2 2 1 4069 4070 4168 4167
4207 3 2 2 1 4070 4071 4169 4168
4208 3 2 2 1 4071 4072 4170 4169
4209 3 2 2 1 4072 4073 4171 4170
4210 3 2 2 1 4073 4074 4172 4171
4211 3 2 2 1 4074 4075 4173 4172
4212 3 2 2 1 4075 4076 4174 4173
4213 3 2 2 1 4076 4077 4175 4174
4214 3 2 2 1 4077 4078 4176 4175
4215 3 2 2 1 4078 4079 4177 4176
4216 3 2 2 1 4079 4080 4178 4177
4217 3 2 2 1 4080 4081 4179 4178
4218 3 2 2 1 4081 4082 4180 4179
4219 3 2 2 1 4082 4083 4181 4180
4220 3 2 2 1 4083 4084 4182 4181
4221 3 2 2 1 4084 4085 4183 4182
4222 3 2 2 1 4085 4086 4184 4183
4223 3 2 2 1 4086 4087 4185 4184
4224 3 2 2 1 4087 4088 4186 4185
4225 3 2 2 1 4088 4089 4187 4186
4226 3 2 2 1 4089 4090 4188 4187
4227 3 2 2 1 4090 4091 4189 4188
4228 3 2 2 1 4091 4092 4190 4189
4229 3 2 2 1 4092 4093 4191 4190
4230 3 2 2 1 4093 4094 4192 4191
4231 3 2 2 1 4094 4095 4193 4192
4232 3 2 2 1 4095 4096 4194 4193
4233 3 2 2 1 4096 4097 4195 4194
4234 3 2 2 1 4097 4098 4196 4195
4235 3 2 2 1 4098 4099 4197 4196
4236 3 2 2 1 4099 4100 4198 4197
4237 3 2 2 1 4100 4101 4199 4198
4238 3 2 2 1 4101 4102 4200 4199
4239 3 2 2 1 4102 4103 4201 4200
4240 3 2 2 1 4103 4104 4202 4201
4241 3 2 2 1 4104 4105 4203 4202
4242 3 2 2 1 4105 4106 4204 4203
4243 3 2 2 1 4106 4107 4205 4204
4244 3 2 2 1 4107 4108 4206 4205
4245 3 2 2 1 4108 4109 4207 4206
4246 3 2 2 1 4109 4110 4208 4207
4247 3 2 2 1 4110 4111 4209 4208
4248 3 2 2 1 4111 4112 4210 4209
4249 3 2 2 1 4112 4113 4211 4210
4250 3 2 2 1 4113 4114 4212 4211
4251 3 2 2 1 4114 4115 4213 4212
4252 3 2 2 1 4115 4116 4214 4213
4253 3 2 2 1 4116 4117 4215 4214
4254 3 2 2 1 4117 4118 4216 4215
4255 3 2 2 1 4118 4119 4217 4216
4256 3 2 2 1 4119 4120 4218 4217
4257 3 2 2 1 4120 42 43 4218
4258 3 2 2 1 260 4121 4219 259
4259 3 2 2 1 4121 4122 4220 4219
4260 3 2 2 1 4122 4123 4221 4220
4261 3 2 2 1 4123 4124 4222 4221
4262 3 2 2 1 4124 4125 4223 4222
4263 3 2 2 1 4125 4126 4224 4223
4264 3 2 2 1 4126 4127 4225 4224
4265 3 2 2 1 4127 4128 4226 4225
4266 3 2 2 1 4128 4129 4227 4226
4267 3 2 2 1 4129 4130 4228 4227
4268 3 2 2 1 4130 4131 4229 4228
4269 3 2 2 1 4131 4132 4230 4229
4270 3 2 2 1 4132 4133 4231 4230
4271 3 2 2 1 4133 4134 4232 4231
4272 3 2 2 1 4134 4135 4233 4232
4273 3 2 2 1 4135 4136 4234 4233
4274 3 2 2 1 4136 4137 4235 4234
4275 3 2 2 1 4137 4138 4236 4235
4276 3 2 2 1 4138 4139 4237 4236
4277 3 2 2 1 4139 4140 4238 4237
4278 3 2 2 1 4140 4141 4239 4238
4279 3 2 2 1 4141 4142 4240 4239
4280 3 2 2 1 4142 4143 4241 4240
4281 3 2 2 1 4143 4144 4242 4241
4282 3 2 2 1 4144 4145 4243 4242
4283 3 2 2 1 4145 4146 4244 4243
4284 3 2 2 1 4146 4147 4245 4244
4285 3 2 2 1 4147 4148 4246 4245
4286 3 2 2 1 4148 4149 4247 4246
4287 3 2 2 1 4149 4150 4248 4247
4288 3 2 2 1 4150 4151 4249 4248
4289 3 2 2 1 4151 4152 4250 4249
4290 3 2 2 1 4152 4153 4251 4250
4291 3 2 2 1 4153 4154 4252 4251
4292 3 2 2 1 4154 4155 4253 4252
4293 3 2 2 1 4155 4156 4254 4253
4294 3 2 2 1 4156 4157 4255 4254
4295 3 2 2 1 4157 4158 4256 4255
4296 3 2 2 1 4158 4159 4257 4256
4297 3 2 2 1 4159 4160 4258 4257
4298 3 2 2 1 4160 4161 4259 4258
4299 3 2 2 1 4161 4162 4260 4259
4300 3 2 2 1 4162 4163 4261 4260
4301 3 2 2 1 4163 4164 4262 4261
4302 3 2 2 1 4164 4165 4263 4262
4303 3 2 2 1 4165 4166 4264 4263
4304 3 2 2 1 4166 4167 4265 4264
4305 3 2 2 1 4167 4168 4266 4265
4306 3 2 2 1 4168 4169 4267 4266
4307 3 2 2 1 4169 4170 4268 4267
4308 3 2 2 1 4170 4171 4269 4268
4309 3 2 2 1 4171 4172 4270 4269
4310 3 2 2 1 4172 4173 4271 4270
4311 3 2 2 1 4173 4174 4272 4271
4312 3 2 2 1 4174 4175 4273 4272
4313 3 2 2 1 4175 4176 4274 4273
4314 3 2 2 1 4176 4177 4275 4274
4315 3 2 2 1 4177 4178 4276 4275
4316 3 2 2 1 4178 4179 4277 4276
4317 3 2 2 1 4179 4180 4278 4277
4318 3 2 2 1 4180 4181 4279 4278
4319 3 2 2 1 4181 4182 4280 4279
4320 3 2 2 1 4182 4183 4281 4280
4321 3 2 2 1 4183 4184 4282 4281
4322 3 2 2 1 4184 4185 4283 4282
4323 3 2 2 1 4185 4186 4284 4283
4324 3 2 2 1 4186 4187 4285 4284
4325 3 2 2 1 4187 4188 4286 4285
4326 3 2 2 1 4188 4189 4287 4286
4327 3 2 2 1 4189 4190 4288 4287
4328 3 2 2 1 4190 4191 4289 4288
4329 3 2 2 1 4191 4192 4290 4289
4330 3 2 2 1 4192 4193 4291 4290
4331 3 2 2 1 4193 4194 4292 4291
4332 3 2 2 1 4194 4195 4293 4292
4333 3 2 2 1 4195 4196 4294 4293
4334 3 2 2 1 4196 4197 4295 4294
4335 3 2 2 1 4197 4198 4296 4295
4336 3 2 2 1 4198 4199 4297 4296
4337 3 2 2 1 4199 4200 4298 4297
4338 3 2 2 1 4200 4201 4299 4298
4339 3 2 2 1 4201 4202 4300 4299
4340 3 2 2 1 4202 4203 4301 4300
4341 3 2 2 1 4203 4204 4302 4301
4342 3 2 2 1 4204 4205 4303 4302
4343 3 2 2 1 4205 4206 4304 4303
4344 3 2 2 1 4206 4207 4305 4304
4345 3 2 2 1 4207 4208 4306 4305
4346 3 2 2 1 4208 4209 4307 4306
4347 3 2 2 1 4209 4210 4308 4307
4348 3 2 2 1 4210 4211 4309 4308
4349 3 2 2 1 4211 4212 4310 4309
4350 3 2 2 1 4212 4213 4311 4310
4351 3 2 2 1 4213 4214 4312 4311
4352 3 2 2 1 4214 4215 4313 4312
4353 3 2 2 1 4215 4216 4314 4313
4354 3 2 2 1 4216 4217 4315 4314
4355 3 2 2 1 4217 4218 4316 4315
4356 3 2 2 1 4218 43 44 4316
4357 3 2 2 1 259 4219 4317 258
4358 3 2 2 1 4219 4220 4318 4317
4359 3 2 2 1 4220 4221 4319 4318
4360 3 2 2 1 4221 4222 4320 4319
4361 3 2 2 1 4222 4223 4321 4320
4362 3 2 2 1 4223 4224 4322 4321
4363 3 2 2 1 4224 4225 4323 4322
4364 3 2 2 1 4225 4226 4324 4323
4365 3 2 2 1 4226 4227 4325 4324
4366 3 2 2 1 4227 4228 4326 4325
4367 3 2 2 1 4228 4229 4327 4326
4368 3 2 2 1 4229 4230 4328 4327
4369 3 2 2 1 4230 4231 4329 4328
4370 3 2 2 1 4231 4232 4330 4329
4371 3 2 2 1 4232 4233 4331 4330
4372 3 2 2 1 4233 4234 4332 4331
4373 3 2 2 1 4234 4235 4333 4332
4374 3 2 2 1 4235 4236 4334 4333
4375 3 2 2 1 4236 4237 4335 4334
4376 3 2 2 1 4237 4238 4336 4335
4377 3 2 2 1 4238 4239 4337 4336
4378 3 2 2 1 4239 4240 4338 4337
4379 3 2 2 1 4240 4241 4339 4338
4380 3 2 2 1 4241 4242 4340 4339
4381 3 2 2 1 4242 4243 4341 4340
4382 3 2 2 1 4243 4244 4342 4341
4383 3 2 2 1 4244 4245 4343 4342
4384 3 2 2 1 4245 4246 4344 4343
4385 3 2 2 1 4246 4247 4345 4344
4386 3 2 2 1 4247 4248 4346 4345
4387 3 2 2 1 4248 4249 4347 4346
4388 3 2 2 1 4249 4250 4348 4347
4389 3 2 2 1 4250 4251 4349 4348
4390 3 2 2 1 4251 4252 4350 4349
4391 3 2 2 1 4252 4253 4351 4350
4392 3 2 2 1 4253 4254 4352 4351
4393 3 2 2 1 4254 4255 4353 4352
4394 3 2 2 1 4255 4256 4354 4353
4395 3 2 2 1 4256 4257 4355 4354
4396 3 2 2 1 4257 4258 4356 4355
4397 3 2 2 1 4258 4259 4357 4356
4398 3 2 2 1 4259 4260 4358 4357
4399 3 2 2 1 4260 4261 4359 4358
4400 3 2 2 1 4261 4262 4360 4359
4401 3 2 2 1 4262 4263 4361 4360
4402 3 2 2 1 4263 4264 4362 4361
4403 3 2 2 1 4264 4265 4363 4362
4404 3 2 2 1 4265 4266 4364 4363
4405 3 2 2 1 4266 4267 4365 4364
4406 3 2 2 1 4267 4268 4366 4365
4407 3 2 2 1 4268 4269 4367 4366
4408 3 2 2 1 4269 4270 4368 4367
4409 3 2 2 1 4270 4271 4369 4368
4410 3 2 2 1 4271 4272 4370 4369
4411 3 2 2 1 4272 4273 4371 4370
4412 3 2 2 1 4273 4274 4372 4371
4413 3 2 2 1 4274 4275 4373 4372
4414 3 2 2 1 4275 4276 4374 4373
4415 3 2 2 1 4276 4277 4375 4374
4416 3 2 2 1 4277 4278 4376 4375
4417 3 2 2 1 4278 4279 4377 4376
4418 3 2 2 1 4279 4280 4378 4377
4419 3 2 2 1 4280 4281 4379 4378
4420 3 2 2 1 4281 4282 4380 4379
4421 3 2 2 1 4282 4283 4381 4380
4422 3 2 2 1 4283 4284 4382 4381
4423 3 2 2 1 4284 4285 4383 4382
4424 3 2 2 1 4285 4286 4384 4383
4425 3 2 2 1 4286 4287 4385 4384
4426 3 2 2 1 4287 4288 4386 4385
4427 3 2 2 1 4288 4289 4387 4386
4428 3 2 2 1 4289 4290 4388 4387
4429 3 2 2 1 4290 4291 4389 4388
4430 3 2 2 1 4291 4292 4390 4389
4431 3 2 2 1 4292 4293 4391 4390
4432 3 2 2 1 4293 4294 4392 4391
4433 3 2 2 1 4294 4295 4393 4392
4434 3 2 2 1 4295 4296 4394 4393
4435 3 2 2 1 4296 4297 4395 4394
4436 3 2 2 1 4297 4298 4396 4395
4437 3 2 2 1 4298 4299 4397 4396
4438 3 2 2 1 4299 4300 4398 4397
4439 3 2 2 1 4300 4301 4399 4398
4440 3 2 2 1 4301 4302 4400 4399
4441 3 2 2 1 4302 4303 4401 4400
4442 3 2 2 1 4303 4304 4402 4401
4443 3 2 2 1 4304 4305 4403 4402
4444 3 2 2 1 4305 4306 4404 4403
4445 3 2 2 1 4306 4307 4405 4404
4446 3 2 2 1 4307 4308 4406 4405
4447 3 2 2 1 4308 4309 4407 4406
4448 3 2 2 1 4309 4310 4408 4407
4449 3 2 2 1 4310 4311 4409 4408
4450 3 2 2 1 4311 4312 4410 4409
4451 3 2 2 1 4312 4313 4411 4410
4452 3 2 2 1 4313 4314 4412 4411
4453 3 2 2 1 4314 4315 4413 4412
4454 3 2 2 1 4315 4316 4414 4413
4455 3 2 2 1 4316 44 45 4414
4456 3 2 2 1 258 4317 4415 257
4457 3 2 2 1 4317 4318 4416 4415
4458 3 2 2 1 4318 4319 4417 4416
4459 3 2 2 1 4319 4320 4418 4417
4460 3 2 2 1 4320 4321 4419 4418
4461 3 2 2 1 4321 4322 4420 4419
4462 3 2 2 1 4322 4323 4421 4420
4463 3 2 2 1 4323 4324 4422 4421
4464 3 2 2 1 4324 4325 4423 4422
4465 3 2 2 1 4325 4326 4424 4423
4466 3 2 2 1 4326 4327 4425 4424
4467 3 2 2 1 4327 4328 4426 4425
4468 3 2 2 1 4328 4329 4427 4426
4469 3 2 2 1 4329 4330 4428 4427
4470 3 2 2 1 4330 4331 4429 4428
4471 3 2 2 1 4331 4332 4430 4429
4472 3 2 2 1 4332 4333 4431 4430
4473 3 2 2 1 4333 4334 4432 4431
4474 3 2 2 1 4334 4335 4433 4432
4475 3 2 2 1 4335 4336 4434 4433
4476 3 2 2 1 4336 4337 4435 4434
4477 3 2 2 1 4337 4338 4436 4435
4478 3 2 2 1 4338 4339 4437 4436
4479 3 2 2 1 4339 4340 4438 4437
4480 3 2 2 1 4340 4341 4439 4438
4481 3 2 2 1 4341 4342 4440 4439
4482 3 2 2 1 4342 4343 4441 4440
4483 3 2 2 1 4343 4344 4442 4441
4484 3 2 2 1 4344 4345 4443 4442
4485 3 2 2 1 4345 4346 4444 4443
4486 3 2 2 1 4346 4347 4445 4444
4487 3 2 2 1 4347 4348 4446 4445
4488 3 2 2 1 4348 4349 4447 4446
4489 3 2 2 1 4349 4350 4448 4447
4490 3 2 2 1 4350 4351 4449 4448
4491 3 2 2 1 4351 4352 4450 4449
4492 3 2 2 1 4352 4353 4451 4450
4493 3 2 2 1 4353 4354 4452 4451
4494 3 2 2 1 4354 4355 4453 4452
4495 3 2 2 1 4355 4356 4454 4453
4496 3 2 2 1 4356 4357 4455 4454
4497 3 2 2 1 4357 4358 4456 4455
4498 3 2 2 1 4358 4359 4457 4456
4499 3 2 2 1 4359 4360 4458 4457
4500 3 2 2 1 4360 4361 4459 4458
4501 3 2 2 1 4361 4362 4460 4459
4502 3 2 2 1 4362 4363 4461 4460
4503 3 2 2 1 4363 4364 4462 4461
4504 3 2 2 1 4364 4365 4463 4462
4505 3 2 2 1 4365 4366 4464 4463
4506 3 2 2 1 4366 4367 4465 4464
4507 3 2 2 1 4367 4368 4466 4465
4508 3 2 2 1 4368 4369 4467 4466
4509 3 2 2 1 4369 4370 4468 4467
4510 3 2 2 1 4370 4371 4469 4468
4511 3 2 2 1 4371 4372 4470 4469
4512 3 2 2 1 4372 4373 4471 4470
4513 3 2 2 1 4373 4374 4472 4471
4514 3 2 2 1 4374 4375 4473 4472
4515 3 2 2 1 4375 4376 4474 4473
4516 3 2 2 1 4376 4377 4475 4474
4517 3 2 2 1 4377 4378 4476 4475
4518 3 2 2 1 4378 4379 4477 4476
4519 3 2 2 1 4379 4380 4478 4477
4520 3 2 2 1 4380 4381 4479 4478
4521 3 2 2 1 4381 4382 4480 4479
4522 3 2 2 1 4382 4383 4481 4480
4523 3 2 2 1 4383 4384 4482 4481
4524 3 2 2 1 4384 4385 4483 4482
4525 3 2 2 1 4385 4386 4484 4483
4526 3 2 2 1 4386 4387 4485 4484
4527 3 2 2 1 4387 4388 4486 4485
4528 3 2 2 1 4388 4389 4487 4486
4529 3 2 2 1 4389 4390 4488 4487
4530 3 2 2 1 4390 4391 4489 4488
4531 3 2 2 1 4391 4392 4490 4489
4532 3 2 2 1 4392 4393 4491 4490
4533 3 2 2 1 4393 4394 4492 4491
4534 3 2 2 1 4394 4395 4493 4492
4535 3 2 2 1 4395 4396 4494 4493
4536 3 2 2 1 4396 4397 4495 4494
4537 3 2 2 1 4397 4398 4496 4495
4538 3 2 2 1 4398 4399 4497 4496
4539 3 2 2 1 4399 4400 4498 4497
4540 3 2 2 1 4400 4401 4499 4498
4541 3 2 2 1 4401 4402 4500 4499
4542 3 2 2 1 4402 4403 4501 4500
4543 3 2 2 1 4403 4404 4502 4501
4544 3 2 2 1 4404 4405 4503 4502
4545 3 2 2 1 4405 4406 4504 4503
4546 3 2 2 1 4406 4407 4505 4504
4547 3 2 2 1 4407 4408 4506 4505
4548 3 2 2 1 4408 4409 4507 4506
4549 3 2 2 1 4409 4410 4508 4507
4550 3 2 2 1 4410 4411 4509 4508
4551 3 2 2 1 4411 4412 4510 4509
4552 3 2 2 1 4412 4413 4511 4510
4553 3 2 2 1 4413 4414 4512 4511
4554 3 2 2 1 4414 45 46 4512
4555 3 2 2 1 257 4415 4513 256
4556 3 2 2 1 4415 4416 4514 4513
4557 3 2 2 1 4416 4417 4515 4514
4558 3 2 2 1 4417 4418 4516 4515
4559 3 2 2 1 4418 4419 4517 4516
4560 3 2 2 1 4419 4420 4518 4517
4561 3 2 2 1 4420 4421 4519 4518
4562 3 2 2 1 4421 4422 4520 4519
4563 3 2 2 1 4422 4423 4521 4520
4564 3 2 2 1 4423 4424 4522 4521
4565 3 2 2 1 4424 4425 4523 4522
4566 3 2 2 1 4425 4426 4524 4523
4567 3 2 2 1 4426 4427 4525 4524
4568 3 2 2 1 4427 4428 4526 4525
4569 3 2 2 1 4428 4429 4527 4526
4570 3 2 2 1 4429 4430 4528 4527
4571 3 2 2 1 4430 4431 4529 4528
4572 3 2 2 1 4431 4432 4530 4529
4573 3 2 2 1 4432 4433 4531 4530
4574 3 2 2 1 4433 4434 4532 4531
4575 3 2 2 1 4434 4435 4533 4532
4576 3 2 2 1 4435 4436 4534 4533
4577 3 2 2 1 4436 4437 4535 4534
4578 3 2 2 1 4437 4438 4536 4535
4579 3 2 2 1 4438 4439 4537 4536
4580 3 2 2 1 4439 4440 4538 4537
4581 3 2 2 1 4440 4441 4539 4538
4582 3 2 2 1 4441 4442 4540 4539
4583 3 2 2 1 4442 4443 4541 4540
4584 3 2 2 1 4443 4444 4542 4541
4585 3 2 2 1 4444 4445 4543 4542
4586 3 2 2 1 4445 4446 4544 4543
4587 3 2 2 1 4446 4447 4545 4544
4588 3 2 2 1 4447 4448 4546 4545
4589 3 2 2 1 4448 4449 4547 4546
4590 3 2 2 1 4449 4450 4548 4547
4591 3 2 2 1 4450 4451 4549 4548
4592 3 2 2 1 4451 4452 4550 4549
4593 3 2 2 1 4452 4453 4551 4550
4594 3 2 2 1 4453 4454 4552 4551
4595 3 2 2 1 4454 4455 4553 4552
4596 3 2 2 1 4455 4456 4554 4553
4597 3 2 2 1 4456 4457 4555 4554
4598 3 2 2 1 4457 4458 4556 4555
4599 3 2 2 1 4458 4459 4557 4556
4600 3 2 2 1 4459 4460 4558 4557
4601 3 2 2 1 4460 4461 4559 4558
4602 3 2 2 1 4461 4462 4560 4559
4603 3 2 2 1 4462 4463 4561 4560
4604 3 2 2 1 4463 4464 4562 4561
4605 3 2 2 1 4464 4465 4563 4562
4606 3 2 2 1 4465 4466 4564 4563
4607 3 2 2 1 4466 4467 4565 4564
4608 3 2 2 1 4467 4468 4566 4565
4609 3 2 2 1 4468 4469 4567 4566
4610 3 2 2 1 4469 4470 4568 4567
4611 3 2 2 1 4470 4471 4569 4568
4612 3 2 2 1 4471 4472 4570 4569
4613 3 2 2 1 4472 4473 4571 4570
4614 3 2 2 1 4473 4474 4572 4571
4615 3 2 2 1 4474 4475 4573 4572
4616 3 2 2 1 4475 4476 4574 4573
4617 3 2 2 1 4476 4477 4575 4574
4618 3 2 2 1 4477 4478 4576 4575
4619 3 2 2 1 4478 4479 4577 4576
4620 3 2 2 1 4479 4480 4578 4577
4621 3 2 2 1 4480 4481 4579 4578
4622 3 2 2 1 4481 4482 4580 4579
4623 3 2 2 1 4482 4483 4581 4580
4624 3 2 2 1 4483 4484 4582 4581
4625 3 2 2 1 4484 4485 4583 4582
4626 3 2 2 1 4485 4486 4584 4583
4627 3 2 2 1 4486 4487 4585 4584
4628 3 2 2 1 4487 4488 4586 4585
4629 3 2 2 1 4488 4489 4587 4586
4630 3 2 2 1 4489 4490 4588 4587
4631 3 2 2 1 4490 4491 4589 4588
4632 3 2 2 1 4491 4492 4590 4589
4633 3 2 2 1 4492 4493 4591 4590
4634 3 2 2 1 4493 4494 4592 4591
4635 3 2 2 1 4494 4495 4593 4592
4636 3 2 2 1 4495 4496 4594 4593
4637 3 2 2 1 4496 4497 4595 4594
4638 3 2 2 1 4497 4498 4596 4595
4639 3 2 2 1 4498 4499 4597 4596
4640 3 2 2 1 4499 4500 4598 4597
4641 3 2 2 1 4500 4501 4599 4598
4642 3 2 2 1 4501 4502 4600 4599
4643 3 2 2 1 4502 4503 4601 4600
4644 3 2 2 1 4503 4504 4602 4601
4645 3 2 2 1 4504 4505 4603 4602
4646 3 2 2 1 4505 4506 4604 4603
4647 3 2 2 1 4506 4507 4605 4604
4648 3 2 2 1 4507 4508 4606 4605
4649 3 2 2 1 4508 4509 4607 4606
4650 3 2 2 1 4509 4510 4608 4607
4651 3 2 2 1 4510 4511 4609 4608
4652 3 2 2 1 4511 4512 4610 4609
4653 3 2 2 1 4512 46 47 4610
4654 3 2 2 1 256 4513 4611 255
4655 3 2 2 1 4513 4514 4612 4611
4656 3 2 2 1 4514 4515 4613 4612
4657 3 2 2 1 4515 4516 4614 4613
4658 3 2 2 1 4516 4517 4615 4614
4659 3 2 2 1 4517 4518 4616 4615
4660 3 2 2 1 4518 4519 4617 4616
4661 3 2 2 1 4519 4520 4618 4617
4662 3 2 2 1 4520 4521 4619 4618
4663 3 2 2 1 4521 4522 4620 4619
4664 3 2 2 1 4522 4523 4621 4620
4665 3 2 2 1 4523 4524 4622 4621
4666 3 2 2 1 4524 4525 4623 4622
4667 3 2 2 1 4525 4526 4624 4623
4668 3 2 2 1 4526 4527 4625 4624
4669 3 2 2 1 4527 4528 4626 4625
4670 3 2 2 1 4528 4529 4627 4626
4671 3 2 2 1 4529 4530 4628 4627
4672 3 2 2 1 4530 4531 4629 4628
4673 3 2 2 1 4531 4532 4630 4629
4674 3 2 2 1 4532 4533 4631 4630
4675 3 2 2 1 4533 4534 4632 4631
4676 3 2 2 1 4534 4535 4633 4632
4677 3 2 2 1 4535 4536 4634 4633
4678 3 2 2 1 4536 4537 4635 4634
4679 3 2 2 1 4537 4538 4636 4635
4680 3 2 2 1 4538 4539 4637 4636
4681 3 2 2 1 4539 4540 4638 4637
4682 3 2 2 1 4540 4541 4639 4638
4683 3 2 2 1 4541 4542 4640 4639
4684 3 2 2 1 4542 4543 4641 4640
4685 3 2 2 1 4543 4544 4642 4641
4686 3 2 2 1 4544 4545 4643 4642
4687 3 2 2 1 4545 4546 4644 4643
4688 3 2 2 1 4546 4547 4645 4644
4689 3 2 2 1 4547 4548 4646 4645
4690 3 2 2 1 4548 4549 4647 4646
4691 3 2 2 1 4549 4550 4648 4647
4692 3 2 2 1 4550 4551 4649 4648
4693 3 2 2 1 4551 4552 4650 4649
4694 3 2 2 1 4552 4553 4651 4650
4695 3 2 2 1 4553 4554 4652 4651
4696 3 2 2 1 4554 4555 4653 4652
4697 3 2 2 1 4555 4556 4654 4653
4698 3 2 2 1 4556 4557 4655 4654
4699 3 2 2 1 4557 4558 4656 4655
4700 3 2 2 1 4558 4559 4657 4656
4701 3 2 2 1 4559 4560 4658 4657
4702 3 2 2 1 4560 4561 4659 4658
4703 3 2 2 1 4561 4562 4660 4659
4704 3 2 2 1 4562 4563 4661 4660
4705 3 2 2 1 4563 4564 4662 4661
4706 3 2 2 1 4564 4565 4663 4662
4707 3 2 2 1 4565 4566 4664 4663
4708 3 2 2 1 4566 4567 4665 4664
4709 3 2 2 1 4567 4568 4666 4665
4710 3 2 2 1 4568 4569 4667 4666
4711 3 2 2 1 4569 4570 4668 4667
4712 3 2 2 1 4570 4571 4669 4668
4713 3 2 2 1 4571 4572 4670 4669
4714 3 2 2 1 4572 4573 4671 4670
4715 3 2 2 1 4573 4574 4672 4671
4716 3 2 2 1 4574 4575 4673 4672
4717 3 2 2 1 4575 4576 4674 4673
4718 3 2 2 1 4576 4577 4675 4674
4719 3 2 2 1 4577 4578 4676 4675
4720 3 2 2 1 4578 4579 4677 4676
4721 3 2 2 1 4579 4580 4678 4677
4722 3 2 2 1 4580 4581 4679 4678
4723 3 2 2 1 4581 4582 4680 4679
4724 3 2 2 1 4582 4583 4681 4680
4725 3 2 2 1 4583 4584 4682 4681
4726 3 2 2 1 4584 4585 4683 4682
4727 3 2 2 1 4585 4586 4684 4683
4728 3 2 2 1 4586 4587 4685 4684
4729 3 2 2 1 4587 4588 4686 4685
4730 3 2 2 1 4588 4589 4687 4686
4731 3 2 2 1 4589 4590 4688 4687
4732 3 2 2 1 4590 4591 4689 4688
4733 3 2 2 1 4591 4592 4690 4689
4734 3 2 2 1 4592 4593 4691 4690
4735 3 2 2 1 4593 4594 4692 4691
4736 3 2 2 1 4594 4595 4693 4692
4737 3 2 2 1 4595 4596 4694 4693
4738 3 2 2 1 4596 4597 4695 4694
4739 3 2 2 1 4597 4598 4696 4695
4740 3 2 2 1 4598 4599 4697 4696
4741 3 2 2 1 4599 4600 4698 4697
4742 3 2 2 1 4600 4601 4699 4698
4743 3 2 2 1 4601 4602 4700 4699
4744 3 2 2 1 4602 4603 4701 4700
4745 3 2 2 1 4603 4604 4702 4701
4746 3 2 2 1 4604 4605 4703 4702
4747 3 2 2 1 4605 4606 4704 4703
4748 3 2 2 1 4606 4607 4705 4704
4749 3 2 2 1 4607 4608 4706 4705
4750 3 2 2 1 4608 4609 4707 4706
4751 3 2 2 1 4609 4610 4708 4707
4752 3 2 2 1 4610 47 48 4708
4753 3 2 2 1 255 4611 4709 254
4754 3 2 2 1 4611 4612 4710 4709
4755 3 2 2 1 4612 4613 4711 4710
4756 3 2 2 1 4613 4614 4712 4711
4757 3 2 2 1 4614 4615 4713 4712
4758 3 2 2 1 4615 4616 4714 4713
4759 3 2 2 1 4616 4617 4715 4714
4760 3 2 2 1 4617 4618 4716 4715
4761 3 2 2 1 4618 4619 4717 4716
4762 3 2 2 1 4619 4620 4718 4717
4763 3 2 2 1 4620 4621 4719 4718
4764 3 2 2 1 4621 4622 4720 4719
4765 3 2 2 1 4622 4623 4721 4720
4766 3 2 2 1 4623 4624 4722 4721
4767 3 2 2 1 4624 4625 4723 4722
4768 3 2 2 1 4625 4626 4724 4723
4769 3 2 2 1 4626 4627 4725 4724
4770 3 2 2 1 4627 4628 4726 4725
4771 3 2 2 1 4628 4629 4727 4726
4772 3 2 2 1 4629 4630 4728 4727
4773 3 2 2 1 4630 4631 4729 4728
4774 3 2 2 1 4631 4632 4730 4729
4775 3 2 2 1 4632 4633 4731 4730
4776 3 2 2 1 4633 4634 4732 4731
4777 3 2 2 1 4634 4635 4733 4732
4778 3 2 2 1 4635 4636 4734 4733
4779 3 2 2 1 4636 4637 4735 4734
4780 3 2 2 1 4637 4638 4736 4735
4781 3 2 2 1 4638 4639 4737 4736
4782 3 2 2 1 4639 4640 4738 4737
4783 3 2 2 1 4640 4641 4739 4738
4784 3 2 2 1 4641 4642 4740 4739
4785 3 2 2 1 4642 4643 4741 4740
4786 3 2 2 1 4643 4644 4742 4741
4787 3 2 2 1 4644 4645 4743 4742
4788 3 2 2 1 4645 4646 4744 4743
4789 3 2 2 1 4646 4647 4745 4744
4790 3 2 2 1 4647 4648 4746 4745
4791 3 2 2 1 4648 4649 4747 4746
4792 3 2 2 1 4649 4650 4748 4747
4793 3 2 2 1 4650 4651 4749 4748
4794 3 2 2 1 4651 4652 4750 4749
4795 3 2 2 1 4652 4653 4751 4750
4796 3 2 2 1 4653 4654 4752 4751
4797 3 2 2 1 4654 4655 4753 4752
4798 3 2 2 1 4655 4656 4754 4753
4799 3 2 2 1 4656 4657 4755 4754
4800 3 2 2 1 4657 4658 4756 4755
4801 3 2 2 1 4658 4659 4757 4756
4802 3 2 2 1 4659 4660 4758 4757
4803 3 2 2 1 4660 4661 4759 4758
4804 3 2 2 1 4661 4662 4760 4759
4805 3 2 2 1 4662 4663 4761 4760
4806 3 2 2 1 4663 4664 4762 4761
4807 3 2 2 1 4664 4665 4763 4762
4808 3 2 2 1 4665 4666 4764 4763
4809 3 2 2 1 4666 4667 4765 4764
4810 3 2 2 1 4667 4668 4766 4765
4811 3 2 2 1 4668 4669 4767 4766
4812 3 2 2 1 4669 4670 4768 4767
4813 3 2 2 1 4670 4671 4769 4768
4814 3 2 2 1 4671 4672 4770 4769
4815 3 2 2 1 4672 4673 4771 4770
4816 3 2 2 1 4673 4674 4772 4771
4817 3 2 2 1 4674 4675 4773 4772
4818 3 2 2 1 4675 4676 4774 4773
4819 3 2 2 1 4676 4677 4775 4774
4820 3 2 2 1 4677 4678 4776 4775
4821 3 2 2 1 4678 4679 4777 4776
4822 3 2 2 1 4679 4680 4778 4777
4823 3 2 2 1 4680 4681 4779 4778
4824 3 2 2 1 4681 4682 4780 4779
4825 3 2 2 1 4682 4683 4781 4780
4826 3 2 2 1 4683 4684 4782 4781
4827 3 2 2 1 4684 4685 4783 4782
4828 3 2 2 1 4685 4686 4784 4783
4829 3 2 2 1 4686 4687 4785 4784
4830 3 2 2 1 4687 4688 4786 4785
4831 3 2 2 1 4688 4689 4787 4786
4832 3 2 2 1 4689 4690 4788 4787
4833 3 2 2 1 4690 4691 4789 4788
4834 3 2 2 1 4691 4692 4790 4789
4835 3 2 2 1 4692 4693 4791 4790
4836 3 2 2 1 4693 4694 4792 4791
4837 3 2 2 1 4694 4695 4793 4792
4838 3 2 2 1 4695 4696 4794 4793
4839 3 2 2 1 4696 4697 4795 4794
4840 3 2 2 1 4697 4698 4796 4795
4841 3 2 2 1 4698 4699 4797 4796
4842 3 2 2 1 4699 4700 4798 4797
4843 3 2 2 1 4700 4701 4799 4798
4844 3 2 2 1 4701 4702 4800 4799
4845 3 2 2 1 4702 4703 4801 4800
4846 3 2 2 1 4703 4704 4802 4801
4847 3 2 2 1 4704 4705 4803 4802
4848 3 2 2 1 4705 4706 4804 4803
4849 3 2 2 1 4706 4707 4805 4804
4850 3 2 2 1 4707 4708 4806 4805
4851 3 2 2 1 4708 48 49 4806
4852 3 2 2 1 254 4709 4807 253
4853 3 2 2 1 4709 4710 4808 4807
4854 3 2 2 1 4710 4711 4809 4808
4855 3 2 2 1 4711 4712 4810 4809
4856 3 2 2 1 4712 4713 4811 4810
4857 3 2 2 1 4713 4714 4812 4811
4858 3 2 2 1 4714 4715 4813 4812
4859 3 2 2 1 4715 4716 4814 4813
4860 3 2 2 1 4716 4717 4815 4814
4861 3 2 2 1 4717 4718 4816 4815
4862 3 2 2 1 4718 4719 4817 4816
4863 3 2 2 1 4719 4720 4818 4817
4864 3 2 2 1 4720 4721 4819 4818
4865 3 2 2 1 4721 4722 4820 4819
4866 3 2 2 1 4722 4723 4821 4820
4867 3 2 2 1 4723 4724 4822 4821
4868 3 2 2 1 4724 4725 4823 4822
4869 3 2 2 1 4725 4726 4824 4823
4870 3 2 2 1 4726 4727 4825 4824
4871 3 2 2 1 4727 4728 4826 4825
4872 3 2 2 1 4728 4729 4827 4826
4873 3 2 2 1 4729 4730 4828 4827
4874 3 2 2 1 4730 4731 4829 4828
4875 3 2 2 1 4731 4732 4830 4829
4876 3 2 2 1 4732 4733 4831 4830
4877 3 2 2 1 4733 4734 4832 4831
4878 3 2 2 1 4734 4735 4833 4832
4879 3 2 2 1 4735 4736 4834 4833
4880 3 2 2 1 4736 4737 4835 4834
4881 3 2 2 1 4737 4738 4836 4835
4882 3 2 2 1 4738 4739 4837 4836
4883 3 2 2 1 4739 4740 4838 4837
4884 3 2 2 1 4740 4741 4839 4838
4885 3 2 2 1 4741 4742 4840 4839
4886 3 2 2 1 4742 4743 4841 4840
4887 3 2 2 1 4743 4744 4842 4841
4888 3 2 2 1 4744 4745 4843 4842
4889 3 2 2 1 4745 4746 4844 4843
4890 3 2 2 1 4746 4747 4845 4844
4891 3 2 2 1 4747 4748 4846 4845
4892 3 2 2 1 4748 4749 4847 4846
4893 3 2 2 1 4749 4750 4848 4847
4894 3 2 2 1 4750 4751 4849 4848
4895 3 2 2 1 4751 4752 4850 4849
4896 3 2 2 1 4752 4753 4851 4850
4897 3 2 2 1 4753 4754 4852 4851
4898 3 2 2 1 4754 4755 4853 4852
4899 3 2 2 1 4755 4756 4854 4853
4900 3 2 2 1 4756 4757 4855 4854
4901 3 2 2 1 4757 4758 4856 4855
4902 3 2 2 1 4758 4759 4857 4856
4903 3 2 2 1 4759 4760 4858 4857
4904 3 2 2 1 4760 4761 4859 4858
4905 3 2 2 1 4761 4762 4860 4859
4906 3 2 2 1 4762 4763 4861 4860
4907 3 2 2 1 4763 4764 4862 4861
4908 3 2 2 1 4764 4765 4863 4862
4909 3 2 2 1 4765 4766 4864 4863
4910 3 2 2 1 4766 4767 4865 4864
4911 3 2 2 1 4767 4768 4866 4865
4912 3 2 2 1 4768 4769 4867 4866
4913 3 2 2 1 4769 4770 4868 4867
4914 3 2 2 1 4770 4771 4869 4868
4915 3 2 2 1 4771 4772 4870 4869
4916 3 2 2 1 4772 4773 4871 4870
4917 3 2 2 1 4773 4774 4872 4871
4918 3 2 2 1 4774 4775 4873 4872
4919 3 2 2 1 4775 4776 4874 4873
4920 3 2 2 1 4776 4777 4875 4874
4921 3 2 2 1 4777 4778 4876 4875
4922 3 2 2 1 4778 4779 4877 4876
4923 3 2 2 1 4779 4780 4878 4877
4924 3 2 2 1 4780 4781 4879 4878
4925 3 2 2 1 4781 4782 4880 4879
4926 3 2 2 1 4782 4783 4881 4880
4927 3 2 2 1 4783 4784 4882 4881
4928 3 2 2 1 4784 4785 4883 4882
4929 3 2 2 1 4785 4786 4884 4883
4930 3 2 2 1 4786 4787 4885 4884
4931 3 2 2 1 4787 4788 4886 4885
4932 3 2 2 1 4788 4789 4887 4886
4933 3 2 2 1 4789 4790 4888 4887
4934 3 2 2 1 4790 4791 4889 4888
4935 3 2 2 1 4791 4792 4890 4889
4936 3 2 2 1 4792 4793 4891 4890
4937 3 2 2 1 4793 4794 4892 4891
4938 3 2 2 1 4794 4795 4893 4892
4939 3 2 2 1 4795 4796 4894 4893
4940 3 2 2 1 4796 4797 4895 4894
4941 3 2 2 1 4797 4798 4896 4895
4942 3 2 2 1 4798 4799 4897 4896
4943 3 2 2 1 4799 4800 4898 4897
4944 3 2 2 1 4800 4801 4899 4898
4945 3 2 2 1 4801 4802 4900 4899
4946 3 2 2 1 4802 4803 4901 4900
4947 3 2 2 1 4803 4804 4902 4901
4948 3 2 2 1 4804 4805 4903 4902
4949 3 2 2 1 4805 4806 4904 4903
4950 3 2 2 1 4806 49 50 4904
4951 3 2 2 1 253 4807 4905 252
4952 3 2 2 1 4807 4808 4906 4905
4953 3 2 2 1 4808 4809 4907 4906
4954 3 2 2 1 4809 4810 4908 4907
4955 3 2 2 1 4810 4811 4909 4908
4956 3 2 2 1 4811 4812 4910 4909
4957 3 2 2 1 4812 4813 4911 4910
4958 3 2 2 1 4813 4814 4912 4911
4959 3 2 2 1 4814 4815 4913 4912
4960 3 2 2 1 4815 4816 4914 4913
4961 3 2 2 1 4816 4817 4915 4914
4962 3 2 2 1 4817 4818 4916 4915
4963 3 2 2 1 4818 4819 4917 4916
4964 3 2 2 1 4819 4820 4918 4917
4965 3 2 2 1 4820 4821 4919 4918
4966 3 2 2 1 4821 4822 4920 4919
4967 3 2 2 1 4822 4823 4921 4920
4968 3 2 2 1 4823 4824 4922 4921
4969 3 2 2 1 4824 4825 4923 4922
4970 3 2 2 1 4825 4826 4924 4923
4971 3 2 2 1 4826 4827 4925 4924
4972 3 2 2 1 4827 4828 4926 4925
4973 3 2 2 1 4828 4829 4927 4926
4974 3 2 2 1 4829 4830 4928 4927
4975 3 2 2 1 4830 4831 4929 4928
4976 3 2 2 1 4831 4832 4930 4929
4977 3 2 2 1 4832 4833 4931 4930
4978 3 2 2 1 4833 4834 4932 4931
4979 3 2 2 1 4834 4835 4933 4932
4980 3 2 2 1 4835 4836 4934 4933
4981 3 2 2 1 4836 4837 4935 4934
4982 3 2 2 1 4837 4838 4936 4935
4983 3 2 2 1 4838 4839 4937 4936
4984 3 2 2 1 4839 4840 4938 4937
4985 3 2 2 1 4840 4841 4939 4938
4986 3 2 2 1 4841 4842 4940 4939
4987 3 2 2 1 4842 4843 4941 4940
4988 3 2 2 1 4843 4844 4942 4941
4989 3 2 2 1 4844 4845 4943 4942
4990 3 2 2 1 4845 4846 4944 4943
4991 3 2 2 1 4846 4847 4945 4944
4992 3 2 2 1 4847 4848 4946 4945
4993 3 2 2 1 4848 4849 4947 4946
4994 3 2 2 1 4849 4850 4948 4947
4995 3 2 2 1 4850 4851 4949 4948
4996 3 2 2 1 4851 4852 4950 4949
4997 3 2 2 1 4852 4853 4951 4950
4998 3 2 2 1 4853 4854 4952 4951
4999 3 2 2 1 4854 4855 4953 4952
5000 3 2 2 1 4855 4856 4954 4953
5001 3 2 2 1 4856 4857 4955 4954
5002 3 2 2 1 4857 4858 4956 4955
5003 3 2 2 1 4858 4859 4957 4956
5004 3 2 2 1 4859 4860 4958 4957
5005 3 2 2 1 4860 4861 4959 4958
5006 3 2 2 1 4861 4862 4960 4959
5007 3 2 2 1 4862 4863 4961 4960
5008 3 2 2 1 4863 4864 4962 4961
5009 3 2 2 1 4864 4865 4963 4962
5010 3 2 2 1 4865 4866 4964 4963
5011 3 2 2 1 4866 4867 4965 4964
5012 3 2 2 1 4867 4868 4966 4965
5013 3 2 2 1 4868 4869 4967 4966
5014 3 2 2 1 4869 4870 4968 4967
5015 3 2 2 1 4870 4871 4969 4968
5016 3 2 2 1 4871 4872 4970 4969
5017 3 2 2 1 4872 4873 4971 4970
5018 3 2 2 1 4873 4874 4972 4971
5019 3 2 2 1 4874 4875 4973 4972
5020 3 2 2 1 4875 4876 4974 4973
5021 3 2 2 1 4876 4877 4975 4974
5022 3 2 2 1 4877 4878 4976 4975
5023 3 2 2 1 4878 4879 4977 4976
5024 3 2 2 1 4879 4880 4978 4977
5025 3 2 2 1 4880 4881 4979 4978
5026 3 2 2 1 4881 4882 4980 4979
5027 3 2 2 1 4882 4883 4981 4980
5028 3 2 2 1 4883 4884 4982 4981
5029 3 2 2 1 4884 4885 4983 4982
5030 3 2 2 1 4885 4886 4984 4983
5031 3 2 2 1 4886 4887 4985 4984
5032 3 2 2 1 4887 4888 4986 4985
5033 3 2 2 1 4888 4889 4987 4986
5034 3 2 2 1 4889 4890 4988 4987
5035 3 2 2 1 4890 4891 4989 4988
5036 3 2 2 1 4891 4892 4990 4989
5037 3 2 2 1 4892 4893 4991 4990
5038 3 2 2 1 4893 4894 4992 4991
5039 3 2 2 1 4894 4895 4993 4992
5040 3 2 2 1 4895 4896 4994 4993
5041 3 2 2 1 4896 4897 4995 4994
5042 3 2 2 1 4897 4898 4996 4995
5043 3 2 2 1 4898 4899 4997 4996
5044 3 2 2 1 4899 4900 4998 4997
5045 3 2 2 1 4900 4901 4999 4998
5046 3 2 2 1 4901 4902 5000 4999
5047 3 2 2 1 4902 4903 5001 5000
5048 3 2 2 1 4903 4904 5002 5001
5049 3 2 2 1 4904 50 51 5002
5050 3 2 2 1 252 4905 5003 251
5051 3 2 2 1 4905 4906 5004 5003
5052 3 2 2 1 4906 4907 5005 5004
5053 3 2 2 1 4907 4908 5006 5005
5054 3 2 2 1 4908 4909 5007 5006
5055 3 2 2 1 4909 4910 5008 5007
5056 3 2 2 1 4910 4911 5009 5008
5057 3 2 2 1 4911 4912 5010 5009
5058 3 2 2 1 4912 4913 5011 5010
5059 3 2 2 1 4913 4914 5012 5011
5060 3 2 2 1 4914 4915 5013 5012
5061 3 2 2 1 4915 4916 5014 5013
5062 3 2 2 1 4916 4917 5015 5014
5063 3 2 2 1 4917 4918 5016 5015
5064 3 2 2 1 4918 4919 5017 5016
5065 3 2 2 1 4919 4920 5018 5017
5066 3 2 2 1 4920 4921 5019 5018
5067 3 2 2 1 4921 4922 5020 5019
5068 3 2 2 1 4922 4923 5021 5020
5069 3 2 2 1 4923 4924 5022 5021
5070 3 2 2 1 4924 4925 5023 5022
5071 3 2 2 1 4925 4926 5024 5023
5072 3 2 2 1 4926 4927 5025 5024
5073 3 2 2 1 4927 4928 5026 5025
5074 3 2 2 1 4928 4929 5027 5026
5075 3 2 2 1 4929 4930 5028 5027
5076 3 2 2 1 4930 4931 5029 5028
5077 3 2 2 1 4931 4932 5030 5029
5078 3 2 2 1 4932 4933 5031 5030
5079 3 2 2 1 4933 4934 5032 5031
5080 3 2 2 1 4934 4935 5033 5032
5081 3 2 2 1 4935 4936 5034 5033
5082 3 2 2 1 4936 4937 5035 5034
5083 3 2 2 1 4937 4938 5036 5035
5084 3 2 2 1 4938 4939 5037 5036
5085 3 2 2 1 4939 4940 5038 5037
5086 3 2 2 1 4940 4941 5039 5038
5087 3 2 2 1 4941 4942 5040 5039
5088 3 2 2 1 4942 4943 5041 5040
5089 3 2 2 1 4943 4944 5042 5041
5090 3 2 2 1 4944 4945 5043 5042
5091 3 2 2 1 4945 4946 5044 5043
5092 3 2 2 1 4946 4947 5045 5044
5093 3 2 2 1 4947 4948 5046 5045
5094 3 2 2 1 4948 4949 5047 5046
5095 3 2 2 1 4949 4950 5048 5047
5096 3 2 2 1 4950 4951 5049 5048
5097 3 2 2 1 4951 4952 5050 5049
5098 3 2 2 1 4952 4953 5051 5050
5099 3 2 2 1 4953 4954 5052 5051
5100 3 2 2 1 4954 4955 5053 5052
5101 3 2 2 1 4955 4956 5054 5053
5102 3 2 2 1 4956 4957 5055 5054
5103 3 2 2 1 4957 4958 5056 5055
5104 3 2 2 1 4958 4959 5057 5056
5105 3 2 2 1 4959 4960 5058 5057
5106 3 2 2 1 4960 4961 5059 5058
5107 3 2 2 1 4961 4962 5060 5059
5108 3 2 2 1 4962 4963 5061 5060
5109 3 2 2 1 4963 4964 5062 5061
5110 3 2 2 1 4964 4965 5063 5062
5111 3 2 2 1 4965 4966 5064 5063
5112 3 2 2 1 4966 4967 5065 5064
5113 3 2 2 1 4967 4968 5066 5065
5114 3 2 2 1 4968 4969 5067 5066
5115 3 2 2 1 4969 4970 5068 5067
5116 3 2 2 1 4970 4971 5069 5068
5117 3 2 2 1 4971 4972 5070 5069
5118 3 2 2 1 4972 4973 5071 5070
5119 3 2 2 1 4973 4974 5072 5071
5120 3 2 2 1 4974 4975 5073 5072
5121 3 2 2 1 4975 4976 5074 5073
5122 3 2 2 1 4976 4977 5075 5074
5123 3 2 2 1 4977 4978 5076 5075
5124 3 2 2 1 4978 4979 5077 5076
5125 3 2 2 1 4979 4980 5078 5077
5126 3 2 2 1 4980 4981 5079 5078
5127 3 2 2 1 4981 4982 5080 5079
5128 3 2 2 1 4982 4983 5081 5080
5129 3 2 2 1 4983 4984 5082 5081
5130 3 2 2 1 4984 4985 5083 5082
5131 3 2 2 1 4985 4986 5084 5083
5132 3 2 2 1 4986 4987 5085 5084
5133 3 2 2 1 4987 4988 5086 5085
5134 3 2 2 1 4988 4989 5087 5086
5135 3 2 2 1 4989 4990 5088 5087
5136 3 2 2 1 4990 4991 5089 5088
5137 3 2 2 1 4991 4992 5090 5089
5138 3 2 2 1 4992 4993 5091 5090
5139 3 2 2 1 4993 4994 5092 5091
5140 3 2 2 1 4994 4995 5093 5092
5141 3 2 2 1 4995 4996 5094 5093
5142 3 2 2 1 4996 4997 5095 5094
5143 3 2 2 1 4997 4998 5096 5095
5144 3 2 2 1 4998 4999 5097 5096
5145 3 2 2 1 4999 5000 5098 5097
5146 3 2 2 1 5000 5001 5099 5098
5147 3 2 2 1 5001 5002 5100 5099
5148 3 2 2 1 5002 51 52 5100
5149 3 2 2 1 251 5003 5101 250
5150 3 2 2 1 5003 5004 5102 5101
5151 3 2 2 1 5004 5005 5103 5102
5152 3 2 2 1 5005 5006 5104 5103
5153 3 2 2 1 5006 5007 5105 5104
5154 3 2 2 1 5007 5008 5106 5105
5155 3 2 2 1 5008 5009 5107 5106
5156 3 2 2 1 5009 5010 5108 5107
5157 3 2 2 1 5010 5011 5109 5108
5158 3 2 2 1 5011 5012 5110 5109
5159 3 2 2 1 5012 5013 5111 5110
5160 3 2 2 1 5013 5014 5112 5111
5161 3 2 2 1 5014 5015 5113 5112
5162 3 2 2 1 5015 5016 5114 5113
5163 3 2 2 1 5016 5017 5115 5114
5164 3 2 2 1 5017 5018 5116 5115
5165 3 2 2 1 5018 5019 5117 5116
5166 3 2 2 1 5019 5020 5118 5117
5167 3 2 2 1 5020 5021 5119 5118
5168 3 2 2 1 5021 5022 5120 5119
5169 3 2 2 1 5022 5023 5121 5120
5170 3 2 2 1 5023 5024 5122 5121
5171 3 2 2 1 5024 5025 5123 5122
5172 3 2 2 1 5025 5026 5124 5123
5173 3 2 2 1 5026 5027 5125 5124
5174 3 2 2 1 5027 5028 5126 5125
5175 3 2 2 1 5028 5029 5127 5126
5176 3 2 2 1 5029 5030 5128 5127
5177 3 2 2 1 5030 5031 5129 5128
5178 3 2 2 1 5031 5032 5130 5129
5179 3 2 2 1 5032 5033 5131 5130
5180 3 2 2 1 5033 5034 5132 5131
5181 3 2 2 1 5034 5035 5133 5132
5182 3 2 2 1 5035 5036 5134 5133
5183 3 2 2 1 5036 5037 5135 5134
5184 3 2 2 1 5037 5038 5136 5135
5185 3 2 2 1 5038 5039 5137 5136
5186 3 2 2 1 5039 5040 5138 5137
5187 3 2 2 1 5040 5041 5139 5138
5188 3 2 2 1 5041 5042 5140 5139
5189 3 2 2 1 5042 5043 5141 5140
5190 3 2 2 1 5043 5044 5142 5141
5191 3 2 2 1 5044 5045 5143 5142
5192 3 2 2 1 5045 5046 5144 5143
5193 3 2 2 1 5046 5047 5145 5144
5194 3 2 2 1 5047 5048 5146 5145
5195 3 2 2 1 5048 5049 5147 5146
5196 3 2 2 1 5049 5050 5148 5147
5197 3 2 2 1 5050 5051 5149 5148
5198 3 2 2 1 5051 5052 5150 5149
5199 3 2 2 1 5052 5053 5151 5150
5200 3 2 2 1 5053 5054 5152 5151
5201 3 2 2 1 5054 5055 5153 5152
5202 3 2 2 1 5055 5056 5154 5153
5203 3 2 2 1 5056 5057 5155 5154
5204 3 2 2 1 5057 5058 5156 5155
5205 3 2 2 1 5058 5059 5157 5156
5206 3 2 2 1 5059 5060 5158 5157
5207 3 2 2 1 5060 5061 5159 5158
5208 3 2 2 1 5061 5062 5160 5159
5209 3 2 2 1 5062 5063 5161 5160
5210 3 2 2 1 5063 5064 5162 5161
5211 3 2 2 1 5064 5065 5163 5162
5212 3 2 2 1 5065 5066 5164 5163
5213 3 2 2 1 5066 5067 5165 5164
5214 3 2 2 1 5067 5068 5166 5165
5215 3 2 2 1 5068 5069 5167 5166
5216 3 2 2 1 5069 5070 5168 5167
5217 3 2 2 1 5070 5071 5169 5168
5218 3 2 2 1 5071 5072 5170 5169
5219 3 2 2 1 5072 5073 5171 5170
5220 3 2 2 1 5073 5074 5172 5171
5221 3 2 2 1 5074 5075 5173 5172
5222 3 2 2 1 5075 5076 5174 5173
5223 3 2 2 1 5076 5077 5175 5174
5224 3 2 2 1 5077 5078 5176 5175
5225 3 2 2 1 5078 5079 5177 5176
5226 3 2 2 1 5079 5080 5178 5177
5227 3 2 2 1 5080 5081 5179 5178
5228 3 2 2 1 5081 5082 5180 5179
5229 3 2 2 1 5082 5083 5181 5180
5230 3 2 2 1 5083 5084 5182 5181
5231 3 2 2 1 5084 5085 5183 5182
5232 3 2 2 1 5085 5086 5184 5183
5233 3 2 2 1 5086 5087 5185 5184
5234 3 2 2 1 5087 5088 5186 5185
5235 3 2 2 1 5088 5089 5187 5186
5236 3 2 2 1 5089 5090 5188 5187
5237 3 2 2 1 5090 5091 5189 5188
5238 3 2 2 1 5091 5092 5190 5189
5239 3 2 2 1 5092 5093 5191 5190
5240 3 2 2 1 5093 5094 5192 5191
5241 3 2 2 1 5094 5095 5193 5192
5242 3 2 2 1 5095 5096 5194 5193
5243 3 2 2 1 5096 5097 5195 5194
5244 3 2 2 1 5097 5098 5196 5195
5245 3 2 2 1 5098 5099 5197 5196
5246 3 2 2 1 5099 5100 5198 5197
5247 3 2 2 1 5100 52 53 5198
5248 3 2 2 1 250 5101 5199 249
5249 3 2 2 1 5101 5102 5200 5199
5250 3 2 2 1 5102 5103 5201 5200
5251 3 2 2 1 5103 5104 5202 5201
5252 3 2 2 1 5104 5105 5203 5202
5253 3 2 2 1 5105 5106 5204 5203
5254 3 2 2 1 5106 5107 5205 5204
5255 3 2 2 1 5107 5108 5206 5205
5256 3 2 2 1 5108 5109 5207 5206
5257 3 2 2 1 5109 5110 5208 5207
5258 3 2 2 1 5110 5111 5209 5208
5259 3 2 2 1 5111 5112 5210 5209
5260 3 2 2 1 5112 5113 5211 5210
5261 3 2 2 1 5113 5114 5212 5211
5262 3 2 2 1 5114 5115 5213 5212
5263 3 2 2 1 5115 5116 5214 5213
5264 3 2 2 1 5116 5117 5215 5214
5265 3 2 2 1 5117 5118 5216 5215
5266 3 2 2 1 5118 5119 5217 5216
5267 3 2 2 1 5119 5120 5218 5217
5268 3 2 2 1 5120 5121 5219 5218
5269 3 2 2 1 5121 5122 5220 5219
5270 3 2 2 1 5122 5123 5221 5220
5271 3 2 2 1 5123 5124 5222 5221
5272 3 2 2 1 5124 5125 5223 5222
5273 3 2 2 1 5125 5126 5224 5223
5274 3 2 2 1 5126 5127 5225 5224
5275 3 2 2 1 5127 5128 5226 5225
5276 3 2 2 1 5128 5129 5227 5226
5277 3 2 2 1 5129 5130 5228 5227
5278 3 2 2 1 5130 5131 5229 5228
5279 3 2 2 1 5131 5132 5230 5229
5280 3 2 2 1 5132 5133 5231 5230
5281 3 2 2 1 5133 5134 5232 5231
5282 3 2 2 1 5134 5135 5233 5232
5283 3 2 2 1 5135 5136 5234 5233
5284 3 2 2 1 5136 5137 5235 5234
5285 3 2 2 1 5137 5138 5236 5235
5286 3 2 2 1 5138 5139 5237 5236
5287 3 2 2 1 5139 5140 5238 5237
5288 3 2 2 1 5140 5141 5239 5238
5289 3 2 2 1 5141 5142 5240 5239
5290 3 2 2 1 5142 5143 5241 5240
5291 3 2 2 1 5143 5144 5242 5241
5292 3 2 2 1 5144 5145 5243 5242
5293 3 2 2 1 5145 5146 5244 5243
5294 3 2 2 1 5146 5147 5245 5244
5295 3 2 2 1 5147 5148 5246 5245
5296 3 2 2 1 5148 5149 5247 5246
5297 3 2 2 1 5149 5150 5248 5247
5298 3 2 2 1 5150 5151 5249 5248
5299 3 2 2 1 5151 5152 5250 5249
5300 3 2 2 1 5152 5153 5251 5250
5301 3 2 2 1 5153 5154 5252 5251
5302 3 2 2 1 5154 5155 5253 5252
5303 3 2 2 1 5155 5156 5254 5253
5304 3 2 2 1 5156 5157 5255 5254
5305 3 2 2 1 5157 5158 5256 5255
5306 3 2 2 1 5158 5159 5257 5256
5307 3 2 2 1 5159 5160 5258 5257
5308 3 2 2 1 5160 5161 5259 5258
5309 3 2 2 1 5161 5162 5260 5259
5310 3 2 2 1 5162 5163 5261 5260
5311 3 2 2 1 5163 5164 5262 5261
5312 3 2 2 1 5164 5165 5263 5262
5313 3 2 2 1 5165 5166 5264 5263
5314 3 2 2 1 5166 5167 5265 5264
5315 3 2 2 1 5167 5168 5266 5265
5316 3 2 2 1 5168 5169 5267 5266
5317 3 2 2 1 5169 5170 5268 5267
5318 3 2 2 1 5170 5171 5269 5268
5319 3 2 2 1 5171 5172 5270 5269
5320 3 2 2 1 5172 5173 5271 5270
5321 3 2 2 1 5173 5174 5272 5271
5322 3 2 2 1 5174 5175 5273 5272
5323 3 2 2 1 5175 5176 5274 5273
5324 3 2 2 1 5176 5177 5275 5274
5325 3 2 2 1 5177 5178 5276 5275
5326 3 2 2 1 5178 5179 5277 5276
5327 3 2 2 1 5179 5180 5278 5277
5328 3 2 2 1 5180 5181 5279 5278
5329 3 2 2 1 5181 5182 5280 5279
5330 3 2 2 1 5182 5183 5281 5280
5331 3 2 2 1 5183 5184 5282 5281
5332 3 2 2 1 5184 5185 5283 5282
5333 3 2 2 1 5185 5186 5284 5283
5334 3 2 2 1 5186 5187 5285 5284
5335 3 2 2 1 5187 5188 5286 5285
5336 3 2 2 1 5188 5189 5287 5286
5337 3 2 2 1 5189 5190 5288 5287
5338 3 2 2 1 5190 5191 5289 5288
5339 3 2 2 1 5191 5192 5290 5289
5340 3 2 2 1 5192 5193 5291 5290
5341 3 2 2 1 5193 5194 5292 5291
5342 3 2 2 1 5194 5195 5293 5292
5343 3 2 2 1 5195 5196 5294 5293
5344 3 2 2 1 5196 5197 5295 5294
5345 3 2 2 1 5197 5198 5296 5295
5346 3 2 2 1 5198 53 54 5296
5347 3 2 2 1 249 5199 5297 248
5348 3 2 2 1 5199 5200 5298 5297
5349 3 2 2 1 5200 5201 5299 5298
5350 3 2 2 1 5201 5202 5300 5299
5351 3 2 2 1 5202 5203 5301 5300
5352 3 2 2 1 5203 5204 5302 5301
5353 3 2 2 1 5204 5205 5303 5302
5354 3 2 2 1 5205 5206 5304 5303
5355 3 2 2 1 5206 5207 5305 5304
5356 3 2 2 1 5207 5208 5306 5305
5357 3 2 2 1 5208 5209 5307 5306
5358 3 2 2 1 5209 5210 5308 5307
5359 3 2 2 1 5210 5211 5309 5308
5360 3 2 2 1 5211 5212 5310 5309
5361 3 2 2 1 5212 5213 5311 5310
5362 3 2 2 1 5213 5214 5312 5311
5363 3 2 2 1 5214 5215 5313 5312
5364 3 2 2 1 5215 5216 5314 5313
5365 3 2 2 1 5216 5217 5315 5314
5366 3 2 2 1 5217 5218 5316 5315
5367 3 2 2 1 5218 5219 5317 5316
5368 3 2 2 1 5219 5220 5318 5317
5369 3 2 2 1 5220 5221 5319 5318
5370 3 2 2 1 5221 5222 5320 5319
5371 3 2 2 1 5222 5223 5321 5320
5372 3 2 2 1 5223 5224 5322 5321
5373 3 2 2 1 5224 5225 5323 5322
5374 3 2 2 1 5225 5226 5324 5323
5375 3 2 2 1 5226 5227 5325 5324
5376 3 2 2 1 5227 5228 5326 5325
5377 3 2 2 1 5228 5229 5327 5326
5378 3 2 2 1 5229 5230 5328 5327
5379 3 2 2 1 5230 5231 5329 5328
5380 3 2 2 1 5231 5232 5330 5329
5381 3 2 2 1 5232 5233 5331 5330
5382 3 2 2 1 5233 5234 5332 5331
5383 3 2 2 1 5234 5235 5333 5332
5384 3 2 2 1 5235 5236 5334 5333
5385 3 2 2 1 5236 5237 5335 5334
5386 3 2 2 1 5237 5238 5336 5335
5387 3 2 2 1 5238 5239 5337 5336
5388 3 2 2 1 5239 5240 5338 5337
5389 3 2 2 1 5240 5241 5339 5338
5390 3 2 2 1 5241 5242 5340 5339
5391 3 2 2 1 5242 5243 5341 5340
5392 3 2 2 1 5243 5244 5342 5341
5393 3 2 2 1 5244 5245 5343 5342
5394 3 2 2 1 5245 5246 5344 5343
5395 3 2 2 1 5246 5247 5345 5344
5396 3 2 2 1 5247 5248 5346 5345
5397 3 2 2 1 5248 5249 5347 5346
5398 3 2 2 1 5249 5250 5348 5347
5399 3 2 2 1 5250 5251 5349 5348
5400 3 2 2 1 5251 5252 5350 5349
5401 3 2 2 1 5252 5253 5351 5350
5402 3 2 2 1 5253 5254 5352 5351
5403 3 2 2 1 5254 5255 5353 5352
5404 3 2 2 1 5255 5256 5354 5353
5405 3 2 2 1 5256 5257 5355 5354
5406 3 2 2 1 5257 5258 5356 5355
5407 3 2 2 1 5258 5259 5357 5356
5408 3 2 2 1 5259 5260 5358 5357
5409 3 2 2 1 5260 5261 5359 5358
5410 3 2 2 1 5261 5262 5360 5359
5411 3 2 2 1 5262 5263 5361 5360
5412 3 2 2 1 5263 5264 5362 5361
5413 3 2 2 1 5264 5265 5363 5362
5414 3 2 2 1 5265 5266 5364 5363
5415 3 2 2 1 5266 5267 5365 5364
5416 3 2 2 1 5267 5268 5366 5365
5417 3 2 2 1 5268 5269 5367 5366
5418 3 2 2 1 5269 5270 5368 5367
5419 3 2 2 1 5270 5271 5369 5368
5420 3 2 2 1 5271 5272 5370 5369
5421 3 2 2 1 5272 5273 5371 5370
5422 3 2 2 1 5273 5274 5372 5371
5423 3 2 2 1 5274 5275 5373 5372
5424 3 2 2 1 5275 5276 5374 5373
5425 3 2 2 1 5276 5277 5375 5374
5426 3 2 2 1 5277 5278 5376 5375
5427 3 2 2 1 5278 5279 5377 5376
5428 3 2 2 1 5279 5280 5378 5377
5429 3 2 2 1 5280 5281 5379 5378
5430 3 2 2 1 5281 5282 5380 5379
5431 3 2 2 1 5282 5283 5381 5380
5432 3 2 2 1 5283 5284 5382 5381
5433 3 2 2 1 5284 5285 5383 5382
5434 3 2 2 1 5285 5286 5384 5383
5435 3 2 2 1 5286 5287 5385 5384
5436 3 2 2 1 5287 5288 5386 5385
5437 3 2 2 1 5288 5289 5387 5386
5438 3 2 2 1 5289 5290 5388 5387
5439 3 2 2 1 5290 5291 5389 5388
5440 3 2 2 1 5291 5292 5390 5389
5441 3 2 2 1 5292 5293 5391 5390
5442 3 2 2 1 5293 5294 5392 5391
5443 3 2 2 1 5294 5295 5393 5392
5444 3 2 2 1 5295 5296 5394 5393
5445 3 2 2 1 5296 54 55 5394
5446 3 2 2 1 248 5297 5395 247
5447 3 2 2 1 5297 5298 5396 5395
5448 3 2 2 1 5298 5299 5397 5396
5449 3 2 2 1 5299 5300 5398 5397
5450 3 2 2 1 5300 5301 5399 5398
5451 3 2 2 1 5301 5302 5400 5399
5452 3 2 2 1 5302 5303 5401 5400
5453 3 2 2 1 5303 5304 5402 5401
5454 3 2 2 1 5304 5305 5403 5402
5455 3 2 2 1 5305 5306 5404 5403
5456 3 2 2 1 5306 5307 5405 5404
5457 3 2 2 1 5307 5308 5406 5405
5458 3 2 2 1 5308 5309 5407 5406
5459 3 2 2 1 5309 5310 5408 5407
5460 3 2 2 1 5310 5311 5409 5408
5461 3 2 2 1 5311 5312 5410 5409
5462 3 2 2 1 5312 5313 5411 5410
5463 3 2 2 1 5313 5314 5412 5411
5464 3 2 2 1 5314 5315 5413 5412
5465 3 2 2 1 5315 5316 5414 5413
5466 3 2 2 1 5316 5317 5415 5414
5467 3 2 2 1 5317 5318 5416 5415
5468 3 2 2 1 5318 5319 5417 5416
5469 3 2 2 1 5319 5320 5418 5417
5470 3 2 2 1 5320 5321 5419 5418
5471 3 2 2 1 5321 5322 5420 5419
5472 3 2 2 1 5322 5323 5421 5420
5473 3 2 2 1 5323 5324 5422 5421
5474 3 2 2 1 5324 5325 5423 5422
5475 3 2 2 1 5325 5326 5424 5423
5476 3 2 2 1 5326 5327 5425 5424
5477 3 2 2 1 5327 5328 5426 5425
5478 3 2 2 1 5328 5329 5427 5426
5479 3 2 2 1 5329 5330 5428 5427
5480 3 2 2 1 5330 5331 5429 5428
5481 3 2 2 1 5331 5332 5430 5429
5482 3 2 2 1 5332 5333 5431 5430
5483 3 2 2 1 5333 5334 5432 5431
5484 3 2 2 1 5334 5335 5433 5432
5485 3 2 2 1 5335 5336 5434 5433
5486 3 2 2 1 5336 5337 5435 5434
5487 3 2 2 1 5337 5338 5436 5435
5488 3 2 2 1 5338 5339 5437 5436
5489 3 2 2 1 5339 5340 5438 5437
5490 3 2 2 1 5340 5341 5439 5438
5491 3 2 2 1 5341 5342 5440 5439
5492 3 2 2 1 5342 5343 5441 5440
5493 3 2 2 1 5343 5344 5442 5441
5494 3 2 2 1 5344 5345 5443 5442
5495 3 2 2 1 5345 5346 5444 5443
5496 3 2 2 1 5346 5347 5445 5444
5497 3 2 2 1 5347 5348 5446 5445
5498 3 2 2 1 5348 5349 5447 5446
5499 3 2 2 1 5349 5350 5448 5447
5500 3 2 2 1 5350 5351 5449 5448
5501 3 2 2 1 5351 5352 5450 5449
5502 3 2 2 1 5352 5353 5451 5450
5503 3 2 2 1 5353 5354 5452 5451
5504 3 2 2 1 5354 5355 5453 5452
5505 3 2 2 1 5355 5356 5454 5453
5506 3 2 2 1 5356 5357 5455 5454
5507 3 2 2 1 5357 5358 5456 5455
5508 3 2 2 1 5358 5359 5457 5456
5509 3 2 2 1 5359 5360 5458 5457
5510 3 2 2 1 5360 5361 5459 5458
5511 3 2 2 1 5361 5362 5460 5459
5512 3 2 2 1 5362 5363 5461 5460
5513 3 2 2 1 5363 5364 5462 5461
5514 3 2 2 1 5364 5365 5463 5462
5515 3 2 2 1 5365 5366 5464 5463
5516 3 2 2 1 5366 5367 5465 5464
5517 3 2 2 1 5367 5368 5466 5465
5518 3 2 2 1 5368 5369 5467 5466
5519 3 2 2 1 5369 5370 5468 5467
5520 3 2 2 1 5370 5371 5469 5468
5521 3 2 2 1 5371 5372 5470 5469
5522 3 2 2 1 5372 5373 5471 5470
5523 3 2 2 1 5373 5374 5472 5471
5524 3 2 2 1 5374 5375 5473 5472
5525 3 2 2 1 5375 5376 5474 5473
5526 3 2 2 1 5376 5377 5475 5474
5527 3 2 2 1 5377 5378 5476 5475
5528 3 2 2 1 5378 5379 5477 5476
5529 3 2 2 1 5379 5380 5478 5477
5530 3 2 2 1 5380 5381 5479 5478
5531 3 2 2 1 5381 5382 5480 5479
5532 3 2 2 1 5382 5383 5481 5480
5533 3 2 2 1 5383 5384 5482 5481
5534 3 2 2 1 5384 5385 5483 5482
5535 3 2 2 1 5385 5386 5484 5483
5536 3 2 2 1 5386 5387 5485 5484
5537 3 2 2 1 5387 5388 5486 5485
5538 3 2 2 1 5388 5389 5487 5486
5539 3 2 2 1 5389 5390 5488 5487
5540 3 2 2 1 5390 5391 5489 5488
5541 3 2 2 1 5391 5392 5490 5489
5542 3 2 2 1 5392 5393 5491 5490
5543 3 2 2 1 5393 5394 5492 5491
5544 3 2 2 1 5394 55 56 5492
5545 3 2 2 1 247 5395 5493 246
5546 3 2 2 1 5395 5396 5494 5493
5547 3 2 2 1 5396 5397 5495 5494
5548 3 2 2 1 5397 5398 5496 5495
5549 3 2 2 1 5398 5399 5497 5496
5550 3 2 2 1 5399 5400 5498 5497
5551 3 2 2 1 5400 5401 5499 5498
5552 3 2 2 1 5401 5402 5500 5499
5553 3 2 2 1 5402 5403 5501 5500
5554 3 2 2 1 5403 5404 5502 5501
5555 3 2 2 1 5404 5405 5503 5502
5556 3 2 2 1 5405 5406 5504 5503
5557 3 2 2 1 5406 5407 5505 5504
5558 3 2 2 1 5407 5408 5506 5505
5559 3 2 2 1 5408 5409 5507 5506
5560 3 2 2 1 5409 5410 5508 5507
5561 3 2 2 1 5410 5411 5509 5508
5562 3 2 2 1 5411 5412 5510 5509
5563 3 2 2 1 5412 5413 5511 5510
5564 3 2 2 1 5413 5414 5512 5511
5565 3 2 2 1 5414 5415 5513 5512
5566 3 2 2 1 5415 5416 5514 5513
5567 3 2 2 1 5416 5417 5515 5514
5568 3 2 2 1 5417 5418 5516 5515
5569 3 2 2 1 5418 5419 5517 5516
5570 3 2 2 1 5419 5420 5518 5517
5571 3 2 2 1 5420 5421 5519 5518
5572 3 2 2 1 5421 5422 5520 5519
5573 3 2 2 1 5422 5423 5521 5520
5574 3 2 2 1 5423 5424 5522 5521
5575 3 2 2 1 5424 5425 5523 5522
5576 3 2 2 1 5425 5426 5524 5523
5577 3 2 2 1 5426 5427 5525 5524
5578 3 2 2 1 5427 5428 5526 5525
5579 3 2 2 1 5428 5429 5527 5526
5580 3 2 2 1 5429 5430 5528 5527
5581 3 2 2 1 5430 5431 5529 5528
5582 3 2 2 1 5431 5432 5530 5529
5583 3 2 2 1 5432 5433 5531 5530
5584 3 2 2 1 5433 5434 5532 5531
5585 3 2 2 1 5434 5435 5533 5532
5586 3 2 2 1 5435 5436 5534 5533
5587 3 2 2 1 5436 5437 5535 5534
5588 3 2 2 1 5437 5438 5536 5535
5589 3 2 2 1 5438 5439 5537 5536
5590 3 2 2 1 5439 5440 5538 5537
5591 3 2 2 1 5440 5441 5539 5538
5592 3 2 2 1 5441 5442 5540 5539
5593 3 2 2 1 5442 5443 5541 5540
5594 3 2 2 1 5443 5444 5542 5541
5595 3 2 2 1 5444 5445 5543 5542
5596 3 2 2 1 5445 5446 5544 5543
5597 3 2 2 1 5446 5447 5545 5544
5598 3 2 2 1 5447 5448 5546 5545
5599 3 2 2 1 5448 5449 5547 5546
5600 3 2 2 1 5449 5450 5548 5547
5601 3 2 2 1 5450 5451 5549 5548
5602 3 2 2 1 5451 5452 5550 5549
5603 3 2 2 1 5452 5453 5551 5550
5604 3 2 2 1 5453 5454 5552 5551
5605 3 2 2 1 5454 5455 5553 5552
5606 3 2 2 1 5455 5456 5554 5553
5607 3 2 2 1 5456 5457 5555 5554
5608 3 2 2 1 5457 5458 5556 5555
5609 3 2 2 1 5458 5459 5557 5556
5610 3 2 2 1 5459 5460 5558 5557
5611 3 2 2 1 5460 5461 5559 5558
5612 3 2 2 1 5461 5462 5560 5559
5613 3 2 2 1 5462 5463 5561 5560
5614 3 2 2 1 5463 5464 5562 5561
5615 3 2 2 1 5464 5465 5563 5562
5616 3 2 2 1 5465 5466 5564 5563
5617 3 2 2 1 5466 5467 5565 5564
5618 3 2 2 1 5467 5468 5566 5565
5619 3 2 2 1 5468 5469 5567 5566
5620 3 2 2 1 5469 5470 5568 5567
5621 3 2 2 1 5470 5471 5569 5568
5622 3 2 2 1 5471 5472 5570 5569
5623 3 2 2 1 5472 5473 5571 5570
5624 3 2 2 1 5473 5474 5572 5571
5625 3 2 2 1 5474 5475 5573 5572
5626 3 2 2 1 5475 5476 5574 5573
5627 3 2 2 1 5476 5477 5575 5574
5628 3 2 2 1 5477 5478 5576 5575
5629 3 2 2 1 5478 5479 5577 5576
5630 3 2 2 1 5479 5480 5578 5577
5631 3 2 2 1 5480 5481 5579 5578
5632 3 2 2 1 5481 5482 5580 5579
5633 3 2 2 1 5482 5483 5581 5580
5634 3 2 2 1 5483 5484 5582 5581
5635 3 2 2 1 5484 5485 5583 5582
5636 3 2 2 1 5485 5486 5584 5583
5637 3 2 2 1 5486 5487 5585 5584
5638 3 2 2 1 5487 5488 5586 5585
5639 3 2 2 1 5488 5489 5587 5586
5640 3 2 2 1 5489 5490 5588 5587
5641 3 2 2 1 5490 5491 5589 5588
5642 3 2 2 1 5491 5492 5590 5589
5643 3 2 2 1 5492 56 57 5590
5644 3 2 2 1 246 5493 5591 245
5645 3 2 2 1 5493 5494 5592 5591
5646 3 2 2 1 5494 5495 5593 5592
5647 3 2 2 1 5495 5496 5594 5593
5648 3 2 2 1 5496 5497 5595 5594
5649 3 2 2 1 5497 5498 5596 5595
5650 3 2 2 1 5498 5499 5597 5596
5651 3 2 2 1 5499 5500 5598 5597
5652 3 2 2 1 5500 5501 5599 5598
5653 3 2 2 1 5501 5502 5600 5599
5654 3 2 2 1 5502 5503 5601 5600
5655 3 2 2 1 5503 5504 5602 5601
5656 3 2 2 1 5504 5505 5603 5602
5657 3 2 2 1 5505 5506 5604 5603
5658 3 2 2 1 5506 5507 5605 5604
5659 3 2 2 1 5507 5508 5606 5605
5660 3 2 2 1 5508 5509 5607 5606
5661 3 2 2 1 5509 5510 5608 5607
5662 3 2 2 1 5510 5511 5609 5608
5663 3 2 2 1 5511 5512 5610 5609
5664 3 2 2 1 5512 5513 5611 5610
5665 3 2 2 1 5513 5514 5612 5611
5666 3 2 2 1 5514 5515 5613 5612
5667 3 2 2 1 5515 5516 5614 5613
5668 3 2 2 1 5516 5517 5615 5614
5669 3 2 2 1 5517 5518 5616 5615
5670 3 2 2 1 5518 5519 5617 5616
5671 3 2 2 1 5519 5520 5618 5617
5672 3 2 2 1 5520 5521 5619 5618
5673 3 2 2 1 5521 5522 5620 5619
5674 3 2 2 1 5522 5523 5621 5620
5675 3 2 2 1 5523 5524 5622 5621
5676 3 2 2 1 5524 5525 5623 5622
5677 3 2 2 1 5525 5526 5624 5623
5678 3 2 2 1 5526 5527 5625 5624
5679 3 2 2 1 5527 5528 5626 5625
5680 3 2 2 1 5528 5529 5627 5626
5681 3 2 2 1 5529 5530 5628 5627
5682 3 2 2 1 5530 5531 5629 5628
5683 3 2 2 1 5531 5532 5630 5629
5684 3 2 2 1 5532 5533 5631 5630
5685 3 2 2 1 5533 5534 5632 5631
5686 3 2 2 1 5534 5535 5633 5632
5687 3 2 2 1 5535 5536 5634 5633
5688 3 2 2 1 5536 5537 5635 5634
5689 3 2 2 1 5537 5538 5636 5635
5690 3 2 2 1 5538 5539 5637 5636
5691 3 2 2 1 5539 5540 5638 5637
5692 3 2 2 1 5540 5541 5639 5638
5693 3 2 2 1 5541 5542 5640 5639
5694 3 2 2 1 5542 5543 5641 5640
5695 3 2 2 1 5543 5544 5642 5641
5696 3 2 2 1 5544 5545 5643 5642
5697 3 2 2 1 5545 5546 5644 5643
5698 3 2 2 1 5546 5547 5645 5644
5699 3 2 2 1 5547 5548 5646 5645
5700 3 2 2 1 5548 5549 5647 5646
5701 3 2 2 1 5549 5550 5648 5647
5702 3 2 2 1 5550 5551 5649 5648
5703 3 2 2 1 5551 5552 5650 5649
5704 3 2 2 1 5552 5553 5651 5650
5705 3 2 2 1 5553 5554 5652 5651
5706 3 2 2 1 5554 5555 5653 5652
5707 3 2 2 1 5555 5556 5654 5653
5708 3 2 2 1 5556 5557 5655 5654
5709 3 2 2 1 5557 5558 5656 5655
5710 3 2 2 1 5558 5559 5657 5656
5711 3 2 2 1 5559 5560 5658 5657
5712 3 2 2 1 5560 5561 5659 5658
5713 3 2 2 1 5561 5562 5660 5659
5714 3 2 2 1 5562 5563 5661 5660
5715 3 2 2 1 5563 5564 5662 5661
5716 3 2 2 1 5564 5565 5663 5662
5717 3 2 2 1 5565 5566 5664 5663
5718 3 2 2 1 5566 5567 5665 5664
5719 3 2 2 1 5567 5568 5666 5665
5720 3 2 2 1 5568 5569 5667 5666
5721 3 2 2 1 5569 5570 5668 5667
5722 3 2 2 1 5570 5571 5669 5668
5723 3 2 2 1 5571 5572 5670 5669
5724 3 2 2 1 5572 5573 5671 5670
5725 3 2 2 1 5573 5574 5672 5671
5726 3 2 2 1 5574 5575 5673 5672
5727 3 2 2 1 5575 5576 5674 5673
5728 3 2 2 1 5576 5577 5675 5674
5729 3 2 2 1 5577 5578 5676 5675
5730 3 2 2 1 5578 5579 5677 5676
5731 3 2 2 1 5579 5580 5678 5677
5732 3 2 2 1 5580 5581 5679 5678
5733 3 2 2 1 5581 5582 5680 5679
5734 3 2 2 1 5582 5583 5681 5680
5735 3 2 2 1 5583 5584 5682 5681
5736 3 2 2 1 5584 5585 5683 5682
5737 3 2 2 1 5585 5586 5684 5683
5738 3 2 2 1 5586 5587 5685 5684
5739 3 2 2 1 5587 5588 5686 5685
5740 3 2 2 1 5588 5589 5687 5686
5741 3 2 2 1 5589 5590 5688 5687
5742 3 2 2 1 5590 57 58 5688
5743 3 2 2 1 245 5591 5689 244
5744 3 2 2 1 5591 5592 5690 5689
5745 3 2 2 1 5592 5593 5691 5690
5746 3 2 2 1 5593 5594 5692 5691
5747 3 2 2 1 5594 5595 5693 5692
5748 3 2 2 1 5595 5596 5694 5693
5749 3 2 2 1 5596 5597 5695 5694
5750 3 2 2 1 5597 5598 5696 5695
5751 3 2 2 1 5598 5599 5697 5696
5752 3 2 2 1 5599 5600 5698 5697
5753 3 2 2 1 5600 5601 5699 5698
5754 3 2 2 1 5601 5602 5700 5699
5755 3 2 2 1 5602 5603 5701 5700
5756 3 2 2 1 5603 5604 5702 5701
5757 3 2 2 1 5604 5605 5703 5702
5758 3 2 2 1 5605 5606 5704 5703
5759 3 2 2 1 5606 5607 5705 5704
5760 3 2 2 1 5607 5608 5706 5705
5761 3 2 2 1 5608 5609 5707 5706
5762 3 2 2 1 5609 5610 5708 5707
5763 3 2 2 1 5610 5611 5709 5708
5764 3 2 2 1 5611 5612 5710 5709
5765 3 2 2 1 5612 5613 5711 5710
5766 3 2 2 1 5613 5614 5712 5711
5767 3 2 2 1 5614 5615 5713 5712
5768 3 2 2 1 5615 5616 5714 5713
5769 3 2 2 1 5616 5617 5715 5714
5770 3 2 2 1 5617 5618 5716 5715
5771 3 2 2 1 5618 5619 5717 5716
5772 3 2 2 1 5619 5620 5718 5717
5773 3 2 2 1 5620 5621 5719 5718
5774 3 2 2 1 5621 5622 5720 5719
5775 3 2 2 1 5622 5623 5721 5720
5776 3 2 2 1 5623 5624 5722 5721
5777 3 2 2 1 5624 5625 5723 5722
5778 3 2 2 1 5625 5626 5724 5723
5779 3 2 2 1 5626 5627 5725 5724
5780 3 2 2 1 5627 5628 5726 5725
5781 3 2 2 1 5628 5629 5727 5726
5782 3 2 2 1 5629 5630 5728 5727
5783 3 2 2 1 5630 5631 5729 5728
5784 3 2 2 1 5631 5632 5730 5729
5785 3 2 2 1 5632 5633 5731 5730
5786 3 2 2 1 5633 5634 5732 5731
5787 3 2 2 1 5634 5635 5733 5732
5788 3 2 2 1 5635 5636 5734 5733
5789 3 2 2 1 5636 5637 5735 5734
5790 3 2 2 1 5637 5638 5736 5735
5791 3 2 2 1 5638 5639 5737 5736
5792 3 2 2 1 5639 5640 5738 5737
5793 3 2 2 1 5640 5641 5739 5738
5794 3 2 2 1 5641 5642 5740 5739
5795 3 2 2 1 5642 5643 5741 5740
5796 3 2 2 1 5643 5644 5742 5741
5797 3 2 2 1 5644 5645 5743 5742
5798 3 2 2 1 5645 5646 5744 5743
5799 3 2 2 1 5646 5647 5745 5744
5800 3 2 2 1 5647 5648 5746 5745
5801 3 2 2 1 5648 5649 5747 5746
5802 3 2 2 1 5649 5650 5748 5747
5803 3 2 2 1 5650 5651 5749 5748
5804 3 2 2 1 5651 5652 5750 5749
5805 3 2 2 1 5652 5653 5751 5750
5806 3 2 2 1 5653 5654 5752 5751
5807 3 2 2 1 5654 5655 5753 5752
5808 3 2 2 1 5655 5656 5754 5753
5809 3 2 2 1 5656 5657 5755 5754
5810 3 2 2 1 5657 5658 5756 5755
5811 3 2 2 1 5658 5659 5757 5756
5812 3 2 2 1 5659 5660 5758 5757
5813 3 2 2 1 5660 5661 5759 5758
5814 3 2 2 1 5661 5662 5760 5759
5815 3 2 2 1 5662 5663 5761 5760
5816 3 2 2 1 5663 5664 5762 5761
5817 3 2 2 1 5664 5665 5763 5762
5818 3 2 2 1 5665 5666 5764 5763
5819 3 2 2 1 5666 5667 5765 5764
5820 3 2 2 1 5667 5668 5766 5765
5821 3 2 2 1 5668 5669 5767 5766
5822 3 2 2 1 5669 5670 5768 5767
5823 3 2 2 1 5670 5671 5769 5768
5824 3 2 2 1 5671 5672 5770 5769
5825 3 2 2 1 5672 5673 5771 5770
5826 3 2 2 1 5673 5674 5772 5771
5827 3 2 2 1 5674 5675 5773 5772
5828 3 2 2 1 5675 5676 5774 5773
5829 3 2 2 1 5676 5677 5775 5774
5830 3 2 2 1 5677 5678 5776 5775
5831 3 2 2 1 5678 5679 5777 5776
5832 3 2 2 1 5679 5680 5778 5777
5833 3 2 2 1 5680 5681 5779 5778
5834 3 2 2 1 5681 5682 5780 5779
5835 3 2 2 1 5682 5683 5781 5780
5836 3 2 2 1 5683 5684 5782 5781
5837 3 2 2 1 5684 5685 5783 5782
5838 3 2 2 1 5685 5686 5784 5783
5839 3 2 2 1 5686 5687 5785 5784
5840 3 2 2 1 5687 5688 5786 5785
5841 3 2 2 1 5688 58 59 5786
5842 3 2 2 1 244 5689 5787 243
5843 3 2 2 1 5689 5690 5788 5787
5844 3 2 2 1 5690 5691 5789 5788
5845 3 2 2 1 5691 5692 5790 5789
5846 3 2 2 1 5692 5693 5791 5790
5847 3 2 2 1 5693 5694 5792 5791
5848 3 2 2 1 5694 5695 5793 5792
5849 3 2 2 1 5695 5696 5794 5793
5850 3 2 2 1 5696 5697 5795 5794
5851 3 2 2 1 5697 5698 5796 5795
5852 3 2 2 1 5698 5699 5797 5796
5853 3 2 2 1 5699 5700 5798 5797
5854 3 2 2 1 5700 5701 5799 5798
5855 3 2 2 1 5701 5702 5800 5799
5856 3 2 2 1 5702 5703 5801 5800
5857 3 2 2 1 5703 5704 5802 5801
5858 3 2 2 1 5704 5705 5803 5802
5859 3 2 2 1 5705 5706 5804 5803
5860 3 2 2 1 5706 5707 5805 5804
5861 3 2 2 1 5707 5708 5806 5805
5862 3 2 2 1 5708 5709 5807 5806
5863 3 2 2 1 5709 5710 5808 5807
5864 3 2 2 1 5710 5711 5809 5808
5865 3 2 2 1 5711 5712 5810 5809
5866 3 2 2 1 5712 5713 5811 5810
5867 3 2 2 1 5713 5714 5812 5811
5868 3 2 2 1 5714 5715 5813 5812
5869 3 2 2 1 5715 5716 5814 5813
5870 3 2 2 1 5716 5717 5815 5814
5871 3 2 2 1 5717 5718 5816 5815
5872 3 2 2 1 5718 5719 5817 5816
5873 3 2 2 1 5719 5720 5818 5817
5874 3 2 2 1 5720 5721 5819 5818
5875 3 2 2 1 5721 5722 5820 5819
5876 3 2 2 1 5722 5723 5821 5820
5877 3 2 2 1 5723 5724 5822 5821
5878 3 2 2 1 5724 5725 5823 5822
5879 3 2 2 1 5725 5726 5824 5823
5880 3 2 2 1 5726 5727 5825 5824
5881 3 2 2 1 5727 5728 5826 5825
5882 3 2 2 1 5728 5729 5827 5826
5883 3 2 2 1 5729 5730 5828 5827
5884 3 2 2 1 5730 5731 5829 5828
5885 3 2 2 1 5731 5732 5830 5829
5886 3 2 2 1 5732 5733 5831 5830
5887 3 2 2 1 5733 5734 5832 5831
5888 3 2 2 1 5734 5735 5833 5832
5889 3 2 2 1 5735 5736 5834 5833
5890 3 2 2 1 5736 5737 5835 5834
5891 3 2 2 1 5737 5738 5836 5835
5892 3 2 2 1 5738 5739 5837 5836
5893 3 2 2 1 5739 5740 5838 5837
5894 3 2 2 1 5740 5741 5839 5838
5895 3 2 2 1 5741 5742 5840 5839
5896 3 2 2 1 5742 5743 5841 5840
5897 3 2 2 1 5743 5744 5842 5841
5898 3 2 2 1 5744 5745 5843 5842
5899 3 2 2 1 5745 5746 5844 5843
5900 3 2 2 1 5746 5747 5845 5844
5901 3 2 2 1 5747 5748 5846 5845
5902 3 2 2 1 5748 5749 5847 5846
5903 3 2 2 1 5749 5750 5848 5847
5904 3 2 2 1 5750 5751 5849 5848
5905 3 2 2 1 5751 5752 5850 5849
5906 3 2 2 1 5752 5753 5851 5850
5907 3 2 2 1 5753 5754 5852 5851
5908 3 2 2 1 5754 5755 5853 5852
5909 3 2 2 1 5755 5756 5854 5853
5910 3 2 2 1 5756 5757 5855 5854
5911 3 2 2 1 5757 5758 5856 5855
5912 3 2 2 1 5758 5759 5857 5856
5913 3 2 2 1 5759 5760 5858 5857
5914 3 2 2 1 5760 5761 5859 5858
5915 3 2 2 1 5761 5762 5860 5859
5916 3 2 2 1 5762 5763 5861 5860
5917 3 2 2 1 5763 5764 5862 5861
5918 3 2 2 1 5764 5765 5863 5862
5919 3 2 2 1 5765 5766 5864 5863
5920 3 2 2 1 5766 5767 5865 5864
5921 3 2 2 1 5767 5768 5866 5865
5922 3 2 2 1 5768 5769 5867 5866
5923 3 2 2 1 5769 5770 5868 5867
5924 3 2 2 1 5770 5771 5869 5868
5925 3 2 2 1 5771 5772 5870 5869
5926 3 2 2 1 5772 5773 5871 5870
5927 3 2 2 1 5773 5774 5872 5871
5928 3 2 2 1 5774 5775 5873 5872
5929 3 2 2 1 5775 5776 5874 5873
5930 3 2 2 1 5776 5777 5875 5874
5931 3 2 2 1 5777 5778 5876 5875
5932 3 2 2 1 5778 5779 5877 5876
5933 3 2 2 1 5779 5780 5878 5877
5934 3 2 2 1 5780 5781 5879 5878
5935 3 2 2 1 5781 5782 5880 5879
5936 3 2 2 1 5782 5783 5881 5880
5937 3 2 2 1 5783 5784 5882 5881
5938 3 2 2 1 5784 5785 5883 5882
5939 3 2 2 1 5785 5786 5884 5883
5940 3 2 2 1 5786 59 60 5884
5941 3 2 2 1 243 5787 5885 242
5942 3 2 2 1 5787 5788 5886 5885
5943 3 2 2 1 5788 5789 5887 5886
5944 3 2 2 1 5789 5790 5888 5887
5945 3 2 2 1 5790 5791 5889 5888
5946 3 2 2 1 5791 5792 5890 5889
5947 3 2 2 1 5792 5793 5891 5890
5948 3 2 2 1 5793 5794 5892 5891
5949 3 2 2 1 5794 5795 5893 5892
5950 3 2 2 1 5795 5796 5894 5893
5951 3 2 2 1 5796 5797 5895 5894
5952 3 2 2 1 5797 5798 5896 5895
5953 3 2 2 1 5798 5799 5897 5896
5954 3 2 2 1 5799 5800 5898 5897
5955 3 2 2 1 5800 5801 5899 5898
5956 3 2 2 1 5801 5802 5900 5899
5957 3 2 2 1 5802 5803 5901 5900
5958 3 2 2 1 5803 5804 5902 5901
5959 3 2 2 1 5804 5805 5903 5902
5960 3 2 2 1 5805 5806 5904 5903
5961 3 2 2 1 5806 5807 5905 5904
5962 3 2 2 1 5807 5808 5906 5905
5963 3 2 2 1 5808 5809 5907 5906
5964 3 2 2 1 5809 5810 5908 5907
5965 3 2 2 1 5810 5811 5909 5908
5966 3 2 2 1 5811 5812 5910 5909
5967 3 2 2 1 5812 5813 5911 5910
5968 3 2 2 1 5813 5814 5912 5911
5969 3 2 2 1 5814 5815 5913 5912
5970 3 2 2 1 5815 5816 5914 5913
5971 3 2 2 1 5816 5817 5915 5914
5972 3 2 2 1 5817 5818 5916 5915
5973 3 2 2 1 5818 5819 5917 5916
5974 3 2 2 1 5819 5820 5918 5917
5975 3 2 2 1 5820 5821 5919 5918
5976 3 2 2 1 5821 5822 5920 5919
5977 3 2 2 1 5822 5823 5921 5920
5978 3 2 2 1 5823 5824 5922 5921
5979 3 2 2 1 5824 5825 5923 5922
5980 3 2 2 1 5825 5826 5924 5923
5981 3 2 2 1 5826 5827 5925 5924
5982 3 2 2 1 5827 5828 5926 5925
5983 3 2 2 1 5828 5829 5927 5926
5984 3 2 2 1 5829 5830 5928 5927
5985 3 2 2 1 5830 5831 5929 5928
5986 3 2 2 1 5831 5832 5930 5929
5987 3 2 2 1 5832 5833 5931 5930
5988 3 2 2 1 5833 5834 5932 5931
5989 3 2 2 1 5834 5835 5933 5932
5990 3 2 2 1 5835 5836 5934 5933
5991 3 2 2 1 5836 5837 5935 5934
5992 3 2 2 1 5837 5838 5936 5935
5993 3 2 2 1 5838 5839 5937 5936
5994 3 2 2 1 5839 5840 5938 5937
5995 3 2 2 1 5840 5841 5939 5938
5996 3 2 2 1 5841 5842 5940 5939
5997 3 2 2 1 5842 5843 5941 5940
5998 3 2 2 1 5843 5844 5942 5941
5999 3 2 2 1 5844 5845 5943 5942
6000 3 2 2 1 5845 5846 5944 5943
6001 3 2 2 1 5846 5847 5945 5944
6002 3 2 2 1 5847 5848 5946 5945
6003 3 2 2 1 5848 5849 5947 5946
6004 3 2 2 1 5849 5850 5948 5947
6005 3 2 2 1 5850 5851 5949 5948
6006 3 2 2 1 5851 5852 5950 5949
6007 3 2 2 1 5852 5853 5951 5950
6008 3 2 2 1 5853 5854 5952 5951
6009 3 2 2 1 5854 5855 5953 5952
6010 3 2 2 1 5855 5856 5954 5953
6011 3 2 2 1 5856 5857 5955 5954
6012 3 2 2 1 5857 5858 5956 5955
6013 3 2 2 1 5858 5859 5957 5956
6014 3 2 2 1 5859 5860 5958 5957
6015 3 2 2 1 5860 5861 5959 5958
6016 3 2 2 1 5861 5862 5960 5959
6017 3 2 2 1 5862 5863 5961 5960
6018 3 2 2 1 5863 5864 5962 5961
6019 3 2 2 1 5864 5865 5963 5962
6020 3 2 2 1 5865 5866 5964 5963
6021 3 2 2 1 5866 5867 5965 5964
6022 3 2 2 1 5867 5868 5966 5965
6023 3 2 2 1 5868 5869 5967 5966
6024 3 2 2 1 5869 5870 5968 5967
6025 3 2 2 1 5870 5871 5969 5968
6026 3 2 2 1 5871 5872 5970 5969
6027 3 2 2 1 5872 5873 5971 5970
6028 3 2 2 1 5873 5874 5972 5971
6029 3 2 2 1 5874 5875 5973 5972
6030 3 2 2 1 5875 5876 5974 5973
6031 3 2 2 1 5876 5877 5975 5974
6032 3 2 2 1 5877 5878 5976 5975
6033 3 2 2 1 5878 5879 5977 5976
6034 3 2 2 1 5879 5880 5978 5977
6035 3 2 2 1 5880 5881 5979 5978
6036 3 2 2 1 5881 5882 5980 5979
6037 3 2 2 1 5882 5883 5981 5980
6038 3 2 2 1 5883 5884 5982 5981
6039 3 2 2 1 5884 60 61 5982
6040 3 2 2 1 242 5885 5983 241
6041 3 2 2 1 5885 5886 5984 5983
6042 3 2 2 1 5886 5887 5985 5984
6043 3 2 2 1 5887 5888 5986 5985
6044 3 2 2 1 5888 5889 5987 5986
6045 3 2 2 1 5889 5890 5988 5987
6046 3 2 2 1 5890 5891 5989 5988
6047 3 2 2 1 5891 5892 5990 5989
6048 3 2 2 1 5892 5893 5991 5990
6049 3 2 2 1 5893 5894 5992 5991
6050 3 2 2 1 5894 5895 5993 5992
6051 3 2 2 1 5895 5896 5994 5993
6052 3 2 2 1 5896 5897 5995 5994
6053 3 2 2 1 5897 5898 5996 5995
6054 3 2 2 1 5898 5899 5997 5996
6055 3 2 2 1 5899 5900 5998 5997
6056 3 2 2 1 5900 5901 5999 5998
6057 3 2 2 1 5901 5902 6000 5999
6058 3 2 2 1 5902 5903 6001 6000
6059 3 2 2 1 5903 5904 6002 6001
6060 3 2 2 1 5904 5905 6003 6002
6061 3 2 2 1 5905 5906 6004 6003
6062 3 2 2 1 5906 5907 6005 6004
6063 3 2 2 1 5907 5908 6006 6005
6064 3 2 2 1 5908 5909 6007 6006
6065 3 2 2 1 5909 5910 6008 6007
6066 3 2 2 1 5910 5911 6009 6008
6067 3 2 2 1 5911 5912 6010 6009
6068 3 2 2 1 5912 5913 6011 6010
6069 3 2 2 1 5913 5914 6012 6011
6070 3 2 2 1 5914 5915 6013 6012
6071 3 2 2 1 5915 5916 6014 6013
6072 3 2 2 1 5916 5917 6015 6014
6073 3 2 2 1 5917 5918 6016 6015
6074 3 2 2 1 5918 5919 6017 6016
6075 3 2 2 1 5919 5920 6018 6017
6076 3 2 2 1 5920 5921 6019 6018
6077 3 2 2 1 5921 5922 6020 6019
6078 3 2 2 1 5922 5923 6021 6020
6079 3 2 2 1 5923 5924 6022 6021
6080 3 2 2 1 5924 5925 6023 6022
6081 3 2 2 1 5925 5926 6024 6023
6082 3 2 2 1 5926 5927 6025 6024
6083 3 2 2 1 5927 5928 6026 6025
6084 3 2 2 1 5928 5929 6027 6026
6085 3 2 2 1 5929 5930 6028 6027
6086 3 2 2 1 5930 5931 6029 6028
6087 3 2 2 1 5931 5932 6030 6029
6088 3 2 2 1 5932 5933 6031 6030
6089 3 2 2 1 5933 5934 6032 6031
6090 3 2 2 1 5934 5935 6033 6032
6091 3 2 2 1 5935 5936 6034 6033
6092 3 2 2 1 5936 5937 6035 6034
6093 3 2 2 1 5937 5938 6036 6035
6094 3 2 2 1 5938 5939 6037 6036
6095 3 2 2 1 5939 5940 6038 6037
6096 3 2 2 1 5940 5941 6039 6038
6097 3 2 2 1 5941 5942 6040 6039
6098 3 2 2 1 5942 5943 6041 6040
6099 3 2 2 1 5943 5944 6042 6041
6100 3 2 2 1 5944 5945 6043 6042
6101 3 2 2 1 5945 5946 6044 6043
6102 3 2 2 1 5946 5947 6045 6044
6103 3 2 2 1 5947 5948 6046 6045
6104 3 2 2 1 5948 5949 6047 6046
6105 3 2 2 1 5949 5950 6048 6047
6106 3 2 2 1 5950 5951 6049 6048
6107 3 2 2 1 5951 5952 6050 6049
6108 3 2 2 1 5952 5953 6051 6050
6109 3 2 2 1 5953 5954 6052 6051
6110 3 2 2 1 5954 5955 6053 6052
6111 3 2 2 1 5955 5956 6054 6053
6112 3 2 2 1 5956 5957 6055 6054
6113 3 2 2 1 5957 5958 6056 6055
6114 3 2 2 1 5958 5959 6057 6056
6115 3 2 2 1 5959 5960 6058 6057
6116 3 2 2 1 5960 5961 6059 6058
6117 3 2 2 1 5961 5962 6060 6059
6118 3 2 2 1 5962 5963 6061 6060
6119 3 2 2 1 5963 5964 6062 6061
6120 3 2 2 1 5964 5965 6063 6062
6121 3 2 2 1 5965 5966 6064 6063
6122 3 2 2 1 5966 5967 6065 6064
6123 3 2 2 1 5967 5968 6066 6065
6124 3 2 2 1 5968 5969 6067 6066
6125 3 2 2 1 5969 5970 6068 6067
6126 3 2 2 1 5970 5971 6069 6068
6127 3 2 2 1 5971 5972 6070 6069
6128 3 2 2 1 5972 5973 6071 6070
6129 3 2 2 1 5973 5974 6072 6071
6130 3 2 2 1 5974 5975 6073 6072
6131 3 2 2 1 5975 5976 6074 6073
6132 3 2 2 1 5976 5977 6075 6074
6133 3 2 2 1 5977 5978 6076 6075
6134 3 2 2 1 5978 5979 6077 6076
6135 3 2 2 1 5979 5980 6078 6077
6136 3 2 2 1 5980 5981 6079 6078
6137 3 2 2 1 5981 5982 6080 6079
6138 3 2 2 1 5982 61 62 6080
6139 3 2 2 1 241 5983 6081 240
6140 3 2 2 1 5983 5984 6082 6081
6141 3 2 2 1 5984 5985 6083 6082
6142 3 2 2 1 5985 5986 6084 6083
6143 3 2 2 1 5986 5987 6085 6084
6144 3 2 2 1 5987 5988 6086 6085
6145 3 2 2 1 5988 5989 6087 6086
6146 3 2 2 1 5989 5990 6088 6087
6147 3 2 2 1 5990 5991 6089 6088
6148 3 2 2 1 5991 5992 6090 6089
6149 3 2 2 1 5992 5993 6091 6090
6150 3 2 2 1 5993 5994 6092 6091
6151 3 2 2 1 5994 5995 6093 6092
6152 3 2 2 1 5995 5996 6094 6093
6153 3 2 2 1 5996 5997 6095 6094
6154 3 2 2 1 5997 5998 6096 6095
6155 3 2 2 1 5998 5999 6097 6096
6156 3 2 2 1 5999 6000 6098 6097
6157 3 2 2 1 6000 6001 6099 6098
6158 3 2 2 1 6001 6002 6100 6099
6159 3 2 2 1 6002 6003 6101 6100
6160 3 2 2 1 6003 6004 6102 6101
6161 3 2 2 1 6004 6005 6103 6102
6162 3 2 2 1 6005 6006 6104 6103
6163 3 2 2 1 6006 6007 6105 6104
6164 3 2 2 1 6007 6008 6106 6105
6165 3 2 2 1 6008 6009 6107 6106
6166 3 2 2 1 6009 6010 6108 6107
6167 3 2 2 1 6010 6011 6109 6108
6168 3 2 2 1 6011 6012 6110 6109
6169 3 2 2 1 6012 6013 6111 6110
6170 3 2 2 1 6013 6014 6112 6111
6171 3 2 2 1 6014 6015 6113 6112
6172 3 2 2 1 6015 6016 6114 6113
6173 3 2 2 1 6016 6017 6115 6114
6174 3 2 2 1 6017 6018 6116 6115
6175 3 2 2 1 6018 6019 6117 6116
6176 3 2 2 1 6019 6020 6118 6117
6177 3 2 2 1 6020 6021 6119 6118
6178 3 2 2 1 6021 6022 6120 6119
6179 3 2 2 1 6022 6023 6121 6120
6180 3 2 2 1 6023 6024 6122 6121
6181 3 2 2 1 6024 6025 6123 6122
6182 3 2 2 1 6025 6026 6124 6123
6183 3 2 2 1 6026 6027 6125 6124
6184 3 2 2 1 6027 6028 6126 6125
6185 3 2 2 1 6028 6029 6127 6126
6186 3 2 2 1 6029 6030 6128 6127
6187 3 2 2 1 6030 6031 6129 6128
6188 3 2 2 1 6031 6032 6130 6129
6189 3 2 2 1 6032 6033 6131 6130
6190 3 2 2 1 6033 6034 6132 6131
6191 3 2 2 1 6034 6035 6133 6132
6192 3 2 2 1 6035 6036 6134 6133
6193 3 2 2 1 6036 6037 6135 6134
6194 3 2 2 1 6037 6038 6136 6135
6195 3 2 2 1 6038 6039 6137 6136
6196 3 2 2 1 6039 6040 6138 6137
6197 3 2 2 1 6040 6041 6139 6138
6198 3 2 2 1 6041 6042 6140 6139
6199 3 2 2 1 6042 6043 6141 6140
6200 3 2 2 1 6043 6044 6142 6141
6201 3 2 2 1 6044 6045 6143 6142
6202 3 2 2 1 6045 6046 6144 6143
6203 3 2 2 1 6046 6047 6145 6144
6204 3 2 2 1 6047 6048 6146 6145
6205 3 2 2 1 6048 6049 6147 6146
6206 3 2 2 1 6049 6050 6148 6147
6207 3 2 2 1 6050 6051 6149 6148
6208 3 2 2 1 6051 6052 6150 6149
6209 3 2 2 1 6052 6053 6151 6150
6210 3 2 2 1 6053 6054 6152 6151
6211 3 2 2 1 6054 6055 6153 6152
6212 3 2 2 1 6055 6056 6154 6153
6213 3 2 2 1 6056 6057 6155 6154
6214 3 2 2 1 6057 6058 6156 6155
6215 3 2 2 1 6058 6059 6157 6156
6216 3 2 2 1 6059 6060 6158 6157
6217 3 2 2 1 6060 6061 6159 6158
6218 3 2 2 1 6061 6062 6160 6159
6219 3 2 2 1 6062 6063 6161 6160
6220 3 2 2 1 6063 6064 6162 6161
6221 3 2 2 1 6064 6065 6163 6162
6222 3 2 2 1 6065 6066 6164 6163
6223 3 2 2 1 6066 6067 6165 6164
6224 3 2 2 1 6067 6068 6166 6165
6225 3 2 2 1 6068 6069 6167 6166
6226 3 2 2 1 6069 6070 6168 6167
6227 3 2 2 1 6070 6071 6169 6168
6228 3 2 2 1 6071 6072 6170 6169
6229 3 2 2 1 6072 6073 6171 6170
6230 3 2 2 1 6073 6074 6172 6171
6231 3 2 2 1 6074 6075 6173 6172
6232 3 2 2 1 6075 6076 6174 6173
6233 3 2 2 1 6076 6077 6175 6174
6234 3 2 2 1 6077 6078 6176 6175
6235 3 2 2 1 6078 6079 6177 6176
6236 3 2 2 1 6079 6080 6178 6177
6237 3 2 2 1 6080 62 63 6178
6238 3 2 2 1 240 6081 6179 239
6239 3 2 2 1 6081 6082 6180 6179
6240 3 2 2 1 6082 6083 6181 6180
6241 3 2 2 1 6083 6084 6182 6181
6242 3 2 2 1 6084 6085 6183 6182
6243 3 2 2 1 6085 6086 6184 6183
6244 3 2 2 1 6086 6087 6185 6184
6245 3 2 2 1 6087 6088 6186 6185
6246 3 2 2 1 6088 6089 6187 6186
6247 3 2 2 1 6089 6090 6188 6187
6248 3 2 2 1 6090 6091 6189 6188
6249 3 2 2 1 6091 6092 6190 6189
6250 3 2 2 1 6092 6093 6191 6190
6251 3 2 2 1 6093 6094 6192 6191
6252 3 2 2 1 6094 6095 6193 6192
6253 3 2 2 1 6095 6096 6194 6193
6254 3 2 2 1 6096 6097 6195 6194
6255 3 2 2 1 6097 6098 6196 6195
6256 3 2 2 1 6098 6099 6197 6196
6257 3 2 2 1 6099 6100 6198 6197
6258 3 2 2 1 6100 6101 6199 6198
6259 3 2 2 1 6101 6102 6200 6199
6260 3 2 2 1 6102 6103 6201 6200
6261 3 2 2 1 6103 6104 6202 6201
6262 3 2 2 1 6104 6105 6203 6202
6263 3 2 2 1 6105 6106 6204 6203
6264 3 2 2 1 6106 6107 6205 6204
6265 3 2 2 1 6107 6108 6206 6205
6266 3 2 2 1 6108 6109 6207 6206
6267 3 2 2 1 6109 6110 6208 6207
6268 3 2 2 1 6110 6111 6209 6208
6269 3 2 2 1 6111 6112 6210 6209
6270 3 2 2 1 6112 6113 6211 6210
6271 3 2 2 1 6113 6114 6212 6211
6272 3 2 2 1 6114 6115 6213 6212
6273 3 2 2 1 6115 6116 6214 6213
6274 3 2 2 1 6116 6117 6215 6214
6275 3 2 2 1 6117 6118 6216 6215
6276 3 2 2 1 6118 6119 6217 6216
6277 3 2 2 1 6119 6120 6218 6217
6278 3 2 2 1 6120 6121 6219 6218
6279 3 2 2 1 6121 6122 6220 6219
6280 3 2 2 1 6122 6123 6221 6220
6281 3 2 2 1 6123 6124 6222 6221
6282 3 2 2 1 6124 6125 6223 6222
6283 3 2 2 1 6125 6126 6224 6223
6284 3 2 2 1 6126 6127 6225 6224
6285 3 2 2 1 6127 6128 6226 6225
6286 3 2 2 1 6128 6129 6227 6226
6287 3 2 2 1 6129 6130 6228 6227
6288 3 2 2 1 6130 6131 6229 6228
6289 3 2 2 1 6131 6132 6230 6229
6290 3 2 2 1 6132 6133 6231 6230
6291 3 2 2 1 6133 6134 6232 6231
6292 3 2 2 1 6134 6135 6233 6232
6293 3 2 2 1 6135 6136 6234 6233
6294 3 2 2 1 6136 6137 6235 6234
6295 3 2 2 1 6137 6138 6236 6235
6296 3 2 2 1 6138 6139 6237 6236
6297 3 2 2 1 6139 6140 6238 6237
6298 3 2 2 1 6140 6141 6239 6238
6299 3 2 2 1 6141 6142 6240 6239
6300 3 2 2 1 6142 6143 6241 6240
6301 3 2 2 1 6143 6144 6242 6241
6302 3 2 2 1 6144 6145 6243 6242
6303 3 2 2 1 6145 6146 6244 6243
6304 3 2 2 1 6146 6147 6245 6244
6305 3 2 2 1 6147 6148 6246 6245
6306 3 2 2 1 6148 6149 6247 6246
6307 3 2 2 1 6149 6150 6248 6247
6308 3 2 2 1 6150 6151 6249 6248
6309 3 2 2 1 6151 6152 6250 6249
6310 3 2 2 1 6152 6153 6251 6250
6311 3 2 2 1 6153 6154 6252 6251
6312 3 2 2 1 6154 6155 6253 6252
6313 3 2 2 1 6155 6156 6254 6253
6314 3 2 2 1 6156 6157 6255 6254
6315 3 2 2 1 6157 6158 6256 6255
6316 3 2 2 1 6158 6159 6257 6256
6317 3 2 2 1 6159 6160 6258 6257
6318 3 2 2 1 6160 6161 6259 6258
6319 3 2 2 1 6161 6162 6260 6259
6320 3 2 2 1 6162 6163 6261 6260
6321 3 2 2 1 6163 6164 6262 6261
6322 3 2 2 1 6164 6165 6263 6262
6323 3 2 2 1 6165 6166 6264 6263
6324 3 2 2 1 6166 6167 6265 6264
6325 3 2 2 1 6167 6168 6266 6265
6326 3 2 2 1 6168 6169 6267 6266
6327 3 2 2 1 6169 6170 6268 6267
6328 3 2 2 1 6170 6171 6269 6268
6329 3 2 2 1 6171 6172 6270 6269
6330 3 2 2 1 6172 6173 6271 6270
6331 3 2 2 1 6173 6174 6272 6271
6332 3 2 2 1 6174 6175 6273 6272
6333 3 2 2 1 6175 6176 6274 6273
6334 3 2 2 1 6176 6177 6275 6274
6335 3 2 2 1 6177 6178 6276 6275
6336 3 2 2 1 6178 63 64 6276
6337 3 2 2 1 239 6179 6277 238
6338 3 2 2 1 6179 6180 6278 6277
6339 3 2 2 1 6180 6181 6279 6278
6340 3 2 2 1 6181 6182 6280 6279
6341 3 2 2 1 6182 6183 6281 6280
6342 3 2 2 1 6183 6184 6282 6281
6343 3 2 2 1 6184 6185 6283 6282
6344 3 2 2 1 6185 6186 6284 6283
6345 3 2 2 1 6186 6187 6285 6284
6346 3 2 2 1 6187 6188 6286 6285
6347 3 2 2 1 6188 6189 6287 6286
6348 3 2 2 1 6189 6190 6288 6287
6349 3 2 2 1 6190 6191 6289 6288
6350 3 2 2 1 6191 6192 6290 6289
6351 3 2 2 1 6192 6193 6291 6290
6352 3 2 2 1 6193 6194 6292 6291
6353 3 2 2 1 6194 6195 6293 6292
6354 3 2 2 1 6195 6196 6294 6293
6355 3 2 2 1 6196 6197 6295 6294
6356 3 2 2 1 6197 6198 6296 6295
6357 3 2 2 1 6198 6199 6297 6296
6358 3 2 2 1 6199 6200 6298 6297
6359 3 2 2 1 6200 6201 6299 6298
6360 3 2 2 1 6201 6202 6300 6299
6361 3 2 2 1 6202 6203 6301 6300
6362 3 2 2 1 6203 6204 6302 6301
6363 3 2 2 1 6204 6205 6303 6302
6364 3 2 2 1 6205 6206 6304 6303
6365 3 2 2 1 6206 6207 6305 6304
6366 3 2 2 1 6207 6208 6306 6305
6367 3 2 2 1 6208 6209 6307 6306
6368 3 2 2 1 6209 6210 6308 6307
6369 3 2 2 1 6210 6211 6309 6308
6370 3 2 2 1 6211 6212 6310 6309
6371 3 2 2 1 6212 6213 6311 6310
6372 3 2 2 1 6213 6214 6312 6311
6373 3 2 2 1 6214 6215 6313 6312
6374 3 2 2 1 6215 6216 6314 6313
6375 3 2 2 1 6216 6217 6315 6314
6376 3 2 2 1 6217 6218 6316 6315
6377 3 2 2 1 6218 6219 6317 6316
6378 3 2 2 1 6219 6220 6318 6317
6379 3 2 2 1 6220 6221 6319 6318
6380 3 2 2 1 6221 6222 6320 6319
6381 3 2 2 1 6222 6223 6321 6320
6382 3 2 2 1 6223 6224 6322 6321
6383 3 2 2 1 6224 6225 6323 6322
6384 3 2 2 1 6225 6226 6324 6323
6385 3 2 2 1 6226 6227 6325 6324
6386 3 2 2 1 6227 6228 6326 6325
6387 3 2 2 1 6228 6229 6327 6326
6388 3 2 2 1 6229 6230 6328 6327
6389 3 2 2 1 6230 6231 6329 6328
6390 3 2 2 1 6231 6232 6330 6329
6391 3 2 2 1 6232 6233 6331 6330
6392 3 2 2 1 6233 6234 6332 6331
6393 3 2 2 1 6234 6235 6333 6332
6394 3 2 2 1 6235 6236 6334 6333
6395 3 2 2 1 6236 6237 6335 6334
6396 3 2 2 1 6237 6238 6336 6335
6397 3 2 2 1 6238 6239 6337 6336
6398 3 2 2 1 6239 6240 6338 6337
6399 3 2 2 1 6240 6241 6339 6338
6400 3 2 2 1 6241 6242 6340 6339
6401 3 2 2 1 6242 6243 6341 6340
6402 3 2 2 1 6243 6244 6342 6341
6403 3 2 2 1 6244 6245 6343 6342
6404 3 2 2 1 6245 6246 6344 6343
6405 3 2 2 1 6246 6247 6345 6344
6406 3 2 2 1 6247 6248 6346 6345
6407 3 2 2 1 6248 6249 6347 6346
6408 3 2 2 1 6249 6250 6348 6347
6409 3 2 2 1 6250 6251 6349 6348
6410 3 2 2 1 6251 6252 6350 6349
6411 3 2 2 1 6252 6253 6351 6350
6412 3 2 2 1 6253 6254 6352 6351
6413 3 2 2 1 6254 6255 6353 6352
6414 3 2 2 1 6255 6256 6354 6353
6415 3 2 2 1 6256 6257 6355 6354
6416 3 2 2 1 6257 6258 6356 6355
6417 3 2 2 1 6258 6259 6357 6356
6418 3 2 2 1 6259 6260 6358 6357
6419 3 2 2 1 6260 6261 6359 6358
6420 3 2 2 1 6261 6262 6360 6359
6421 3 2 2 1 6262 6263 6361 6360
6422 3 2 2 1 6263 6264 6362 6361
6423 3 2 2 1 6264 6265 6363 6362
6424 3 2 2 1 6265 6266 6364 6363
6425 3 2 2 1 6266 6267 6365 6364
6426 3 2 2 1 6267 6268 6366 6365
6427 3 2 2 1 6268 6269 6367 6366
6428 3 2 2 1 6269 6270 6368 6367
6429 3 2 2 1 6270 6271 6369 6368
6430 3 2 2 1 6271 6272 6370 6369
6431 3 2 2 1 6272 6273 6371 6370
6432 3 2 2 1 6273 6274 6372 6371
6433 3 2 2 1 6274 6275 6373 6372
6434 3 2 2 1 6275 6276 6374 6373
6435 3 2 2 1 6276 64 65 6374
6436 3 2 2 1 238 6277 6375 237
6437 3 2 2 1 6277 6278 6376 6375
6438 3 2 2 1 6278 6279 6377 6376
6439 3 2 2 1 6279 6280 6378 6377
6440 3 2 2 1 6280 6281 6379 6378
6441 3 2 2 1 6281 6282 6380 6379
6442 3 2 2 1 6282 6283 6381 6380
6443 3 2 2 1 6283 6284 6382 6381
6444 3 2 2 1 6284 6285 6383 6382
6445 3 2 2 1 6285 6286 6384 6383
6446 3 2 2 1 6286 6287 6385 6384
6447 3 2 2 1 6287 6288 6386 6385
6448 3 2 2 1 6288 6289 6387 6386
6449 3 2 2 1 6289 6290 6388 6387
6450 3 2 2 1 6290 6291 6389 6388
6451 3 2 2 1 6291 6292 6390 6389
6452 3 2 2 1 6292 6293 6391 6390
6453 3 2 2 1 6293 6294 6392 6391
6454 3 2 2 1 6294 6295 6393 6392
6455 3 2 2 1 6295 6296 6394 6393
6456 3 2 2 1 6296 6297 6395 6394
6457 3 2 2 1 6297 6298 6396 6395
6458 3 2 2 1 6298 6299 6397 6396
6459 3 2 2 1 6299 6300 6398 6397
6460 3 2 2 1 6300 6301 6399 6398
6461 3 2 2 1 6301 6302 6400 6399
6462 3 2 2 1 6302 6303 6401 6400
6463 3 2 2 1 6303 6304 6402 6401
6464 3 2 2 1 6304 6305 6403 6402
6465 3 2 2 1 6305 6306 6404 6403
6466 3 2 2 1 6306 6307 6405 6404
6467 3 2 2 1 6307 6308 6406 6405
6468 3 2 2 1 6308 6309 6407 6406
6469 3 2 2 1 6309 6310 6408 6407
6470 3 2 2 1 6310 6311 6409 6408
6471 3 2 2 1 6311 6312 6410 6409
6472 3 2 2 1 6312 6313 6411 6410
6473 3 2 2 1 6313 6314 6412 6411
6474 3 2 2 1 6314 6315 6413 6412
6475 3 2 2 1 6315 6316 6414 6413
6476 3 2 2 1 6316 6317 6415 6414
6477 3 2 2 1 6317 6318 6416 6415
6478 3 2 2 1 6318 6319 6417 6416
6479 3 2 2 1 6319 6320 6418 6417
6480 3 2 2 1 6320 6321 6419 6418
6481 3 2 2 1 6321 6322 6420 6419
6482 3 2 2 1 6322 6323 6421 6420
6483 3 2 2 1 6323 6324 6422 6421
6484 3 2 2 1 6324 6325 6423 6422
6485 3 2 2 1 6325 6326 6424 6423
6486 3 2 2 1 6326 6327 6425 6424
6487 3 2 2 1 6327 6328 6426 6425
6488 3 2 2 1 6328 6329 6427 6426
6489 3 2 2 1 6329 6330 6428 6427
6490 3 2 2 1 6330 6331 6429 6428
6491 3 2 2 1 6331 6332 6430 6429
6492 3 2 2 1 6332 6333 6431 6430
6493 3 2 2 1 6333 6334 6432 6431
6494 3 2 2 1 6334 6335 6433 6432
6495 3 2 2 1 6335 6336 6434 6433
6496 3 2 2 1 6336 6337 6435 6434
6497 3 2 2 1 6337 6338 6436 6435
6498 3 2 2 1 6338 6339 6437 6436
6499 3 2 2 1 6339 6340 6438 6437
6500 3 2 2 1 6340 6341 6439 6438
6501 3 2 2 1 6341 6342 6440 6439
6502 3 2 2 1 6342 6343 6441 6440
6503 3 2 2 1 6343 6344 6442 6441
6504 3 2 2 1 6344 6345 6443 6442
6505 3 2 2 1 6345 6346 6444 6443
6506 3 2 2 1 6346 6347 6445 6444
6507 3 2 2 1 6347 6348 6446 6445
6508 3 2 2 1 6348 6349 6447 6446
6509 3 2 2 1 6349 6350 6448 6447
6510 3 2 2 1 6350 6351 6449 6448
6511 3 2 2 1 6351 6352 6450 6449
6512 3 2 2 1 6352 6353 6451 6450
6513 3 2 2 1 6353 6354 6452 6451
6514 3 2 2 1 6354 6355 6453 6452
6515 3 2 2 1 6355 6356 6454 6453
6516 3 2 2 1 6356 6357 6455 6454
6517 3 2 2 1 6357 6358 6456 6455
6518 3 2 2 1 6358 6359 6457 6456
6519 3 2 2 1 6359 6360 6458 6457
6520 3 2 2 1 6360 6361 6459 6458
6521 3 2 2 1 6361 6362 6460 6459
6522 3 2 2 1 6362 6363 6461 6460
6523 3 2 2 1 6363 6364 6462 6461
6524 3 2 2 1 6364 6365 6463 6462
6525 3 2 2 1 6365 6366 6464 6463
6526 3 2 2 1 6366 6367 6465 6464
6527 3 2 2 1 6367 6368 6466 6465
6528 3 2 2 1 6368 6369 6467 6466
6529 3 2 2 1 6369 6370 6468 6467
6530 3 2 2 1 6370 6371 6469 6468
6531 3 2 2 1 6371 6372 6470 6469
6532 3 2 2 1 6372 6373 6471 6470
6533 3 2 2 1 6373 6374 6472 6471
6534 3 2 2 1 6374 65 66 6472
6535 3 2 2 1 237 6375 6473 236
6536 3 2 2 1 6375 6376 6474 6473
6537 3 2 2 1 6376 6377 6475 6474
6538 3 2 2 1 6377 6378 6476 6475
6539 3 2 2 1 6378 6379 6477 6476
6540 3 2 2 1 6379 6380 6478 6477
6541 3 2 2 1 6380 6381 6479 6478
6542 3 2 2 1 6381 6382 6480 6479
6543 3 2 2 1 6382 6383 6481 6480
6544 3 2 2 1 6383 6384 6482 6481
6545 3 2 2 1 6384 6385 6483 6482
6546 3 2 2 1 6385 6386 6484 6483
6547 3 2 2 1 6386 6387 6485 6484
6548 3 2 2 1 6387 6388 6486 6485
6549 3 2 2 1 6388 6389 6487 6486
6550 3 2 2 1 6389 6390 6488 6487
6551 3 2 2 1 6390 6391 6489 6488
6552 3 2 2 1 6391 6392 6490 6489
6553 3 2 2 1 6392 6393 6491 6490
6554 3 2 2 1 6393 6394 6492 6491
6555 3 2 2 1 6394 6395 6493 6492
6556 3 2 2 1 6395 6396 6494 6493
6557 3 2 2 1 6396 6397 6495 6494
6558 3 2 2 1 6397 6398 6496 6495
6559 3 2 2 1 6398 6399 6497 6496
6560 3 2 2 1 6399 6400 6498 6497
6561 3 2 2 1 6400 6401 6499 6498
6562 3 2 2 1 6401 6402 6500 6499
6563 3 2 2 1 6402 6403 6501 6500
6564 3 2 2 1 6403 6404 6502 6501
6565 3 2 2 1 6404 6405 6503 6502
6566 3 2 2 1 6405 6406 6504 6503
6567 3 2 2 1 6406 6407 6505 6504
6568 3 2 2 1 6407 6408 6506 6505
6569 3 2 2 1 6408 6409 6507 6506
6570 3 2 2 1 6409 6410 6508 6507
6571 3 2 2 1 6410 6411 6509 6508
6572 3 2 2 1 6411 6412 6510 6509
6573 3 2 2 1 6412 6413 6511 6510
6574 3 2 2 1 6413 6414 6512 6511
6575 3 2 2 1 6414 6415 6513 6512
6576 3 2 2 1 6415 6416 6514 6513
6577 3 2 2 1 6416 6417 6515 6514
6578 3 2 2 1 6417 6418 6516 6515
6579 3 2 2 1 6418 6419 6517 6516
6580 3 2 2 1 6419 6420 6518 6517
6581 3 2 2 1 6420 6421 6519 6518
6582 3 2 2 1 6421 6422 6520 6519
6583 3 2 2 1 6422 6423 6521 6520
6584 3 2 2 1 6423 6424 6522 6521
6585 3 2 2 1 6424 6425 6523 6522
6586 3 2 2 1 6425 6426 6524 6523
6587 3 2 2 1 6426 6427 6525 6524
6588 3 2 2 1 6427 6428 6526 6525
6589 3 2 2 1 6428 6429 6527 6526
6590 3 2 2 1 6429 6430 6528 6527
6591 3 2 2 1 6430 6431 6529 6528
6592 3 2 2 1 6431 6432 6530 6529
6593 3 2 2 1 6432 6433 6531 6530
6594 3 2 2 1 6433 6434 6532 6531
6595 3 2 2 1 6434 6435 6533 6532
6596 3 2 2 1 6435 6436 6534 6533
6597 3 2 2 1 6436 6437 6535 6534
6598 3 2 2 1 6437 6438 6536 6535
6599 3 2 2 1 6438 6439 6537 6536
6600 3 2 2 1 6439 6440 6538 6537
6601 3 2 2 1 6440 6441 6539 6538
6602 3 2 2 1 6441 6442 6540 6539
6603 3 2 2 1 6442 6443 6541 6540
6604 3 2 2 1 6443 6444 6542 6541
6605 3 2 2 1 6444 6445 6543 6542
6606 3 2 2 1 6445 6446 6544 6543
6607 3 2 2 1 6446 6447 6545 6544
6608 3 2 2 1 6447 6448 6546 6545
6609 3 2 2 1 6448 6449 6547 6546
6610 3 2 2 1 6449 6450 6548 6547
6611 3 2 2 1 6450 6451 6549 6548
6612 3 2 2 1 6451 6452 6550 6549
6613 3 2 2 1 6452 6453 6551 6550
6614 3 2 2 1 6453 6454 6552 6551
6615 3 2 2 1 6454 6455 6553 6552
6616 3 2 2 1 6455 6456 6554 6553
6617 3 2 2 1 6456 6457 6555 6554
6618 3 2 2 1 6457 6458 6556 6555
6619 3 2 2 1 6458 6459 6557 6556
6620 3 2 2 1 6459 6460 6558 6557
6621 3 2 2 1 6460 6461 6559 6558
6622 3 2 2 1 6461 6462 6560 6559
6623 3 2 2 1 6462 6463 6561 6560
6624 3 2 2 1 6463 6464 6562 6561
6625 3 2 2 1 6464 6465 6563 6562
6626 3 2 2 1 6465 6466 6564 6563
6627 3 2 2 1 6466 6467 6565 6564
6628 3 2 2 1 6467 6468 6566 6565
6629 3 2 2 1 6468 6469 6567 6566
6630 3 2 2 1 6469 6470 6568 6567
6631 3 2 2 1 6470 6471 6569 6568
6632 3 2 2 1 6471 6472 6570 6569
6633 3 2 2 1 6472 66 67 6570
6634 3 2 2 1 236 6473 6571 235
6635 3 2 2 1 6473 6474 6572 6571
6636 3 2 2 1 6474 6475 6573 6572
6637 3 2 2 1 6475 6476 6574 6573
6638 3 2 2 1 6476 6477 6575 6574
6639 3 2 2 1 6477 6478 6576 6575
6640 3 2 2 1 6478 6479 6577 6576
6641 3 2 2 1 6479 6480 6578 6577
6642 3 2 2 1 6480 6481 6579 6578
6643 3 2 2 1 6481 6482 6580 6579
6644 3 2 2 1 6482 6483 6581 6580
6645 3 2 2 1 6483 6484 6582 6581
6646 3 2 2 1 6484 6485 6583 6582
6647 3 2 2 1 6485 6486 6584 6583
6648 3 2 2 1 6486 6487 6585 6584
6649 3 2 2 1 6487 6488 6586 6585
6650 3 2 2 1 6488 6489 6587 6586
6651 3 2 2 1 6489 6490 6588 6587
6652 3 2 2 1 6490 6491 6589 6588
6653 3 2 2 1 6491 6492 6590 6589
6654 3 2 2 1 6492 6493 6591 6590
6655 3 2 2 1 6493 6494 6592 6591
6656 3 2 2 1 6494 6495 6593 6592
6657 3 2 2 1 6495 6496 6594 6593
6658 3 2 2 1 6496 6497 6595 6594
6659 3 2 2 1 6497 6498 6596 6595
6660 3 2 2 1 6498 6499 6597 6596
6661 3 2 2 1 6499 6500 6598 6597
6662 3 2 2 1 6500 6501 6599 6598
6663 3 2 2 1 6501 6502 6600 6599
6664 3 2 2 1 6502 6503 6601 6600
6665 3 2 2 1 6503 6504 6602 6601
6666 3 2 2 1 6504 6505 6603 6602
6667 3 2 2 1 6505 6506 6604 6603
6668 3 2 2 1 6506 6507 6605 6604
6669 3 2 2 1 6507 6508 6606 6605
6670 3 2 2 1 6508 6509 6607 6606
6671 3 2 2 1 6509 6510 6608 6607
6672 3 2 2 1 6510 6511 6609 6608
6673 3 2 2 1 6511 6512 6610 6609
6674 3 2 2 1 6512 6513 6611 6610
6675 3 2 2 1 6513 6514 6612 6611
6676 3 2 2 1 6514 6515 6613 6612
6677 3 2 2 1 6515 6516 6614 6613
6678 3 2 2 1 6516 6517 6615 6614
6679 3 2 2 1 6517 6518 6616 6615
6680 3 2 2 1 6518 6519 6617 6616
6681 3 2 2 1 6519 6520 6618 6617
6682 3 2 2 1 6520 6521 6619 6618
6683 3 2 2 1 6521 6522 6620 6619
6684 3 2 2 1 6522 6523 6621 6620
6685 3 2 2 1 6523 6524 6622 6621
6686 3 2 2 1 6524 6525 6623 6622
6687 3 2 2 1 6525 6526 6624 6623
6688 3 2 2 1 6526 6527 6625 6624
6689 3 2 2 1 6527 6528 6626 6625
6690 3 2 2 1 6528 6529 6627 6626
6691 3 2 2 1 6529 6530 6628 6627
6692 3 2 2 1 6530 6531 6629 6628
6693 3 2 2 1 6531 6532 6630 6629
6694 3 2 2 1 6532 6533 6631 6630
6695 3 2 2 1 6533 6534 6632 6631
6696 3 2 2 1 6534 6535 6633 6632
6697 3 2 2 1 6535 6536 6634 6633
6698 3 2 2 1 6536 6537 6635 6634
6699 3 2 2 1 6537 6538 6636 6635
6700 3 2 2 1 6538 6539 6637 6636
6701 3 2 2 1 6539 6540 6638 6637
6702 3 2 2 1 6540 6541 6639 6638
6703 3 2 2 1 6541 6542 6640 6639
6704 3 2 2 1 6542 6543 6641 6640
6705 3 2 2 1 6543 6544 6642 6641
6706 3 2 2 1 6544 6545 6643 6642
6707 3 2 2 1 6545 6546 6644 6643
6708 3 2 2 1 6546 6547 6645 6644
6709 3 2 2 1 6547 6548 6646 6645
6710 3 2 2 1 6548 6549 6647 6646
6711 3 2 2 1 6549 6550 6648 6647
6712 3 2 2 1 6550 6551 6649 6648
6713 3 2 2 1 6551 6552 6650 6649
6714 3 2 2 1 6552 6553 6651 6650
6715 3 2 2 1 6553 6554 6652 6651
6716 3 2 2 1 6554 6555 6653 6652
6717 3 2 2 1 6555 6556 6654 6653
6718 3 2 2 1 6556 6557 6655 6654
6719 3 2 2 1 6557 6558 6656 6655
6720 3 2 2 1 6558 6559 6657 6656
6721 3 2 2 1 6559 6560 6658 6657
6722 3 2 2 1 6560 6561 6659 6658
6723 3 2 2 1 6561 6562 6660 6659
6724 3 2 2 1 6562 6563 6661 6660
6725 3 2 2 1 6563 6564 6662 6661
6726 3 2 2 1 6564 6565 6663 6662
6727 3 2 2 1 6565 6566 6664 6663
6728 3 2 2 1 6566 6567 6665 6664
6729 3 2 2 1 6567 6568 6666 6665
6730 3 2 2 1 6568 6569 6667 6666
6731 3 2 2 1 6569 6570 6668 6667
6732 3 2 2 1 6570 67 68 6668
6733 3 2 2 1 235 6571 6669 234
6734 3 2 2 1 6571 6572 6670 6669
6735 3 2 2 1 6572 6573 6671 6670
6736 3 2 2 1 6573 6574 6672 6671
6737 3 2 2 1 6574 6575 6673 6672
6738 3 2 2 1 6575 6576 6674 6673
6739 3 2 2 1 6576 6577 6675 6674
6740 3 2 2 1 6577 6578 6676 6675
6741 3 2 2 1 6578 6579 6677 6676
6742 3 2 2 1 6579 6580 6678 6677
6743 3 2 2 1 6580 6581 6679 6678
6744 3 2 2 1 6581 6582 6680 6679
6745 3 2 2 1 6582 6583 6681 6680
6746 3 2 2 1 6583 6584 6682 6681
6747 3 2 2 1 6584 6585 6683 6682
6748 3 2 2 1 6585 6586 6684 6683
6749 3 2 2 1 6586 6587 6685 6684
6750 3 2 2 1 6587 6588 6686 6685
6751 3 2 2 1 6588 6589 6687 6686
6752 3 2 2 1 6589 6590 6688 6687
6753 3 2 2 1 6590 6591 6689 6688
6754 3 2 2 1 6591 6592 6690 6689
6755 3 2 2 1 6592 6593 6691 6690
6756 3 2 2 1 6593 6594 6692 6691
6757 3 2 2 1 6594 6595 6693 6692
6758 3 2 2 1 6595 6596 6694 6693
6759 3 2 2 1 6596 6597 6695 6694
6760 3 2 2 1 6597 6598 6696 6695
6761 3 2 2 1 6598 6599 6697 6696
6762 3 2 2 1 6599 6600 6698 6697
6763 3 2 2 1 6600 6601 6699 6698
6764 3 2 2 1 6601 6602 6700 6699
6765 3 2 2 1 6602 6603 6701 6700
6766 3 2 2 1 6603 6604 6702 6701
6767 3 2 2 1 6604 6605 6703 6702
6768 3 2 2 1 6605 6606 6704 6703
6769 3 2 2 1 6606 6607 6705 6704
6770 3 2 2 1 6607 6608 6706 6705
6771 3 2 2 1 6608 6609 6707 6706
6772 3 2 2 1 6609 6610 6708 6707
6773 3 2 2 1 6610 6611 6709 6708
6774 3 2 2 1 6611 6612 6710 6709
6775 3 2 2 1 6612 6613 6711 6710
6776 3 2 2 1 6613 6614 6712 6711
6777 3 2 2 1 6614 6615 6713 6712
6778 3 2 2 1 6615 6616 6714 6713
6779 3 2 2 1 6616 6617 6715 6714
6780 3 2 2 1 6617 6618 6716 6715
6781 3 2 2 1 6618 6619 6717 6716
6782 3 2 2 1 6619 6620 6718 6717
6783 3 2 2 1 6620 6621 6719 6718
6784 3 2 2 1 6621 6622 6720 6719
6785 3 2 2 1 6622 6623 6721 6720
6786 3 2 2 1 6623 6624 6722 6721
6787 3 2 2 1 6624 6625 6723 6722
6788 3 2 2 1 6625 6626 6724 6723
6789 3 2 2 1 6626 6627 6725 6724
6790 3 2 2 1 6627 6628 6726 6725
6791 3 2 2 1 6628 6629 6727 6726
6792 3 2 2 1 6629 6630 6728 6727
6793 3 2 2 1 6630 6631 6729 6728
6794 3 2 2 1 6631 6632 6730 6729
6795 3 2 2 1 6632 6633 6731 6730
6796 3 2 2 1 6633 6634 6732 6731
6797 3 2 2 1 6634 6635 6733 6732
6798 3 2 2 1 6635 6636 6734 6733
6799 3 2 2 1 6636 6637 6735 6734
6800 3 2 2 1 6637 6638 6736 6735
6801 3 2 2 1 6638 6639 6737 6736
6802 3 2 2 1 6639 6640 6738 6737
6803 3 2 2 1 6640 6641 6739 6738
6804 3 2 2 1 6641 6642 6740 6739
6805 3 2 2 1 6642 6643 6741 6740
6806 3 2 2 1 6643 6644 6742 6741
6807 3 2 2 1 6644 6645 6743 6742
6808 3 2 2 1 6645 6646 6744 6743
6809 3 2 2 1 6646 6647 6745 6744
6810 3 2 2 1 6647 6648 6746 6745
6811 3 2 2 1 6648 6649 6747 6746
6812 3 2 2 1 6649 6650 6748 6747
6813 3 2 2 1 6650 6651 6749 6748
6814 3 2 2 1 6651 6652 6750 6749
6815 3 2 2 1 6652 6653 6751 6750
6816 3 2 2 1 6653 6654 6752 6751
6817 3 2 2 1 6654 6655 6753 6752
6818 3 2 2 1 6655 6656 6754 6753
6819 3 2 2 1 6656 6657 6755 6754
6820 3 2 2 1 6657 6658 6756 6755
6821 3 2 2 1 6658 6659 6757 6756
6822 3 2 2 1 6659 6660 6758 6757
6823 3 2 2 1 6660 6661 6759 6758
6824 3 2 2 1 6661 6662 6760 6759
6825 3 2 2 1 6662 6663 6761 6760
6826 3 2 2 1 6663 6664 6762 6761
6827 3 2 2 1 6664 6665 6763 6762
6828 3 2 2 1 6665 6666 6764 6763
6829 3 2 2 1 6666 6667 6765 6764
6830 3 2 2 1 6667 6668 6766 6765
6831 3 2 2 1 6668 68 69 6766
6832 3 2 2 1 234 6669 6767 233
6833 3 2 2 1 6669 6670 6768 6767
6834 3 2 2 1 6670 6671 6769 6768
6835 3 2 2 1 6671 6672 6770 6769
6836 3 2 2 1 6672 6673 6771 6770
6837 3 2 2 1 6673 6674 6772 6771
6838 3 2 2 1 6674 6675 6773 6772
6839 3 2 2 1 6675 6676 6774 6773
6840 3 2 2 1 6676 6677 6775 6774
6841 3 2 2 1 6677 6678 6776 6775
6842 3 2 2 1 6678 6679 6777 6776
6843 3 2 2 1 6679 6680 6778 6777
6844 3 2 2 1 6680 6681 6779 6778
6845 3 2 2 1 6681 6682 6780 6779
6846 3 2 2 1 6682 6683 6781 6780
6847 3 2 2 1 6683 6684 6782 6781
6848 3 2 2 1 6684 6685 6783 6782
6849 3 2 2 1 6685 6686 6784 6783
6850 3 2 2 1 6686 6687 6785 6784
6851 3 2 2 1 6687 6688 6786 6785
6852 3 2 2 1 6688 6689 6787 6786
6853 3 2 2 1 6689 6690 6788 6787
6854 3 2 2 1 6690 6691 6789 6788
6855 3 2 2 1 6691 6692 6790 6789
6856 3 2 2 1 6692 6693 6791 6790
6857 3 2 2 1 6693 6694 6792 6791
6858 3 2 2 1 6694 6695 6793 6792
6859 3 2 2 1 6695 6696 6794 6793
6860 3 2 2 1 6696 6697 6795 6794
6861 3 2 2 1 6697 6698 6796 6795
6862 3 2 2 1 6698 6699 6797 6796
6863 3 2 2 1 6699 6700 6798 6797
6864 3 2 2 1 6700 6701 6799 6798
6865 3 2 2 1 6701 6702 6800 6799
6866 3 2 2 1 6702 6703 6801 6800
6867 3 2 2 1 6703 6704 6802 6801
6868 3 2 2 1 6704 6705 6803 6802
6869 3 2 2 1 6705 6706 6804 6803
6870 3 2 2 1 6706 6707 6805 6804
6871 3 2 2 1 6707 6708 6806 6805
6872 3 2 2 1 6708 6709 6807 6806
6873 3 2 2 1 6709 6710 6808 6807
6874 3 2 2 1 6710 6711 6809 6808
6875 3 2 2 1 6711 6712 6810 6809
6876 3 2 2 1 6712 6713 6811 6810
6877 3 2 2 1 6713 6714 6812 6811
6878 3 2 2 1 6714 6715 6813 6812
6879 3 2 2 1 6715 6716 6814 6813
6880 3 2 2 1 6716 6717 6815 6814
6881 3 2 2 1 6717 6718 6816 6815
6882 3 2 2 1 6718 6719 6817 6816
6883 3 2 2 1 6719 6720 6818 6817
6884 3 2 2 1 6720 6721 6819 6818
6885 3 2 2 1 6721 6722 6820 6819
6886 3 2 2 1 6722 6723 6821 6820
6887 3 2 2 1 6723 6724 6822 6821
6888 3 2 2 1 6724 6725 6823 6822
6889 3 2 2 1 6725 6726 6824 6823
6890 3 2 2 1 6726 6727 6825 6824
6891 3 2 2 1 6727 6728 6826 6825
6892 3 2 2 1 6728 6729 6827 6826
6893 3 2 2 1 6729 6730 6828 6827
6894 3 2 2 1 6730 6731 6829 6828
6895 3 2 2 1 6731 6732 6830 6829
6896 3 2 2 1 6732 6733 6831 6830
6897 3 2 2 1 6733 6734 6832 6831
6898 3 2 2 1 6734 6735 6833 6832
6899 3 2 2 1 6735 6736 6834 6833
6900 3 2 2 1 6736 6737 6835 6834
6901 3 2 2 1 6737 6738 6836 6835
6902 3 2 2 1 6738 6739 6837 6836
6903 3 2 2 1 6739 6740 6838 6837
6904 3 2 2 1 6740 6741 6839 6838
6905 3 2 2 1 6741 6742 6840 6839
6906 3 2 2 1 6742 6743 6841 6840
6907 3 2 2 1 6743 6744 6842 6841
6908 3 2 2 1 6744 6745 6843 6842
6909 3 2 2 1 6745 6746 6844 6843
6910 3 2 2 1 6746 6747 6845 6844
6911 3 2 2 1 6747 6748 6846 6845
6912 3 2 2 1 6748 6749 6847 6846
6913 3 2 2 1 6749 6750 6848 6847
6914 3 2 2 1 6750 6751 6849 6848
6915 3 2 2 1 6751 6752 6850 6849
6916 3 2 2 1 6752 6753 6851 6850
6917 3 2 2 1 6753 6754 6852 6851
6918 3 2 2 1 6754 6755 6853 6852
6919 3 2 2 1 6755 6756 6854 6853
6920 3 2 2 1 6756 6757 6855 6854
6921 3 2 2 1 6757 6758 6856 6855
6922 3 2 2 1 6758 6759 6857 6856
6923 3 2 2 1 6759 6760 6858 6857
6924 3 2 2 1 6760 6761 6859 6858
6925 3 2 2 1 6761 6762 6860 6859
6926 3 2 2 1 6762 6763 6861 6860
6927 3 2 2 1 6763 6764 6862 6861
6928 3 2 2 1 6764 6765 6863 6862
6929 3 2 2 1 6765 6766 6864 6863
6930 3 2 2 1 6766 69 70 6864
6931 3 2 2 1 233 6767 6865 232
6932 3 2 2 1 6767 6768 6866 6865
6933 3 2 2 1 6768 6769 6867 6866
6934 3 2 2 1 6769 6770 6868 6867
6935 3 2 2 1 6770 6771 6869 6868
6936 3 2 2 1 6771 6772 6870 6869
6937 3 2 2 1 6772 6773 6871 6870
6938 3 2 2 1 6773 6774 6872 6871
6939 3 2 2 1 6774 6775 6873 6872
6940 3 2 2 1 6775 6776 6874 6873
6941 3 2 2 1 6776 6777 6875 6874
6942 3 2 2 1 6777 6778 6876 6875
6943 3 2 2 1 6778 6779 6877 6876
6944 3 2 2 1 6779 6780 6878 6877
6945 3 2 2 1 6780 6781 6879 6878
6946 3 2 2 1 6781 6782 6880 6879
6947 3 2 2 1 6782 6783 6881 6880
6948 3 2 2 1 6783 6784 6882 6881
6949 3 2 2 1 6784 6785 6883 6882
6950 3 2 2 1 6785 6786 6884 6883
6951 3 2 2 1 6786 6787 6885 6884
6952 3 2 2 1 6787 6788 6886 6885
6953 3 2 2 1 6788 6789 6887 6886
6954 3 2 2 1 6789 6790 6888 6887
6955 3 2 2 1 6790 6791 6889 6888
6956 3 2 2 1 6791 6792 6890 6889
6957 3 2 2 1 6792 6793 6891 6890
6958 3 2 2 1 6793 6794 6892 6891
6959 3 2 2 1 6794 6795 6893 6892
6960 3 2 2 1 6795 6796 6894 6893
6961 3 2 2 1 6796 6797 6895 6894
6962 3 2 2 1 6797 6798 6896 6895
6963 3 2 2 1 6798 6799 6897 6896
6964 3 2 2 1 6799 6800 6898 6897
6965 3 2 2 1 6800 6801 6899 6898
6966 3 2 2 1 6801 6802 6900 6899
6967 3 2 2 1 6802 6803 6901 6900
6968 3 2 2 1 6803 6804 6902 6901
6969 3 2 2 1 6804 6805 6903 6902
6970 3 2 2 1 6805 6806 6904 6903
6971 3 2 2 1 6806 6807 6905 6904
6972 3 2 2 1 6807 6808 6906 6905
6973 3 2 2 1 6808 6809 6907 6906
6974 3 2 2 1 6809 6810 6908 6907
6975 3 2 2 1 6810 6811 6909 6908
6976 3 2 2 1 6811 6812 6910 6909
6977 3 2 2 1 6812 6813 6911 6910
6978 3 2 2 1 6813 6814 6912 6911
6979 3 2 2 1 6814 6815 6913 6912
6980 3 2 2 1 6815 6816 6914 6913
6981 3 2 2 1 6816 6817 6915 6914
6982 3 2 2 1 6817 6818 6916 6915
6983 3 2 2 1 6818 6819 6917 6916
6984 3 2 2 1 6819 6820 6918 6917
6985 3 2 2 1 6820 6821 6919 6918
6986 3 2 2 1 6821 6822 6920 6919
6987 3 2 2 1 6822 6823 6921 6920
6988 3 2 2 1 6823 6824 6922 6921
6989 3 2 2 1 6824 6825 6923 6922
6990 3 2 2 1 6825 6826 6924 6923
6991 3 2 2 1 6826 6827 6925 6924
6992 3 2 2 1 6827 6828 6926 6925
6993 3 2 2 1 6828 6829 6927 6926
6994 3 2 2 1 6829 6830 6928 6927
6995 3 2 2 1 6830 6831 6929 6928
6996 3 2 2 1 6831 6832 6930 6929
6997 3 2 2 1 6832 6833 6931 6930
6998 3 2 2 1 6833 6834 6932 6931
6999 3 2 2 1 6834 6835 6933 6932
7000 3 2 2 1 6835 6836 6934 6933
7001 3 2 2 1 6836 6837 6935 6934
7002 3 2 2 1 6837 6838 6936 6935
7003 3 2 2 1 6838 6839 6937 6936
7004 3 2 2 1 6839 6840 6938 6937
7005 3 2 2 1 6840 6841 6939 6938
7006 3 2 2 1 6841 6842 6940 6939
7007 3 2 2 1 6842 6843 6941 6940
7008 3 2 2 1 6843 6844 6942 6941
7009 3 2 2 1 6844 6845 6943 6942
7010 3 2 2 1 6845 6846 6944 6943
7011 3 2 2 1 6846 6847 6945 6944
7012 3 2 2 1 6847 6848 6946 6945
7013 3 2 2 1 6848 6849 6947 6946
7014 3 2 2 1 6849 6850 6948 6947
7015 3 2 2 1 6850 6851 6949 6948
7016 3 2 2 1 6851 6852 6950 6949
7017 3 2 2 1 6852 6853 6951 6950
7018 3 2 2 1 6853 6854 6952 6951
7019 3 2 2 1 6854 6855 6953 6952
7020 3 2 2 1 6855 6856 6954 6953
7021 3 2 2 1 6856 6857 6955 6954
7022 3 2 2 1 6857 6858 6956 6955
7023 3 2 2 1 6858 6859 6957 6956
7024 3 2 2 1 6859 6860 6958 6957
7025 3 2 2 1 6860 6861 6959 6958
7026 3 2 2 1 6861 6862 6960 6959
7027 3 2 2 1 6862 6863 6961 6960
7028 3 2 2 1 6863 6864 6962 6961
7029 3 2 2 1 6864 70 71 6962
7030 3 2 2 1 232 6865 6963 231
7031 3 2 2 1 6865 6866 6964 6963
7032 3 2 2 1 6866 6867 6965 6964
7033 3 2 2 1 6867 6868 6966 6965
7034 3 2 2 1 6868 6869 6967 6966
7035 3 2 2 1 6869 6870 6968 6967
7036 3 2 2 1 6870 6871 6969 6968
7037 3 2 2 1 6871 6872 6970 6969
7038 3 2 2 1 6872 6873 6971 6970
7039 3 2 2 1 6873 6874 6972 6971
7040 3 2 2 1 6874 6875 6973 6972
7041 3 2 2 1 6875 6876 6974 6973
7042 3 2 2 1 6876 6877 6975 6974
7043 3 2 2 1 6877 6878 6976 6975
7044 3 2 2 1 6878 6879 6977 6976
7045 3 2 2 1 6879 6880 6978 6977
7046 3 2 2 1 6880 6881 6979 6978
7047 3 2 2 1 6881 6882 6980 6979
7048 3 2 2 1 6882 6883 6981 6980
7049 3 2 2 1 6883 6884 6982 6981
7050 3 2 2 1 6884 6885 6983 6982
7051 3 2 2 1 6885 6886 6984 6983
7052 3 2 2 1 6886 6887 6985 6984
7053 3 2 2 1 6887 6888 6986 6985
7054 3 2 2 1 6888 6889 6987 6986
7055 3 2 2 1 6889 6890 6988 6987
7056 3 2 2 1 6890 6891 6989 6988
7057 3 2 2 1 6891 6892 6990 6989
7058 3 2 2 1 6892 6893 6991 6990
7059 3 2 2 1 6893 6894 6992 6991
7060 3 2 2 1 6894 6895 6993 6992
7061 3 2 2 1 6895 6896 6994 6993
7062 3 2 2 1 6896 6897 6995 6994
7063 3 2 2 1 6897 6898 6996 6995
7064 3 2 2 1 6898 6899 6997 6996
7065 3 2 2 1 6899 6900 6998 6997
7066 3 2 2 1 6900 6901 6999 6998
7067 3 2 2 1 6901 6902 7000 6999
7068 3 2 2 1 6902 6903 7001 7000
7069 3 2 2 1 6903 6904 7002 7001
7070 3 2 2 1 6904 6905 7003 7002
7071 3 2 2 1 6905 6906 7004 7003
7072 3 2 2 1 6906 6907 7005 7004
7073 3 2 2 1 6907 6908 7006 7005
7074 3 2 2 1 6908 6909 7007 7006
7075 3 2 2 1 6909 6910 7008 7007
7076 3 2 2 1 6910 6911 7009 7008
7077 3 2 2 1 6911 6912 7010 7009
7078 3 2 2 1 6912 6913 7011 7010
7079 3 2 2 1 6913 6914 7012 7011
7080 3 2 2 1 6914 6915 7013 7012
7081 3 2 2 1 6915 6916 7014 7013
7082 3 2 2 1 6916 6917 7015 7014
7083 3 2 2 1 6917 6918 7016 7015
7084 3 2 2 1 6918 6919 7017 7016
7085 3 2 2 1 6919 6920 7018 7017
7086 3 2 2 1 6920 6921 7019 7018
7087 3 2 2 1 6921 6922 7020 7019
7088 3 2 2 1 6922 6923 7021 7020
7089 3 2 2 1 6923 6924 7022 7021
7090 3 2 2 1 6924 6925 7023 7022
7091 3 2 2 1 6925 6926 7024 7023
7092 3 2 2 1 6926 6927 7025 7024
7093 3 2 2 1 6927 6928 7026 7025
7094 3 2 2 1 6928 6929 7027 7026
7095 3 2 2 1 6929 6930 7028 7027
7096 3 2 2 1 6930 6931 7029 7028
7097 3 2 2 1 6931 6932 7030 7029
7098 3 2 2 1 6932 6933 7031 7030
7099 3 2 2 1 6933 6934 7032 7031
7100 3 2 2 1 6934 6935 7033 7032
7101 3 2 2 1 6935 6936 7034 7033
7102 3 2 2 1 6936 6937 7035 7034
7103 3 2 2 1 6937 6938 7036 7035
7104 3 2 2 1 6938 6939 7037 7036
7105 3 2 2 1 6939 6940 7038 7037
7106 3 2 2 1 6940 6941 7039 7038
7107 3 2 2 1 6941 6942 7040 7039
7108 3 2 2 1 6942 6943 7041 7040
7109 3 2 2 1 6943 6944 7042 7041
7110 3 2 2 1 6944 6945 7043 7042
7111 3 2 2 1 6945 6946 7044 7043
7112 3 2 2 1 6946 6947 7045 7044
7113 3 2 2 1 6947 6948 7046 7045
7114 3 2 2 1 6948 6949 7047 7046
7115 3 2 2 1 6949 6950 7048 7047
7116 3 2 2 1 6950 6951 7049 7048
7117 3 2 2 1 6951 6952 7050 7049
7118 3 2 2 1 6952 6953 7051 7050
7119 3 2 2 1 6953 6954 7052 7051
7120 3 2 2 1 6954 6955 7053 7052
7121 3 2 2 1 6955 6956 7054 7053
7122 3 2 2 1 6956 6957 7055 7054
7123 3 2 2 1 6957 6958 7056 7055
7124 3 2 2 1 6958 6959 7057 7056
7125 3 2 2 1 6959 6960 7058 7057
7126 3 2 2 1 6960 6961 7059 7058
7127 3 2 2 1 6961 6962 7060 7059
7128 3 2 2 1 6962 71 72 7060
7129 3 2 2 1 231 6963 7061 230
7130 3 2 2 1 6963 6964 7062 7061
7131 3 2 2 1 6964 6965 7063 7062
7132 3 2 2 1 6965 6966 7064 7063
7133 3 2 2 1 6966 6967 7065 7064
7134 3 2 2 1 6967 6968 7066 7065
7135 3 2 2 1 6968 6969 7067 7066
7136 3 2 2 1 6969 6970 7068 7067
7137 3 2 2 1 6970 6971 7069 7068
7138 3 2 2 1 6971 6972 7070 7069
7139 3 2 2 1 6972 6973 7071 7070
7140 3 2 2 1 6973 6974 7072 7071
7141 3 2 2 1 6974 6975 7073 7072
7142 3 2 2 1 6975 6976 7074 7073
7143 3 2 2 1 6976 6977 7075 7074
7144 3 2 2 1 6977 6978 7076 7075
7145 3 2 2 1 6978 6979 7077 7076
7146 3 2 2 1 6979 6980 7078 7077
7147 3 2 2 1 6980 6981 7079 7078
7148 3 2 2 1 6981 6982 7080 7079
7149 3 2 2 1 6982 6983 7081 7080
7150 3 2 2 1 6983 6984 7082 7081
7151 3 2 2 1 6984 6985 7083 7082
7152 3 2 2 1 6985 6986 7084 7083
7153 3 2 2 1 6986 6987 7085 7084
7154 3 2 2 1 6987 6988 7086 7085
7155 3 2 2 1 6988 6989 7087 7086
7156 3 2 2 1 6989 6990 7088 7087
7157 3 2 2 1 6990 6991 7089 7088
7158 3 2 2 1 6991 6992 7090 7089
7159 3 2 2 1 6992 6993 7091 7090
7160 3 2 2 1 6993 6994 7092 7091
7161 3 2 2 1 6994 6995 7093 7092
7162 3 2 2 1 6995 6996 7094 7093
7163 3 2 2 1 6996 6997 7095 7094
7164 3 2 2 1 6997 6998 7096 7095
7165 3 2 2 1 6998 6999 7097 7096
7166 3 2 2 1 6999 7000 7098 7097
7167 3 2 2 1 7000 7001 7099 7098
7168 3 2 2 1 7001 7002 7100 7099
7169 3 2 2 1 7002 7003 7101 7100
7170 3 2 2 1 7003 7004 7102 7101
7171 3 2 2 1 7004 7005 7103 7102
7172 3 2 2 1 7005 7006 7104 7103
7173 3 2 2 1 7006 7007 7105 7104
7174 3 2 2 1 7007 7008 7106 7105
7175 3 2 2 1 7008 7009 7107 7106
7176 3 2 2 1 7009 7010 7108 7107
7177 3 2 2 1 7010 7011 7109 7108
7178 3 2 2 1 7011 7012 7110 7109
7179 3 2 2 1 7012 7013 7111 7110
7180 3 2 2 1 7013 7014 7112 7111
7181 3 2 2 1 7014 7015 7113 7112
7182 3 2 2 1 7015 7016 7114 7113
7183 3 2 2 1 7016 7017 7115 7114
7184 3 2 2 1 7017 7018 7116 7115
7185 3 2 2 1 7018 7019 7117 7116
7186 3 2 2 1 7019 7020 7118 7117
7187 3 2 2 1 7020 7021 7119 7118
7188 3 2 2 1 7021 7022 7120 7119
7189 3 2 2 1 7022 7023 7121 7120
7190 3 2 2 1 7023 7024 7122 7121
7191 3 2 2 1 7024 7025 7123 7122
7192 3 2 2 1 7025 7026 7124 7123
7193 3 2 2 1 7026 7027 7125 7124
7194 3 2 2 1 7027 7028 7126 7125
7195 3 2 2 1 7028 7029 7127 7126
7196 3 2 2 1 7029 7030 7128 7127
7197 3 2 2 1 7030 7031 7129 7128
7198 3 2 2 1 7031 7032 7130 7129
7199 3 2 2 1 7032 7033 7131 7130
7200 3 2 2 1 7033 7034 7132 7131
7201 3 2 2 1 7034 7035 7133 7132
7202 3 2 2 1 7035 7036 7134 7133
7203 3 2 2 1 7036 7037 7135 7134
7204 3 2 2 1 7037 7038 7136 7135
7205 3 2 2 1 7038 7039 7137 7136
7206 3 2 2 1 7039 7040 7138 7137
7207 3 2 2 1 7040 7041 7139 7138
7208 3 2 2 1 7041 7042 7140 7139
7209 3 2 2 1 7042 7043 7141 7140
7210 3 2 2 1 7043 7044 7142 7141
7211 3 2 2 1 7044 7045 7143 7142
7212 3 2 2 1 7045 7046 7144 7143
7213 3 2 2 1 7046 7047 7145 7144
7214 3 2 2 1 7047 7048 7146 7145
7215 3 2 2 1 7048 7049 7147 7146
7216 3 2 2 1 7049 7050 7148 7147
7217 3 2 2 1 7050 7051 7149 7148
7218 3 2 2 1 7051 7052 7150 7149
7219 3 2 2 1 7052 7053 7151 7150
7220 3 2 2 1 7053 7054 7152 7151
7221 3 2 2 1 7054 7055 7153 7152
7222 3 2 2 1 7055 7056 7154 7153
7223 3 2 2 1 7056 7057 7155 7154
7224 3 2 2 1 7057 7058 7156 7155
7225 3 2 2 1 7058 7059 7157 7156
7226 3 2 2 1 7059 7060 7158 7157
7227 3 2 2 1 7060 72 73 7158
7228 3 2 2 1 230 7061 7159 229
7229 3 2 2 1 7061 7062 7160 7159
7230 3 2 2 1 7062 7063 7161 7160
7231 3 2 2 1 7063 7064 7162 7161
7232 3 2 2 1 7064 7065 7163 7162
7233 3 2 2 1 7065 7066 7164 7163
7234 3 2 2 1 7066 7067 7165 7164
7235 3 2 2 1 7067 7068 7166 7165
7236 3 2 2 1 7068 7069 7167 7166
7237 3 2 2 1 7069 7070 7168 7167
7238 3 2 2 1 7070 7071 7169 7168
7239 3 2 2 1 7071 7072 7170 7169
7240 3 2 2 1 7072 7073 7171 7170
7241 3 2 2 1 7073 7074 7172 7171
7242 3 2 2 1 7074 7075 7173 7172
7243 3 2 2 1 7075 7076 7174 7173
7244 3 2 2 1 7076 7077 7175 7174
7245 3 2 2 1 7077 7078 7176 7175
7246 3 2 2 1 7078 7079 7177 7176
7247 3 2 2 1 7079 7080 7178 7177
7248 3 2 2 1 7080 7081 7179 7178
7249 3 2 2 1 7081 7082 7180 7179
7250 3 2 2 1 7082 7083 7181 7180
7251 3 2 2 1 7083 7084 7182 7181
7252 3 2 2 1 7084 7085 7183 7182
7253 3 2 2 1 7085 7086 7184 7183
7254 3 2 2 1 7086 7087 7185 7184
7255 3 2 2 1 7087 7088 7186 7185
7256 3 2 2 1 7088 7089 7187 7186
7257 3 2 2 1 7089 7090 7188 7187
7258 3 2 2 1 7090 7091 7189 7188
7259 3 2 2 1 7091 7092 7190 7189
7260 3 2 2 1 7092 7093 7191 7190
7261 3 2 2 1 7093 7094 7192 7191
7262 3 2 2 1 7094 7095 7193 7192
7263 3 2 2 1 7095 7096 7194 7193
7264 3 2 2 1 7096 7097 7195 7194
7265 3 2 2 1 7097 7098 7196 7195
7266 3 2 2 1 7098 7099 7197 7196
7267 3 2 2 1 7099 7100 7198 7197
7268 3 2 2 1 7100 7101 7199 7198
7269 3 2 2 1 7101 7102 7200 7199
7270 3 2 2 1 7102 7103 7201 7200
7271 3 2 2 1 7103 7104 7202 7201
7272 3 2 2 1 7104 7105 7203 7202
7273 3 2 2 1 7105 7106 7204 7203
7274 3 2 2 1 7106 7107 7205 7204
7275 3 2 2 1 7107 7108 7206 7205
7276 3 2 2 1 7108 7109 7207 7206
7277 3 2 2 1 7109 7110 7208 7207
7278 3 2 2 1 7110 7111 7209 7208
7279 3 2 2 1 7111 7112 7210 7209
7280 3 2 2 1 7112 7113 7211 7210
7281 3 2 2 1 7113 7114 7212 7211
7282 3 2 2 1 7114 7115 7213 7212
7283 3 2 2 1 7115 7116 7214 7213
7284 3 2 2 1 7116 7117 7215 7214
7285 3 2 2 1 7117 7118 7216 7215
7286 3 2 2 1 7118 7119 7217 7216
7287 3 2 2 1 7119 7120 7218 7217
7288 3 2 2 1 7120 7121 7219 7218
7289 3 2 2 1 7121 7122 7220 7219
7290 3 2 2 1 7122 7123 7221 7220
7291 3 2 2 1 7123 7124 7222 7221
7292 3 2 2 1 7124 7125 7223 7222
7293 3 2 2 1 7125 7126 7224 7223
7294 3 2 2 1 7126 7127 7225 7224
7295 3 2 2 1 7127 7128 7226 7225
7296 3 2 2 1 7128 7129 7227 7226
7297 3 2 2 1 7129 7130 7228 7227
7298 3 2 2 1 7130 7131 7229 7228
7299 3 2 2 1 7131 7132 7230 7229
7300 3 2 2 1 7132 7133 7231 7230
7301 3 2 2 1 7133 7134 7232 7231
7302 3 2 2 1 7134 7135 7233 7232
7303 3 2 2 1 7135 7136 7234 7233
7304 3 2 2 1 7136 7137 7235 7234
7305 3 2 2 1 7137 7138 7236 7235
7306 3 2 2 1 7138 7139 7237 7236
7307 3 2 2 1 7139 7140 7238 7237
7308 3 2 2 1 7140 7141 7239 7238
7309 3 2 2 1 7141 7142 7240 7239
7310 3 2 2 1 7142 7143 7241 7240
7311 3 2 2 1 7143 7144 7242 7241
7312 3 2 2 1 7144 7145 7243 7242
7313 3 2 2 1 7145 7146 7244 7243
7314 3 2 2 1 7146 7147 7245 7244
7315 3 2 2 1 7147 7148 7246 7245
7316 3 2 2 1 7148 7149 7247 7246
7317 3 2 2 1 7149 7150 7248 7247
7318 3 2 2 1 7150 7151 7249 7248
7319 3 2 2 1 7151 7152 7250 7249
7320 3 2 2 1 7152 7153 7251 7250
7321 3 2 2 1 7153 7154 7252 7251
7322 3 2 2 1 7154 7155 7253 7252
7323 3 2 2 1 7155 7156 7254 7253
7324 3 2 2 1 7156 7157 7255 7254
7325 3 2 2 1 7157 7158 7256 7255
7326 3 2 2 1 7158 73 74 7256
7327 3 2 2 1 229 7159 7257 228
7328 3 2 2 1 7159 7160 7258 7257
7329 3 2 2 1 7160 7161 7259 7258
7330 3 2 2 1 7161 7162 7260 7259
7331 3 2 2 1 7162 7163 7261 7260
7332 3 2 2 1 7163 7164 7262 7261
7333 3 2 2 1 7164 7165 7263 7262
7334 3 2 2 1 7165 7166 7264 7263
7335 3 2 2 1 7166 7167 7265 7264
7336 3 2 2 1 7167 7168 7266 7265
7337 3 2 2 1 7168 7169 7267 7266
7338 3 2 2 1 7169 7170 7268 7267
7339 3 2 2 1 7170 7171 7269 7268
7340 3 2 2 1 7171 7172 7270 7269
7341 3 2 2 1 7172 7173 7271 7270
7342 3 2 2 1 7173 7174 7272 7271
7343 3 2 2 1 7174 7175 7273 7272
7344 3 2 2 1 7175 7176 7274 7273
7345 3 2 2 1 7176 7177 7275 7274
7346 3 2 2 1 7177 7178 7276 7275
7347 3 2 2 1 7178 7179 7277 7276
7348 3 2 2 1 7179 7180 7278 7277
7349 3 2 2 1 7180 7181 7279 7278
7350 3 2 2 1 7181 7182 7280 7279
7351 3 2 2 1 7182 7183 7281 7280
7352 3 2 2 1 7183 7184 7282 7281
7353 3 2 2 1 7184 7185 7283 7282
7354 3 2 2 1 7185 7186 7284 7283
7355 3 2 2 1 7186 7187 7285 7284
7356 3 2 2 1 7187 7188 7286 7285
7357 3 2 2 1 7188 7189 7287 7286
7358 3 2 2 1 7189 7190 7288 7287
7359 3 2 2 1 7190 7191 7289 7288
7360 3 2 2 1 7191 7192 7290 7289
7361 3 2 2 1 7192 7193 7291 7290
7362 3 2 2 1 7193 7194 7292 7291
7363 3 2 2 1 7194 7195 7293 7292
7364 3 2 2 1 7195 7196 7294 7293
7365 3 2 2 1 7196 7197 7295 7294
7366 3 2 2 1 7197 7198 7296 7295
7367 3 2 2 1 7198 7199 7297 7296
7368 3 2 2 1 7199 7200 7298 7297
7369 3 2 2 1 7200 7201 7299 7298
7370 3 2 2 1 7201 7202 7300 7299
7371 3 2 2 1 7202 7203 7301 7300
7372 3 2 2 1 7203 7204 7302 7301
7373 3 2 2 1 7204 7205 7303 7302
7374 3 2 2 1 7205 7206 7304 7303
7375 3 2 2 1 7206 7207 7305 7304
7376 3 2 2 1 7207 7208 7306 7305
7377 3 2 2 1 7208 7209 7307 7306
7378 3 2 2 1 7209 7210 7308 7307
7379 3 2 2 1 7210 7211 7309 7308
7380 3 2 2 1 7211 7212 7310 7309
7381 3 2 2 1 7212 7213 7311 7310
7382 3 2 2 1 7213 7214 7312 7311
7383 3 2 2 1 7214 7215 7313 7312
7384 3 2 2 1 7215 7216 7314 7313
7385 3 2 2 1 7216 7217 7315 7314
7386 3 2 2 1 7217 7218 7316 7315
7387 3 2 2 1 7218 7219 7317 7316
7388 3 2 2 1 7219 7220 7318 7317
7389 3 2 2 1 7220 7221 7319 7318
7390 3 2 2 1 7221 7222 7320 7319
7391 3 2 2 1 7222 7223 7321 7320
7392 3 2 2 1 7223 7224 7322 7321
7393 3 2 2 1 7224 7225 7323 7322
7394 3 2 2 1 7225 7226 7324 7323
7395 3 2 2 1 7226 7227 7325 7324
7396 3 2 2 1 7227 7228 7326 7325
7397 3 2 2 1 7228 7229 7327 7326
7398 3 2 2 1 7229 7230 7328 7327
7399 3 2 2 1 7230 7231 7329 7328
7400 3 2 2 1 7231 7232 7330 7329
7401 3 2 2 1 7232 7233 7331 7330
7402 3 2 2 1 7233 7234 7332 7331
7403 3 2 2 1 7234 7235 7333 7332
7404 3 2 2 1 7235 7236 7334 7333
7405 3 2 2 1 7236 7237 7335 7334
7406 3 2 2 1 7237 7238 7336 7335
7407 3 2 2 1 7238 7239 7337 7336
7408 3 2 2 1 7239 7240 7338 7337
7409 3 2 2 1 7240 7241 7339 7338
7410 3 2 2 1 7241 7242 7340 7339
7411 3 2 2 1 7242 7243 7341 7340
7412 3 2 2 1 7243 7244 7342 7341
7413 3 2 2 1 7244 7245 7343 7342
7414 3 2 2 1 7245 7246 7344 7343
7415 3 2 2 1 7246 7247 7345 7344
7416 3 2 2 1 7247 7248 7346 7345
7417 3 2 2 1 7248 7249 7347 7346
7418 3 2 2 1 7249 7250 7348 7347
7419 3 2 2 1 7250 7251 7349 7348
7420 3 2 2 1 7251 7252 7350 7349
7421 3 2 2 1 7252 7253 7351 7350
7422 3 2 2 1 7253 7254 7352 7351
7423 3 2 2 1 7254 7255 7353 7352
7424 3 2 2 1 7255 7256 7354 7353
7425 3 2 2 1 7256 74 75 7354
7426 3 2 2 1 228 7257 7355 227
7427 3 2 2 1 7257 7258 7356 7355
7428 3 2 2 1 7258 7259 7357 7356
7429 3 2 2 1 7259 7260 7358 7357
7430 3 2 2 1 7260 7261 7359 7358
7431 3 2 2 1 7261 7262 7360 7359
7432 3 2 2 1 7262 7263 7361 7360
7433 3 2 2 1 7263 7264 7362 7361
7434 3 2 2 1 7264 7265 7363 7362
7435 3 2 2 1 7265 7266 7364 7363
7436 3 2 2 1 7266 7267 7365 7364
7437 3 2 2 1 7267 7268 7366 7365
7438 3 2 2 1 7268 7269 7367 7366
7439 3 2 2 1 7269 7270 7368 7367
7440 3 2 2 1 7270 7271 7369 7368
7441 3 2 2 1 7271 7272 7370 7369
7442 3 2 2 1 7272 7273 7371 7370
7443 3 2 2 1 7273 7274 7372 7371
7444 3 2 2 1 7274 7275 7373 7372
7445 3 2 2 1 7275 7276 7374 7373
7446 3 2 2 1 7276 7277 7375 7374
7447 3 2 2 1 7277 7278 7376 7375
7448 3 2 2 1 7278 7279 7377 7376
7449 3 2 2 1 7279 7280 7378 7377
7450 3 2 2 1 7280 7281 7379 7378
7451 3 2 2 1 7281 7282 7380 7379
7452 3 2 2 1 7282 7283 7381 7380
7453 3 2 2 1 7283 7284 7382 7381
7454 3 2 2 1 7284 7285 7383 7382
7455 3 2 2 1 7285 7286 7384 7383
7456 3 2 2 1 7286 7287 7385 7384
7457 3 2 2 1 7287 7288 7386 7385
7458 3 2 2 1 7288 7289 7387 7386
7459 3 2 2 1 7289 7290 7388 7387
7460 3 2 2 1 7290 7291 7389 7388
7461 3 2 2 1 7291 7292 7390 7389
7462 3 2 2 1 7292 7293 7391 7390
7463 3 2 2 1 7293 7294 7392 7391
7464 3 2 2 1 7294 7295 7393 7392
7465 3 2 2 1 7295 7296 7394 7393
7466 3 2 2 1 7296 7297 7395 7394
7467 3 2 2 1 7297 7298 7396 7395
7468 3 2 2 1 7298 7299 7397 7396
7469 3 2 2 1 7299 7300 7398 7397
7470 3 2 2 1 7300 7301 7399 7398
7471 3 2 2 1 7301 7302 7400 7399
7472 3 2 2 1 7302 7303 7401 7400
7473 3 2 2 1 7303 7304 7402 7401
7474 3 2 2 1 7304 7305 7403 7402
7475 3 2 2 1 7305 7306 7404 7403
7476 3 2 2 1 7306 7307 7405 7404
7477 3 2 2 1 7307 7308 7406 7405
7478 3 2 2 1 7308 7309 7407 7406
7479 3 2 2 1 7309 7310 7408 7407
7480 3 2 2 1 7310 7311 7409 7408
7481 3 2 2 1 7311 7312 7410 7409
7482 3 2 2 1 7312 7313 7411 7410
7483 3 2 2 1 7313 7314 7412 7411
7484 3 2 2 1 7314 7315 7413 7412
7485 3 2 2 1 7315 7316 7414 7413
7486 3 2 2 1 7316 7317 7415 7414
7487 3 2 2 1 7317 7318 7416 7415
7488 3 2 2 1 7318 7319 7417 7416
7489 3 2 2 1 7319 7320 7418 7417
7490 3 2 2 1 7320 7321 7419 7418
7491 3 2 2 1 7321 7322 7420 7419
7492 3 2 2 1 7322 7323 7421 7420
7493 3 2 2 1 7323 7324 7422 7421
7494 3 2 2 1 7324 7325 7423 7422
7495 3 2 2 1 7325 7326 7424 7423
7496 3 2 2 1 7326 7327 7425 7424
7497 3 2 2 1 7327 7328 7426 7425
7498 3 2 2 1 7328 7329 7427 7426
7499 3 2 2 1 7329 7330 7428 7427
7500 3 2 2 1 7330 7331 7429 7428
7501 3 2 2 1 7331 7332 7430 7429
7502 3 2 2 1 7332 7333 7431 7430
7503 3 2 2 1 7333 7334 7432 7431
7504 3 2 2 1 7334 7335 7433 7432
7505 3 2 2 1 7335 7336 7434 7433
7506 3 2 2 1 7336 7337 7435 7434
7507 3 2 2 1 7337 7338 7436 7435
7508 3 2 2 1 7338 7339 7437 7436
7509 3 2 2 1 7339 7340 7438 7437
7510 3 2 2 1 7340 7341 7439 7438
7511 3 2 2 1 7341 7342 7440 7439
7512 3 2 2 1 7342 7343 7441 7440
7513 3 2 2 1 7343 7344 7442 7441
7514 3 2 2 1 7344 7345 7443 7442
7515 3 2 2 1 7345 7346 7444 7443
7516 3 2 2 1 7346 7347 7445 7444
7517 3 2 2 1 7347 7348 7446 7445
7518 3 2 2 1 7348 7349 7447 7446
7519 3 2 2 1 7349 7350 7448 7447
7520 3 2 2 1 7350 7351 7449 7448
7521 3 2 2 1 7351 7352 7450 7449
7522 3 2 2 1 7352 7353 7451 7450
7523 3 2 2 1 7353 7354 7452 7451
7524 3 2 2 1 7354 75 76 7452
7525 3 2 2 1 227 7355 7453 226
7526 3 2 2 1 7355 7356 7454 7453
7527 3 2 2 1 7356 7357 7455 7454
7528 3 2 2 1 7357 7358 7456 7455
7529 3 2 2 1 7358 7359 7457 7456
7530 3 2 2 1 7359 7360 7458 7457
7531 3 2 2 1 7360 7361 7459 7458
7532 3 2 2 1 7361 7362 7460 7459
7533 3 2 2 1 7362 7363 7461 7460
7534 3 2 2 1 7363 7364 7462 7461
7535 3 2 2 1 7364 7365 7463 7462
7536 3 2 2 1 7365 7366 7464 7463
7537 3 2 2 1 7366 7367 7465 7464
7538 3 2 2 1 7367 7368 7466 7465
7539 3 2 2 1 7368 7369 7467 7466
7540 3 2 2 1 7369 7370 7468 7467
7541 3 2 2 1 7370 7371 7469 7468
7542 3 2 2 1 7371 7372 7470 7469
7543 3 2 2 1 7372 7373 7471 7470
7544 3 2 2 1 7373 7374 7472 7471
7545 3 2 2 1 7374 7375 7473 7472
7546 3 2 2 1 7375 7376 7474 7473
7547 3 2 2 1 7376 7377 7475 7474
7548 3 2 2 1 7377 7378 7476 7475
7549 3 2 2 1 7378 7379 7477 7476
7550 3 2 2 1 7379 7380 7478 7477
7551 3 2 2 1 7380 7381 7479 7478
7552 3 2 2 1 7381 7382 7480 7479
7553 3 2 2 1 7382 7383 7481 7480
7554 3 2 2 1 7383 7384 7482 7481
7555 3 2 2 1 7384 7385 7483 7482
7556 3 2 2 1 7385 7386 7484 7483
7557 3 2 2 1 7386 7387 7485 7484
7558 3 2 2 1 7387 7388 7486 7485
7559 3 2 2 1 7388 7389 7487 7486
7560 3 2 2 1 7389 7390 7488 7487
7561 3 2 2 1 7390 7391 7489 7488
7562 3 2 2 1 7391 7392 7490 7489
7563 3 2 2 1 7392 7393 7491 7490
7564 3 2 2 1 7393 7394 7492 7491
7565 3 2 2 1 7394 7395 7493 7492
7566 3 2 2 1 7395 7396 7494 7493
7567 3 2 2 1 7396 7397 7495 7494
7568 3 2 2 1 7397 7398 7496 7495
7569 3 2 2 1 7398 7399 7497 7496
7570 3 2 2 1 7399 7400 7498 7497
7571 3 2 2 1 7400 7401 7499 7498
7572 3 2 2 1 7401 7402 7500 7499
7573 3 2 2 1 7402 7403 7501 7500
7574 3 2 2 1 7403 7404 7502 7501
7575 3 2 2 1 7404 7405 7503 7502
7576 3 2 2 1 7405 7406 7504 7503
7577 3 2 2 1 7406 7407 7505 7504
7578 3 2 2 1 7407 7408 7506 7505
7579 3 2 2 1 7408 7409 7507 7506
7580 3 2 2 1 7409 7410 7508 7507
7581 3 2 2 1 7410 7411 7509 7508
7582 3 2 2 1 7411 7412 7510 7509
7583 3 2 2 1 7412 7413 7511 7510
7584 3 2 2 1 7413 7414 7512 7511
7585 3 2 2 1 7414 7415 7513 7512
7586 3 2 2 1 7415 7416 7514 7513
7587 3 2 2 1 7416 7417 7515 7514
7588 3 2 2 1 7417 7418 7516 7515
7589 3 2 2 1 7418 7419 7517 7516
7590 3 2 2 1 7419 7420 7518 7517
7591 3 2 2 1 7420 7421 7519 7518
7592 3 2 2 1 7421 7422 7520 7519
7593 3 2 2 1 7422 7423 7521 7520
7594 3 2 2 1 7423 7424 7522 7521
7595 3 2 2 1 7424 7425 7523 7522
7596 3 2 2 1 7425 7426 7524 7523
7597 3 2 2 1 7426 7427 7525 7524
7598 3 2 2 1 7427 7428 7526 7525
7599 3 2 2 1 7428 7429 7527 7526
7600 3 2 2 1 7429 7430 7528 7527
7601 3 2 2 1 7430 7431 7529 7528
7602 3 2 2 1 7431 7432 7530 7529
7603 3 2 2 1 7432 7433 7531 7530
7604 3 2 2 1 7433 7434 7532 7531
7605 3 2 2 1 7434 7435 7533 7532
7606 3 2 2 1 7435 7436 7534 7533
7607 3 2 2 1 7436 7437 7535 7534
7608 3 2 2 1 7437 7438 7536 7535
7609 3 2 2 1 7438 7439 7537 7536
7610 3 2 2 1 7439 7440 7538 7537
7611 3 2 2 1 7440 7441 7539 7538
7612 3 2 2 1 7441 7442 7540 7539
7613 3 2 2 1 7442 7443 7541 7540
7614 3 2 2 1 7443 7444 7542 7541
7615 3 2 2 1 7444 7445 7543 7542
7616 3 2 2 1 7445 7446 7544 7543
7617 3 2 2 1 7446 7447 7545 7544
7618 3 2 2 1 7447 7448 7546 7545
7619 3 2 2 1 7448 7449 7547 7546
7620 3 2 2 1 7449 7450 7548 7547
7621 3 2 2 1 7450 7451 7549 7548
7622 3 2 2 1 7451 7452 7550 7549
7623 3 2 2 1 7452 76 77 7550
7624 3 2 2 1 226 7453 7551 225
7625 3 2 2 1 7453 7454 7552 7551
7626 3 2 2 1 7454 7455 7553 7552
7627 3 2 2 1 7455 7456 7554 7553
7628 3 2 2 1 7456 7457 7555 7554
7629 3 2 2 1 7457 7458 7556 7555
7630 3 2 2 1 7458 7459 7557 7556
7631 3 2 2 1 7459 7460 7558 7557
7632 3 2 2 1 7460 7461 7559 7558
7633 3 2 2 1 7461 7462 7560 7559
7634 3 2 2 1 7462 7463 7561 7560
7635 3 2 2 1 7463 7464 7562 7561
7636 3 2 2 1 7464 7465 7563 7562
7637 3 2 2 1 7465 7466 7564 7563
7638 3 2 2 1 7466 7467 7565 7564
7639 3 2 2 1 7467 7468 7566 7565
7640 3 2 2 1 7468 7469 7567 7566
7641 3 2 2 1 7469 7470 7568 7567
7642 3 2 2 1 7470 7471 7569 7568
7643 3 2 2 1 7471 7472 7570 7569
7644 3 2 2 1 7472 7473 7571 7570
7645 3 2 2 1 7473 7474 7572 7571
7646 3 2 2 1 7474 7475 7573 7572
7647 3 2 2 1 7475 7476 7574 7573
7648 3 2 2 1 7476 7477 7575 7574
7649 3 2 2 1 7477 7478 7576 7575
7650 3 2 2 1 7478 7479 7577 7576
7651 3 2 2 1 7479 7480 7578 7577
7652 3 2 2 1 7480 7481 7579 7578
7653 3 2 2 1 7481 7482 7580 7579
7654 3 2 2 1 7482 7483 7581 7580
7655 3 2 2 1 7483 7484 7582 7581
7656 3 2 2 1 7484 7485 7583 7582
7657 3 2 2 1 7485 7486 7584 7583
7658 3 2 2 1 7486 7487 7585 7584
7659 3 2 2 1 7487 7488 7586 7585
7660 3 2 2 1 7488 7489 7587 7586
7661 3 2 2 1 7489 7490 7588 7587
7662 3 2 2 1 7490 7491 7589 7588
7663 3 2 2 1 7491 7492 7590 7589
7664 3 2 2 1 7492 7493 7591 7590
7665 3 2 2 1 7493 7494 7592 7591
7666 3 2 2 1 7494 7495 7593 7592
7667 3 2 2 1 7495 7496 7594 7593
7668 3 2 2 1 7496 7497 7595 7594
7669 3 2 2 1 7497 7498 7596 7595
7670 3 2 2 1 7498 7499 7597 7596
7671 3 2 2 1 7499 7500 7598 7597
7672 3 2 2 1 7500 7501 7599 7598
7673 3 2 2 1 7501 7502 7600 7599
7674 3 2 2 1 7502 7503 7601 7600
7675 3 2 2 1 7503 7504 7602 7601
7676 3 2 2 1 7504 7505 7603 7602
7677 3 2 2 1 7505 7506 7604 7603
7678 3 2 2 1 7506 7507 7605 7604
7679 3 2 2 1 7507 7508 7606 7605
7680 3 2 2 1 7508 7509 7607 7606
7681 3 2 2 1 7509 7510 7608 7607
7682 3 2 2 1 7510 7511 7609 7608
7683 3 2 2 1 7511 7512 7610 7609
7684 3 2 2 1 7512 7513 7611 7610
7685 3 2 2 1 7513 7514 7612 7611
7686 3 2 2 1 7514 7515 7613 7612
7687 3 2 2 1 7515 7516 7614 7613
7688 3 2 2 1 7516 7517 7615 7614
7689 3 2 2 1 7517 7518 7616 7615
7690 3 2 2 1 7518 7519 7617 7616
7691 3 2 2 1 7519 7520 7618 7617
7692 3 2 2 1 7520 7521 7619 7618
7693 3 2 2 1 7521 7522 7620 7619
7694 3 2 2 1 7522 7523 7621 7620
7695 3 2 2 1 7523 7524 7622 7621
7696 3 2 2 1 7524 7525 7623 7622
7697 3 2 2 1 7525 7526 7624 7623
7698 3 2 2 1 7526 7527 7625 7624
7699 3 2 2 1 7527 7528 7626 7625
7700 3 2 2 1 7528 7529 7627 7626
7701 3 2 2 1 7529 7530 7628 7627
7702 3 2 2 1 7530 7531 7629 7628
7703 3 2 2 1 7531 7532 7630 7629
7704 3 2 2 1 7532 7533 7631 7630
7705 3 2 2 1 7533 7534 7632 7631
7706 3 2 2 1 7534 7535 7633 7632
7707 3 2 2 1 7535 7536 7634 7633
7708 3 2 2 1 7536 7537 7635 7634
7709 3 2 2 1 7537 7538 7636 7635
7710 3 2 2 1 7538 7539 7637 7636
7711 3 2 2 1 7539 7540 7638 7637
7712 3 2 2 1 7540 7541 7639 7638
7713 3 2 2 1 7541 7542 7640 7639
7714 3 2 2 1 7542 7543 7641 7640
7715 3 2 2 1 7543 7544 7642 7641
7716 3 2 2 1 7544 7545 7643 7642
7717 3 2 2 1 7545 7546 7644 7643
7718 3 2 2 1 7546 7547 7645 7644
7719 3 2 2 1 7547 7548 7646 7645
7720 3 2 2 1 7548 7549 7647 7646
7721 3 2 2 1 7549 7550 7648 7647
7722 3 2 2 1 7550 77 78 7648
7723 3 2 2 1 225 7551 7649 224
7724 3 2 2 1 7551 7552 7650 7649
7725 3 2 2 1 7552 7553 7651 7650
7726 3 2 2 1 7553 7554 7652 7651
7727 3 2 2 1 7554 7555 7653 7652
7728 3 2 2 1 7555 7556 7654 7653
7729 3 2 2 1 7556 7557 7655 7654
7730 3 2 2 1 7557 7558 7656 7655
7731 3 2 2 1 7558 7559 7657 7656
7732 3 2 2 1 7559 7560 7658 7657
7733 3 2 2 1 7560 7561 7659 7658
7734 3 2 2 1 7561 7562 7660 7659
7735 3 2 2 1 7562 7563 7661 7660
7736 3 2 2 1 7563 7564 7662 7661
7737 3 2 2 1 7564 7565 7663 7662
7738 3 2 2 1 7565 7566 7664 7663
7739 3 2 2 1 7566 7567 7665 7664
7740 3 2 2 1 7567 7568 7666 7665
7741 3 2 2 1 7568 7569 7667 7666
7742 3 2 2 1 7569 7570 7668 7667
7743 3 2 2 1 7570 7571 7669 7668
7744 3 2 2 1 7571 7572 7670 7669
7745 3 2 2 1 7572 7573 7671 7670
7746 3 2 2 1 7573 7574 7672 7671
7747 3 2 2 1 7574 7575 7673 7672
7748 3 2 2 1 7575 7576 7674 7673
7749 3 2 2 1 7576 7577 7675 7674
7750 3 2 2 1 7577 7578 7676 7675
7751 3 2 2 1 7578 7579 7677 7676
7752 3 2 2 1 7579 7580 7678 7677
7753 3 2 2 1 7580 7581 7679 7678
7754 3 2 2 1 7581 7582 7680 7679
7755 3 2 2 1 7582 7583 7681 7680
7756 3 2 2 1 7583 7584 7682 7681
7757 3 2 2 1 7584 7585 7683 7682
7758 3 2 2 1 7585 7586 7684 7683
7759 3 2 2 1 7586 7587 7685 7684
7760 3 2 2 1 7587 7588 7686 7685
7761 3 2 2 1 7588 7589 7687 7686
7762 3 2 2 1 7589 7590 7688 7687
7763 3 2 2 1 7590 7591 7689 7688
7764 3 2 2 1 7591 7592 7690 7689
7765 3 2 2 1 7592 7593 7691 7690
7766 3 2 2 1 7593 7594 7692 7691
7767 3 2 2 1 7594 7595 7693 7692
7768 3 2 2 1 7595 7596 7694 7693
7769 3 2 2 1 7596 7597 7695 7694
7770 3 2 2 1 7597 7598 7696 7695
7771 3 2 2 1 7598 7599 7697 7696
7772 3 2 2 1 7599 7600 7698 7697
7773 3 2 2 1 7600 7601 7699 7698
7774 3 2 2 1 7601 7602 7700 7699
7775 3 2 2 1 7602 7603 7701 7700
7776 3 2 2 1 7603 7604 7702 7701
7777 3 2 2 1 7604 7605 7703 7702
7778 3 2 2 1 7605 7606 7704 7703
7779 3 2 2 1 7606 7607 7705 7704
7780 3 2 2 1 7607 7608 7706 7705
7781 3 2 2 1 7608 7609 7707 7706
7782 3 2 2 1 7609 7610 7708 7707
7783 3 2 2 1 7610 7611 7709 7708
7784 3 2 2 1 7611 7612 7710 7709
7785 3 2 2 1 7612 7613 7711 7710
7786 3 2 2 1 7613 7614 7712 7711
7787 3 2 2 1 7614 7615 7713 7712
7788 3 2 2 1 7615 7616 7714 7713
7789 3 2 2 1 7616 7617 7715 7714
7790 3 2 2 1 7617 7618 7716 7715
7791 3 2 2 1 7618 7619 7717 7716
7792 3 2 2 1 7619 7620 7718 7717
7793 3 2 2 1 7620 7621 7719 7718
7794 3 2 2 1 7621 7622 7720 7719
7795 3 2 2 1 7622 7623 7721 7720
7796 3 2 2 1 7623 7624 7722 7721
7797 3 2 2 1 7624 7625 7723 7722
7798 3 2 2 1 7625 7626 7724 7723
7799 3 2 2 1 7626 7627 7725 7724
7800 3 2 2 1 7627 7628 7726 7725
7801 3 2 2 1 7628 7629 7727 7726
7802 3 2 2 1 7629 7630 7728 7727
7803 3 2 2 1 7630 7631 7729 7728
7804 3 2 2 1 7631 7632 7730 7729
7805 3 2 2 1 7632 7633 7731 7730
7806 3 2 2 1 7633 7634 7732 7731
7807 3 2 2 1 7634 7635 7733 7732
7808 3 2 2 1 7635 7636 7734 7733
7809 3 2 2 1 7636 7637 7735 7734
7810 3 2 2 1 7637 7638 7736 7735
7811 3 2 2 1 7638 7639 7737 7736
7812 3 2 2 1 7639 7640 7738 7737
7813 3 2 2 1 7640 7641 7739 7738
7814 3 2 2 1 7641 7642 7740 7739
7815 3 2 2 1 7642 7643 7741 7740
7816 3 2 2 1 7643 7644 7742 7741
7817 3 2 2 1 7644 7645 7743 7742
7818 3 2 2 1 7645 7646 7744 7743
7819 3 2 2 1 7646 7647 7745 7744
7820 3 2 2 1 7647 7648 7746 7745
7821 3 2 2 1 7648 78 79 7746
7822 3 2 2 1 224 7649 7747 223
7823 3 2 2 1 7649 7650 7748 7747
7824 3 2 2 1 7650 7651 7749 7748
7825 3 2 2 1 7651 7652 7750 7749
7826 3 2 2 1 7652 7653 7751 7750
7827 3 2 2 1 7653 7654 7752 7751
7828 3 2 2 1 7654 7655 7753 7752
7829 3 2 2 1 7655 7656 7754 7753
7830 3 2 2 1 7656 7657 7755 7754
7831 3 2 2 1 7657 7658 7756 7755
7832 3 2 2 1 7658 7659 7757 7756
7833 3 2 2 1 7659 7660 7758 7757
7834 3 2 2 1 7660 7661 7759 7758
7835 3 2 2 1 7661 7662 7760 7759
7836 3 2 2 1 7662 7663 7761 7760
7837 3 2 2 1 7663 7664 7762 7761
7838 3 2 2 1 7664 7665 7763 7762
7839 3 2 2 1 7665 7666 7764 7763
7840 3 2 2 1 7666 7667 7765 7764
7841 3 2 2 1 7667 7668 7766 7765
7842 3 2 2 1 7668 7669 7767 7766
7843 3 2 2 1 7669 7670 7768 7767
7844 3 2 2 1 7670 7671 7769 7768
7845 3 2 2 1 7671 7672 7770 7769
7846 3 2 2 1 7672 7673 7771 7770
7847 3 2 2 1 7673 7674 7772 7771
7848 3 2 2 1 7674 7675 7773 7772
7849 3 2 2 1 7675 7676 7774 7773
7850 3 2 2 1 7676 7677 7775 7774
7851 3 2 2 1 7677 7678 7776 7775
7852 3 2 2 1 7678 7679 7777 7776
7853 3 2 2 1 7679 7680 7778 7777
7854 3 2 2 1 7680 7681 7779 7778
7855 3 2 2 1 7681 7682 7780 7779
7856 3 2 2 1 7682 7683 7781 7780
7857 3 2 2 1 7683 7684 7782 7781
7858 3 2 2 1 7684 7685 7783 7782
7859 3 2 2 1 7685 7686 7784 7783
7860 3 2 2 1 7686 7687 7785 7784
7861 3 2 2 1 7687 7688 7786 7785
7862 3 2 2 1 7688 7689 7787 7786
7863 3 2 2 1 7689 7690 7788 7787
7864 3 2 2 1 7690 7691 7789 7788
7865 3 2 2 1 7691 7692 7790 7789
7866 3 2 2 1 7692 7693 7791 7790
7867 3 2 2 1 7693 7694 7792 7791
7868 3 2 2 1 7694 7695 7793 7792
7869 3 2 2 1 7695 7696 7794 7793
7870 3 2 2 1 7696 7697 7795 7794
7871 3 2 2 1 7697 7698 7796 7795
7872 3 2 2 1 7698 7699 7797 7796
7873 3 2 2 1 7699 7700 7798 7797
7874 3 2 2 1 7700 7701 7799 7798
7875 3 2 2 1 7701 7702 7800 7799
7876 3 2 2 1 7702 7703 7801 7800
7877 3 2 2 1 7703 7704 7802 7801
7878 3 2 2 1 7704 7705 7803 7802
7879 3 2 2 1 7705 7706 7804 7803
7880 3 2 2 1 7706 7707 7805 7804
7881 3 2 2 1 7707 7708 7806 7805
7882 3 2 2 1 7708 7709 7807 7806
7883 3 2 2 1 7709 7710 7808 7807
7884 3 2 2 1 7710 7711 7809 7808
7885 3 2 2 1 7711 7712 7810 7809
7886 3 2 2 1 7712 7713 7811 7810
7887 3 2 2 1 7713 7714 7812 7811
7888 3 2 2 1 7714 7715 7813 7812
7889 3 2 2 1 7715 7716 7814 7813
7890 3 2 2 1 7716 7717 7815 7814
7891 3 2 2 1 7717 7718 7816 7815
7892 3 2 2 1 7718 7719 7817 7816
7893 3 2 2 1 7719 7720 7818 7817
7894 3 2 2 1 7720 7721 7819 7818
7895 3 2 2 1 7721 7722 7820 7819
7896 3 2 2 1 7722 7723 7821 7820
7897 3 2 2 1 7723 7724 7822 7821
7898 3 2 2 1 7724 7725 7823 7822
7899 3 2 2 1 7725 7726 7824 7823
7900 3 2 2 1 7726 7727 7825 7824
7901 3 2 2 1 7727 7728 7826 7825
7902 3 2 2 1 7728 7729 7827 7826
7903 3 2 2 1 7729 7730 7828 7827
7904 3 2 2 1 7730 7731 7829 7828
7905 3 2 2 1 7731 7732 7830 7829
7906 3 2 2 1 7732 7733 7831 7830
7907 3 2 2 1 7733 7734 7832 7831
7908 3 2 2 1 7734 7735 7833 7832
7909 3 2 2 1 7735 7736 7834 7833
7910 3 2 2 1 7736 7737 7835 7834
7911 3 2 2 1 7737 7738 7836 7835
7912 3 2 2 1 7738 7739 7837 7836
7913 3 2 2 1 7739 7740 7838 7837
7914 3 2 2 1 7740 7741 7839 7838
7915 3 2 2 1 7741 7742 7840 7839
7916 3 2 2 1 7742 7743 7841 7840
7917 3 2 2 1 7743 7744 7842 7841
7918 3 2 2 1 7744 7745 7843 7842
7919 3 2 2 1 7745 7746 7844 7843
7920 3 2 2 1 7746 79 80 7844
7921 3 2 2 1 223 7747 7845 222
7922 3 2 2 1 7747 7748 7846 7845
7923 3 2 2 1 7748 7749 7847 7846
7924 3 2 2 1 7749 7750 7848 7847
7925 3 2 2 1 7750 7751 7849 7848
7926 3 2 2 1 7751 7752 7850 7849
7927 3 2 2 1 7752 7753 7851 7850
7928 3 2 2 1 7753 7754 7852 7851
7929 3 2 2 1 7754 7755 7853 7852
7930 3 2 2 1 7755 7756 7854 7853
7931 3 2 2 1 7756 7757 7855 7854
7932 3 2 2 1 7757 7758 7856 7855
7933 3 2 2 1 7758 7759 7857 7856
7934 3 2 2 1 7759 7760 7858 7857
7935 3 2 2 1 7760 7761 7859 7858
7936 3 2 2 1 7761 7762 7860 7859
7937 3 2 2 1 7762 7763 7861 7860
7938 3 2 2 1 7763 7764 7862 7861
7939 3 2 2 1 7764 7765 7863 7862
7940 3 2 2 1 7765 7766 7864 7863
7941 3 2 2 1 7766 7767 7865 7864
7942 3 2 2 1 7767 7768 7866 7865
7943 3 2 2 1 7768 7769 7867 7866
7944 3 2 2 1 7769 7770 7868 7867
7945 3 2 2 1 7770 7771 7869 7868
7946 3 2 2 1 7771 7772 7870 7869
7947 3 2 2 1 7772 7773 7871 7870
7948 3 2 2 1 7773 7774 7872 7871
7949 3 2 2 1 7774 7775 7873 7872
7950 3 2 2 1 7775 7776 7874 7873
7951 3 2 2 1 7776 7777 7875 7874
7952 3 2 2 1 7777 7778 7876 7875
7953 3 2 2 1 7778 7779 7877 7876
7954 3 2 2 1 7779 7780 7878 7877
7955 3 2 2 1 7780 7781 7879 7878
7956 3 2 2 1 7781 7782 7880 7879
7957 3 2 2 1 7782 7783 7881 7880
7958 3 2 2 1 7783 7784 7882 7881
7959 3 2 2 1 7784 7785 7883 7882
7960 3 2 2 1 7785 7786 7884 7883
7961 3 2 2 1 7786 7787 7885 7884
7962 3 2 2 1 7787 7788 7886 7885
7963 3 2 2 1 7788 7789 7887 7886
7964 3 2 2 1 7789 7790 7888 7887
7965 3 2 2 1 7790 7791 7889 7888
7966 3 2 2 1 7791 7792 7890 7889
7967 3 2 2 1 7792 7793 7891 7890
7968 3 2 2 1 7793 7794 7892 7891
7969 3 2 2 1 7794 7795 7893 7892
7970 3 2 2 1 7795 7796 7894 7893
7971 3 2 2 1 7796 7797 7895 7894
7972 3 2 2 1 7797 7798 7896 7895
7973 3 2 2 1 7798 7799 7897 7896
7974 3 2 2 1 7799 7800 7898 7897
7975 3 2 2 1 7800 7801 7899 7898
7976 3 2 2 1 7801 7802 7900 7899
7977 3 2 2 1 7802 7803 7901 7900
7978 3 2 2 1 7803 7804 7902 7901
7979 3 2 2 1 7804 7805 7903 7902
7980 3 2 2 1 7805 7806 7904 7903
7981 3 2 2 1 7806 7807 7905 7904
7982 3 2 2 1 7807 7808 7906 7905
7983 3 2 2 1 7808 7809 7907 7906
7984 3 2 2 1 7809 7810 7908 7907
7985 3 2 2 1 7810 7811 7909 7908
7986 3 2 2 1 7811 7812 7910 7909
7987 3 2 2 1 7812 7813 7911 7910
7988 3 2 2 1 7813 7814 7912 7911
7989 3 2 2 1 7814 7815 7913 7912
7990 3 2 2 1 7815 7816 7914 7913
7991 3 2 2 1 7816 7817 7915 7914
7992 3 2 2 1 7817 7818 7916 7915
7993 3 2 2 1 7818 7819 7917 7916
7994 3 2 2 1 7819 7820 7918 7917
7995 3 2 2 1 7820 7821 7919 7918
7996 3 2 2 1 7821 7822 7920 7919
7997 3 2 2 1 7822 7823 7921 7920
7998 3 2 2 1 7823 7824 7922 7921
7999 3 2 2 1 7824 7825 7923 7922
8000 3 2 2 1 7825 7826 7924 7923
8001 3 2 2 1 7826 7827 7925 7924
8002 3 2 2 1 7827 7828 7926 7925
8003 3 2 2 1 7828 7829 7927 7926
8004 3 2 2 1 7829 7830 7928 7927
8005 3 2 2 1 7830 7831 7929 7928
8006 3 2 2 1 7831 7832 7930 7929
8007 3 2 2 1 7832 7833 7931 7930
8008 3 2 2 1 7833 7834 7932 7931
8009 3 2 2 1 7834 7835 7933 7932
8010 3 2 2 1 7835 7836 7934 7933
8011 3 2 2 1 7836 7837 7935 7934
8012 3 2 2 1 7837 7838 7936 7935
8013 3 2 2 1 7838 7839 7937 7936
8014 3 2 2 1 7839 7840 7938 7937
8015 3 2 2 1 7840 7841 7939 7938
8016 3 2 2 1 7841 7842 7940 7939
8017 3 2 2 1 7842 7843 7941 7940
8018 3 2 2 1 7843 7844 7942 7941
8019 3 2 2 1 7844 80 81 7942
8020 3 2 2 1 222 7845 7943 221
8021 3 2 2 1 7845 7846 7944 7943
8022 3 2 2 1 7846 7847 7945 7944
8023 3 2 2 1 7847 7848 7946 7945
8024 3 2 2 1 7848 7849 7947 7946
8025 3 2 2 1 7849 7850 7948 7947
8026 3 2 2 1 7850 7851 7949 7948
8027 3 2 2 1 7851 7852 7950 7949
8028 3 2 2 1 7852 7853 7951 7950
8029 3 2 2 1 7853 7854 7952 7951
8030 3 2 2 1 7854 7855 7953 7952
8031 3 2 2 1 7855 7856 7954 7953
8032 3 2 2 1 7856 7857 7955 7954
8033 3 2 2 1 7857 7858 7956 7955
8034 3 2 2 1 7858 7859 7957 7956
8035 3 2 2 1 7859 7860 7958 7957
8036 3 2 2 1 7860 7861 7959 7958
8037 3 2 2 1 7861 7862 7960 7959
8038 3 2 2 1 7862 7863 7961 7960
8039 3 2 2 1 7863 7864 7962 7961
8040 3 2 2 1 7864 7865 7963 7962
8041 3 2 2 1 7865 7866 7964 7963
8042 3 2 2 1 7866 7867 7965 7964
8043 3 2 2 1 7867 7868 7966 7965
8044 3 2 2 1 7868 7869 7967 7966
8045 3 2 2 1 7869 7870 7968 7967
8046 3 2 2 1 7870 7871 7969 7968
8047 3 2 2 1 7871 7872 7970 7969
8048 3 2 2 1 7872 7873 7971 7970
8049 3 2 2 1 7873 7874 7972 7971
8050 3 2 2 1 7874 7875 7973 7972
8051 3 2 2 1 7875 7876 7974 7973
8052 3 2 2 1 7876 7877 7975 7974
8053 3 2 2 1 7877 7878 7976 7975
8054 3 2 2 1 7878 7879 7977 7976
8055 3 2 2 1 7879 7880 7978 7977
8056 3 2 2 1 7880 7881 7979 7978
8057 3 2 2 1 7881 7882 7980 7979
8058 3 2 2 1 7882 7883 7981 7980
8059 3 2 2 1 7883 7884 7982 7981
8060 3 2 2 1 7884 7885 7983 7982
8061 3 2 2 1 7885 7886 7984 7983
8062 3 2 2 1 7886 7887 7985 7984
8063 3 2 2 1 7887 7888 7986 7985
8064 3 2 2 1 7888 7889 7987 7986
8065 3 2 2 1 7889 7890 7988 7987
8066 3 2 2 1 7890 7891 7989 7988
8067 3 2 2 1 7891 7892 7990 7989
8068 3 2 2 1 7892 7893 7991 7990
8069 3 2 2 1 7893 7894 7992 7991
8070 3 2 2 1 7894 7895 7993 7992
8071 3 2 2 1 7895 7896 7994 7993
8072 3 2 2 1 7896 7897 7995 7994
8073 3 2 2 1 7897 7898 7996 7995
8074 3 2 2 1 7898 7899 7997 7996
8075 3 2 2 1 7899 7900 7998 7997
8076 3 2 2 1 7900 7901 7999 7998
8077 3 2 2 1 7901 7902 8000 7999
8078 3 2 2 1 7902 7903 8001 8000
8079 3 2 2 1 7903 7904 8002 8001
8080 3 2 2 1 7904 7905 8003 8002
8081 3 2 2 1 7905 7906 8004 8003
8082 3 2 2 1 7906 7907 8005 8004
8083 3 2 2 1 7907 7908 8006 8005
8084 3 2 2 1 7908 7909 8007 8006
8085 3 2 2 1 7909 7910 8008 8007
8086 3 2 2 1 7910 7911 8009 8008
8087 3 2 2 1 7911 7912 8010 8009
8088 3 2 2 1 7912 7913 8011 8010
8089 3 2 2 1 7913 7914 8012 8011
8090 3 2 2 1 7914 7915 8013 8012
8091 3 2 2 1 7915 7916 8014 8013
8092 3 2 2 1 7916 7917 8015 8014
8093 3 2 2 1 7917 7918 8016 8015
8094 3 2 2 1 7918 7919 8017 8016
8095 3 2 2 1 7919 7920 8018 8017
8096 3 2 2 1 7920 7921 8019 8018
8097 3 2 2 1 7921 7922 8020 8019
8098 3 2 2 1 7922 7923 8021 8020
8099 3 2 2 1 7923 7924 8022 8021
8100 3 2 2 1 7924 7925 8023 8022
8101 3 2 2 1 7925 7926 8024 8023
8102 3 2 2 1 7926 7927 8025 8024
8103 3 2 2 1 7927 7928 8026 8025
8104 3 2 2 1 7928 7929 8027 8026
8105 3 2 2 1 7929 7930 8028 8027
8106 3 2 2 1 7930 7931 8029 8028
8107 3 2 2 1 7931 7932 8030 8029
8108 3 2 2 1 7932 7933 8031 8030
8109 3 2 2 1 7933 7934 8032 8031
8110 3 2 2 1 7934 7935 8033 8032
8111 3 2 2 1 7935 7936 8034 8033
8112 3 2 2 1 7936 7937 8035 8034
8113 3 2 2 1 7937 7938 8036 8035
8114 3 2 2 1 7938 7939 8037 8036
8115 3 2 2 1 7939 7940 8038 8037
8116 3 2 2 1 7940 7941 8039 8038
8117 3 2 2 1 7941 7942 8040 8039
8118 3 2 2 1 7942 81 82 8040
8119 3 2 2 1 221 7943 8041 220
8120 3 2 2 1 7943 7944 8042 8041
8121 3 2 2 1 7944 7945 8043 8042
8122 3 2 2 1 7945 7946 8044 8043
8123 3 2 2 1 7946 7947 8045 8044
8124 3 2 2 1 7947 7948 8046 8045
8125 3 2 2 1 7948 7949 8047 8046
8126 3 2 2 1 7949 7950 8048 8047
8127 3 2 2 1 7950 7951 8049 8048
8128 3 2 2 1 7951 7952 8050 8049
8129 3 2 2 1 7952 7953 8051 8050
8130 3 2 2 1 7953 7954 8052 8051
8131 3 2 2 1 7954 7955 8053 8052
8132 3 2 2 1 7955 7956 8054 8053
8133 3 2 2 1 7956 7957 8055 8054
8134 3 2 2 1 7957 7958 8056 8055
8135 3 2 2 1 7958 7959 8057 8056
8136 3 2 2 1 7959 7960 8058 8057
8137 3 2 2 1 7960 7961 8059 8058
8138 3 2 2 1 7961 7962 8060 8059
8139 3 2 2 1 7962 7963 8061 8060
8140 3 2 2 1 7963 7964 8062 8061
8141 3 2 2 1 7964 7965 8063 8062
8142 3 2 2 1 7965 7966 8064 8063
8143 3 2 2 1 7966 7967 8065 8064
8144 3 2 2 1 7967 7968 8066 8065
8145 3 2 2 1 7968 7969 8067 8066
8146 3 2 2 1 7969 7970 8068 8067
8147 3 2 2 1 7970 7971 8069 8068
8148 3 2 2 1 7971 7972 8070 8069
8149 3 2 2 1 7972 7973 8071 8070
8150 3 2 2 1 7973 7974 8072 8071
8151 3 2 2 1 7974 7975 8073 8072
8152 3 2 2 1 7975 7976 8074 8073
8153 3 2 2 1 7976 7977 8075 8074
8154 3 2 2 1 7977 7978 8076 8075
8155 3 2 2 1 7978 7979 8077 8076
8156 3 2 2 1 7979 7980 8078 8077
8157 3 2 2 1 7980 7981 8079 8078
8158 3 2 2 1 7981 7982 8080 8079
8159 3 2 2 1 7982 7983 8081 8080
8160 3 2 2 1 7983 7984 8082 8081
8161 3 2 2 1 7984 7985 8083 8082
8162 3 2 2 1 7985 7986 8084 8083
8163 3 2 2 1 7986 7987 8085 8084
8164 3 2 2 1 7987 7988 8086 8085
8165 3 2 2 1 7988 7989 8087 8086
8166 3 2 2 1 7989 7990 8088 8087
8167 3 2 2 1 7990 7991 8089 8088
8168 3 2 2 1 7991 7992 8090 8089
8169 3 2 2 1 7992 7993 8091 8090
8170 3 2 2 1 7993 7994 8092 8091
8171 3 2 2 1 7994 7995 8093 8092
8172 3 2 2 1 7995 7996 8094 8093
8173 3 2 2 1 7996 7997 8095 8094
8174 3 2 2 1 7997 7998 8096 8095
8175 3 2 2 1 7998 7999 8097 8096
8176 3 2 2 1 7999 8000 8098 8097
8177 3 2 2 1 8000 8001 8099 8098
8178 3 2 2 1 8001 8002 8100 8099
8179 3 2 2 1 8002 8003 8101 8100
8180 3 2 2 1 8003 8004 8102 8101
8181 3 2 2 1 8004 8005 8103 8102
8182 3 2 2 1 8005 8006 8104 8103
8183 3 2 2 1 8006 8007 8105 8104
8184 3 2 2 1 8007 8008 8106 8105
8185 3 2 2 1 8008 8009 8107 8106
8186 3 2 2 1 8009 8010 8108 8107
8187 3 2 2 1 8010 8011 8109 8108
8188 3 2 2 1 8011 8012 8110 8109
8189 3 2 2 1 8012 8013 8111 8110
8190 3 2 2 1 8013 8014 8112 8111
8191 3 2 2 1 8014 8015 8113 8112
8192 3 2 2 1 8015 8016 8114 8113
8193 3 2 2 1 8016 8017 8115 8114
8194 3 2 2 1 8017 8018 8116 8115
8195 3 2 2 1 8018 8019 8117 8116
8196 3 2 2 1 8019 8020 8118 8117
8197 3 2 2 1 8020 8021 8119 8118
8198 3 2 2 1 8021 8022 8120 8119
8199 3 2 2 1 8022 8023 8121 8120
8200 3 2 2 1 8023 8024 8122 8121
8201 3 2 2 1 8024 8025 8123 8122
8202 3 2 2 1 8025 8026 8124 8123
8203 3 2 2 1 8026 8027 8125 8124
8204 3 2 2 1 8027 8028 8126 8125
8205 3 2 2 1 8028 8029 8127 8126
8206 3 2 2 1 8029 8030 8128 8127
8207 3 2 2 1 8030 8031 8129 8128
8208 3 2 2 1 8031 8032 8130 8129
8209 3 2 2 1 8032 8033 8131 8130
8210 3 2 2 1 8033 8034 8132 8131
8211 3 2 2 1 8034 8035 8133 8132
8212 3 2 2 1 8035 8036 8134 8133
8213 3 2 2 1 8036 8037 8135 8134
8214 3 2 2 1 8037 8038 8136 8135
8215 3 2 2 1 8038 8039 8137 8136
8216 3 2 2 1 8039 8040 8138 8137
8217 3 2 2 1 8040 82 83 8138
8218 3 2 2 1 220 8041 8139 219
8219 3 2 2 1 8041 8042 8140 8139
8220 3 2 2 1 8042 8043 8141 8140
8221 3 2 2 1 8043 8044 8142 8141
8222 3 2 2 1 8044 8045 8143 8142
8223 3 2 2 1 8045 8046 8144 8143
8224 3 2 2 1 8046 8047 8145 8144
8225 3 2 2 1 8047 8048 8146 8145
8226 3 2 2 1 8048 8049 8147 8146
8227 3 2 2 1 8049 8050 8148 8147
8228 3 2 2 1 8050 8051 8149 8148
8229 3 2 2 1 8051 8052 8150 8149
8230 3 2 2 1 8052 8053 8151 8150
8231 3 2 2 1 8053 8054 8152 8151
8232 3 2 2 1 8054 8055 8153 8152
8233 3 2 2 1 8055 8056 8154 8153
8234 3 2 2 1 8056 8057 8155 8154
8235 3 2 2 1 8057 8058 8156 8155
8236 3 2 2 1 8058 8059 8157 8156
8237 3 2 2 1 8059 8060 8158 8157
8238 3 2 2 1 8060 8061 8159 8158
8239 3 2 2 1 8061 8062 8160 8159
8240 3 2 2 1 8062 8063 8161 8160
8241 3 2 2 1 8063 8064 8162 8161
8242 3 2 2 1 8064 8065 8163 8162
8243 3 2 2 1 8065 8066 8164 8163
8244 3 2 2 1 8066 8067 8165 8164
8245 3 2 2 1 8067 8068 8166 8165
8246 3 2 2 1 8068 8069 8167 8166
8247 3 2 2 1 8069 8070 8168 8167
8248 3 2 2 1 8070 8071 8169 8168
8249 3 2 2 1 8071 8072 8170 8169
8250 3 2 2 1 8072 8073 8171 8170
8251 3 2 2 1 8073 8074 8172 8171
8252 3 2 2 1 8074 8075 8173 8172
8253 3 2 2 1 8075 8076 8174 8173
8254 3 2 2 1 8076 8077 8175 8174
8255 3 2 2 1 8077 8078 8176 8175
8256 3 2 2 1 8078 8079 8177 8176
8257 3 2 2 1 8079 8080 8178 8177
8258 3 2 2 1 8080 8081 8179 8178
8259 3 2 2 1 8081 8082 8180 8179
8260 3 2 2 1 8082 8083 8181 8180
8261 3 2 2 1 8083 8084 8182 8181
8262 3 2 2 1 8084 8085 8183 8182
8263 3 2 2 1 8085 8086 8184 8183
8264 3 2 2 1 8086 8087 8185 8184
8265 3 2 2 1 8087 8088 8186 8185
8266 3 2 2 1 8088 8089 8187 8186
8267 3 2 2 1 8089 8090 8188 8187
8268 3 2 2 1 8090 8091 8189 8188
8269 3 2 2 1 8091 8092 8190 8189
8270 3 2 2 1 8092 8093 8191 8190
8271 3 2 2 1 8093 8094 8192 8191
8272 3 2 2 1 8094 8095 8193 8192
8273 3 2 2 1 8095 8096 8194 8193
8274 3 2 2 1 8096 8097 8195 8194
8275 3 2 2 1 8097 8098 8196 8195
8276 3 2 2 1 8098 8099 8197 8196
8277 3 2 2 1 8099 8100 8198 8197
8278 3 2 2 1 8100 8101 8199 8198
8279 3 2 2 1 8101 8102 8200 8199
8280 3 2 2 1 8102 8103 8201 8200
8281 3 2 2 1 8103 8104 8202 8201
8282 3 2 2 1 8104 8105 8203 8202
8283 3 2 2 1 8105 8106 8204 8203
8284 3 2 2 1 8106 8107 8205 8204
8285 3 2 2 1 8107 8108 8206 8205
8286 3 2 2 1 8108 8109 8207 8206
8287 3 2 2 1 8109 8110 8208 8207
8288 3 2 2 1 8110 8111 8209 8208
8289 3 2 2 1 8111 8112 8210 8209
8290 3 2 2 1 8112 8113 8211 8210
8291 3 2 2 1 8113 8114 8212 8211
8292 3 2 2 1 8114 8115 8213 8212
8293 3 2 2 1 8115 8116 8214 8213
8294 3 2 2 1 8116 8117 8215 8214
8295 3 2 2 1 8117 8118 8216 8215
8296 3 2 2 1 8118 8119 8217 8216
8297 3 2 2 1 8119 8120 8218 8217
8298 3 2 2 1 8120 8121 8219 8218
8299 3 2 2 1 8121 8122 8220 8219
8300 3 2 2 1 8122 8123 8221 8220
8301 3 2 2 1 8123 8124 8222 8221
8302 3 2 2 1 8124 8125 8223 8222
8303 3 2 2 1 8125 8126 8224 8223
8304 3 2 2 1 8126 8127 8225 8224
8305 3 2 2 1 8127 8128 8226 8225
8306 3 2 2 1 8128 8129 8227 8226
8307 3 2 2 1 8129 8130 8228 8227
8308 3 2 2 1 8130 8131 8229 8228
8309 3 2 2 1 8131 8132 8230 8229
8310 3 2 2 1 8132 8133 8231 8230
8311 3 2 2 1 8133 8134 8232 8231
8312 3 2 2 1 8134 8135 8233 8232
8313 3 2 2 1 8135 8136 8234 8233
8314 3 2 2 1 8136 8137 8235 8234
8315 3 2 2 1 8137 8138 8236 8235
8316 3 2 2 1 8138 83 84 8236
8317 3 2 2 1 219 8139 8237 218
8318 3 2 2 1 8139 8140 8238 8237
8319 3 2 2 1 8140 8141 8239 8238
8320 3 2 2 1 8141 8142 8240 8239
8321 3 2 2 1 8142 8143 8241 8240
8322 3 2 2 1 8143 8144 8242 8241
8323 3 2 2 1 8144 8145 8243 8242
8324 3 2 2 1 8145 8146 8244 8243
8325 3 2 2 1 8146 8147 8245 8244
8326 3 2 2 1 8147 8148 8246 8245
8327 3 2 2 1 8148 8149 8247 8246
8328 3 2 2 1 8149 8150 8248 8247
8329 3 2 2 1 8150 8151 8249 8248
8330 3 2 2 1 8151 8152 8250 8249
8331 3 2 2 1 8152 8153 8251 8250
8332 3 2 2 1 8153 8154 8252 8251
8333 3 2 2 1 8154 8155 8253 8252
8334 3 2 2 1 8155 8156 8254 8253
8335 3 2 2 1 8156 8157 8255 8254
8336 3 2 2 1 8157 8158 8256 8255
8337 3 2 2 1 8158 8159 8257 8256
8338 3 2 2 1 8159 8160 8258 8257
8339 3 2 2 1 8160 8161 8259 8258
8340 3 2 2 1 8161 8162 8260 8259
8341 3 2 2 1 8162 8163 8261 8260
8342 3 2 2 1 8163 8164 8262 8261
8343 3 2 2 1 8164 8165 8263 8262
8344 3 2 2 1 8165 8166 8264 8263
8345 3 2 2 1 8166 8167 8265 8264
8346 3 2 2 1 8167 8168 8266 8265
8347 3 2 2 1 8168 8169 8267 8266
8348 3 2 2 1 8169 8170 8268 8267
8349 3 2 2 1 8170 8171 8269 8268
8350 3 2 2 1 8171 8172 8270 8269
8351 3 2 2 1 8172 8173 8271 8270
8352 3 2 2 1 8173 8174 8272 8271
8353 3 2 2 1 8174 8175 8273 8272
8354 3 2 2 1 8175 8176 8274 8273
8355 3 2 2 1 8176 8177 8275 8274
8356 3 2 2 1 8177 8178 8276 8275
8357 3 2 2 1 8178 8179 8277 8276
8358 3 2 2 1 8179 8180 8278 8277
8359 3 2 2 1 8180 8181 8279 8278
8360 3 2 2 1 8181 8182 8280 8279
8361 3 2 2 1 8182 8183 8281 8280
8362 3 2 2 1 8183 8184 8282 8281
8363 3 2 2 1 8184 8185 8283 8282
8364 3 2 2 1 8185 8186 8284 8283
8365 3 2 2 1 8186 8187 8285 8284
8366 3 2 2 1 8187 8188 8286 8285
8367 3 2 2 1 8188 8189 8287 8286
8368 3 2 2 1 8189 8190 8288 8287
8369 3 2 2 1 8190 8191 8289 8288
8370 3 2 2 1 8191 8192 8290 8289
8371 3 2 2 1 8192 8193 8291 8290
8372 3 2 2 1 8193 8194 8292 8291
8373 3 2 2 1 8194 8195 8293 8292
8374 3 2 2 1 8195 8196 8294 8293
8375 3 2 2 1 8196 8197 8295 8294
8376 3 2 2 1 8197 8198 8296 8295
8377 3 2 2 1 8198 8199 8297 8296
8378 3 2 2 1 8199 8200 8298 8297
8379 3 2 2 1 8200 8201 8299 8298
8380 3 2 2 1 8201 8202 8300 8299
8381 3 2 2 1 8202 8203 8301 8300
8382 3 2 2 1 8203 8204 8302 8301
8383 3 2 2 1 8204 8205 8303 8302
8384 3 2 2 1 8205 8206 8304 8303
8385 3 2 2 1 8206 8207 8305 8304
8386 3 2 2 1 8207 8208 8306 8305
8387 3 2 2 1 8208 8209 8307 8306
8388 3 2 2 1 8209 8210 8308 8307
8389 3 2 2 1 8210 8211 8309 8308
8390 3 2 2 1 8211 8212 8310 8309
8391 3 2 2 1 8212 8213 8311 8310
8392 3 2 2 1 8213 8214 8312 8311
8393 3 2 2 1 8214 8215 8313 8312
8394 3 2 2 1 8215 8216 8314 8313
8395 3 2 2 1 8216 8217 8315 8314
8396 3 2 2 1 8217 8218 8316 8315
8397 3 2 2 1 8218 8219 8317 8316
8398 3 2 2 1 8219 8220 8318 8317
8399 3 2 2 1 8220 8221 8319 8318
8400 3 2 2 1 8221 8222 8320 8319
8401 3 2 2 1 8222 8223 8321 8320
8402 3 2 2 1 8223 8224 8322 8321
8403 3 2 2 1 8224 8225 8323 8322
8404 3 2 2 1 8225 8226 8324 8323
8405 3 2 2 1 8226 8227 8325 8324
8406 3 2 2 1 8227 8228 8326 8325
8407 3 2 2 1 8228 8229 8327 8326
8408 3 2 2 1 8229 8230 8328 8327
8409 3 2 2 1 8230 8231 8329 8328
8410 3 2 2 1 8231 8232 8330 8329
8411 3 2 2 1 8232 8233 8331 8330
8412 3 2 2 1 8233 8234 8332 8331
8413 3 2 2 1 8234 8235 8333 8332
8414 3 2 2 1 8235 8236 8334 8333
8415 3 2 2 1 8236 84 85 8334
8416 3 2 2 1 218 8237 8335 217
8417 3 2 2 1 8237 8238 8336 8335
8418 3 2 2 1 8238 8239 8337 8336
8419 3 2 2 1 8239 8240 8338 8337
8420 3 2 2 1 8240 8241 8339 8338
8421 3 2 2 1 8241 8242 8340 8339
8422 3 2 2 1 8242 8243 8341 8340
8423 3 2 2 1 8243 8244 8342 8341
8424 3 2 2 1 8244 8245 8343 8342
8425 3 2 2 1 8245 8246 8344 8343
8426 3 2 2 1 8246 8247 8345 8344
8427 3 2 2 1 8247 8248 8346 8345
8428 3 2 2 1 8248 8249 8347 8346
8429 3 2 2 1 8249 8250 8348 8347
8430 3 2 2 1 8250 8251 8349 8348
8431 3 2 2 1 8251 8252 8350 8349
8432 3 2 2 1 8252 8253 8351 8350
8433 3 2 2 1 8253 8254 8352 8351
8434 3 2 2 1 8254 8255 8353 8352
8435 3 2 2 1 8255 8256 8354 8353
8436 3 2 2 1 8256 8257 8355 8354
8437 3 2 2 1 8257 8258 8356 8355
8438 3 2 2 1 8258 8259 8357 8356
8439 3 2 2 1 8259 8260 8358 8357
8440 3 2 2 1 8260 8261 8359 8358
8441 3 2 2 1 8261 8262 8360 8359
8442 3 2 2 1 8262 8263 8361 8360
8443 3 2 2 1 8263 8264 8362 8361
8444 3 2 2 1 8264 8265 8363 8362
8445 3 2 2 1 8265 8266 8364 8363
8446 3 2 2 1 8266 8267 8365 8364
8447 3 2 2 1 8267 8268 8366 8365
8448 3 2 2 1 8268 8269 8367 8366
8449 3 2 2 1 8269 8270 8368 8367
8450 3 2 2 1 8270 8271 8369 8368
8451 3 2 2 1 8271 8272 8370 8369
8452 3 2 2 1 8272 8273 8371 8370
8453 3 2 2 1 8273 8274 8372 8371
8454 3 2 2 1 8274 8275 8373 8372
8455 3 2 2 1 8275 8276 8374 8373
8456 3 2 2 1 8276 8277 8375 8374
8457 3 2 2 1 8277 8278 8376 8375
8458 3 2 2 1 8278 8279 8377 8376
8459 3 2 2 1 8279 8280 8378 8377
8460 3 2 2 1 8280 8281 8379 8378
8461 3 2 2 1 8281 8282 8380 8379
8462 3 2 2 1 8282 8283 8381 8380
8463 3 2 2 1 8283 8284 8382 8381
8464 3 2 2 1 8284 8285 8383 8382
8465 3 2 2 1 8285 8286 8384 8383
8466 3 2 2 1 8286 8287 8385 8384
8467 3 2 2 1 8287 8288 8386 8385
8468 3 2 2 1 8288 8289 8387 8386
8469 3 2 2 1 8289 8290 8388 8387
8470 3 2 2 1 8290 8291 8389 8388
8471 3 2 2 1 8291 8292 8390 8389
8472 3 2 2 1 8292 8293 8391 8390
8473 3 2 2 1 8293 8294 8392 8391
8474 3 2 2 1 8294 8295 8393 8392
8475 3 2 2 1 8295 8296 8394 8393
8476 3 2 2 1 8296 8297 8395 8394
8477 3 2 2 1 8297 8298 8396 8395
8478 3 2 2 1 8298 8299 8397 8396
8479 3 2 2 1 8299 8300 8398 8397
8480 3 2 2 1 8300 8301 8399 8398
8481 3 2 2 1 8301 8302 8400 8399
8482 3 2 2 1 8302 8303 8401 8400
8483 3 2 2 1 8303 8304 8402 8401
8484 3 2 2 1 8304 8305 8403 8402
8485 3 2 2 1 8305 8306 8404 8403
8486 3 2 2 1 8306 8307 8405 8404
8487 3 2 2 1 8307 8308 8406 8405
8488 3 2 2 1 8308 8309 8407 8406
8489 3 2 2 1 8309 8310 8408 8407
8490 3 2 2 1 8310 8311 8409 8408
8491 3 2 2 1 8311 8312 8410 8409
8492 3 2 2 1 8312 8313 8411 8410
8493 3 2 2 1 8313 8314 8412 8411
8494 3 2 2 1 8314 8315 8413 8412
8495 3 2 2 1 8315 8316 8414 8413
8496 3 2 2 1 8316 8317 8415 8414
8497 3 2 2 1 8317 8318 8416 8415
8498 3 2 2 1 8318 8319 8417 8416
8499 3 2 2 1 8319 8320 8418 8417
8500 3 2 2 1 8320 8321 8419 8418
8501 3 2 2 1 8321 8322 8420 8419
8502 3 2 2 1 8322 8323 8421 8420
8503 3 2 2 1 8323 8324 8422 8421
8504 3 2 2 1 8324 8325 8423 8422
8505 3 2 2 1 8325 8326 8424 8423
8506 3 2 2 1 8326 8327 8425 8424
8507 3 2 2 1 8327 8328 8426 8425
8508 3 2 2 1 8328 8329 8427 8426
8509 3 2 2 1 8329 8330 8428 8427
8510 3 2 2 1 8330 8331 8429 8428
8511 3 2 2 1 8331 8332 8430 8429
8512 3 2 2 1 8332 8333 8431 8430
8513 3 2 2 1 8333 8334 8432 8431
8514 3 2 2 1 8334 85 86 8432
8515 3 2 2 1 217 8335 8433 216
8516 3 2 2 1 8335 8336 8434 8433
8517 3 2 2 1 8336 8337 8435 8434
8518 3 2 2 1 8337 8338 8436 8435
8519 3 2 2 1 8338 8339 8437 8436
8520 3 2 2 1 8339 8340 8438 8437
8521 3 2 2 1 8340 8341 8439 8438
8522 3 2 2 1 8341 8342 8440 8439
8523 3 2 2 1 8342 8343 8441 8440
8524 3 2 2 1 8343 8344 8442 8441
8525 3 2 2 1 8344 8345 8443 8442
8526 3 2 2 1 8345 8346 8444 8443
8527 3 2 2 1 8346 8347 8445 8444
8528 3 2 2 1 8347 8348 8446 8445
8529 3 2 2 1 8348 8349 8447 8446
8530 3 2 2 1 8349 8350 8448 8447
8531 3 2 2 1 8350 8351 8449 8448
8532 3 2 2 1 8351 8352 8450 8449
8533 3 2 2 1 8352 8353 8451 8450
8534 3 2 2 1 8353 8354 8452 8451
8535 3 2 2 1 8354 8355 8453 8452
8536 3 2 2 1 8355 8356 8454 8453
8537 3 2 2 1 8356 8357 8455 8454
8538 3 2 2 1 8357 8358 8456 8455
8539 3 2 2 1 8358 8359 8457 8456
8540 3 2 2 1 8359 8360 8458 8457
8541 3 2 2 1 8360 8361 8459 8458
8542 3 2 2 1 8361 8362 8460 8459
8543 3 2 2 1 8362 8363 8461 8460
8544 3 2 2 1 8363 8364 8462 8461
8545 3 2 2 1 8364 8365 8463 8462
8546 3 2 2 1 8365 8366 8464 8463
8547 3 2 2 1 8366 8367 8465 8464
8548 3 2 2 1 8367 8368 8466 8465
8549 3 2 2 1 8368 8369 8467 8466
8550 3 2 2 1 8369 8370 8468 8467
8551 3 2 2 1 8370 8371 8469 8468
8552 3 2 2 1 8371 8372 8470 8469
8553 3 2 2 1 8372 8373 8471 8470
8554 3 2 2 1 8373 8374 8472 8471
8555 3 2 2 1 8374 8375 8473 8472
8556 3 2 2 1 8375 8376 8474 8473
8557 3 2 2 1 8376 8377 8475 8474
8558 3 2 2 1 8377 8378 8476 8475
8559 3 2 2 1 8378 8379 8477 8476
8560 3 2 2 1 8379 8380 8478 8477
8561 3 2 2 1 8380 8381 8479 8478
8562 3 2 2 1 8381 8382 8480 8479
8563 3 2 2 1 8382 8383 8481 8480
8564 3 2 2 1 8383 8384 8482 8481
8565 3 2 2 1 8384 8385 8483 8482
8566 3 2 2 1 8385 8386 8484 8483
8567 3 2 2 1 8386 8387 8485 8484
8568 3 2 2 1 8387 8388 8486 8485
8569 3 2 2 1 8388 8389 8487 8486
8570 3 2 2 1 8389 8390 8488 8487
8571 3 2 2 1 8390 8391 8489 8488
8572 3 2 2 1 8391 8392 8490 8489
8573 3 2 2 1 8392 8393 8491 8490
8574 3 2 2 1 8393 8394 8492 8491
8575 3 2 2 1 8394 8395 8493 8492
8576 3 2 2 1 8395 8396 8494 8493
8577 3 2 2 1 8396 8397 8495 8494
8578 3 2 2 1 8397 8398 8496 8495
8579 3 2 2 1 8398 8399 8497 8496
8580 3 2 2 1 8399 8400 8498 8497
8581 3 2 2 1 8400 8401 8499 8498
8582 3 2 2 1 8401 8402 8500 8499
8583 3 2 2 1 8402 8403 8501 8500
8584 3 2 2 1 8403 8404 8502 8501
8585 3 2 2 1 8404 8405 8503 8502
8586 3 2 2 1 8405 8406 8504 8503
8587 3 2 2 1 8406 8407 8505 8504
8588 3 2 2 1 8407 8408 8506 8505
8589 3 2 2 1 8408 8409 8507 8506
8590 3 2 2 1 8409 8410 8508 8507
8591 3 2 2 1 8410 8411 8509 8508
8592 3 2 2 1 8411 8412 8510 8509
8593 3 2 2 1 8412 8413 8511 8510
8594 3 2 2 1 8413 8414 8512 8511
8595 3 2 2 1 8414 8415 8513 8512
8596 3 2 2 1 8415 8416 8514 8513
8597 3 2 2 1 8416 8417 8515 8514
8598 3 2 2 1 8417 8418 8516 8515
8599 3 2 2 1 8418 8419 8517 8516
8600 3 2 2 1 8419 8420 8518 8517
8601 3 2 2 1 8420 8421 8519 8518
8602 3 2 2 1 8421 8422 8520 8519
8603 3 2 2 1 8422 8423 8521 8520
8604 3 2 2 1 8423 8424 8522 8521
8605 3 2 2 1 8424 8425 8523 8522
8606 3 2 2 1 8425 8426 8524 8523
8607 3 2 2 1 8426 8427 8525 8524
8608 3 2 2 1 8427 8428 8526 8525
8609 3 2 2 1 8428 8429 8527 8526
8610 3 2 2 1 8429 8430 8528 8527
8611 3 2 2 1 8430 8431 8529 8528
8612 3 2 2 1 8431 8432 8530 8529
8613 3 2 2 1 8432 86 87 8530
8614 3 2 2 1 216 8433 8531 215
8615 3 2 2 1 8433 8434 8532 8531
8616 3 2 2 1 8434 8435 8533 8532
8617 3 2 2 1 8435 8436 8534 8533
8618 3 2 2 1 8436 8437 8535 8534
8619 3 2 2 1 8437 8438 8536 8535
8620 3 2 2 1 8438 8439 8537 8536
8621 3 2 2 1 8439 8440 8538 8537
8622 3 2 2 1 8440 8441 8539 8538
8623 3 2 2 1 8441 8442 8540 8539
8624 3 2 2 1 8442 8443 8541 8540
8625 3 2 2 1 8443 8444 8542 8541
8626 3 2 2 1 8444 8445 8543 8542
8627 3 2 2 1 8445 8446 8544 8543
8628 3 2 2 1 8446 8447 8545 8544
8629 3 2 2 1 8447 8448 8546 8545
8630 3 2 2 1 8448 8449 8547 8546
8631 3 2 2 1 8449 8450 8548 8547
8632 3 2 2 1 8450 8451 8549 8548
8633 3 2 2 1 8451 8452 8550 8549
8634 3 2 2 1 8452 8453 8551 8550
8635 3 2 2 1 8453 8454 8552 8551
8636 3 2 2 1 8454 8455 8553 8552
8637 3 2 2 1 8455 8456 8554 8553
8638 3 2 2 1 8456 8457 8555 8554
8639 3 2 2 1 8457 8458 8556 8555
8640 3 2 2 1 8458 8459 8557 8556
8641 3 2 2 1 8459 8460 8558 8557
8642 3 2 2 1 8460 8461 8559 8558
8643 3 2 2 1 8461 8462 8560 8559
8644 3 2 2 1 8462 8463 8561 8560
8645 3 2 2 1 8463 8464 8562 8561
8646 3 2 2 1 8464 8465 8563 8562
8647 3 2 2 1 8465 8466 8564 8563
8648 3 2 2 1 8466 8467 8565 8564
8649 3 2 2 1 8467 8468 8566 8565
8650 3 2 2 1 8468 8469 8567 8566
8651 3 2 2 1 8469 8470 8568 8567
8652 3 2 2 1 8470 8471 8569 8568
8653 3 2 2 1 8471 8472 8570 8569
8654 3 2 2 1 8472 8473 8571 8570
8655 3 2 2 1 8473 8474 8572 8571
8656 3 2 2 1 8474 8475 8573 8572
8657 3 2 2 1 8475 8476 8574 8573
8658 3 2 2 1 8476 8477 8575 8574
8659 3 2 2 1 8477 8478 8576 8575
8660 3 2 2 1 8478 8479 8577 8576
8661 3 2 2 1 8479 8480 8578 8577
8662 3 2 2 1 8480 8481 8579 8578
8663 3 2 2 1 8481 8482 8580 8579
8664 3 2 2 1 8482 8483 8581 8580
8665 3 2 2 1 8483 8484 8582 8581
8666 3 2 2 1 8484 8485 8583 8582
8667 3 2 2 1 8485 8486 8584 8583
8668 3 2 2 1 8486 8487 8585 8584
8669 3 2 2 1 8487 8488 8586 8585
8670 3 2 2 1 8488 8489 8587 8586
8671 3 2 2 1 8489 8490 8588 8587
8672 3 2 2 1 8490 8491 8589 8588
8673 3 2 2 1 8491 8492 8590 8589
8674 3 2 2 1 8492 8493 8591 8590
8675 3 2 2 1 8493 8494 8592 8591
8676 3 2 2 1 8494 8495 8593 8592
8677 3 2 2 1 8495 8496 8594 8593
8678 3 2 2 1 8496 8497 8595 8594
8679 3 2 2 1 8497 8498 8596 8595
8680 3 2 2 1 8498 8499 8597 8596
8681 3 2 2 1 8499 8500 8598 8597
8682 3 2 2 1 8500 8501 8599 8598
8683 3 2 2 1 8501 8502 8600 8599
8684 3 2 2 1 8502 8503 8601 8600
8685 3 2 2 1 8503 8504 8602 8601
8686 3 2 2 1 8504 8505 8603 8602
8687 3 2 2 1 8505 8506 8604 8603
8688 3 2 2 1 8506 8507 8605 8604
8689 3 2 2 1 8507 8508 8606 8605
8690 3 2 2 1 8508 8509 8607 8606
8691 3 2 2 1 8509 8510 8608 8607
8692 3 2 2 1 8510 8511 8609 8608
8693 3 2 2 1 8511 8512 8610 8609
8694 3 2 2 1 8512 8513 8611 8610
8695 3 2 2 1 8513 8514 8612 8611
8696 3 2 2 1 8514 8515 8613 8612
8697 3 2 2 1 8515 8516 8614 8613
8698 3 2 2 1 8516 8517 8615 8614
8699 3 2 2 1 8517 8518 8616 8615
8700 3 2 2 1 8518 8519 8617 8616
8701 3 2 2 1 8519 8520 8618 8617
8702 3 2 2 1 8520 8521 8619 8618
8703 3 2 2 1 8521 8522 8620 8619
8704 3 2 2 1 8522 8523 8621 8620
8705 3 2 2 1 8523 8524 8622 8621
8706 3 2 2 1 8524 8525 8623 8622
8707 3 2 2 1 8525 8526 8624 8623
8708 3 2 2 1 8526 8527 8625 8624
8709 3 2 2 1 8527 8528 8626 8625
8710 3 2 2 1 8528 8529 8627 8626
8711 3 2 2 1 8529 8530 8628 8627
8712 3 2 2 1 8530 87 88 8628
8713 3 2 2 1 215 8531 8629 214
8714 3 2 2 1 8531 8532 8630 8629
8715 3 2 2 1 8532 8533 8631 8630
8716 3 2 2 1 8533 8534 8632 8631
8717 3 2 2 1 8534 8535 8633 8632
8718 3 2 2 1 8535 8536 8634 8633
8719 3 2 2 1 8536 8537 8635 8634
8720 3 2 2 1 8537 8538 8636 8635
8721 3 2 2 1 8538 8539 8637 8636
8722 3 2 2 1 8539 8540 8638 8637
8723 3 2 2 1 8540 8541 8639 8638
8724 3 2 2 1 8541 8542 8640 8639
8725 3 2 2 1 8542 8543 8641 8640
8726 3 2 2 1 8543 8544 8642 8641
8727 3 2 2 1 8544 8545 8643 8642
8728 3 2 2 1 8545 8546 8644 8643
8729 3 2 2 1 8546 8547 8645 8644
8730 3 2 2 1 8547 8548 8646 8645
8731 3 2 2 1 8548 8549 8647 8646
8732 3 2 2 1 8549 8550 8648 8647
8733 3 2 2 1 8550 8551 8649 8648
8734 3 2 2 1 8551 8552 8650 8649
8735 3 2 2 1 8552 8553 8651 8650
8736 3 2 2 1 8553 8554 8652 8651
8737 3 2 2 1 8554 8555 8653 8652
8738 3 2 2 1 8555 8556 8654 8653
8739 3 2 2 1 8556 8557 8655 8654
8740 3 2 2 1 8557 8558 8656 8655
8741 3 2 2 1 8558 8559 8657 8656
8742 3 2 2 1 8559 8560 8658 8657
8743 3 2 2 1 8560 8561 8659 8658
8744 3 2 2 1 8561 8562 8660 8659
8745 3 2 2 1 8562 8563 8661 8660
8746 3 2 2 1 8563 8564 8662 8661
8747 3 2 2 1 8564 8565 8663 8662
8748 3 2 2 1 8565 8566 8664 8663
8749 3 2 2 1 8566 8567 8665 8664
8750 3 2 2 1 8567 8568 8666 8665
8751 3 2 2 1 8568 8569 8667 8666
8752 3 2 2 1 8569 8570 8668 8667
8753 3 2 2 1 8570 8571 8669 8668
8754 3 2 2 1 8571 8572 8670 8669
8755 3 2 2 1 8572 8573 8671 8670
8756 3 2 2 1 8573 8574 8672 8671
8757 3 2 2 1 8574 8575 8673 8672
8758 3 2 2 1 8575 8576 8674 8673
8759 3 2 2 1 8576 8577 8675 8674
8760 3 2 2 1 8577 8578 8676 8675
8761 3 2 2 1 8578 8579 8677 8676
8762 3 2 2 1 8579 8580 8678 8677
8763 3 2 2 1 8580 8581 8679 8678
8764 3 2 2 1 8581 8582 8680 8679
8765 3 2 2 1 8582 8583 8681 8680
8766 3 2 2 1 8583 8584 8682 8681
8767 3 2 2 1 8584 8585 8683 8682
8768 3 2 2 1 8585 8586 8684 8683
8769 3 2 2 1 8586 8587 8685 8684
8770 3 2 2 1 8587 8588 8686 8685
8771 3 2 2 1 8588 8589 8687 8686
8772 3 2 2 1 8589 8590 8688 8687
8773 3 2 2 1 8590 8591 8689 8688
8774 3 2 2 1 8591 8592 8690 8689
8775 3 2 2 1 8592 8593 8691 8690
8776 3 2 2 1 8593 8594 8692 8691
8777 3 2 2 1 8594 8595 8693 8692
8778 3 2 2 1 8595 8596 8694 8693
8779 3 2 2 1 8596 8597 8695 8694
8780 3 2 2 1 8597 8598 8696 8695
8781 3 2 2 1 8598 8599 8697 8696
8782 3 2 2 1 8599 8600 8698 8697
8783 3 2 2 1 8600 8601 8699 8698
8784 3 2 2 1 8601 8602 8700 8699
8785 3 2 2 1 8602 8603 8701 8700
8786 3 2 2 1 8603 8604 8702 8701
8787 3 2 2 1 8604 8605 8703 8702
8788 3 2 2 1 8605 8606 8704 8703
8789 3 2 2 1 8606 8607 8705 8704
8790 3 2 2 1 8607 8608 8706 8705
8791 3 2 2 1 8608 8609 8707 8706
8792 3 2 2 1 8609 8610 8708 8707
8793 3 2 2 1 8610 8611 8709 8708
8794 3 2 2 1 8611 8612 8710 8709
8795 3 2 2 1 8612 8613 8711 8710
8796 3 2 2 1 8613 8614 8712 8711
8797 3 2 2 1 8614 8615 8713 8712
8798 3 2 2 1 8615 8616 8714 8713
8799 3 2 2 1 8616 8617 8715 8714
8800 3 2 2 1 8617 8618 8716 8715
8801 3 2 2 1 8618 8619 8717 8716
8802 3 2 2 1 8619 8620 8718 8717
8803 3 2 2 1 8620 8621 8719 8718
8804 3 2 2 1 8621 8622 8720 8719
8805 3 2 2 1 8622 8623 8721 8720
8806 3 2 2 1 8623 8624 8722 8721
8807 3 2 2 1 8624 8625 8723 8722
8808 3 2 2 1 8625 8626 8724 8723
8809 3 2 2 1 8626 8627 8725 8724
8810 3 2 2 1 8627 8628 8726 8725
8811 3 2 2 1 8628 88 89 8726
8812 3 2 2 1 214 8629 8727 213
8813 3 2 2 1 8629 8630 8728 8727
8814 3 2 2 1 8630 8631 8729 8728
8815 3 2 2 1 8631 8632 8730 8729
8816 3 2 2 1 8632 8633 8731 8730
8817 3 2 2 1 8633 8634 8732 8731
8818 3 2 2 1 8634 8635 8733 8732
8819 3 2 2 1 8635 8636 8734 8733
8820 3 2 2 1 8636 8637 8735 8734
8821 3 2 2 1 8637 8638 8736 8735
8822 3 2 2 1 8638 8639 8737 8736
8823 3 2 2 1 8639 8640 8738 8737
8824 3 2 2 1 8640 8641 8739 8738
8825 3 2 2 1 8641 8642 8740 8739
8826 3 2 2 1 8642 8643 8741 8740
8827 3 2 2 1 8643 8644 8742 8741
8828 3 2 2 1 8644 8645 8743 8742
8829 3 2 2 1 8645 8646 8744 8743
8830 3 2 2 1 8646 8647 8745 8744
8831 3 2 2 1 8647 8648 8746 8745
8832 3 2 2 1 8648 8649 8747 8746
8833 3 2 2 1 8649 8650 8748 8747
8834 3 2 2 1 8650 8651 8749 8748
8835 3 2 2 1 8651 8652 8750 8749
8836 3 2 2 1 8652 8653 8751 8750
8837 3 2 2 1 8653 8654 8752 8751
8838 3 2 2 1 8654 8655 8753 8752
8839 3 2 2 1 8655 8656 8754 8753
8840 3 2 2 1 8656 8657 8755 8754
8841 3 2 2 1 8657 8658 8756 8755
8842 3 2 2 1 8658 8659 8757 8756
8843 3 2 2 1 8659 8660 8758 8757
8844 3 2 2 1 8660 8661 8759 8758
8845 3 2 2 1 8661 8662 8760 8759
8846 3 2 2 1 8662 8663 8761 8760
8847 3 2 2 1 8663 8664 8762 8761
8848 3 2 2 1 8664 8665 8763 8762
8849 3 2 2 1 8665 8666 8764 8763
8850 3 2 2 1 8666 8667 8765 8764
8851 3 2 2 1 8667 8668 8766 8765
8852 3 2 2 1 8668 8669 8767 8766
8853 3 2 2 1 8669 8670 8768 8767
8854 3 2 2 1 8670 8671 8769 8768
8855 3 2 2 1 8671 8672 8770 8769
8856 3 2 2 1 8672 8673 8771 8770
8857 3 2 2 1 8673 8674 8772 8771
8858 3 2 2 1 8674 8675 8773 8772
8859 3 2 2 1 8675 8676 8774 8773
8860 3 2 2 1 8676 8677 8775 8774
8861 3 2 2 1 8677 8678 8776 8775
8862 3 2 2 1 8678 8679 8777 8776
8863 3 2 2 1 8679 8680 8778 8777
8864 3 2 2 1 8680 8681 8779 8778
8865 3 2 2 1 8681 8682 8780 8779
8866 3 2 2 1 8682 8683 8781 8780
8867 3 2 2 1 8683 8684 8782 8781
8868 3 2 2 1 8684 8685 8783 8782
8869 3 2 2 1 8685 8686 8784 8783
8870 3 2 2 1 8686 8687 8785 8784
8871 3 2 2 1 8687 8688 8786 8785
8872 3 2 2 1 8688 8689 8787 8786
8873 3 2 2 1 8689 8690 8788 8787
8874 3 2 2 1 8690 8691 8789 8788
8875 3 2 2 1 8691 8692 8790 8789
8876 3 2 2 1 8692 8693 8791 8790
8877 3 2 2 1 8693 8694 8792 8791
8878 3 2 2 1 8694 8695 8793 8792
8879 3 2 2 1 8695 8696 8794 8793
8880 3 2 2 1 8696 8697 8795 8794
8881 3 2 2 1 8697 8698 8796 8795
8882 3 2 2 1 8698 8699 8797 8796
8883 3 2 2 1 8699 8700 8798 8797
8884 3 2 2 1 8700 8701 8799 8798
8885 3 2 2 1 8701 8702 8800 8799
8886 3 2 2 1 8702 8703 8801 8800
8887 3 2 2 1 8703 8704 8802 8801
8888 3 2 2 1 8704 8705 8803 8802
8889 3 2 2 1 8705 8706 8804 8803
8890 3 2 2 1 8706 8707 8805 8804
8891 3 2 2 1 8707 8708 8806 8805
8892 3 2 2 1 8708 8709 8807 8806
8893 3 2 2 1 8709 8710 8808 8807
8894 3 2 2 1 8710 8711 8809 8808
8895 3 2 2 1 8711 8712 8810 8809
8896 3 2 2 1 8712 8713 8811 8810
8897 3 2 2 1 8713 8714 8812 8811
8898 3 2 2 1 8714 8715 8813 8812
8899 3 2 2 1 8715 8716 8814 8813
8900 3 2 2 1 8716 8717 8815 8814
8901 3 2 2 1 8717 8718 8816 8815
8902 3 2 2 1 8718 8719 8817 8816
8903 3 2 2 1 8719 8720 8818 8817
8904 3 2 2 1 8720 8721 8819 8818
8905 3 2 2 1 8721 8722 8820 8819
8906 3 2 2 1 8722 8723 8821 8820
8907 3 2 2 1 8723 8724 8822 8821
8908 3 2 2 1 8724 8725 8823 8822
8909 3 2 2 1 8725 8726 8824 8823
8910 3 2 2 1 8726 89 90 8824
8911 3 2 2 1 213 8727 8825 212
8912 3 2 2 1 8727 8728 8826 8825
8913 3 2 2 1 8728 8729 8827 8826
8914 3 2 2 1 8729 8730 8828 8827
8915 3 2 2 1 8730 8731 8829 8828
8916 3 2 2 1 8731 8732 8830 8829
8917 3 2 2 1 8732 8733 8831 8830
8918 3 2 2 1 8733 8734 8832 8831
8919 3 2 2 1 8734 8735 8833 8832
8920 3 2 2 1 8735 8736 8834 8833
8921 3 2 2 1 8736 8737 8835 8834
8922 3 2 2 1 8737 8738 8836 8835
8923 3 2 2 1 8738 8739 8837 8836
8924 3 2 2 1 8739 8740 8838 8837
8925 3 2 2 1 8740 8741 8839 8838
8926 3 2 2 1 8741 8742 8840 8839
8927 3 2 2 1 8742 8743 8841 8840
8928 3 2 2 1 8743 8744 8842 8841
8929 3 2 2 1 8744 8745 8843 8842
8930 3 2 2 1 8745 8746 8844 8843
8931 3 2 2 1 8746 8747 8845 8844
8932 3 2 2 1 8747 8748 8846 8845
8933 3 2 2 1 8748 8749 8847 8846
8934 3 2 2 1 8749 8750 8848 8847
8935 3 2 2 1 8750 8751 8849 8848
8936 3 2 2 1 8751 8752 8850 8849
8937 3 2 2 1 8752 8753 8851 8850
8938 3 2 2 1 8753 8754 8852 8851
8939 3 2 2 1 8754 8755 8853 8852
8940 3 2 2 1 8755 8756 8854 8853
8941 3 2 2 1 8756 8757 8855 8854
8942 3 2 2 1 8757 8758 8856 8855
8943 3 2 2 1 8758 8759 8857 8856
8944 3 2 2 1 8759 8760 8858 8857
8945 3 2 2 1 8760 8761 8859 8858
8946 3 2 2 1 8761 8762 8860 8859
8947 3 2 2 1 8762 8763 8861 8860
8948 3 2 2 1 8763 8764 8862 8861
8949 3 2 2 1 8764 8765 8863 8862
8950 3 2 2 1 8765 8766 8864 8863
8951 3 2 2 1 8766 8767 8865 8864
8952 3 2 2 1 8767 8768 8866 8865
8953 3 2 2 1 8768 8769 8867 8866
8954 3 2 2 1 8769 8770 8868 8867
8955 3 2 2 1 8770 8771 8869 8868
8956 3 2 2 1 8771 8772 8870 8869
8957 3 2 2 1 8772 8773 8871 8870
8958 3 2 2 1 8773 8774 8872 8871
8959 3 2 2 1 8774 8775 8873 8872
8960 3 2 2 1 8775 8776 8874 8873
8961 3 2 2 1 8776 8777 8875 8874
8962 3 2 2 1 8777 8778 8876 8875
8963 3 2 2 1 8778 8779 8877 8876
8964 3 2 2 1 8779 8780 8878 8877
8965 3 2 2 1 8780 8781 8879 8878
8966 3 2 2 1 8781 8782 8880 8879
8967 3 2 2 1 8782 8783 8881 8880
8968 3 2 2 1 8783 8784 8882 8881
8969 3 2 2 1 8784 8785 8883 8882
8970 3 2 2 1 8785 8786 8884 8883
8971 3 2 2 1 8786 8787 8885 8884
8972 3 2 2 1 8787 8788 8886 8885
8973 3 2 2 1 8788 8789 8887 8886
8974 3 2 2 1 8789 8790 8888 8887
8975 3 2 2 1 8790 8791 8889 8888
8976 3 2 2 1 8791 8792 8890 8889
8977 3 2 2 1 8792 8793 8891 8890
8978 3 2 2 1 8793 8794 8892 8891
8979 3 2 2 1 8794 8795 8893 8892
8980 3 2 2 1 8795 8796 8894 8893
8981 3 2 2 1 8796 8797 8895 8894
8982 3 2 2 1 8797 8798 8896 8895
8983 3 2 2 1 8798 8799 8897 8896
8984 3 2 2 1 8799 8800 8898 8897
8985 3 2 2 1 8800 8801 8899 8898
8986 3 2 2 1 8801 8802 8900 8899
8987 3 2 2 1 8802 8803 8901 8900
8988 3 2 2 1 8803 8804 8902 8901
8989 3 2 2 1 8804 8805 8903 8902
8990 3 2 2 1 8805 8806 8904 8903
8991 3 2 2 1 8806 8807 8905 8904
8992 3 2 2 1 8807 8808 8906 8905
8993 3 2 2 1 8808 8809 8907 8906
8994 3 2 2 1 8809 8810 8908 8907
8995 3 2 2 1 8810 8811 8909 8908
8996 3 2 2 1 8811 8812 8910 8909
8997 3 2 2 1 8812 8813 8911 8910
8998 3 2 2 1 8813 8814 8912 8911
8999 3 2 2 1 8814 8815 8913 8912
9000 3 2 2 1 8815 8816 8914 8913
9001 3 2 2 1 8816 8817 8915 8914
9002 3 2 2 1 8817 8818 8916 8915
9003 3 2 2 1 8818 8819 8917 8916
9004 3 2 2 1 8819 8820 8918 8917
9005 3 2 2 1 8820 8821 8919 8918
9006 3 2 2 1 8821 8822 8920 8919
9007 3 2 2 1 8822 8823 8921 8920
9008 3 2 2 1 8823 8824 8922 8921
9009 3 2 2 1 8824 90 91 8922
9010 3 2 2 1 212 8825 8923 211
9011 3 2 2 1 8825 8826 8924 8923
9012 3 2 2 1 8826 8827 8925 8924
9013 3 2 2 1 8827 8828 8926 8925
9014 3 2 2 1 8828 8829 8927 8926
9015 3 2 2 1 8829 8830 8928 8927
9016 3 2 2 1 8830 8831 8929 8928
9017 3 2 2 1 8831 8832 8930 8929
9018 3 2 2 1 8832 8833 8931 8930
9019 3 2 2 1 8833 8834 8932 8931
9020 3 2 2 1 8834 8835 8933 8932
9021 3 2 2 1 8835 8836 8934 8933
9022 3 2 2 1 8836 8837 8935 8934
9023 3 2 2 1 8837 8838 8936 8935
9024 3 2 2 1 8838 8839 8937 8936
9025 3 2 2 1 8839 8840 8938 8937
9026 3 2 2 1 8840 8841 8939 8938
9027 3 2 2 1 8841 8842 8940 8939
9028 3 2 2 1 8842 8843 8941 8940
9029 3 2 2 1 8843 8844 8942 8941
9030 3 2 2 1 8844 8845 8943 8942
9031 3 2 2 1 8845 8846 8944 8943
9032 3 2 2 1 8846 8847 8945 8944
9033 3 2 2 1 8847 8848 8946 8945
9034 3 2 2 1 8848 8849 8947 8946
9035 3 2 2 1 8849 8850 8948 8947
9036 3 2 2 1 8850 8851 8949 8948
9037 3 2 2 1 8851 8852 8950 8949
9038 3 2 2 1 8852 8853 8951 8950
9039 3 2 2 1 8853 8854 8952 8951
9040 3 2 2 1 8854 8855 8953 8952
9041 3 2 2 1 8855 8856 8954 8953
9042 3 2 2 1 8856 8857 8955 8954
9043 3 2 2 1 8857 8858 8956 8955
9044 3 2 2 1 8858 8859 8957 8956
9045 3 2 2 1 8859 8860 8958 8957
9046 3 2 2 1 8860 8861 8959 8958
9047 3 2 2 1 8861 8862 8960 8959
9048 3 2 2 1 8862 8863 8961 8960
9049 3 2 2 1 8863 8864 8962 8961
9050 3 2 2 1 8864 8865 8963 8962
9051 3 2 2 1 8865 8866 8964 8963
9052 3 2 2 1 8866 8867 8965 8964
9053 3 2 2 1 8867 8868 8966 8965
9054 3 2 2 1 8868 8869 8967 8966
9055 3 2 2 1 8869 8870 8968 8967
9056 3 2 2 1 8870 8871 8969 8968
9057 3 2 2 1 8871 8872 8970 8969
9058 3 2 2 1 8872 8873 8971 8970
9059 3 2 2 1 8873 8874 8972 8971
9060 3 2 2 1 8874 8875 8973 8972
9061 3 2 2 1 8875 8876 8974 8973
9062 3 2 2 1 8876 8877 8975 8974
9063 3 2 2 1 8877 8878 8976 8975
9064 3 2 2 1 8878 8879 8977 8976
9065 3 2 2 1 8879 8880 8978 8977
9066 3 2 2 1 8880 8881 8979 8978
9067 3 2 2 1 8881 8882 8980 8979
9068 3 2 2 1 8882 8883 8981 8980
9069 3 2 2 1 8883 8884 8982 8981
9070 3 2 2 1 8884 8885 8983 8982
9071 3 2 2 1 8885 8886 8984 8983
9072 3 2 2 1 8886 8887 8985 8984
9073 3 2 2 1 8887 8888 8986 8985
9074 3 2 2 1 8888 8889 8987 8986
9075 3 2 2 1 8889 8890 8988 8987
9076 3 2 2 1 8890 8891 8989 8988
9077 3 2 2 1 8891 8892 8990 8989
9078 3 2 2 1 8892 8893 8991 8990
9079 3 2 2 1 8893 8894 8992 8991
9080 3 2 2 1 8894 8895 8993 8992
9081 3 2 2 1 8895 8896 8994 8993
9082 3 2 2 1 8896 8897 8995 8994
9083 3 2 2 1 8897 8898 8996 8995
9084 3 2 2 1 8898 8899 8997 8996
9085 3 2 2 1 8899 8900 8998 8997
9086 3 2 2 1 8900 8901 8999 8998
9087 3 2 2 1 8901 8902 9000 8999
9088 3 2 2 1 8902 8903 9001 9000
9089 3 2 2 1 8903 8904 9002 9001
9090 3 2 2 1 8904 8905 9003 9002
9091 3 2 2 1 8905 8906 9004 9003
9092 3 2 2 1 8906 8907 9005 9004
9093 3 2 2 1 8907 8908 9006 9005
9094 3 2 2 1 8908 8909 9007 9006
9095 3 2 2 1 8909 8910 9008 9007
9096 3 2 2 1 8910 8911 9009 9008
9097 3 2 2 1 8911 8912 9010 9009
9098 3 2 2 1 8912 8913 9011 9010
9099 3 2 2 1 8913 8914 9012 9011
9100 3 2 2 1 8914 8915 9013 9012
9101 3 2 2 1 8915 8916 9014 9013
9102 3 2 2 1 8916 8917 9015 9014
9103 3 2 2 1 8917 8918 9016 9015
9104 3 2 2 1 8918 8919 9017 9016
9105 3 2 2 1 8919 8920 9018 9017
9106 3 2 2 1 8920 8921 9019 9018
9107 3 2 2 1 8921 8922 9020 9019
9108 3 2 2 1 8922 91 92 9020
9109 3 2 2 1 211 8923 9021 210
9110 3 2 2 1 8923 8924 9022 9021
9111 3 2 2 1 8924 8925 9023 9022
9112 3 2 2 1 8925 8926 9024 9023
9113 3 2 2 1 8926 8927 9025 9024
9114 3 2 2 1 8927 8928 9026 9025
9115 3 2 2 1 8928 8929 9027 9026
9116 3 2 2 1 8929 8930 9028 9027
9117 3 2 2 1 8930 8931 9029 9028
9118 3 2 2 1 8931 8932 9030 9029
9119 3 2 2 1 8932 8933 9031 9030
9120 3 2 2 1 8933 8934 9032 9031
9121 3 2 2 1 8934 8935 9033 9032
9122 3 2 2 1 8935 8936 9034 9033
9123 3 2 2 1 8936 8937 9035 9034
9124 3 2 2 1 8937 8938 9036 9035
9125 3 2 2 1 8938 8939 9037 9036
9126 3 2 2 1 8939 8940 9038 9037
9127 3 2 2 1 8940 8941 9039 9038
9128 3 2 2 1 8941 8942 9040 9039
9129 3 2 2 1 8942 8943 9041 9040
9130 3 2 2 1 8943 8944 9042 9041
9131 3 2 2 1 8944 8945 9043 9042
9132 3 2 2 1 8945 8946 9044 9043
9133 3 2 2 1 8946 8947 9045 9044
9134 3 2 2 1 8947 8948 9046 9045
9135 3 2 2 1 8948 8949 9047 9046
9136 3 2 2 1 8949 8950 9048 9047
9137 3 2 2 1 8950 8951 9049 9048
9138 3 2 2 1 8951 8952 9050 9049
9139 3 2 2 1 8952 8953 9051 9050
9140 3 2 2 1 8953 8954 9052 9051
9141 3 2 2 1 8954 8955 9053 9052
9142 3 2 2 1 8955 8956 9054 9053
9143 3 2 2 1 8956 8957 9055 9054
9144 3 2 2 1 8957 8958 9056 9055
9145 3 2 2 1 8958 8959 9057 9056
9146 3 2 2 1 8959 8960 9058 9057
9147 3 2 2 1 8960 8961 9059 9058
9148 3 2 2 1 8961 8962 9060 9059
9149 3 2 2 1 8962 8963 9061 9060
9150 3 2 2 1 8963 8964 9062 9061
9151 3 2 2 1 8964 8965 9063 9062
9152 3 2 2 1 8965 8966 9064 9063
9153 3 2 2 1 8966 8967 9065 9064
9154 3 2 2 1 8967 8968 9066 9065
9155 3 2 2 1 8968 8969 9067 9066
9156 3 2 2 1 8969 8970 9068 9067
9157 3 2 2 1 8970 8971 9069 9068
9158 3 2 2 1 8971 8972 9070 9069
9159 3 2 2 1 8972 8973 9071 9070
9160 3 2 2 1 8973 8974 9072 9071
9161 3 2 2 1 8974 8975 9073 9072
9162 3 2 2 1 8975 8976 9074 9073
9163 3 2 2 1 8976 8977 9075 9074
9164 3 2 2 1 8977 8978 9076 9075
9165 3 2 2 1 8978 8979 9077 9076
9166 3 2 2 1 8979 8980 9078 9077
9167 3 2 2 1 8980 8981 9079 9078
9168 3 2 2 1 8981 8982 9080 9079
9169 3 2 2 1 8982 8983 9081 9080
9170 3 2 2 1 8983 8984 9082 9081
9171 3 2 2 1 8984 8985 9083 9082
9172 3 2 2 1 8985 8986 9084 9083
9173 3 2 2 1 8986 8987 9085 9084
9174 3 2 2 1 8987 8988 9086 9085
9175 3 2 2 1 8988 8989 9087 9086
9176 3 2 2 1 8989 8990 9088 9087
9177 3 2 2 1 8990 8991 9089 9088
9178 3 2 2 1 8991 8992 9090 9089
9179 3 2 2 1 8992 8993 9091 9090
9180 3 2 2 1 8993 8994 9092 9091
9181 3 2 2 1 8994 8995 9093 9092
9182 3 2 2 1 8995 8996 9094 9093
9183 3 2 2 1 8996 8997 9095 9094
9184 3 2 2 1 8997 8998 9096 9095
9185 3 2 2 1 8998 8999 9097 9096
9186 3 2 2 1 8999 9000 9098 9097
9187 3 2 2 1 9000 9001 9099 9098
9188 3 2 2 1 9001 9002 9100 9099
9189 3 2 2 1 9002 9003 9101 9100
9190 3 2 2 1 9003 9004 9102 9101
9191 3 2 2 1 9004 9005 9103 9102
9192 3 2 2 1 9005 9006 9104 9103
9193 3 2 2 1 9006 9007 9105 9104
9194 3 2 2 1 9007 9008 9106 9105
9195 3 2 2 1 9008 9009 9107 9106
9196 3 2 2 1 9009 9010 9108 9107
9197 3 2 2 1 9010 9011 9109 9108
9198 3 2 2 1 9011 9012 9110 9109
9199 3 2 2 1 9012 9013 9111 9110
9200 3 2 2 1 9013 9014 9112 9111
9201 3 2 2 1 9014 9015 9113 9112
9202 3 2 2 1 9015 9016 9114 9113
9203 3 2 2 1 9016 9017 9115 9114
9204 3 2 2 1 9017 9018 9116 9115
9205 3 2 2 1 9018 9019 9117 9116
9206 3 2 2 1 9019 9020 9118 9117
9207 3 2 2 1 9020 92 93 9118
9208 3 2 2 1 210 9021 9119 209
9209 3 2 2 1 9021 9022 9120 9119
9210 3 2 2 1 9022 9023 9121 9120
9211 3 2 2 1 9023 9024 9122 9121
9212 3 2 2 1 9024 9025 9123 9122
9213 3 2 2 1 9025 9026 9124 9123
9214 3 2 2 1 9026 9027 9125 9124
9215 3 2 2 1 9027 9028 9126 9125
9216 3 2 2 1 9028 9029 9127 9126
9217 3 2 2 1 9029 9030 9128 9127
9218 3 2 2 1 9030 9031 9129 9128
9219 3 2 2 1 9031 9032 9130 9129
9220 3 2 2 1 9032 9033 9131 9130
9221 3 2 2 1 9033 9034 9132 9131
9222 3 2 2 1 9034 9035 9133 9132
9223 3 2 2 1 9035 9036 9134 9133
9224 3 2 2 1 9036 9037 9135 9134
9225 3 2 2 1 9037 9038 9136 9135
9226 3 2 2 1 9038 9039 9137 9136
9227 3 2 2 1 9039 9040 9138 9137
9228 3 2 2 1 9040 9041 9139 9138
9229 3 2 2 1 9041 9042 9140 9139
9230 3 2 2 1 9042 9043 9141 9140
9231 3 2 2 1 9043 9044 9142 9141
9232 3 2 2 1 9044 9045 9143 9142
9233 3 2 2 1 9045 9046 9144 9143
9234 3 2 2 1 9046 9047 9145 9144
9235 3 2 2 1 9047 9048 9146 9145
9236 3 2 2 1 9048 9049 9147 9146
9237 3 2 2 1 9049 9050 9148 9147
9238 3 2 2 1 9050 9051 9149 9148
9239 3 2 2 1 9051 9052 9150 9149
9240 3 2 2 1 9052 9053 9151 9150
9241 3 2 2 1 9053 9054 9152 9151
9242 3 2 2 1 9054 9055 9153 9152
9243 3 2 2 1 9055 9056 9154 9153
9244 3 2 2 1 9056 9057 9155 9154
9245 3 2 2 1 9057 9058 9156 9155
9246 3 2 2 1 9058 9059 9157 9156
9247 3 2 2 1 9059 9060 9158 9157
9248 3 2 2 1 9060 9061 9159 9158
9249 3 2 2 1 9061 9062 9160 9159
9250 3 2 2 1 9062 9063 9161 9160
9251 3 2 2 1 9063 9064 9162 9161
9252 3 2 2 1 9064 9065 9163 9162
9253 3 2 2 1 9065 9066 9164 9163
9254 3 2 2 1 9066 9067 9165 9164
9255 3 2 2 1 9067 9068 9166 9165
9256 3 2 2 1 9068 9069 9167 9166
9257 3 2 2 1 9069 9070 9168 9167
9258 3 2 2 1 9070 9071 9169 9168
9259 3 2 2 1 9071 9072 9170 9169
9260 3 2 2 1 9072 9073 9171 9170
9261 3 2 2 1 9073 9074 9172 9171
9262 3 2 2 1 9074 9075 9173 9172
9263 3 2 2 1 9075 9076 9174 9173
9264 3 2 2 1 9076 9077 9175 9174
9265 3 2 2 1 9077 9078 9176 9175
9266 3 2 2 1 9078 9079 9177 9176
9267 3 2 2 1 9079 9080 9178 9177
9268 3 2 2 1 9080 9081 9179 9178
9269 3 2 2 1 9081 9082 9180 9179
9270 3 2 2 1 9082 9083 9181 9180
9271 3 2 2 1 9083 9084 9182 9181
9272 3 2 2 1 9084 9085 9183 9182
9273 3 2 2 1 9085 9086 9184 9183
9274 3 2 2 1 9086 9087 9185 9184
9275 3 2 2 1 9087 9088 9186 9185
9276 3 2 2 1 9088 9089 9187 9186
9277 3 2 2 1 9089 9090 9188 9187
9278 3 2 2 1 9090 9091 9189 9188
9279 3 2 2 1 9091 9092 9190 9189
9280 3 2 2 1 9092 9093 9191 9190
9281 3 2 2 1 9093 9094 9192 9191
9282 3 2 2 1 9094 9095 9193 9192
9283 3 2 2 1 9095 9096 9194 9193
9284 3 2 2 1 9096 9097 9195 9194
9285 3 2 2 1 9097 9098 9196 9195
9286 3 2 2 1 9098 9099 9197 9196
9287 3 2 2 1 9099 9100 9198 9197
9288 3 2 2 1 9100 9101 9199 9198
9289 3 2 2 1 9101 9102 9200 9199
9290 3 2 2 1 9102 9103 9201 9200
9291 3 2 2 1 9103 9104 9202 9201
9292 3 2 2 1 9104 9105 9203 9202
9293 3 2 2 1 9105 9106 9204 9203
9294 3 2 2 1 9106 9107 9205 9204
9295 3 2 2 1 9107 9108 9206 9205
9296 3 2 2 1 9108 9109 9207 9206
9297 3 2 2 1 9109 9110 9208 9207
9298 3 2 2 1 9110 9111 9209 9208
9299 3 2 2 1 9111 9112 9210 9209
9300 3 2 2 1 9112 9113 9211 9210
9301 3 2 2 1 9113 9114 9212 9211
9302 3 2 2 1 9114 9115 9213 9212
9303 3 2 2 1 9115 9116 9214 9213
9304 3 2 2 1 9116 9117 9215 9214
9305 3 2 2 1 9117 9118 9216 9215
9306 3 2 2 1 9118 93 94 9216
9307 3 2 2 1 209 9119 9217 208
9308 3 2 2 1 9119 9120 9218 9217
9309 3 2 2 1 9120 9121 9219 9218
9310 3 2 2 1 9121 9122 9220 9219
9311 3 2 2 1 9122 9123 9221 9220
9312 3 2 2 1 9123 9124 9222 9221
9313 3 2 2 1 9124 9125 9223 9222
9314 3 2 2 1 9125 9126 9224 9223
9315 3 2 2 1 9126 9127 9225 9224
9316 3 2 2 1 9127 9128 9226 9225
9317 3 2 2 1 9128 9129 9227 9226
9318 3 2 2 1 9129 9130 9228 9227
9319 3 2 2 1 9130 9131 9229 9228
9320 3 2 2 1 9131 9132 9230 9229
9321 3 2 2 1 9132 9133 9231 9230
9322 3 2 2 1 9133 9134 9232 9231
9323 3 2 2 1 9134 9135 9233 9232
9324 3 2 2 1 9135 9136 9234 9233
9325 3 2 2 1 9136 9137 9235 9234
9326 3 2 2 1 9137 9138 9236 9235
9327 3 2 2 1 9138 9139 9237 9236
9328 3 2 2 1 9139 9140 9238 9237
9329 3 2 2 1 9140 9141 9239 9238
9330 3 2 2 1 9141 9142 9240 9239
9331 3 2 2 1 9142 9143 9241 9240
9332 3 2 2 1 9143 9144 9242 9241
9333 3 2 2 1 9144 9145 9243 9242
9334 3 2 2 1 9145 9146 9244 9243
9335 3 2 2 1 9146 9147 9245 9244
9336 3 2 2 1 9147 9148 9246 9245
9337 3 2 2 1 9148 9149 9247 9246
9338 3 2 2 1 9149 9150 9248 9247
9339 3 2 2 1 9150 9151 9249 9248
9340 3 2 2 1 9151 9152 9250 9249
9341 3 2 2 1 9152 9153 9251 9250
9342 3 2 2 1 9153 9154 9252 9251
9343 3 2 2 1 9154 9155 9253 9252
9344 3 2 2 1 9155 9156 9254 9253
9345 3 2 2 1 9156 9157 9255 9254
9346 3 2 2 1 9157 9158 9256 9255
9347 3 2 2 1 9158 9159 9257 9256
9348 3 2 2 1 9159 9160 9258 9257
9349 3 2 2 1 9160 9161 9259 9258
9350 3 2 2 1 9161 9162 9260 9259
9351 3 2 2 1 9162 9163 9261 9260
9352 3 2 2 1 9163 9164 9262 9261
9353 3 2 2 1 9164 9165 9263 9262
9354 3 2 2 1 9165 9166 9264 9263
9355 3 2 2 1 9166 9167 9265 9264
9356 3 2 2 1 9167 9168 9266 9265
9357 3 2 2 1 9168 9169 9267 9266
9358 3 2 2 1 9169 9170 9268 9267
9359 3 2 2 1 9170 9171 9269 9268
9360 3 2 2 1 9171 9172 9270 9269
9361 3 2 2 1 9172 9173 9271 9270
9362 3 2 2 1 9173 9174 9272 9271
9363 3 2 2 1 9174 9175 9273 9272
9364 3 2 2 1 9175 9176 9274 9273
9365 3 2 2 1 9176 9177 9275 9274
9366 3 2 2 1 9177 9178 9276 9275
9367 3 2 2 1 9178 9179 9277 9276
9368 3 2 2 1 9179 9180 9278 9277
9369 3 2 2 1 9180 9181 9279 9278
9370 3 2 2 1 9181 9182 9280 9279
9371 3 2 2 1 9182 9183 9281 9280
9372 3 2 2 1 9183 9184 9282 9281
9373 3 2 2 1 9184 9185 9283 9282
9374 3 2 2 1 9185 9186 9284 9283
9375 3 2 2 1 9186 9187 9285 9284
9376 3 2 2 1 9187 9188 9286 9285
9377 3 2 2 1 9188 9189 9287 9286
9378 3 2 2 1 9189 9190 9288 9287
9379 3 2 2 1 9190 9191 9289 9288
9380 3 2 2 1 9191 9192 9290 9289
9381 3 2 2 1 9192 9193 9291 9290
9382 3 2 2 1 9193 9194 9292 9291
9383 3 2 2 1 9194 9195 9293 9292
9384 3 2 2 1 9195 9196 9294 9293
9385 3 2 2 1 9196 9197 9295 9294
9386 3 2 2 1 9197 9198 9296 9295
9387 3 2 2 1 9198 9199 9297 9296
9388 3 2 2 1 9199 9200 9298 9297
9389 3 2 2 1 9200 9201 9299 9298
9390 3 2 2 1 9201 9202 9300 9299
9391 3 2 2 1 9202 9203 9301 9300
9392 3 2 2 1 9203 9204 9302 9301
9393 3 2 2 1 9204 9205 9303 9302
9394 3 2 2 1 9205 9206 9304 9303
9395 3 2 2 1 9206 9207 9305 9304
9396 3 2 2 1 9207 9208 9306 9305
9397 3 2 2 1 9208 9209 9307 9306
9398 3 2 2 1 9209 9210 9308 9307
9399 3 2 2 1 9210 9211 9309 9308
9400 3 2 2 1 9211 9212 9310 9309
9401 3 2 2 1 9212 9213 9311 9310
9402 3 2 2 1 9213 9214 9312 9311
9403 3 2 2 1 9214 9215 9313 9312
9404 3 2 2 1 9215 9216 9314 9313
9405 3 2 2 1 9216 94 95 9314
9406 3 2 2 1 208 9217 9315 207
9407 3 2 2 1 9217 9218 9316 9315
9408 3 2 2 1 9218 9219 9317 9316
9409 3 2 2 1 9219 9220 9318 9317
9410 3 2 2 1 9220 9221 9319 9318
9411 3 2 2 1 9221 9222 9320 9319
9412 3 2 2 1 9222 9223 9321 9320
9413 3 2 2 1 9223 9224 9322 9321
9414 3 2 2 1 9224 9225 9323 9322
9415 3 2 2 1 9225 9226 9324 9323
9416 3 2 2 1 9226 9227 9325 9324
9417 3 2 2 1 9227 9228 9326 9325
9418 3 2 2 1 9228 9229 9327 9326
9419 3 2 2 1 9229 9230 9328 9327
9420 3 2 2 1 9230 9231 9329 9328
9421 3 2 2 1 9231 9232 9330 9329
9422 3 2 2 1 9232 9233 9331 9330
9423 3 2 2 1 9233 9234 9332 9331
9424 3 2 2 1 9234 9235 9333 9332
9425 3 2 2 1 9235 9236 9334 9333
9426 3 2 2 1 9236 9237 9335 9334
9427 3 2 2 1 9237 9238 9336 9335
9428 3 2 2 1 9238 9239 9337 9336
9429 3 2 2 1 9239 9240 9338 9337
9430 3 2 2 1 9240 9241 9339 9338
9431 3 2 2 1 9241 9242 9340 9339
9432 3 2 2 1 9242 9243 9341 9340
9433 3 2 2 1 9243 9244 9342 9341
9434 3 2 2 1 9244 9245 9343 9342
9435 3 2 2 1 9245 9246 9344 9343
9436 3 2 2 1 9246 9247 9345 9344
9437 3 2 2 1 9247 9248 9346 9345
9438 3 2 2 1 9248 9249 9347 9346
9439 3 2 2 1 9249 9250 9348 9347
9440 3 2 2 1 9250 9251 9349 9348
9441 3 2 2 1 9251 9252 9350 9349
9442 3 2 2 1 9252 9253 9351 9350
9443 3 2 2 1 9253 9254 9352 9351
9444 3 2 2 1 9254 9255 9353 9352
9445 3 2 2 1 9255 9256 9354 9353
9446 3 2 2 1 9256 9257 9355 9354
9447 3 2 2 1 9257 9258 9356 9355
9448 3 2 2 1 9258 9259 9357 9356
9449 3 2 2 1 9259 9260 9358 9357
9450 3 2 2 1 9260 9261 9359 9358
9451 3 2 2 1 9261 9262 9360 9359
9452 3 2 2 1 9262 9263 9361 9360
9453 3 2 2 1 9263 9264 9362 9361
9454 3 2 2 1 9264 9265 9363 9362
9455 3 2 2 1 9265 9266 9364 9363
9456 3 2 2 1 9266 9267 9365 9364
9457 3 2 2 1 9267 9268 9366 9365
9458 3 2 2 1 9268 9269 9367 9366
9459 3 2 2 1 9269 9270 9368 9367
9460 3 2 2 1 9270 9271 9369 9368
9461 3 2 2 1 9271 9272 9370 9369
9462 3 2 2 1 9272 9273 9371 9370
9463 3 2 2 1 9273 9274 9372 9371
9464 3 2 2 1 9274 9275 9373 9372
9465 3 2 2 1 9275 9276 9374 9373
9466 3 2 2 1 9276 9277 9375 9374
9467 3 2 2 1 9277 9278 9376 9375
9468 3 2 2 1 9278 9279 9377 9376
9469 3 2 2 1 9279 9280 9378 9377
9470 3 2 2 1 9280 9281 9379 9378
9471 3 2 2 1 9281 9282 9380 9379
9472 3 2 2 1 9282 9283 9381 9380
9473 3 2 2 1 9283 9284 9382 9381
9474 3 2 2 1 9284 9285 9383 9382
9475 3 2 2 1 9285 9286 9384 9383
9476 3 2 2 1 9286 9287 9385 9384
9477 3 2 2 1 9287 9288 9386 9385
9478 3 2 2 1 9288 9289 9387 9386
9479 3 2 2 1 9289 9290 9388 9387
9480 3 2 2 1 9290 9291 9389 9388
9481 3 2 2 1 9291 9292 9390 9389
9482 3 2 2 1 9292 9293 9391 9390
9483 3 2 2 1 9293 9294 9392 9391
9484 3 2 2 1 9294 9295 9393 9392
9485 3 2 2 1 9295 9296 9394 9393
9486 3 2 2 1 9296 9297 9395 9394
9487 3 2 2 1 9297 9298 9396 9395
9488 3 2 2 1 9298 9299 9397 9396
9489 3 2 2 1 9299 9300 9398 9397
9490 3 2 2 1 9300 9301 9399 9398
9491 3 2 2 1 9301 9302 9400 9399
9492 3 2 2 1 9302 9303 9401 9400
9493 3 2 2 1 9303 9304 9402 9401
9494 3 2 2 1 9304 9305 9403 9402
9495 3 2 2 1 9305 9306 9404 9403
9496 3 2 2 1 9306 9307 9405 9404
9497 3 2 2 1 9307 9308 9406 9405
9498 3 2 2 1 9308 9309 9407 9406
9499 3 2 2 1 9309 9310 9408 9407
9500 3 2 2 1 9310 9311 9409 9408
9501 3 2 2 1 9311 9312 9410 9409
9502 3 2 2 1 9312 9313 9411 9410
9503 3 2 2 1 9313 9314 9412 9411
9504 3 2 2 1 9314 95 96 9412
9505 3 2 2 1 207 9315 9413 206
9506 3 2 2 1 9315 9316 9414 9413
9507 3 2 2 1 9316 9317 9415 9414
9508 3 2 2 1 9317 9318 9416 9415
9509 3 2 2 1 9318 9319 9417 9416
9510 3 2 2 1 9319 9320 9418 9417
9511 3 2 2 1 9320 9321 9419 9418
9512 3 2 2 1 9321 9322 9420 9419
9513 3 2 2 1 9322 9323 9421 9420
9514 3 2 2 1 9323 9324 9422 9421
9515 3 2 2 1 9324 9325 9423 9422
9516 3 2 2 1 9325 9326 9424 9423
9517 3 2 2 1 9326 9327 9425 9424
9518 3 2 2 1 9327 9328 9426 9425
9519 3 2 2 1 9328 9329 9427 9426
9520 3 2 2 1 9329 9330 9428 9427
9521 3 2 2 1 9330 9331 9429 9428
9522 3 2 2 1 9331 9332 9430 9429
9523 3 2 2 1 9332 9333 9431 9430
9524 3 2 2 1 9333 9334 9432 9431
9525 3 2 2 1 9334 9335 9433 9432
9526 3 2 2 1 9335 9336 9434 9433
9527 3 2 2 1 9336 9337 9435 9434
9528 3 2 2 1 9337 9338 9436 9435
9529 3 2 2 1 9338 9339 9437 9436
9530 3 2 2 1 9339 9340 9438 9437
9531 3 2 2 1 9340 9341 9439 9438
9532 3 2 2 1 9341 9342 9440 9439
9533 3 2 2 1 9342 9343 9441 9440
9534 3 2 2 1 9343 9344 9442 9441
9535 3 2 2 1 9344 9345 9443 9442
9536 3 2 2 1 9345 9346 9444 9443
9537 3 2 2 1 9346 9347 9445 9444
9538 3 2 2 1 9347 9348 9446 9445
9539 3 2 2 1 9348 9349 9447 9446
9540 3 2 2 1 9349 9350 9448 9447
9541 3 2 2 1 9350 9351 9449 9448
9542 3 2 2 1 9351 9352 9450 9449
9543 3 2 2 1 9352 9353 9451 9450
9544 3 2 2 1 9353 9354 9452 9451
9545 3 2 2 1 9354 9355 9453 9452
9546 3 2 2 1 9355 9356 9454 9453
9547 3 2 2 1 9356 9357 9455 9454
9548 3 2 2 1 9357 9358 9456 9455
9549 3 2 2 1 9358 9359 9457 9456
9550 3 2 2 1 9359 9360 9458 9457
9551 3 2 2 1 9360 9361 9459 9458
9552 3 2 2 1 9361 9362 9460 9459
9553 3 2 2 1 9362 9363 9461 9460
9554 3 2 2 1 9363 9364 9462 9461
9555 3 2 2 1 9364 9365 9463 9462
9556 3 2 2 1 9365 9366 9464 9463
9557 3 2 2 1 9366 9367 9465 9464
9558 3 2 2 1 9367 9368 9466 9465
9559 3 2 2 1 9368 9369 9467 9466
9560 3 2 2 1 9369 9370 9468 9467
9561 3 2 2 1 9370 9371 9469 9468
9562 3 2 2 1 9371 9372 9470 9469
9563 3 2 2 1 9372 9373 9471 9470
9564 3 2 2 1 9373 9374 9472 9471
9565 3 2 2 1 9374 9375 9473 9472
9566 3 2 2 1 9375 9376 9474 9473
9567 3 2 2 1 9376 9377 9475 9474
9568 3 2 2 1 9377 9378 9476 9475
9569 3 2 2 1 9378 9379 9477 9476
9570 3 2 2 1 9379 9380 9478 9477
9571 3 2 2 1 9380 9381 9479 9478
9572 3 2 2 1 9381 9382 9480 9479
9573 3 2 2 1 9382 9383 9481 9480
9574 3 2 2 1 9383 9384 9482 9481
9575 3 2 2 1 9384 9385 9483 9482
9576 3 2 2 1 9385 9386 9484 9483
9577 3 2 2 1 9386 9387 9485 9484
9578 3 2 2 1 9387 9388 9486 9485
9579 3 2 2 1 9388 9389 9487 9486
9580 3 2 2 1 9389 9390 9488 9487
9581 3 2 2 1 9390 9391 9489 9488
9582 3 2 2 1 9391 9392 9490 9489
9583 3 2 2 1 9392 9393 9491 9490
9584 3 2 2 1 9393 9394 9492 9491
9585 3 2 2 1 9394 9395 9493 9492
9586 3 2 2 1 9395 9396 9494 9493
9587 3 2 2 1 9396 9397 9495 9494
9588 3 2 2 1 9397 9398 9496 9495
9589 3 2 2 1 9398 9399 9497 9496
9590 3 2 2 1 9399 9400 9498 9497
9591 3 2 2 1 9400 9401 9499 9498
9592 3 2 2 1 9401 9402 9500 9499
9593 3 2 2 1 9402 9403 9501 9500
9594 3 2 2 1 9403 9404 9502 9501
9595 3 2 2 1 9404 9405 9503 9502
9596 3 2 2 1 9405 9406 9504 9503
9597 3 2 2 1 9406 9407 9505 9504
9598 3 2 2 1 9407 9408 9506 9505
9599 3 2 2 1 9408 9409 9507 9506
9600 3 2 2 1 9409 9410 9508 9507
9601 3 2 2 1 9410 9411 9509 9508
9602 3 2 2 1 9411 9412 9510 9509
9603 3 2 2 1 9412 96 97 9510
9604 3 2 2 1 206 9413 9511 205
9605 3 2 2 1 9413 9414 9512 9511
9606 3 2 2 1 9414 9415 9513 9512
9607 3 2 2 1 9415 9416 9514 9513
9608 3 2 2 1 9416 9417 9515 9514
9609 3 2 2 1 9417 9418 9516 9515
9610 3 2 2 1 9418 9419 9517 9516
9611 3 2 2 1 9419 9420 9518 9517
9612 3 2 2 1 9420 9421 9519 9518
9613 3 2 2 1 9421 9422 9520 9519
9614 3 2 2 1 9422 9423 9521 9520
9615 3 2 2 1 9423 9424 9522 9521
9616 3 2 2 1 9424 9425 9523 9522
9617 3 2 2 1 9425 9426 9524 9523
9618 3 2 2 1 9426 9427 9525 9524
9619 3 2 2 1 9427 9428 9526 9525
9620 3 2 2 1 9428 9429 9527 9526
9621 3 2 2 1 9429 9430 9528 9527
9622 3 2 2 1 9430 9431 9529 9528
9623 3 2 2 1 9431 9432 9530 9529
9624 3 2 2 1 9432 9433 9531 9530
9625 3 2 2 1 9433 9434 9532 9531
9626 3 2 2 1 9434 9435 9533 9532
9627 3 2 2 1 9435 9436 9534 9533
9628 3 2 2 1 9436 9437 9535 9534
9629 3 2 2 1 9437 9438 9536 9535
9630 3 2 2 1 9438 9439 9537 9536
9631 3 2 2 1 9439 9440 9538 9537
9632 3 2 2 1 9440 9441 9539 9538
9633 3 2 2 1 9441 9442 9540 9539
9634 3 2 2 1 9442 9443 9541 9540
9635 3 2 2 1 9443 9444 9542 9541
9636 3 2 2 1 9444 9445 9543 9542
9637 3 2 2 1 9445 9446 9544 9543
9638 3 2 2 1 9446 9447 9545 9544
9639 3 2 2 1 9447 9448 9546 9545
9640 3 2 2 1 9448 9449 9547 9546
9641 3 2 2 1 9449 9450 9548 9547
9642 3 2 2 1 9450 9451 9549 9548
9643 3 2 2 1 9451 9452 9550 9549
9644 3 2 2 1 9452 9453 9551 9550
9645 3 2 2 1 9453 9454 9552 9551
9646 3 2 2 1 9454 9455 9553 9552
9647 3 2 2 1 9455 9456 9554 9553
9648 3 2 2 1 9456 9457 9555 9554
9649 3 2 2 1 9457 9458 9556 9555
9650 3 2 2 1 9458 9459 9557 9556
9651 3 2 2 1 9459 9460 9558 9557
9652 3 2 2 1 9460 9461 9559 9558
9653 3 2 2 1 9461 9462 9560 9559
9654 3 2 2 1 9462 9463 9561 9560
9655 3 2 2 1 9463 9464 9562 9561
9656 3 2 2 1 9464 9465 9563 9562
9657 3 2 2 1 9465 9466 9564 9563
9658 3 2 2 1 9466 9467 9565 9564
9659 3 2 2 1 9467 9468 9566 9565
9660 3 2 2 1 9468 9469 9567 9566
9661 3 2 2 1 9469 9470 9568 9567
9662 3 2 2 1 9470 9471 9569 9568
9663 3 2 2 1 9471 9472 9570 9569
9664 3 2 2 1 9472 9473 9571 9570
9665 3 2 2 1 9473 9474 9572 9571
9666 3 2 2 1 9474 9475 9573 9572
9667 3 2 2 1 9475 9476 9574 9573
9668 3 2 2 1 9476 9477 9575 9574
9669 3 2 2 1 9477 9478 9576 9575
9670 3 2 2 1 9478 9479 9577 9576
9671 3 2 2 1 9479 9480 9578 9577
9672 3 2 2 1 9480 9481 9579 9578
9673 3 2 2 1 9481 9482 9580 9579
9674 3 2 2 1 9482 9483 9581 9580
9675 3 2 2 1 9483 9484 9582 9581
9676 3 2 2 1 9484 9485 9583 9582
9677 3 2 2 1 9485 9486 9584 9583
9678 3 2 2 1 9486 9487 9585 9584
9679 3 2 2 1 9487 9488 9586 9585
9680 3 2 2 1 9488 9489 9587 9586
9681 3 2 2 1 9489 9490 9588 9587
9682 3 2 2 1 9490 9491 9589 9588
9683 3 2 2 1 9491 9492 9590 9589
9684 3 2 2 1 9492 9493 9591 9590
9685 3 2 2 1 9493 9494 9592 9591
9686 3 2 2 1 9494 9495 9593 9592
9687 3 2 2 1 9495 9496 9594 9593
9688 3 2 2 1 9496 9497 9595 9594
9689 3 2 2 1 9497 9498 9596 9595
9690 3 2 2 1 9498 9499 9597 9596
9691 3 2 2 1 9499 9500 9598 9597
9692 3 2 2 1 9500 9501 9599 9598
9693 3 2 2 1 9501 9502 9600 9599
9694 3 2 2 1 9502 9503 9601 9600
9695 3 2 2 1 9503 9504 9602 9601
9696 3 2 2 1 9504 9505 9603 9602
9697 3 2 2 1 9505 9506 9604 9603
9698 3 2 2 1 9506 9507 9605 9604
9699 3 2 2 1 9507 9508 9606 9605
9700 3 2 2 1 9508 9509 9607 9606
9701 3 2 2 1 9509 9510 9608 9607
9702 3 2 2 1 9510 97 98 9608
9703 3 2 2 1 205 9511 9609 204
9704 3 2 2 1 9511 9512 9610 9609
9705 3 2 2 1 9512 9513 9611 9610
9706 3 2 2 1 9513 9514 9612 9611
9707 3 2 2 1 9514 9515 9613 9612
9708 3 2 2 1 9515 9516 9614 9613
9709 3 2 2 1 9516 9517 9615 9614
9710 3 2 2 1 9517 9518 9616 9615
9711 3 2 2 1 9518 9519 9617 9616
9712 3 2 2 1 9519 9520 9618 9617
9713 3 2 2 1 9520 9521 9619 9618
9714 3 2 2 1 9521 9522 9620 9619
9715 3 2 2 1 9522 9523 9621 9620
9716 3 2 2 1 9523 9524 9622 9621
9717 3 2 2 1 9524 9525 9623 9622
9718 3 2 2 1 9525 9526 9624 9623
9719 3 2 2 1 9526 9527 9625 9624
9720 3 2 2 1 9527 9528 9626 9625
9721 3 2 2 1 9528 9529 9627 9626
9722 3 2 2 1 9529 9530 9628 9627
9723 3 2 2 1 9530 9531 9629 9628
9724 3 2 2 1 9531 9532 9630 9629
9725 3 2 2 1 9532 9533 9631 9630
9726 3 2 2 1 9533 9534 9632 9631
9727 3 2 2 1 9534 9535 9633 9632
9728 3 2 2 1 9535 9536 9634 9633
9729 3 2 2 1 9536 9537 9635 9634
9730 3 2 2 1 9537 9538 9636 9635
9731 3 2 2 1 9538 9539 9637 9636
9732 3 2 2 1 9539 9540 9638 9637
9733 3 2 2 1 9540 9541 9639 9638
9734 3 2 2 1 9541 9542 9640 9639
9735 3 2 2 1 9542 9543 9641 9640
9736 3 2 2 1 9543 9544 9642 9641
9737 3 2 2 1 9544 9545 9643 9642
9738 3 2 2 1 9545 9546 9644 9643
9739 3 2 2 1 9546 9547 9645 9644
9740 3 2 2 1 9547 9548 9646 9645
9741 3 2 2 1 9548 9549 9647 9646
9742 3 2 2 1 9549 9550 9648 9647
9743 3 2 2 1 9550 9551 9649 9648
9744 3 2 2 1 9551 9552 9650 9649
9745 3 2 2 1 9552 9553 9651 9650
9746 3 2 2 1 9553 9554 9652 9651
9747 3 2 2 1 9554 9555 9653 9652
9748 3 2 2 1 9555 9556 9654 9653
9749 3 2 2 1 9556 9557 9655 9654
9750 3 2 2 1 9557 9558 9656 9655
9751 3 2 2 1 9558 9559 9657 9656
9752 3 2 2 1 9559 9560 9658 9657
9753 3 2 2 1 9560 9561 9659 9658
9754 3 2 2 1 9561 9562 9660 9659
9755 3 2 2 1 9562 9563 9661 9660
9756 3 2 2 1 9563 9564 9662 9661
9757 3 2 2 1 9564 9565 9663 9662
9758 3 2 2 1 9565 9566 9664 9663
9759 3 2 2 1 9566 9567 9665 9664
9760 3 2 2 1 9567 9568 9666 9665
9761 3 2 2 1 9568 9569 9667 9666
9762 3 2 2 1 9569 9570 9668 9667
9763 3 2 2 1 9570 9571 9669 9668
9764 3 2 2 1 9571 9572 9670 9669
9765 3 2 2 1 9572 9573 9671 9670
9766 3 2 2 1 9573 9574 9672 9671
9767 3 2 2 1 9574 9575 9673 9672
9768 3 2 2 1 9575 9576 9674 9673
9769 3 2 2 1 9576 9577 9675 9674
9770 3 2 2 1 9577 9578 9676 9675
9771 3 2 2 1 9578 9579 9677 9676
9772 3 2 2 1 9579 9580 9678 9677
9773 3 2 2 1 9580 9581 9679 9678
9774 3 2 2 1 9581 9582 9680 9679
9775 3 2 2 1 9582 9583 9681 9680
9776 3 2 2 1 9583 9584 9682 9681
9777 3 2 2 1 9584 9585 9683 9682
9778 3 2 2 1 9585 9586 9684 9683
9779 3 2 2 1 9586 9587 9685 9684
9780 3 2 2 1 9587 9588 9686 9685
9781 3 2 2 1 9588 9589 9687 9686
9782 3 2 2 1 9589 9590 9688 9687
9783 3 2 2 1 9590 9591 9689 9688
9784 3 2 2 1 9591 9592 9690 9689
9785 3 2 2 1 9592 9593 9691 9690
9786 3 2 2 1 9593 9594 9692 9691
9787 3 2 2 1 9594 9595 9693 9692
9788 3 2 2 1 9595 9596 9694 9693
9789 3 2 2 1 9596 9597 9695 9694
9790 3 2 2 1 9597 9598 9696 9695
9791 3 2 2 1 9598 9599 9697 9696
9792 3 2 2 1 9599 9600 9698 9697
9793 3 2 2 1 9600 9601 9699 9698
9794 3 2 2 1 9601 9602 9700 9699
9795 3 2 2 1 9602 9603 9701 9700
9796 3 2 2 1 9603 9604 9702 9701
9797 3 2 2 1 9604 9605 9703 9702
9798 3 2 2 1 9605 9606 9704 9703
9799 3 2 2 1 9606 9607 9705 9704
9800 3 2 2 1 9607 9608 9706 9705
9801 3 2 2 1 9608 98 99 9706
9802 3 2 2 1 204 9609 9707 203
9803 3 2 2 1 9609 9610 9708 9707
9804 3 2 2 1 9610 9611 9709 9708
9805 3 2 2 1 9611 9612 9710 9709
9806 3 2 2 1 9612 9613 9711 9710
9807 3 2 2 1 9613 9614 9712 9711
9808 3 2 2 1 9614 9615 9713 9712
9809 3 2 2 1 9615 9616 9714 9713
9810 3 2 2 1 9616 9617 9715 9714
9811 3 2 2 1 9617 9618 9716 9715
9812 3 2 2 1 9618 9619 9717 9716
9813 3 2 2 1 9619 9620 9718 9717
9814 3 2 2 1 9620 9621 9719 9718
9815 3 2 2 1 9621 9622 9720 9719
9816 3 2 2 1 9622 9623 9721 9720
9817 3 2 2 1 9623 9624 9722 9721
9818 3 2 2 1 9624 9625 9723 9722
9819 3 2 2 1 9625 9626 9724 9723
9820 3 2 2 1 9626 9627 9725 9724
9821 3 2 2 1 9627 9628 9726 9725
9822 3 2 2 1 9628 9629 9727 9726
9823 3 2 2 1 9629 9630 9728 9727
9824 3 2 2 1 9630 9631 9729 9728
9825 3 2 2 1 9631 9632 9730 9729
9826 3 2 2 1 9632 9633 9731 9730
9827 3 2 2 1 9633 9634 9732 9731
9828 3 2 2 1 9634 9635 9733 9732
9829 3 2 2 1 9635 9636 9734 9733
9830 3 2 2 1 9636 9637 9735 9734
9831 3 2 2 1 9637 9638 9736 9735
9832 3 2 2 1 9638 9639 9737 9736
9833 3 2 2 1 9639 9640 9738 9737
9834 3 2 2 1 9640 9641 9739 9738
9835 3 2 2 1 9641 9642 9740 9739
9836 3 2 2 1 9642 9643 9741 9740
9837 3 2 2 1 9643 9644 9742 9741
9838 3 2 2 1 9644 9645 9743 9742
9839 3 2 2 1 9645 9646 9744 9743
9840 3 2 2 1 9646 9647 9745 9744
9841 3 2 2 1 9647 9648 9746 9745
9842 3 2 2 1 9648 9649 9747 9746
9843 3 2 2 1 9649 9650 9748 9747
9844 3 2 2 1 9650 9651 9749 9748
9845 3 2 2 1 9651 9652 9750 9749
9846 3 2 2 1 9652 9653 9751 9750
9847 3 2 2 1 9653 9654 9752 9751
9848 3 2 2 1 9654 9655 9753 9752
9849 3 2 2 1 9655 9656 9754 9753
9850 3 2 2 1 9656 9657 9755 9754
9851 3 2 2 1 9657 9658 9756 9755
9852 3 2 2 1 9658 9659 9757 9756
9853 3 2 2 1 9659 9660 9758 9757
9854 3 2 2 1 9660 9661 9759 9758
9855 3 2 2 1 9661 9662 9760 9759
9856 3 2 2 1 9662 9663 9761 9760
9857 3 2 2 1 9663 9664 9762 9761
9858 3 2 2 1 9664 9665 9763 9762
9859 3 2 2 1 9665 9666 9764 9763
9860 3 2 2 1 9666 9667 9765 9764
9861 3 2 2 1 9667 9668 9766 9765
9862 3 2 2 1 9668 9669 9767 9766
9863 3 2 2 1 9669 9670 9768 9767
9864 3 2 2 1 9670 9671 9769 9768
9865 3 2 2 1 9671 9672 9770 9769
9866 3 2 2 1 9672 9673 9771 9770
9867 3 2 2 1 9673 9674 9772 9771
9868 3 2 2 1 9674 9675 9773 9772
9869 3 2 2 1 9675 9676 9774 9773
9870 3 2 2 1 9676 9677 9775 9774
9871 3 2 2 1 9677 9678 9776 9775
9872 3 2 2 1 9678 9679 9777 9776
9873 3 2 2 1 9679 9680 9778 9777
9874 3 2 2 1 9680 9681 9779 9778
9875 3 2 2 1 9681 9682 9780 9779
9876 3 2 2 1 9682 9683 9781 9780
9877 3 2 2 1 9683 9684 9782 9781
9878 3 2 2 1 9684 9685 9783 9782
9879 3 2 2 1 9685 9686 9784 9783
9880 3 2 2 1 9686 9687 9785 9784
9881 3 2 2 1 9687 9688 9786 9785
9882 3 2 2 1 9688 9689 9787 9786
9883 3 2 2 1 9689 9690 9788 9787
9884 3 2 2 1 9690 9691 9789 9788
9885 3 2 2 1 9691 9692 9790 9789
9886 3 2 2 1 9692 9693 9791 9790
9887 3 2 2 1 9693 9694 9792 9791
9888 3 2 2 1 9694 9695 9793 9792
9889 3 2 2 1 9695 9696 9794 9793
9890 3 2 2 1 9696 9697 9795 9794
9891 3 2 2 1 9697 9698 9796 9795
9892 3 2 2 1 9698 9699 9797 9796
9893 3 2 2 1 9699 9700 9798 9797
9894 3 2 2 1 9700 9701 9799 9798
9895 3 2 2 1 9701 9702 9800 9799
9896 3 2 2 1 9702 9703 9801 9800
9897 3 2 2 1 9703 9704 9802 9801
9898 3 2 2 1 9704 9705 9803 9802
9899 3 2 2 1 9705 9706 9804 9803
9900 3 2 2 1 9706 99 100 9804
9901 3 2 2 1 203 9707 9805 202
9902 3 2 2 1 9707 9708 9806 9805
9903 3 2 2 1 9708 9709 9807 9806
9904 3 2 2 1 9709 9710 9808 9807
9905 3 2 2 1 9710 9711 9809 9808
9906 3 2 2 1 9711 9712 9810 9809
9907 3 2 2 1 9712 9713 9811 9810
9908 3 2 2 1 9713 9714 9812 9811
9909 3 2 2 1 9714 9715 9813 9812
9910 3 2 2 1 9715 9716 9814 9813
9911 3 2 2 1 9716 9717 9815 9814
9912 3 2 2 1 9717 9718 9816 9815
9913 3 2 2 1 9718 9719 9817 9816
9914 3 2 2 1 9719 9720 9818 9817
9915 3 2 2 1 9720 9721 9819 9818
9916 3 2 2 1 9721 9722 9820 9819
9917 3 2 2 1 9722 9723 9821 9820
9918 3 2 2 1 9723 9724 9822 9821
9919 3 2 2 1 9724 9725 9823 9822
9920 3 2 2 1 9725 9726 9824 9823
9921 3 2 2 1 9726 9727 9825 9824
9922 3 2 2 1 9727 9728 9826 9825
9923 3 2 2 1 9728 9729 9827 9826
9924 3 2 2 1 9729 9730 9828 9827
9925 3 2 2 1 9730 9731 9829 9828
9926 3 2 2 1 9731 9732 9830 9829
9927 3 2 2 1 9732 9733 9831 9830
9928 3 2 2 1 9733 9734 9832 9831
9929 3 2 2 1 9734 9735 9833 9832
9930 3 2 2 1 9735 9736 9834 9833
9931 3 2 2 1 9736 9737 9835 9834
9932 3 2 2 1 9737 9738 9836 9835
9933 3 2 2 1 9738 9739 9837 9836
9934 3 2 2 1 9739 9740 9838 9837
9935 3 2 2 1 9740 9741 9839 9838
9936 3 2 2 1 9741 9742 9840 9839
9937 3 2 2 1 9742 9743 9841 9840
9938 3 2 2 1 9743 9744 9842 9841
9939 3 2 2 1 9744 9745 9843 9842
9940 3 2 2 1 9745 9746 9844 9843
9941 3 2 2 1 9746 9747 9845 9844
9942 3 2 2 1 9747 9748 9846 9845
9943 3 2 2 1 9748 9749 9847 9846
9944 3 2 2 1 9749 9750 9848 9847
9945 3 2 2 1 9750 9751 9849 9848
9946 3 2 2 1 9751 9752 9850 9849
9947 3 2 2 1 9752 9753 9851 9850
9948 3 2 2 1 9753 9754 9852 9851
9949 3 2 2 1 9754 9755 9853 9852
9950 3 2 2 1 9755 9756 9854 9853
9951 3 2 2 1 9756 9757 9855 9854
9952 3 2 2 1 9757 9758 9856 9855
9953 3 2 2 1 9758 9759 9857 9856
9954 3 2 2 1 9759 9760 9858 9857
9955 3 2 2 1 9760 9761 9859 9858
9956 3 2 2 1 9761 9762 9860 9859
9957 3 2 2 1 9762 9763 9861 9860
9958 3 2 2 1 9763 9764 9862 9861
9959 3 2 2 1 9764 9765 9863 9862
9960 3 2 2 1 9765 9766 9864 9863
9961 3 2 2 1 9766 9767 9865 9864
9962 3 2 2 1 9767 9768 9866 9865
9963 3 2 2 1 9768 9769 9867 9866
9964 3 2 2 1 9769 9770 9868 9867
9965 3 2 2 1 9770 9771 9869 9868
9966 3 2 2 1 9771 9772 9870 9869
9967 3 2 2 1 9772 9773 9871 9870
9968 3 2 2 1 9773 9774 9872 9871
9969 3 2 2 1 9774 9775 9873 9872
9970 3 2 2 1 9775 9776 9874 9873
9971 3 2 2 1 9776 9777 9875 9874
9972 3 2 2 1 9777 9778 9876 9875
9973 3 2 2 1 9778 9779 9877 9876
9974 3 2 2 1 9779 9780 9878 9877
9975 3 2 2 1 9780 9781 9879 9878
9976 3 2 2 1 9781 9782 9880 9879
9977 3 2 2 1 9782 9783 9881 9880
9978 3 2 2 1 9783 9784 9882 9881
9979 3 2 2 1 9784 9785 9883 9882
9980 3 2 2 1 9785 9786 9884 9883
9981 3 2 2 1 9786 9787 9885 9884
9982 3 2 2 1 9787 9788 9886 9885
9983 3 2 2 1 9788 9789 9887 9886
9984 3 2 2 1 9789 9790 9888 9887
9985 3 2 2 1 9790 9791 9889 9888
9986 3 2 2 1 9791 9792 9890 9889
9987 3 2 2 1 9792 9793 9891 9890
9988 3 2 2 1 9793 9794 9892 9891
9989 3 2 2 1 9794 9795 9893 9892
9990 3 2 2 1 9795 9796 9894 9893
9991 3 2 2 1 9796 9797 9895 9894
9992 3 2 2 1 9797 9798 9896 9895
9993 3 2 2 1 9798 9799 9897 9896
9994 3 2 2 1 9799 9800 9898 9897
9995 3 2 2 1 9800 9801 9899 9898
9996 3 2 2 1 9801 9802 9900 9899
9997 3 2 2 1 9802 9803 9901 9900
9998 3 2 2 1 9803 9804 9902 9901
9999 3 2 2 1 9804 100 101 9902
10000 3 2 2 1 202 9805 9903 201
10001 3 2 2 1 9805 9806 9904 9903
10002 3 2 2 1 9806 9807 9905 9904
10003 3 2 2 1 9807 9808 9906 9905
10004 3 2 2 1 9808 9809 9907 9906
10005 3 2 2 1 9809 9810 9908 9907
10006 3 2 2 1 9810 9811 9909 9908
10007 3 2 2 1 9811 9812 9910 9909
10008 3 2 2 1 9812 9813 9911 9910
10009 3 2 2 1 9813 9814 9912 9911
10010 3 2 2 1 9814 9815 9913 9912
10011 3 2 2 1 9815 9816 9914 9913
10012 3 2 2 1 9816 9817 9915 9914
10013 3 2 2 1 9817 9818 9916 9915
10014 3 2 2 1 9818 9819 9917 9916
10015 3 2 2 1 9819 9820 9918 9917
10016 3 2 2 1 9820 9821 9919 9918
10017 3 2 2 1 9821 9822 9920 9919
10018 3 2 2 1 9822 9823 9921 9920
10019 3 2 2 1 9823 9824 9922 9921
10020 3 2 2 1 9824 9825 9923 9922
10021 3 2 2 1 9825 9826 9924 9923
10022 3 2 2 1 9826 9827 9925 9924
10023 3 2 2 1 9827 9828 9926 9925
10024 3 2 2 1 9828 9829 9927 9926
10025 3 2 2 1 9829 9830 9928 9927
10026 3 2 2 1 9830 9831 9929 9928
10027 3 2 2 1 9831 9832 9930 9929
10028 3 2 2 1 9832 9833 9931 9930
10029 3 2 2 1 9833 9834 9932 9931
10030 3 2 2 1 9834 9835 9933 9932
10031 3 2 2 1 9835 9836 9934 9933
10032 3 2 2 1 9836 9837 9935 9934
10033 3 2 2 1 9837 9838 9936 9935
10034 3 2 2 1 9838 9839 9937 9936
10035 3 2 2 1 9839 9840 9938 9937
10036 3 2 2 1 9840 9841 9939 9938
10037 3 2 2 1 9841 9842 9940 9939
10038 3 2 2 1 9842 9843 9941 9940
10039 3 2 2 1 9843 9844 9942 9941
10040 3 2 2 1 9844 9845 9943 9942
10041 3 2 2 1 9845 9846 9944 9943
10042 3 2 2 1 9846 9847 9945 9944
10043 3 2 2 1 9847 9848 9946 9945
10044 3 2 2 1 9848 9849 9947 9946
10045 3 2 2 1 9849 9850 9948 9947
10046 3 2 2 1 9850 9851 9949 9948
10047 3 2 2 1 9851 9852 9950 9949
10048 3 2 2 1 9852 9853 9951 9950
10049 3 2 2 1 9853 9854 9952 9951
10050 3 2 2 1 9854 9855 9953 9952
10051 3 2 2 1 9855 9856 9954 9953
10052 3 2 2 1 9856 9857 9955 9954
10053 3 2 2 1 9857 9858 9956 9955
10054 3 2 2 1 9858 9859 9957 9956
10055 3 2 2 1 9859 9860 9958 9957
10056 3 2 2 1 9860 9861 9959 9958
10057 3 2 2 1 9861 9862 9960 9959
10058 3 2 2 1 9862 9863 9961 9960
10059 3 2 2 1 9863 9864 9962 9961
10060 3 2 2 1 9864 9865 9963 9962
10061 3 2 2 1 9865 9866 9964 9963
10062 3 2 2 1 9866 9867 9965 9964
10063 3 2 2 1 9867 9868 9966 9965
10064 3 2 2 1 9868 9869 9967 9966
10065 3 2 2 1 9869 9870 9968 9967
10066 3 2 2 1 9870 9871 9969 9968
10067 3 2 2 1 9871 9872 9970 9969
10068 3 2 2 1 9872 9873 9971 9970
10069 3 2 2 1 9873 9874 9972 9971
10070 3 2 2 1 9874 9875 9973 9972
10071 3 2 2 1 9875 9876 9974 9973
10072 3 2 2 1 9876 9877 9975 9974
10073 3 2 2 1 9877 9878 9976 9975
10074 3 2 2 1 9878 9879 9977 9976
10075 3 2 2 1 9879 9880 9978 9977
10076 3 2 2 1 9880 9881 9979 9978
10077 3 2 2 1 9881 9882 9980 9979
10078 3 2 2 1 9882 9883 9981 9980
10079 3 2 2 1 9883 9884 9982 9981
10080 3 2 2 1 9884 9885 9983 9982
10081 3 2 2 1 9885 9886 9984 9983
10082 3 2 2 1 9886 9887 9985 9984
10083 3 2 2 1 9887 9888 9986 9985
10084 3 2 2 1 9888 9889 9987 9986
10085 3 2 2 1 9889 9890 9988 9987
10086 3 2 2 1 9890 9891 9989 9988
10087 3 2 2 1 9891 9892 9990 9989
10088 3 2 2 1 9892 9893 9991 9990
10089 3 2 2 1 9893 9894 9992 9991
10090 3 2 2 1 9894 9895 9993 9992
10091 3 2 2 1 9895 9896 9994 9993
10092 3 2 2 1 9896 9897 9995 9994
10093 3 2 2 1 9897 9898 9996 9995
10094 3 2 2 1 9898 9899 9997 9996
10095 3 2 2 1 9899 9900 9998 9997
10096 3 2 2 1 9900 9901 9999 9998
10097 3 2 2 1 9901 9902 10000 9999
10098 3 2 2 1 9902 101 102 10000
10099 3 2 2 1 201 9903 200 3
10100 3 2 2 1 9903 9904 199 200
10101 3 2 2 1 9904 9905 198 199
10102 3 2 2 1 9905 9906 197 198
10103 3 2 2 1 9906 9907 196 197
10104 3 2 2 1 9907 9908 195 196
10105 3 2 2 1 9908 9909 194 195
10106 3 2 2 1 9909 9910 193 194
10107 3 2 2 1 9910 9911 192 193
10108 3 2 2 1 9911 9912 191 192
10109 3 2 2 1 9912 9913 190 191
10110 3 2 2 1 9913 9914 189 190
10111 3 2 2 1 9914 9915 188 189
10112 3 2 2 1 9915 9916 187 188
10113 3 2 2 1 9916 9917 186 187
10114 3 2 2 1 9917 9918 185 186
10115 3 2 2 1 9918 9919 184 185
10116 3 2 2 1 9919 9920 183 184
10117 3 2 2 1 9920 9921 182 183
10118 3 2 2 1 9921 9922 181 182
10119 3 2 2 1 9922 9923 180 181
10120 3 2 2 1 9923 9924 179 180
10121 3 2 2 1 9924 9925 178 179
10122 3 2 2 1 9925 9926 177 178
10123 3 2 2 1 9926 9927 176 177
10124 3 2 2 1 9927 9928 175 176
10125 3 2 2 1 9928 9929 174 175
10126 3 2 2 1 9929 9930 173 174
10127 3 2 2 1 9930 9931 172 173
10128 3 2 2 1 9931 9932 171 172
10129 3 2 2 1 9932 9933 170 171
10130 3 2 2 1 9933 9934 169 170
10131 3 2 2 1 9934 9935 168 169
10132 3 2 2 1 9935 9936 167 168
10133 3 2 2 1 9936 9937 166 167
10134 3 2 2 1 9937 9938 165 166
10135 3 2 2 1 9938 9939 164 165
10136 3 2 2 1 9939 9940 163 164
10137 3 2 2 1 9940 9941 162 163
10138 3 2 2 1 9941 9942 161 162
10139 3 2 2 1 9942 9943 160 161
10140 3 2 2 1 9943 9944 159 160
10141 3 2 2 1 9944 9945 158 159
10142 3 2 2 1 9945 9946 157 158
10143 3 2 2 1 9946 9947 156 157
10144 3 2 2 1 9947 9948 155 156
10145 3 2 2 1 9948 9949 154 155
10146 3 2 2 1 9949 9950 153 154
10147 3 2 2 1 9950 9951 152 153
10148 3 2 2 1 9951 9952 151 152
10149 3 2 2 1 9952 9953 150 151
10150 3 2 2 1 9953 9954 149 150
10151 3 2 2 1 9954 9955 148 149
10152 3 2 2 1 9955 9956 147 148
10153 3 2 2 1 9956 9957 146 147
10154 3 2 2 1 9957 9958 145 146
10155 3 2 2 1 9958 9959 144 145
10156 3 2 2 1 9959 9960 143 144
10157 3 2 2 1 9960 9961 142 143
10158 3 2 2 1 9961 9962 141 142
10159 3 2 2 1 9962 9963 140 141
10160 3 2 2 1 9963 9964 139 140
10161 3 2 2 1 9964 9965 138 139
10162 3 2 2 1 9965 9966 137 138
10163 3 2 2 1 9966 9967 136 137
10164 3 2 2 1 9967 9968 135 136
10165 3 2 2 1 9968 9969 134 135
10166 3 2 2 1 9969 9970 133 134
10167 3 2 2 1 9970 9971 132 133
10168 3 2 2 1 9971 9972 131 132
10169 3 2 2 1 9972 9973 130 131
10170 3 2 2 1 9973 9974 129 130
10171 3 2 2 1 9974 9975 128 129
10172 3 2 2 1 9975 9976 127 128
10173 3 2 2 1 9976 9977 126 127
10174 3 2 2 1 9977 9978 125 126
10175 3 2 2 1 9978 9979 124 125
10176 3 2 2 1 9979 9980 123 124
10177 3 2 2 1 9980 9981 122 123
10178 3 2 2 1 9981 9982 121 122
10179 3 2 2 1 9982 9983 120 121
10180 3 2 2 1 9983 9984 119 120
10181 3 2 2 1 9984 9985 118 119
10182 3 2 2 1 9985 9986 117 118
10183 3 2 2 1 9986 9987 116 117
10184 3 2 2 1 9987 9988 115 116
10185 3 2 2 1 9988 9989 114 115
10186 3 2 2 1 9989 9990 113 114
10187 3 2 2 1 9990 9991 112 113
10188 3 2 2 1 9991 9992 111 112
10189 3 2 2 1 9992 9993 110 111
10190 3 2 2 1 9993 9994 109 110
10191 3 2 2 1 9994 9995 108 109
10192 3 2 2 1 9995 9996 107 108
10193 3 2 2 1 9996 9997 106 107
10194 3 2 2 1 9997 9998 105 106
10195 3 2 2 1 9998 9999 104 105
10196 3 2 2 1 9999 10000 103 104
10197 3 2 2 1 10000 102 2 103
$EndElements
